ISO-10303-21;
HEADER;
FILE_DESCRIPTION(('FreeCAD Model'),'2;1');
FILE_NAME('Open CASCADE Shape Model','2025-09-16T15:19:01',('Author'),(
    ''),'Open CASCADE STEP processor 7.8','FreeCAD','Unknown');
FILE_SCHEMA(('AUTOMOTIVE_DESIGN { 1 0 10303 214 1 1 1 1 }'));
ENDSEC;
DATA;
#1 = APPLICATION_PROTOCOL_DEFINITION('international standard',
  'automotive_design',2000,#2);
#2 = APPLICATION_CONTEXT(
  'core data for automotive mechanical design processes');
#3 = SHAPE_DEFINITION_REPRESENTATION(#4,#10);
#4 = PRODUCT_DEFINITION_SHAPE('','',#5);
#5 = PRODUCT_DEFINITION('design','',#6,#9);
#6 = PRODUCT_DEFINITION_FORMATION('','',#7);
#7 = PRODUCT('Mid','Mid','',(#8));
#8 = PRODUCT_CONTEXT('',#2,'mechanical');
#9 = PRODUCT_DEFINITION_CONTEXT('part definition',#2,'design');
#10 = ADVANCED_BREP_SHAPE_REPRESENTATION('',(#11,#15),#113);
#11 = AXIS2_PLACEMENT_3D('',#12,#13,#14);
#12 = CARTESIAN_POINT('',(0.,0.,0.));
#13 = DIRECTION('',(0.,0.,1.));
#14 = DIRECTION('',(1.,0.,-0.));
#15 = MANIFOLD_SOLID_BREP('',#16);
#16 = CLOSED_SHELL('',(#17,#105,#109));
#17 = ADVANCED_FACE('',(#18),#31,.T.);
#18 = FACE_BOUND('',#19,.T.);
#19 = EDGE_LOOP('',(#20,#54,#77,#104));
#20 = ORIENTED_EDGE('',*,*,#21,.F.);
#21 = EDGE_CURVE('',#22,#22,#24,.T.);
#22 = VERTEX_POINT('',#23);
#23 = CARTESIAN_POINT('',(2.2E+03,-1.102182119233E-13,-450.));
#24 = SURFACE_CURVE('',#25,(#30,#42),.PCURVE_S1.);
#25 = CIRCLE('',#26,450.);
#26 = AXIS2_PLACEMENT_3D('',#27,#28,#29);
#27 = CARTESIAN_POINT('',(2.2E+03,0.,3.10862446895E-13));
#28 = DIRECTION('',(1.,-0.,2.22044604925E-16));
#29 = DIRECTION('',(2.22044604925E-16,0.,-1.));
#30 = PCURVE('',#31,#36);
#31 = CYLINDRICAL_SURFACE('',#32,450.);
#32 = AXIS2_PLACEMENT_3D('',#33,#34,#35);
#33 = CARTESIAN_POINT('',(800.,0.,0.));
#34 = DIRECTION('',(1.,0.,2.22044604925E-16));
#35 = DIRECTION('',(2.22044604925E-16,0.,-1.));
#36 = DEFINITIONAL_REPRESENTATION('',(#37),#41);
#37 = LINE('',#38,#39);
#38 = CARTESIAN_POINT('',(0.,1.4E+03));
#39 = VECTOR('',#40,1.);
#40 = DIRECTION('',(1.,0.));
#41 = ( GEOMETRIC_REPRESENTATION_CONTEXT(2) 
PARAMETRIC_REPRESENTATION_CONTEXT() REPRESENTATION_CONTEXT('2D SPACE',''
  ) );
#42 = PCURVE('',#43,#48);
#43 = PLANE('',#44);
#44 = AXIS2_PLACEMENT_3D('',#45,#46,#47);
#45 = CARTESIAN_POINT('',(2.2E+03,0.,3.10862446895E-13));
#46 = DIRECTION('',(1.,0.,2.22044604925E-16));
#47 = DIRECTION('',(2.22044604925E-16,0.,-1.));
#48 = DEFINITIONAL_REPRESENTATION('',(#49),#53);
#49 = CIRCLE('',#50,450.);
#50 = AXIS2_PLACEMENT_2D('',#51,#52);
#51 = CARTESIAN_POINT('',(0.,0.));
#52 = DIRECTION('',(1.,0.));
#53 = ( GEOMETRIC_REPRESENTATION_CONTEXT(2) 
PARAMETRIC_REPRESENTATION_CONTEXT() REPRESENTATION_CONTEXT('2D SPACE',''
  ) );
#54 = ORIENTED_EDGE('',*,*,#55,.F.);
#55 = EDGE_CURVE('',#56,#22,#58,.T.);
#56 = VERTEX_POINT('',#57);
#57 = CARTESIAN_POINT('',(800.,-1.102182119233E-13,-450.));
#58 = SEAM_CURVE('',#59,(#63,#70),.PCURVE_S1.);
#59 = LINE('',#60,#61);
#60 = CARTESIAN_POINT('',(800.,-1.102182119233E-13,-450.));
#61 = VECTOR('',#62,1.);
#62 = DIRECTION('',(1.,0.,2.22044604925E-16));
#63 = PCURVE('',#31,#64);
#64 = DEFINITIONAL_REPRESENTATION('',(#65),#69);
#65 = LINE('',#66,#67);
#66 = CARTESIAN_POINT('',(6.28318530718,-0.));
#67 = VECTOR('',#68,1.);
#68 = DIRECTION('',(0.,1.));
#69 = ( GEOMETRIC_REPRESENTATION_CONTEXT(2) 
PARAMETRIC_REPRESENTATION_CONTEXT() REPRESENTATION_CONTEXT('2D SPACE',''
  ) );
#70 = PCURVE('',#31,#71);
#71 = DEFINITIONAL_REPRESENTATION('',(#72),#76);
#72 = LINE('',#73,#74);
#73 = CARTESIAN_POINT('',(0.,-0.));
#74 = VECTOR('',#75,1.);
#75 = DIRECTION('',(0.,1.));
#76 = ( GEOMETRIC_REPRESENTATION_CONTEXT(2) 
PARAMETRIC_REPRESENTATION_CONTEXT() REPRESENTATION_CONTEXT('2D SPACE',''
  ) );
#77 = ORIENTED_EDGE('',*,*,#78,.T.);
#78 = EDGE_CURVE('',#56,#56,#79,.T.);
#79 = SURFACE_CURVE('',#80,(#85,#92),.PCURVE_S1.);
#80 = CIRCLE('',#81,450.);
#81 = AXIS2_PLACEMENT_3D('',#82,#83,#84);
#82 = CARTESIAN_POINT('',(800.,0.,0.));
#83 = DIRECTION('',(1.,-0.,2.22044604925E-16));
#84 = DIRECTION('',(2.22044604925E-16,0.,-1.));
#85 = PCURVE('',#31,#86);
#86 = DEFINITIONAL_REPRESENTATION('',(#87),#91);
#87 = LINE('',#88,#89);
#88 = CARTESIAN_POINT('',(0.,0.));
#89 = VECTOR('',#90,1.);
#90 = DIRECTION('',(1.,0.));
#91 = ( GEOMETRIC_REPRESENTATION_CONTEXT(2) 
PARAMETRIC_REPRESENTATION_CONTEXT() REPRESENTATION_CONTEXT('2D SPACE',''
  ) );
#92 = PCURVE('',#93,#98);
#93 = PLANE('',#94);
#94 = AXIS2_PLACEMENT_3D('',#95,#96,#97);
#95 = CARTESIAN_POINT('',(800.,0.,0.));
#96 = DIRECTION('',(1.,0.,2.22044604925E-16));
#97 = DIRECTION('',(2.22044604925E-16,0.,-1.));
#98 = DEFINITIONAL_REPRESENTATION('',(#99),#103);
#99 = CIRCLE('',#100,450.);
#100 = AXIS2_PLACEMENT_2D('',#101,#102);
#101 = CARTESIAN_POINT('',(0.,0.));
#102 = DIRECTION('',(1.,0.));
#103 = ( GEOMETRIC_REPRESENTATION_CONTEXT(2) 
PARAMETRIC_REPRESENTATION_CONTEXT() REPRESENTATION_CONTEXT('2D SPACE',''
  ) );
#104 = ORIENTED_EDGE('',*,*,#55,.T.);
#105 = ADVANCED_FACE('',(#106),#43,.T.);
#106 = FACE_BOUND('',#107,.T.);
#107 = EDGE_LOOP('',(#108));
#108 = ORIENTED_EDGE('',*,*,#21,.T.);
#109 = ADVANCED_FACE('',(#110),#93,.F.);
#110 = FACE_BOUND('',#111,.T.);
#111 = EDGE_LOOP('',(#112));
#112 = ORIENTED_EDGE('',*,*,#78,.F.);
#113 = ( GEOMETRIC_REPRESENTATION_CONTEXT(3) 
GLOBAL_UNCERTAINTY_ASSIGNED_CONTEXT((#117)) GLOBAL_UNIT_ASSIGNED_CONTEXT
((#114,#115,#116)) REPRESENTATION_CONTEXT('Context #1',
  '3D Context with UNIT and UNCERTAINTY') );
#114 = ( LENGTH_UNIT() NAMED_UNIT(*) SI_UNIT($,.METRE.) );
#115 = ( NAMED_UNIT(*) PLANE_ANGLE_UNIT() SI_UNIT($,.RADIAN.) );
#116 = ( NAMED_UNIT(*) SI_UNIT($,.STERADIAN.) SOLID_ANGLE_UNIT() );
#117 = UNCERTAINTY_MEASURE_WITH_UNIT(LENGTH_MEASURE(1.E-07),#114,
  'distance_accuracy_value','confusion accuracy');
#118 = PRODUCT_RELATED_PRODUCT_CATEGORY('part',$,(#7));
#119 = SHAPE_DEFINITION_REPRESENTATION(#120,#126);
#120 = PRODUCT_DEFINITION_SHAPE('','',#121);
#121 = PRODUCT_DEFINITION('design','',#122,#125);
#122 = PRODUCT_DEFINITION_FORMATION('','',#123);
#123 = PRODUCT('Nose','Nose','',(#124));
#124 = PRODUCT_CONTEXT('',#2,'mechanical');
#125 = PRODUCT_DEFINITION_CONTEXT('part definition',#2,'design');
#126 = ADVANCED_BREP_SHAPE_REPRESENTATION('',(#11,#127),#194);
#127 = MANIFOLD_SOLID_BREP('',#128);
#128 = CLOSED_SHELL('',(#129,#190));
#129 = ADVANCED_FACE('',(#130),#144,.T.);
#130 = FACE_BOUND('',#131,.T.);
#131 = EDGE_LOOP('',(#132,#162,#189));
#132 = ORIENTED_EDGE('',*,*,#133,.F.);
#133 = EDGE_CURVE('',#134,#136,#138,.T.);
#134 = VERTEX_POINT('',#135);
#135 = CARTESIAN_POINT('',(6.661338147751E-14,-7.347880794884E-14,-300.)
  );
#136 = VERTEX_POINT('',#137);
#137 = CARTESIAN_POINT('',(800.,-1.39226221921E-29,1.207922650792E-13));
#138 = SEAM_CURVE('',#139,(#143,#155),.PCURVE_S1.);
#139 = LINE('',#140,#141);
#140 = CARTESIAN_POINT('',(6.661338147751E-14,-7.347880794884E-14,-300.)
  );
#141 = VECTOR('',#142,1.);
#142 = DIRECTION('',(0.936329177569,8.600043976937E-17,0.351123441588));
#143 = PCURVE('',#144,#149);
#144 = CONICAL_SURFACE('',#145,300.,0.358770670271);
#145 = AXIS2_PLACEMENT_3D('',#146,#147,#148);
#146 = CARTESIAN_POINT('',(0.,0.,0.));
#147 = DIRECTION('',(-1.,-0.,-2.22044604925E-16));
#148 = DIRECTION('',(2.22044604925E-16,0.,-1.));
#149 = DEFINITIONAL_REPRESENTATION('',(#150),#154);
#150 = LINE('',#151,#152);
#151 = CARTESIAN_POINT('',(-6.28318530718,0.));
#152 = VECTOR('',#153,1.);
#153 = DIRECTION('',(-0.,-1.));
#154 = ( GEOMETRIC_REPRESENTATION_CONTEXT(2) 
PARAMETRIC_REPRESENTATION_CONTEXT() REPRESENTATION_CONTEXT('2D SPACE',''
  ) );
#155 = PCURVE('',#144,#156);
#156 = DEFINITIONAL_REPRESENTATION('',(#157),#161);
#157 = LINE('',#158,#159);
#158 = CARTESIAN_POINT('',(0.,-0.));
#159 = VECTOR('',#160,1.);
#160 = DIRECTION('',(-0.,-1.));
#161 = ( GEOMETRIC_REPRESENTATION_CONTEXT(2) 
PARAMETRIC_REPRESENTATION_CONTEXT() REPRESENTATION_CONTEXT('2D SPACE',''
  ) );
#162 = ORIENTED_EDGE('',*,*,#163,.T.);
#163 = EDGE_CURVE('',#134,#134,#164,.T.);
#164 = SURFACE_CURVE('',#165,(#170,#177),.PCURVE_S1.);
#165 = CIRCLE('',#166,300.);
#166 = AXIS2_PLACEMENT_3D('',#167,#168,#169);
#167 = CARTESIAN_POINT('',(0.,0.,0.));
#168 = DIRECTION('',(1.,-0.,2.22044604925E-16));
#169 = DIRECTION('',(2.22044604925E-16,0.,-1.));
#170 = PCURVE('',#144,#171);
#171 = DEFINITIONAL_REPRESENTATION('',(#172),#176);
#172 = LINE('',#173,#174);
#173 = CARTESIAN_POINT('',(-0.,-0.));
#174 = VECTOR('',#175,1.);
#175 = DIRECTION('',(-1.,-0.));
#176 = ( GEOMETRIC_REPRESENTATION_CONTEXT(2) 
PARAMETRIC_REPRESENTATION_CONTEXT() REPRESENTATION_CONTEXT('2D SPACE',''
  ) );
#177 = PCURVE('',#178,#183);
#178 = PLANE('',#179);
#179 = AXIS2_PLACEMENT_3D('',#180,#181,#182);
#180 = CARTESIAN_POINT('',(0.,0.,0.));
#181 = DIRECTION('',(1.,0.,2.22044604925E-16));
#182 = DIRECTION('',(2.22044604925E-16,0.,-1.));
#183 = DEFINITIONAL_REPRESENTATION('',(#184),#188);
#184 = CIRCLE('',#185,300.);
#185 = AXIS2_PLACEMENT_2D('',#186,#187);
#186 = CARTESIAN_POINT('',(0.,0.));
#187 = DIRECTION('',(1.,0.));
#188 = ( GEOMETRIC_REPRESENTATION_CONTEXT(2) 
PARAMETRIC_REPRESENTATION_CONTEXT() REPRESENTATION_CONTEXT('2D SPACE',''
  ) );
#189 = ORIENTED_EDGE('',*,*,#133,.T.);
#190 = ADVANCED_FACE('',(#191),#178,.F.);
#191 = FACE_BOUND('',#192,.T.);
#192 = EDGE_LOOP('',(#193));
#193 = ORIENTED_EDGE('',*,*,#163,.F.);
#194 = ( GEOMETRIC_REPRESENTATION_CONTEXT(3) 
GLOBAL_UNCERTAINTY_ASSIGNED_CONTEXT((#198)) GLOBAL_UNIT_ASSIGNED_CONTEXT
((#195,#196,#197)) REPRESENTATION_CONTEXT('Context #1',
  '3D Context with UNIT and UNCERTAINTY') );
#195 = ( LENGTH_UNIT() NAMED_UNIT(*) SI_UNIT($,.METRE.) );
#196 = ( NAMED_UNIT(*) PLANE_ANGLE_UNIT() SI_UNIT($,.RADIAN.) );
#197 = ( NAMED_UNIT(*) SI_UNIT($,.STERADIAN.) SOLID_ANGLE_UNIT() );
#198 = UNCERTAINTY_MEASURE_WITH_UNIT(LENGTH_MEASURE(1.E-07),#195,
  'distance_accuracy_value','confusion accuracy');
#199 = PRODUCT_RELATED_PRODUCT_CATEGORY('part',$,(#123));
#200 = SHAPE_DEFINITION_REPRESENTATION(#201,#207);
#201 = PRODUCT_DEFINITION_SHAPE('','',#202);
#202 = PRODUCT_DEFINITION('design','',#203,#206);
#203 = PRODUCT_DEFINITION_FORMATION('','',#204);
#204 = PRODUCT('TF_02','TF_02','',(#205));
#205 = PRODUCT_CONTEXT('',#2,'mechanical');
#206 = PRODUCT_DEFINITION_CONTEXT('part definition',#2,'design');
#207 = ADVANCED_BREP_SHAPE_REPRESENTATION('',(#11,#208),#324);
#208 = BREP_WITH_VOIDS('',#209,(#266));
#209 = CLOSED_SHELL('',(#210));
#210 = ADVANCED_FACE('',(#211),#224,.T.);
#211 = FACE_BOUND('',#212,.T.);
#212 = EDGE_LOOP('',(#213,#242,#264,#265));
#213 = ORIENTED_EDGE('',*,*,#214,.F.);
#214 = EDGE_CURVE('',#215,#215,#217,.T.);
#215 = VERTEX_POINT('',#216);
#216 = CARTESIAN_POINT('',(2.6E+03,180.,-311.7691453623));
#217 = SEAM_CURVE('',#218,(#223,#235),.PCURVE_S1.);
#218 = CIRCLE('',#219,360.);
#219 = AXIS2_PLACEMENT_3D('',#220,#221,#222);
#220 = CARTESIAN_POINT('',(2.6E+03,1.631557288136E-30,
    -2.825940118511E-30));
#221 = DIRECTION('',(1.,-1.110223024625E-16,1.922962686384E-16));
#222 = DIRECTION('',(2.22044604925E-16,0.5,-0.866025403784));
#223 = PCURVE('',#224,#229);
#224 = TOROIDAL_SURFACE('',#225,300.,60.);
#225 = AXIS2_PLACEMENT_3D('',#226,#227,#228);
#226 = CARTESIAN_POINT('',(2.6E+03,0.,0.));
#227 = DIRECTION('',(1.,-1.110223024625E-16,1.922962686384E-16));
#228 = DIRECTION('',(2.22044604925E-16,0.5,-0.866025403784));
#229 = DEFINITIONAL_REPRESENTATION('',(#230),#234);
#230 = LINE('',#231,#232);
#231 = CARTESIAN_POINT('',(0.,6.28318530718));
#232 = VECTOR('',#233,1.);
#233 = DIRECTION('',(1.,0.));
#234 = ( GEOMETRIC_REPRESENTATION_CONTEXT(2) 
PARAMETRIC_REPRESENTATION_CONTEXT() REPRESENTATION_CONTEXT('2D SPACE',''
  ) );
#235 = PCURVE('',#224,#236);
#236 = DEFINITIONAL_REPRESENTATION('',(#237),#241);
#237 = LINE('',#238,#239);
#238 = CARTESIAN_POINT('',(0.,0.));
#239 = VECTOR('',#240,1.);
#240 = DIRECTION('',(1.,0.));
#241 = ( GEOMETRIC_REPRESENTATION_CONTEXT(2) 
PARAMETRIC_REPRESENTATION_CONTEXT() REPRESENTATION_CONTEXT('2D SPACE',''
  ) );
#242 = ORIENTED_EDGE('',*,*,#243,.F.);
#243 = EDGE_CURVE('',#215,#215,#244,.T.);
#244 = SEAM_CURVE('',#245,(#250,#257),.PCURVE_S1.);
#245 = CIRCLE('',#246,60.);
#246 = AXIS2_PLACEMENT_3D('',#247,#248,#249);
#247 = CARTESIAN_POINT('',(2.6E+03,150.,-259.8076211353));
#248 = DIRECTION('',(-4.930380657631E-32,-0.866025403784,-0.5));
#249 = DIRECTION('',(2.22044604925E-16,0.5,-0.866025403784));
#250 = PCURVE('',#224,#251);
#251 = DEFINITIONAL_REPRESENTATION('',(#252),#256);
#252 = LINE('',#253,#254);
#253 = CARTESIAN_POINT('',(6.28318530718,-0.));
#254 = VECTOR('',#255,1.);
#255 = DIRECTION('',(0.,1.));
#256 = ( GEOMETRIC_REPRESENTATION_CONTEXT(2) 
PARAMETRIC_REPRESENTATION_CONTEXT() REPRESENTATION_CONTEXT('2D SPACE',''
  ) );
#257 = PCURVE('',#224,#258);
#258 = DEFINITIONAL_REPRESENTATION('',(#259),#263);
#259 = LINE('',#260,#261);
#260 = CARTESIAN_POINT('',(0.,-0.));
#261 = VECTOR('',#262,1.);
#262 = DIRECTION('',(0.,1.));
#263 = ( GEOMETRIC_REPRESENTATION_CONTEXT(2) 
PARAMETRIC_REPRESENTATION_CONTEXT() REPRESENTATION_CONTEXT('2D SPACE',''
  ) );
#264 = ORIENTED_EDGE('',*,*,#214,.T.);
#265 = ORIENTED_EDGE('',*,*,#243,.T.);
#266 = ORIENTED_CLOSED_SHELL('',*,#267,.F.);
#267 = CLOSED_SHELL('',(#268));
#268 = ADVANCED_FACE('',(#269),#282,.T.);
#269 = FACE_BOUND('',#270,.T.);
#270 = EDGE_LOOP('',(#271,#300,#322,#323));
#271 = ORIENTED_EDGE('',*,*,#272,.F.);
#272 = EDGE_CURVE('',#273,#273,#275,.T.);
#273 = VERTEX_POINT('',#274);
#274 = CARTESIAN_POINT('',(2.6E+03,172.,-297.9127389018));
#275 = SEAM_CURVE('',#276,(#281,#293),.PCURVE_S1.);
#276 = CIRCLE('',#277,344.);
#277 = AXIS2_PLACEMENT_3D('',#278,#279,#280);
#278 = CARTESIAN_POINT('',(2.6E+03,1.196475344633E-30,
    -2.072356086908E-30));
#279 = DIRECTION('',(1.,-1.110223024625E-16,1.922962686384E-16));
#280 = DIRECTION('',(2.22044604925E-16,0.5,-0.866025403784));
#281 = PCURVE('',#282,#287);
#282 = TOROIDAL_SURFACE('',#283,300.,44.);
#283 = AXIS2_PLACEMENT_3D('',#284,#285,#286);
#284 = CARTESIAN_POINT('',(2.6E+03,0.,0.));
#285 = DIRECTION('',(1.,-1.110223024625E-16,1.922962686384E-16));
#286 = DIRECTION('',(2.22044604925E-16,0.5,-0.866025403784));
#287 = DEFINITIONAL_REPRESENTATION('',(#288),#292);
#288 = LINE('',#289,#290);
#289 = CARTESIAN_POINT('',(0.,6.28318530718));
#290 = VECTOR('',#291,1.);
#291 = DIRECTION('',(1.,0.));
#292 = ( GEOMETRIC_REPRESENTATION_CONTEXT(2) 
PARAMETRIC_REPRESENTATION_CONTEXT() REPRESENTATION_CONTEXT('2D SPACE',''
  ) );
#293 = PCURVE('',#282,#294);
#294 = DEFINITIONAL_REPRESENTATION('',(#295),#299);
#295 = LINE('',#296,#297);
#296 = CARTESIAN_POINT('',(0.,0.));
#297 = VECTOR('',#298,1.);
#298 = DIRECTION('',(1.,0.));
#299 = ( GEOMETRIC_REPRESENTATION_CONTEXT(2) 
PARAMETRIC_REPRESENTATION_CONTEXT() REPRESENTATION_CONTEXT('2D SPACE',''
  ) );
#300 = ORIENTED_EDGE('',*,*,#301,.F.);
#301 = EDGE_CURVE('',#273,#273,#302,.T.);
#302 = SEAM_CURVE('',#303,(#308,#315),.PCURVE_S1.);
#303 = CIRCLE('',#304,44.);
#304 = AXIS2_PLACEMENT_3D('',#305,#306,#307);
#305 = CARTESIAN_POINT('',(2.6E+03,150.,-259.8076211353));
#306 = DIRECTION('',(-4.930380657631E-32,-0.866025403784,-0.5));
#307 = DIRECTION('',(2.22044604925E-16,0.5,-0.866025403784));
#308 = PCURVE('',#282,#309);
#309 = DEFINITIONAL_REPRESENTATION('',(#310),#314);
#310 = LINE('',#311,#312);
#311 = CARTESIAN_POINT('',(6.28318530718,-0.));
#312 = VECTOR('',#313,1.);
#313 = DIRECTION('',(0.,1.));
#314 = ( GEOMETRIC_REPRESENTATION_CONTEXT(2) 
PARAMETRIC_REPRESENTATION_CONTEXT() REPRESENTATION_CONTEXT('2D SPACE',''
  ) );
#315 = PCURVE('',#282,#316);
#316 = DEFINITIONAL_REPRESENTATION('',(#317),#321);
#317 = LINE('',#318,#319);
#318 = CARTESIAN_POINT('',(0.,-0.));
#319 = VECTOR('',#320,1.);
#320 = DIRECTION('',(0.,1.));
#321 = ( GEOMETRIC_REPRESENTATION_CONTEXT(2) 
PARAMETRIC_REPRESENTATION_CONTEXT() REPRESENTATION_CONTEXT('2D SPACE',''
  ) );
#322 = ORIENTED_EDGE('',*,*,#272,.T.);
#323 = ORIENTED_EDGE('',*,*,#301,.T.);
#324 = ( GEOMETRIC_REPRESENTATION_CONTEXT(3) 
GLOBAL_UNCERTAINTY_ASSIGNED_CONTEXT((#328)) GLOBAL_UNIT_ASSIGNED_CONTEXT
((#325,#326,#327)) REPRESENTATION_CONTEXT('Context #1',
  '3D Context with UNIT and UNCERTAINTY') );
#325 = ( LENGTH_UNIT() NAMED_UNIT(*) SI_UNIT($,.METRE.) );
#326 = ( NAMED_UNIT(*) PLANE_ANGLE_UNIT() SI_UNIT($,.RADIAN.) );
#327 = ( NAMED_UNIT(*) SI_UNIT($,.STERADIAN.) SOLID_ANGLE_UNIT() );
#328 = UNCERTAINTY_MEASURE_WITH_UNIT(LENGTH_MEASURE(1.E-07),#325,
  'distance_accuracy_value','confusion accuracy');
#329 = PRODUCT_RELATED_PRODUCT_CATEGORY('part',$,(#204));
#330 = SHAPE_DEFINITION_REPRESENTATION(#331,#337);
#331 = PRODUCT_DEFINITION_SHAPE('','',#332);
#332 = PRODUCT_DEFINITION('design','',#333,#336);
#333 = PRODUCT_DEFINITION_FORMATION('','',#334);
#334 = PRODUCT('TF_01','TF_01','',(#335));
#335 = PRODUCT_CONTEXT('',#2,'mechanical');
#336 = PRODUCT_DEFINITION_CONTEXT('part definition',#2,'design');
#337 = ADVANCED_BREP_SHAPE_REPRESENTATION('',(#11,#338),#454);
#338 = BREP_WITH_VOIDS('',#339,(#396));
#339 = CLOSED_SHELL('',(#340));
#340 = ADVANCED_FACE('',(#341),#354,.T.);
#341 = FACE_BOUND('',#342,.T.);
#342 = EDGE_LOOP('',(#343,#372,#394,#395));
#343 = ORIENTED_EDGE('',*,*,#344,.F.);
#344 = EDGE_CURVE('',#345,#345,#347,.T.);
#345 = VERTEX_POINT('',#346);
#346 = CARTESIAN_POINT('',(2.6E+03,93.174856236907,-347.733297464));
#347 = SEAM_CURVE('',#348,(#353,#365),.PCURVE_S1.);
#348 = CIRCLE('',#349,360.);
#349 = AXIS2_PLACEMENT_3D('',#350,#351,#352);
#350 = CARTESIAN_POINT('',(2.6E+03,8.44556198691E-31,-3.151926643362E-30
    ));
#351 = DIRECTION('',(1.,-5.746937261686E-17,2.144786184852E-16));
#352 = DIRECTION('',(2.22044604925E-16,0.258819045103,-0.965925826289));
#353 = PCURVE('',#354,#359);
#354 = TOROIDAL_SURFACE('',#355,300.,60.);
#355 = AXIS2_PLACEMENT_3D('',#356,#357,#358);
#356 = CARTESIAN_POINT('',(2.6E+03,0.,0.));
#357 = DIRECTION('',(1.,-5.746937261686E-17,2.144786184852E-16));
#358 = DIRECTION('',(2.22044604925E-16,0.258819045103,-0.965925826289));
#359 = DEFINITIONAL_REPRESENTATION('',(#360),#364);
#360 = LINE('',#361,#362);
#361 = CARTESIAN_POINT('',(0.,6.28318530718));
#362 = VECTOR('',#363,1.);
#363 = DIRECTION('',(1.,0.));
#364 = ( GEOMETRIC_REPRESENTATION_CONTEXT(2) 
PARAMETRIC_REPRESENTATION_CONTEXT() REPRESENTATION_CONTEXT('2D SPACE',''
  ) );
#365 = PCURVE('',#354,#366);
#366 = DEFINITIONAL_REPRESENTATION('',(#367),#371);
#367 = LINE('',#368,#369);
#368 = CARTESIAN_POINT('',(0.,0.));
#369 = VECTOR('',#370,1.);
#370 = DIRECTION('',(1.,0.));
#371 = ( GEOMETRIC_REPRESENTATION_CONTEXT(2) 
PARAMETRIC_REPRESENTATION_CONTEXT() REPRESENTATION_CONTEXT('2D SPACE',''
  ) );
#372 = ORIENTED_EDGE('',*,*,#373,.F.);
#373 = EDGE_CURVE('',#345,#345,#374,.T.);
#374 = SEAM_CURVE('',#375,(#380,#387),.PCURVE_S1.);
#375 = CIRCLE('',#376,60.);
#376 = AXIS2_PLACEMENT_3D('',#377,#378,#379);
#377 = CARTESIAN_POINT('',(2.6E+03,77.645713530756,-289.7777478867));
#378 = DIRECTION('',(-4.930380657631E-32,-0.965925826289,-0.258819045103
    ));
#379 = DIRECTION('',(2.22044604925E-16,0.258819045103,-0.965925826289));
#380 = PCURVE('',#354,#381);
#381 = DEFINITIONAL_REPRESENTATION('',(#382),#386);
#382 = LINE('',#383,#384);
#383 = CARTESIAN_POINT('',(6.28318530718,-0.));
#384 = VECTOR('',#385,1.);
#385 = DIRECTION('',(0.,1.));
#386 = ( GEOMETRIC_REPRESENTATION_CONTEXT(2) 
PARAMETRIC_REPRESENTATION_CONTEXT() REPRESENTATION_CONTEXT('2D SPACE',''
  ) );
#387 = PCURVE('',#354,#388);
#388 = DEFINITIONAL_REPRESENTATION('',(#389),#393);
#389 = LINE('',#390,#391);
#390 = CARTESIAN_POINT('',(0.,-0.));
#391 = VECTOR('',#392,1.);
#392 = DIRECTION('',(0.,1.));
#393 = ( GEOMETRIC_REPRESENTATION_CONTEXT(2) 
PARAMETRIC_REPRESENTATION_CONTEXT() REPRESENTATION_CONTEXT('2D SPACE',''
  ) );
#394 = ORIENTED_EDGE('',*,*,#344,.T.);
#395 = ORIENTED_EDGE('',*,*,#373,.T.);
#396 = ORIENTED_CLOSED_SHELL('',*,#397,.F.);
#397 = CLOSED_SHELL('',(#398));
#398 = ADVANCED_FACE('',(#399),#412,.T.);
#399 = FACE_BOUND('',#400,.T.);
#400 = EDGE_LOOP('',(#401,#430,#452,#453));
#401 = ORIENTED_EDGE('',*,*,#402,.F.);
#402 = EDGE_CURVE('',#403,#403,#405,.T.);
#403 = VERTEX_POINT('',#404);
#404 = CARTESIAN_POINT('',(2.6E+03,89.033751515267,-332.2784842434));
#405 = SEAM_CURVE('',#406,(#411,#423),.PCURVE_S1.);
#406 = CIRCLE('',#407,344.);
#407 = AXIS2_PLACEMENT_3D('',#408,#409,#410);
#408 = CARTESIAN_POINT('',(2.6E+03,6.193412123734E-31,
    -2.311412871799E-30));
#409 = DIRECTION('',(1.,-5.746937261686E-17,2.144786184852E-16));
#410 = DIRECTION('',(2.22044604925E-16,0.258819045103,-0.965925826289));
#411 = PCURVE('',#412,#417);
#412 = TOROIDAL_SURFACE('',#413,300.,44.);
#413 = AXIS2_PLACEMENT_3D('',#414,#415,#416);
#414 = CARTESIAN_POINT('',(2.6E+03,0.,0.));
#415 = DIRECTION('',(1.,-5.746937261686E-17,2.144786184852E-16));
#416 = DIRECTION('',(2.22044604925E-16,0.258819045103,-0.965925826289));
#417 = DEFINITIONAL_REPRESENTATION('',(#418),#422);
#418 = LINE('',#419,#420);
#419 = CARTESIAN_POINT('',(0.,6.28318530718));
#420 = VECTOR('',#421,1.);
#421 = DIRECTION('',(1.,0.));
#422 = ( GEOMETRIC_REPRESENTATION_CONTEXT(2) 
PARAMETRIC_REPRESENTATION_CONTEXT() REPRESENTATION_CONTEXT('2D SPACE',''
  ) );
#423 = PCURVE('',#412,#424);
#424 = DEFINITIONAL_REPRESENTATION('',(#425),#429);
#425 = LINE('',#426,#427);
#426 = CARTESIAN_POINT('',(0.,0.));
#427 = VECTOR('',#428,1.);
#428 = DIRECTION('',(1.,0.));
#429 = ( GEOMETRIC_REPRESENTATION_CONTEXT(2) 
PARAMETRIC_REPRESENTATION_CONTEXT() REPRESENTATION_CONTEXT('2D SPACE',''
  ) );
#430 = ORIENTED_EDGE('',*,*,#431,.F.);
#431 = EDGE_CURVE('',#403,#403,#432,.T.);
#432 = SEAM_CURVE('',#433,(#438,#445),.PCURVE_S1.);
#433 = CIRCLE('',#434,44.);
#434 = AXIS2_PLACEMENT_3D('',#435,#436,#437);
#435 = CARTESIAN_POINT('',(2.6E+03,77.645713530756,-289.7777478867));
#436 = DIRECTION('',(-4.930380657631E-32,-0.965925826289,-0.258819045103
    ));
#437 = DIRECTION('',(2.22044604925E-16,0.258819045103,-0.965925826289));
#438 = PCURVE('',#412,#439);
#439 = DEFINITIONAL_REPRESENTATION('',(#440),#444);
#440 = LINE('',#441,#442);
#441 = CARTESIAN_POINT('',(6.28318530718,-0.));
#442 = VECTOR('',#443,1.);
#443 = DIRECTION('',(0.,1.));
#444 = ( GEOMETRIC_REPRESENTATION_CONTEXT(2) 
PARAMETRIC_REPRESENTATION_CONTEXT() REPRESENTATION_CONTEXT('2D SPACE',''
  ) );
#445 = PCURVE('',#412,#446);
#446 = DEFINITIONAL_REPRESENTATION('',(#447),#451);
#447 = LINE('',#448,#449);
#448 = CARTESIAN_POINT('',(0.,-0.));
#449 = VECTOR('',#450,1.);
#450 = DIRECTION('',(0.,1.));
#451 = ( GEOMETRIC_REPRESENTATION_CONTEXT(2) 
PARAMETRIC_REPRESENTATION_CONTEXT() REPRESENTATION_CONTEXT('2D SPACE',''
  ) );
#452 = ORIENTED_EDGE('',*,*,#402,.T.);
#453 = ORIENTED_EDGE('',*,*,#431,.T.);
#454 = ( GEOMETRIC_REPRESENTATION_CONTEXT(3) 
GLOBAL_UNCERTAINTY_ASSIGNED_CONTEXT((#458)) GLOBAL_UNIT_ASSIGNED_CONTEXT
((#455,#456,#457)) REPRESENTATION_CONTEXT('Context #1',
  '3D Context with UNIT and UNCERTAINTY') );
#455 = ( LENGTH_UNIT() NAMED_UNIT(*) SI_UNIT($,.METRE.) );
#456 = ( NAMED_UNIT(*) PLANE_ANGLE_UNIT() SI_UNIT($,.RADIAN.) );
#457 = ( NAMED_UNIT(*) SI_UNIT($,.STERADIAN.) SOLID_ANGLE_UNIT() );
#458 = UNCERTAINTY_MEASURE_WITH_UNIT(LENGTH_MEASURE(1.E-07),#455,
  'distance_accuracy_value','confusion accuracy');
#459 = PRODUCT_RELATED_PRODUCT_CATEGORY('part',$,(#334));
#460 = SHAPE_DEFINITION_REPRESENTATION(#461,#467);
#461 = PRODUCT_DEFINITION_SHAPE('','',#462);
#462 = PRODUCT_DEFINITION('design','',#463,#466);
#463 = PRODUCT_DEFINITION_FORMATION('','',#464);
#464 = PRODUCT('TFi_02','TFi_02','',(#465));
#465 = PRODUCT_CONTEXT('',#2,'mechanical');
#466 = PRODUCT_DEFINITION_CONTEXT('part definition',#2,'design');
#467 = ADVANCED_BREP_SHAPE_REPRESENTATION('',(#11,#468),#526);
#468 = MANIFOLD_SOLID_BREP('',#469);
#469 = CLOSED_SHELL('',(#470));
#470 = ADVANCED_FACE('',(#471),#484,.T.);
#471 = FACE_BOUND('',#472,.T.);
#472 = EDGE_LOOP('',(#473,#502,#524,#525));
#473 = ORIENTED_EDGE('',*,*,#474,.F.);
#474 = EDGE_CURVE('',#475,#475,#477,.T.);
#475 = VERTEX_POINT('',#476);
#476 = CARTESIAN_POINT('',(2.6E+03,-8.425569978134E-14,-344.));
#477 = SEAM_CURVE('',#478,(#483,#495),.PCURVE_S1.);
#478 = CIRCLE('',#479,344.);
#479 = AXIS2_PLACEMENT_3D('',#480,#481,#482);
#480 = CARTESIAN_POINT('',(2.6E+03,0.,-2.392950689267E-30));
#481 = DIRECTION('',(1.,-0.,2.22044604925E-16));
#482 = DIRECTION('',(2.22044604925E-16,0.,-1.));
#483 = PCURVE('',#484,#489);
#484 = TOROIDAL_SURFACE('',#485,300.,44.);
#485 = AXIS2_PLACEMENT_3D('',#486,#487,#488);
#486 = CARTESIAN_POINT('',(2.6E+03,0.,0.));
#487 = DIRECTION('',(1.,0.,2.22044604925E-16));
#488 = DIRECTION('',(2.22044604925E-16,0.,-1.));
#489 = DEFINITIONAL_REPRESENTATION('',(#490),#494);
#490 = LINE('',#491,#492);
#491 = CARTESIAN_POINT('',(0.,6.28318530718));
#492 = VECTOR('',#493,1.);
#493 = DIRECTION('',(1.,0.));
#494 = ( GEOMETRIC_REPRESENTATION_CONTEXT(2) 
PARAMETRIC_REPRESENTATION_CONTEXT() REPRESENTATION_CONTEXT('2D SPACE',''
  ) );
#495 = PCURVE('',#484,#496);
#496 = DEFINITIONAL_REPRESENTATION('',(#497),#501);
#497 = LINE('',#498,#499);
#498 = CARTESIAN_POINT('',(0.,0.));
#499 = VECTOR('',#500,1.);
#500 = DIRECTION('',(1.,0.));
#501 = ( GEOMETRIC_REPRESENTATION_CONTEXT(2) 
PARAMETRIC_REPRESENTATION_CONTEXT() REPRESENTATION_CONTEXT('2D SPACE',''
  ) );
#502 = ORIENTED_EDGE('',*,*,#503,.F.);
#503 = EDGE_CURVE('',#475,#475,#504,.T.);
#504 = SEAM_CURVE('',#505,(#510,#517),.PCURVE_S1.);
#505 = CIRCLE('',#506,44.);
#506 = AXIS2_PLACEMENT_3D('',#507,#508,#509);
#507 = CARTESIAN_POINT('',(2.6E+03,-7.347880794884E-14,-300.));
#508 = DIRECTION('',(-5.438524293788E-32,-1.,2.449293598295E-16));
#509 = DIRECTION('',(2.22044604925E-16,-2.449293598295E-16,-1.));
#510 = PCURVE('',#484,#511);
#511 = DEFINITIONAL_REPRESENTATION('',(#512),#516);
#512 = LINE('',#513,#514);
#513 = CARTESIAN_POINT('',(6.28318530718,-0.));
#514 = VECTOR('',#515,1.);
#515 = DIRECTION('',(0.,1.));
#516 = ( GEOMETRIC_REPRESENTATION_CONTEXT(2) 
PARAMETRIC_REPRESENTATION_CONTEXT() REPRESENTATION_CONTEXT('2D SPACE',''
  ) );
#517 = PCURVE('',#484,#518);
#518 = DEFINITIONAL_REPRESENTATION('',(#519),#523);
#519 = LINE('',#520,#521);
#520 = CARTESIAN_POINT('',(0.,-0.));
#521 = VECTOR('',#522,1.);
#522 = DIRECTION('',(0.,1.));
#523 = ( GEOMETRIC_REPRESENTATION_CONTEXT(2) 
PARAMETRIC_REPRESENTATION_CONTEXT() REPRESENTATION_CONTEXT('2D SPACE',''
  ) );
#524 = ORIENTED_EDGE('',*,*,#474,.T.);
#525 = ORIENTED_EDGE('',*,*,#503,.T.);
#526 = ( GEOMETRIC_REPRESENTATION_CONTEXT(3) 
GLOBAL_UNCERTAINTY_ASSIGNED_CONTEXT((#530)) GLOBAL_UNIT_ASSIGNED_CONTEXT
((#527,#528,#529)) REPRESENTATION_CONTEXT('Context #1',
  '3D Context with UNIT and UNCERTAINTY') );
#527 = ( LENGTH_UNIT() NAMED_UNIT(*) SI_UNIT($,.METRE.) );
#528 = ( NAMED_UNIT(*) PLANE_ANGLE_UNIT() SI_UNIT($,.RADIAN.) );
#529 = ( NAMED_UNIT(*) SI_UNIT($,.STERADIAN.) SOLID_ANGLE_UNIT() );
#530 = UNCERTAINTY_MEASURE_WITH_UNIT(LENGTH_MEASURE(1.E-07),#527,
  'distance_accuracy_value','confusion accuracy');
#531 = PRODUCT_RELATED_PRODUCT_CATEGORY('part',$,(#464));
#532 = SHAPE_DEFINITION_REPRESENTATION(#533,#539);
#533 = PRODUCT_DEFINITION_SHAPE('','',#534);
#534 = PRODUCT_DEFINITION('design','',#535,#538);
#535 = PRODUCT_DEFINITION_FORMATION('','',#536);
#536 = PRODUCT('TFo_02','TFo_02','',(#537));
#537 = PRODUCT_CONTEXT('',#2,'mechanical');
#538 = PRODUCT_DEFINITION_CONTEXT('part definition',#2,'design');
#539 = ADVANCED_BREP_SHAPE_REPRESENTATION('',(#11,#540),#598);
#540 = MANIFOLD_SOLID_BREP('',#541);
#541 = CLOSED_SHELL('',(#542));
#542 = ADVANCED_FACE('',(#543),#556,.T.);
#543 = FACE_BOUND('',#544,.T.);
#544 = EDGE_LOOP('',(#545,#574,#596,#597));
#545 = ORIENTED_EDGE('',*,*,#546,.F.);
#546 = EDGE_CURVE('',#547,#547,#549,.T.);
#547 = VERTEX_POINT('',#548);
#548 = CARTESIAN_POINT('',(2.6E+03,-8.817456953861E-14,-360.));
#549 = SEAM_CURVE('',#550,(#555,#567),.PCURVE_S1.);
#550 = CIRCLE('',#551,360.);
#551 = AXIS2_PLACEMENT_3D('',#552,#553,#554);
#552 = CARTESIAN_POINT('',(2.6E+03,0.,-3.263114576273E-30));
#553 = DIRECTION('',(1.,-0.,2.22044604925E-16));
#554 = DIRECTION('',(2.22044604925E-16,0.,-1.));
#555 = PCURVE('',#556,#561);
#556 = TOROIDAL_SURFACE('',#557,300.,60.);
#557 = AXIS2_PLACEMENT_3D('',#558,#559,#560);
#558 = CARTESIAN_POINT('',(2.6E+03,0.,0.));
#559 = DIRECTION('',(1.,0.,2.22044604925E-16));
#560 = DIRECTION('',(2.22044604925E-16,0.,-1.));
#561 = DEFINITIONAL_REPRESENTATION('',(#562),#566);
#562 = LINE('',#563,#564);
#563 = CARTESIAN_POINT('',(0.,6.28318530718));
#564 = VECTOR('',#565,1.);
#565 = DIRECTION('',(1.,0.));
#566 = ( GEOMETRIC_REPRESENTATION_CONTEXT(2) 
PARAMETRIC_REPRESENTATION_CONTEXT() REPRESENTATION_CONTEXT('2D SPACE',''
  ) );
#567 = PCURVE('',#556,#568);
#568 = DEFINITIONAL_REPRESENTATION('',(#569),#573);
#569 = LINE('',#570,#571);
#570 = CARTESIAN_POINT('',(0.,0.));
#571 = VECTOR('',#572,1.);
#572 = DIRECTION('',(1.,0.));
#573 = ( GEOMETRIC_REPRESENTATION_CONTEXT(2) 
PARAMETRIC_REPRESENTATION_CONTEXT() REPRESENTATION_CONTEXT('2D SPACE',''
  ) );
#574 = ORIENTED_EDGE('',*,*,#575,.F.);
#575 = EDGE_CURVE('',#547,#547,#576,.T.);
#576 = SEAM_CURVE('',#577,(#582,#589),.PCURVE_S1.);
#577 = CIRCLE('',#578,60.);
#578 = AXIS2_PLACEMENT_3D('',#579,#580,#581);
#579 = CARTESIAN_POINT('',(2.6E+03,-7.347880794884E-14,-300.));
#580 = DIRECTION('',(-5.438524293788E-32,-1.,2.449293598295E-16));
#581 = DIRECTION('',(2.22044604925E-16,-2.449293598295E-16,-1.));
#582 = PCURVE('',#556,#583);
#583 = DEFINITIONAL_REPRESENTATION('',(#584),#588);
#584 = LINE('',#585,#586);
#585 = CARTESIAN_POINT('',(6.28318530718,-0.));
#586 = VECTOR('',#587,1.);
#587 = DIRECTION('',(0.,1.));
#588 = ( GEOMETRIC_REPRESENTATION_CONTEXT(2) 
PARAMETRIC_REPRESENTATION_CONTEXT() REPRESENTATION_CONTEXT('2D SPACE',''
  ) );
#589 = PCURVE('',#556,#590);
#590 = DEFINITIONAL_REPRESENTATION('',(#591),#595);
#591 = LINE('',#592,#593);
#592 = CARTESIAN_POINT('',(0.,-0.));
#593 = VECTOR('',#594,1.);
#594 = DIRECTION('',(0.,1.));
#595 = ( GEOMETRIC_REPRESENTATION_CONTEXT(2) 
PARAMETRIC_REPRESENTATION_CONTEXT() REPRESENTATION_CONTEXT('2D SPACE',''
  ) );
#596 = ORIENTED_EDGE('',*,*,#546,.T.);
#597 = ORIENTED_EDGE('',*,*,#575,.T.);
#598 = ( GEOMETRIC_REPRESENTATION_CONTEXT(3) 
GLOBAL_UNCERTAINTY_ASSIGNED_CONTEXT((#602)) GLOBAL_UNIT_ASSIGNED_CONTEXT
((#599,#600,#601)) REPRESENTATION_CONTEXT('Context #1',
  '3D Context with UNIT and UNCERTAINTY') );
#599 = ( LENGTH_UNIT() NAMED_UNIT(*) SI_UNIT($,.METRE.) );
#600 = ( NAMED_UNIT(*) PLANE_ANGLE_UNIT() SI_UNIT($,.RADIAN.) );
#601 = ( NAMED_UNIT(*) SI_UNIT($,.STERADIAN.) SOLID_ANGLE_UNIT() );
#602 = UNCERTAINTY_MEASURE_WITH_UNIT(LENGTH_MEASURE(1.E-07),#599,
  'distance_accuracy_value','confusion accuracy');
#603 = PRODUCT_RELATED_PRODUCT_CATEGORY('part',$,(#536));
#604 = SHAPE_DEFINITION_REPRESENTATION(#605,#611);
#605 = PRODUCT_DEFINITION_SHAPE('','',#606);
#606 = PRODUCT_DEFINITION('design','',#607,#610);
#607 = PRODUCT_DEFINITION_FORMATION('','',#608);
#608 = PRODUCT('TFi_03','TFi_03','',(#609));
#609 = PRODUCT_CONTEXT('',#2,'mechanical');
#610 = PRODUCT_DEFINITION_CONTEXT('part definition',#2,'design');
#611 = ADVANCED_BREP_SHAPE_REPRESENTATION('',(#11,#612),#670);
#612 = MANIFOLD_SOLID_BREP('',#613);
#613 = CLOSED_SHELL('',(#614));
#614 = ADVANCED_FACE('',(#615),#628,.T.);
#615 = FACE_BOUND('',#616,.T.);
#616 = EDGE_LOOP('',(#617,#646,#668,#669));
#617 = ORIENTED_EDGE('',*,*,#618,.F.);
#618 = EDGE_CURVE('',#619,#619,#621,.T.);
#619 = VERTEX_POINT('',#620);
#620 = CARTESIAN_POINT('',(2.6E+03,-8.425569978134E-14,-344.));
#621 = SEAM_CURVE('',#622,(#627,#639),.PCURVE_S1.);
#622 = CIRCLE('',#623,344.);
#623 = AXIS2_PLACEMENT_3D('',#624,#625,#626);
#624 = CARTESIAN_POINT('',(2.6E+03,0.,-2.392950689267E-30));
#625 = DIRECTION('',(1.,-0.,2.22044604925E-16));
#626 = DIRECTION('',(2.22044604925E-16,0.,-1.));
#627 = PCURVE('',#628,#633);
#628 = TOROIDAL_SURFACE('',#629,300.,44.);
#629 = AXIS2_PLACEMENT_3D('',#630,#631,#632);
#630 = CARTESIAN_POINT('',(2.6E+03,0.,0.));
#631 = DIRECTION('',(1.,0.,2.22044604925E-16));
#632 = DIRECTION('',(2.22044604925E-16,0.,-1.));
#633 = DEFINITIONAL_REPRESENTATION('',(#634),#638);
#634 = LINE('',#635,#636);
#635 = CARTESIAN_POINT('',(0.,6.28318530718));
#636 = VECTOR('',#637,1.);
#637 = DIRECTION('',(1.,0.));
#638 = ( GEOMETRIC_REPRESENTATION_CONTEXT(2) 
PARAMETRIC_REPRESENTATION_CONTEXT() REPRESENTATION_CONTEXT('2D SPACE',''
  ) );
#639 = PCURVE('',#628,#640);
#640 = DEFINITIONAL_REPRESENTATION('',(#641),#645);
#641 = LINE('',#642,#643);
#642 = CARTESIAN_POINT('',(0.,0.));
#643 = VECTOR('',#644,1.);
#644 = DIRECTION('',(1.,0.));
#645 = ( GEOMETRIC_REPRESENTATION_CONTEXT(2) 
PARAMETRIC_REPRESENTATION_CONTEXT() REPRESENTATION_CONTEXT('2D SPACE',''
  ) );
#646 = ORIENTED_EDGE('',*,*,#647,.F.);
#647 = EDGE_CURVE('',#619,#619,#648,.T.);
#648 = SEAM_CURVE('',#649,(#654,#661),.PCURVE_S1.);
#649 = CIRCLE('',#650,44.);
#650 = AXIS2_PLACEMENT_3D('',#651,#652,#653);
#651 = CARTESIAN_POINT('',(2.6E+03,-7.347880794884E-14,-300.));
#652 = DIRECTION('',(-5.438524293788E-32,-1.,2.449293598295E-16));
#653 = DIRECTION('',(2.22044604925E-16,-2.449293598295E-16,-1.));
#654 = PCURVE('',#628,#655);
#655 = DEFINITIONAL_REPRESENTATION('',(#656),#660);
#656 = LINE('',#657,#658);
#657 = CARTESIAN_POINT('',(6.28318530718,-0.));
#658 = VECTOR('',#659,1.);
#659 = DIRECTION('',(0.,1.));
#660 = ( GEOMETRIC_REPRESENTATION_CONTEXT(2) 
PARAMETRIC_REPRESENTATION_CONTEXT() REPRESENTATION_CONTEXT('2D SPACE',''
  ) );
#661 = PCURVE('',#628,#662);
#662 = DEFINITIONAL_REPRESENTATION('',(#663),#667);
#663 = LINE('',#664,#665);
#664 = CARTESIAN_POINT('',(0.,-0.));
#665 = VECTOR('',#666,1.);
#666 = DIRECTION('',(0.,1.));
#667 = ( GEOMETRIC_REPRESENTATION_CONTEXT(2) 
PARAMETRIC_REPRESENTATION_CONTEXT() REPRESENTATION_CONTEXT('2D SPACE',''
  ) );
#668 = ORIENTED_EDGE('',*,*,#618,.T.);
#669 = ORIENTED_EDGE('',*,*,#647,.T.);
#670 = ( GEOMETRIC_REPRESENTATION_CONTEXT(3) 
GLOBAL_UNCERTAINTY_ASSIGNED_CONTEXT((#674)) GLOBAL_UNIT_ASSIGNED_CONTEXT
((#671,#672,#673)) REPRESENTATION_CONTEXT('Context #1',
  '3D Context with UNIT and UNCERTAINTY') );
#671 = ( LENGTH_UNIT() NAMED_UNIT(*) SI_UNIT($,.METRE.) );
#672 = ( NAMED_UNIT(*) PLANE_ANGLE_UNIT() SI_UNIT($,.RADIAN.) );
#673 = ( NAMED_UNIT(*) SI_UNIT($,.STERADIAN.) SOLID_ANGLE_UNIT() );
#674 = UNCERTAINTY_MEASURE_WITH_UNIT(LENGTH_MEASURE(1.E-07),#671,
  'distance_accuracy_value','confusion accuracy');
#675 = PRODUCT_RELATED_PRODUCT_CATEGORY('part',$,(#608));
#676 = SHAPE_DEFINITION_REPRESENTATION(#677,#683);
#677 = PRODUCT_DEFINITION_SHAPE('','',#678);
#678 = PRODUCT_DEFINITION('design','',#679,#682);
#679 = PRODUCT_DEFINITION_FORMATION('','',#680);
#680 = PRODUCT('TFo_04','TFo_04','',(#681));
#681 = PRODUCT_CONTEXT('',#2,'mechanical');
#682 = PRODUCT_DEFINITION_CONTEXT('part definition',#2,'design');
#683 = ADVANCED_BREP_SHAPE_REPRESENTATION('',(#11,#684),#742);
#684 = MANIFOLD_SOLID_BREP('',#685);
#685 = CLOSED_SHELL('',(#686));
#686 = ADVANCED_FACE('',(#687),#700,.T.);
#687 = FACE_BOUND('',#688,.T.);
#688 = EDGE_LOOP('',(#689,#718,#740,#741));
#689 = ORIENTED_EDGE('',*,*,#690,.F.);
#690 = EDGE_CURVE('',#691,#691,#693,.T.);
#691 = VERTEX_POINT('',#692);
#692 = CARTESIAN_POINT('',(2.6E+03,-8.817456953861E-14,-360.));
#693 = SEAM_CURVE('',#694,(#699,#711),.PCURVE_S1.);
#694 = CIRCLE('',#695,360.);
#695 = AXIS2_PLACEMENT_3D('',#696,#697,#698);
#696 = CARTESIAN_POINT('',(2.6E+03,0.,-3.263114576273E-30));
#697 = DIRECTION('',(1.,-0.,2.22044604925E-16));
#698 = DIRECTION('',(2.22044604925E-16,0.,-1.));
#699 = PCURVE('',#700,#705);
#700 = TOROIDAL_SURFACE('',#701,300.,60.);
#701 = AXIS2_PLACEMENT_3D('',#702,#703,#704);
#702 = CARTESIAN_POINT('',(2.6E+03,0.,0.));
#703 = DIRECTION('',(1.,0.,2.22044604925E-16));
#704 = DIRECTION('',(2.22044604925E-16,0.,-1.));
#705 = DEFINITIONAL_REPRESENTATION('',(#706),#710);
#706 = LINE('',#707,#708);
#707 = CARTESIAN_POINT('',(0.,6.28318530718));
#708 = VECTOR('',#709,1.);
#709 = DIRECTION('',(1.,0.));
#710 = ( GEOMETRIC_REPRESENTATION_CONTEXT(2) 
PARAMETRIC_REPRESENTATION_CONTEXT() REPRESENTATION_CONTEXT('2D SPACE',''
  ) );
#711 = PCURVE('',#700,#712);
#712 = DEFINITIONAL_REPRESENTATION('',(#713),#717);
#713 = LINE('',#714,#715);
#714 = CARTESIAN_POINT('',(0.,0.));
#715 = VECTOR('',#716,1.);
#716 = DIRECTION('',(1.,0.));
#717 = ( GEOMETRIC_REPRESENTATION_CONTEXT(2) 
PARAMETRIC_REPRESENTATION_CONTEXT() REPRESENTATION_CONTEXT('2D SPACE',''
  ) );
#718 = ORIENTED_EDGE('',*,*,#719,.F.);
#719 = EDGE_CURVE('',#691,#691,#720,.T.);
#720 = SEAM_CURVE('',#721,(#726,#733),.PCURVE_S1.);
#721 = CIRCLE('',#722,60.);
#722 = AXIS2_PLACEMENT_3D('',#723,#724,#725);
#723 = CARTESIAN_POINT('',(2.6E+03,-7.347880794884E-14,-300.));
#724 = DIRECTION('',(-5.438524293788E-32,-1.,2.449293598295E-16));
#725 = DIRECTION('',(2.22044604925E-16,-2.449293598295E-16,-1.));
#726 = PCURVE('',#700,#727);
#727 = DEFINITIONAL_REPRESENTATION('',(#728),#732);
#728 = LINE('',#729,#730);
#729 = CARTESIAN_POINT('',(6.28318530718,-0.));
#730 = VECTOR('',#731,1.);
#731 = DIRECTION('',(0.,1.));
#732 = ( GEOMETRIC_REPRESENTATION_CONTEXT(2) 
PARAMETRIC_REPRESENTATION_CONTEXT() REPRESENTATION_CONTEXT('2D SPACE',''
  ) );
#733 = PCURVE('',#700,#734);
#734 = DEFINITIONAL_REPRESENTATION('',(#735),#739);
#735 = LINE('',#736,#737);
#736 = CARTESIAN_POINT('',(0.,-0.));
#737 = VECTOR('',#738,1.);
#738 = DIRECTION('',(0.,1.));
#739 = ( GEOMETRIC_REPRESENTATION_CONTEXT(2) 
PARAMETRIC_REPRESENTATION_CONTEXT() REPRESENTATION_CONTEXT('2D SPACE',''
  ) );
#740 = ORIENTED_EDGE('',*,*,#690,.T.);
#741 = ORIENTED_EDGE('',*,*,#719,.T.);
#742 = ( GEOMETRIC_REPRESENTATION_CONTEXT(3) 
GLOBAL_UNCERTAINTY_ASSIGNED_CONTEXT((#746)) GLOBAL_UNIT_ASSIGNED_CONTEXT
((#743,#744,#745)) REPRESENTATION_CONTEXT('Context #1',
  '3D Context with UNIT and UNCERTAINTY') );
#743 = ( LENGTH_UNIT() NAMED_UNIT(*) SI_UNIT($,.METRE.) );
#744 = ( NAMED_UNIT(*) PLANE_ANGLE_UNIT() SI_UNIT($,.RADIAN.) );
#745 = ( NAMED_UNIT(*) SI_UNIT($,.STERADIAN.) SOLID_ANGLE_UNIT() );
#746 = UNCERTAINTY_MEASURE_WITH_UNIT(LENGTH_MEASURE(1.E-07),#743,
  'distance_accuracy_value','confusion accuracy');
#747 = PRODUCT_RELATED_PRODUCT_CATEGORY('part',$,(#680));
#748 = SHAPE_DEFINITION_REPRESENTATION(#749,#755);
#749 = PRODUCT_DEFINITION_SHAPE('','',#750);
#750 = PRODUCT_DEFINITION('design','',#751,#754);
#751 = PRODUCT_DEFINITION_FORMATION('','',#752);
#752 = PRODUCT('TFo_03','TFo_03','',(#753));
#753 = PRODUCT_CONTEXT('',#2,'mechanical');
#754 = PRODUCT_DEFINITION_CONTEXT('part definition',#2,'design');
#755 = ADVANCED_BREP_SHAPE_REPRESENTATION('',(#11,#756),#814);
#756 = MANIFOLD_SOLID_BREP('',#757);
#757 = CLOSED_SHELL('',(#758));
#758 = ADVANCED_FACE('',(#759),#772,.T.);
#759 = FACE_BOUND('',#760,.T.);
#760 = EDGE_LOOP('',(#761,#790,#812,#813));
#761 = ORIENTED_EDGE('',*,*,#762,.F.);
#762 = EDGE_CURVE('',#763,#763,#765,.T.);
#763 = VERTEX_POINT('',#764);
#764 = CARTESIAN_POINT('',(2.6E+03,-8.817456953861E-14,-360.));
#765 = SEAM_CURVE('',#766,(#771,#783),.PCURVE_S1.);
#766 = CIRCLE('',#767,360.);
#767 = AXIS2_PLACEMENT_3D('',#768,#769,#770);
#768 = CARTESIAN_POINT('',(2.6E+03,0.,-3.263114576273E-30));
#769 = DIRECTION('',(1.,-0.,2.22044604925E-16));
#770 = DIRECTION('',(2.22044604925E-16,0.,-1.));
#771 = PCURVE('',#772,#777);
#772 = TOROIDAL_SURFACE('',#773,300.,60.);
#773 = AXIS2_PLACEMENT_3D('',#774,#775,#776);
#774 = CARTESIAN_POINT('',(2.6E+03,0.,0.));
#775 = DIRECTION('',(1.,0.,2.22044604925E-16));
#776 = DIRECTION('',(2.22044604925E-16,0.,-1.));
#777 = DEFINITIONAL_REPRESENTATION('',(#778),#782);
#778 = LINE('',#779,#780);
#779 = CARTESIAN_POINT('',(0.,6.28318530718));
#780 = VECTOR('',#781,1.);
#781 = DIRECTION('',(1.,0.));
#782 = ( GEOMETRIC_REPRESENTATION_CONTEXT(2) 
PARAMETRIC_REPRESENTATION_CONTEXT() REPRESENTATION_CONTEXT('2D SPACE',''
  ) );
#783 = PCURVE('',#772,#784);
#784 = DEFINITIONAL_REPRESENTATION('',(#785),#789);
#785 = LINE('',#786,#787);
#786 = CARTESIAN_POINT('',(0.,0.));
#787 = VECTOR('',#788,1.);
#788 = DIRECTION('',(1.,0.));
#789 = ( GEOMETRIC_REPRESENTATION_CONTEXT(2) 
PARAMETRIC_REPRESENTATION_CONTEXT() REPRESENTATION_CONTEXT('2D SPACE',''
  ) );
#790 = ORIENTED_EDGE('',*,*,#791,.F.);
#791 = EDGE_CURVE('',#763,#763,#792,.T.);
#792 = SEAM_CURVE('',#793,(#798,#805),.PCURVE_S1.);
#793 = CIRCLE('',#794,60.);
#794 = AXIS2_PLACEMENT_3D('',#795,#796,#797);
#795 = CARTESIAN_POINT('',(2.6E+03,-7.347880794884E-14,-300.));
#796 = DIRECTION('',(-5.438524293788E-32,-1.,2.449293598295E-16));
#797 = DIRECTION('',(2.22044604925E-16,-2.449293598295E-16,-1.));
#798 = PCURVE('',#772,#799);
#799 = DEFINITIONAL_REPRESENTATION('',(#800),#804);
#800 = LINE('',#801,#802);
#801 = CARTESIAN_POINT('',(6.28318530718,-0.));
#802 = VECTOR('',#803,1.);
#803 = DIRECTION('',(0.,1.));
#804 = ( GEOMETRIC_REPRESENTATION_CONTEXT(2) 
PARAMETRIC_REPRESENTATION_CONTEXT() REPRESENTATION_CONTEXT('2D SPACE',''
  ) );
#805 = PCURVE('',#772,#806);
#806 = DEFINITIONAL_REPRESENTATION('',(#807),#811);
#807 = LINE('',#808,#809);
#808 = CARTESIAN_POINT('',(0.,-0.));
#809 = VECTOR('',#810,1.);
#810 = DIRECTION('',(0.,1.));
#811 = ( GEOMETRIC_REPRESENTATION_CONTEXT(2) 
PARAMETRIC_REPRESENTATION_CONTEXT() REPRESENTATION_CONTEXT('2D SPACE',''
  ) );
#812 = ORIENTED_EDGE('',*,*,#762,.T.);
#813 = ORIENTED_EDGE('',*,*,#791,.T.);
#814 = ( GEOMETRIC_REPRESENTATION_CONTEXT(3) 
GLOBAL_UNCERTAINTY_ASSIGNED_CONTEXT((#818)) GLOBAL_UNIT_ASSIGNED_CONTEXT
((#815,#816,#817)) REPRESENTATION_CONTEXT('Context #1',
  '3D Context with UNIT and UNCERTAINTY') );
#815 = ( LENGTH_UNIT() NAMED_UNIT(*) SI_UNIT($,.METRE.) );
#816 = ( NAMED_UNIT(*) PLANE_ANGLE_UNIT() SI_UNIT($,.RADIAN.) );
#817 = ( NAMED_UNIT(*) SI_UNIT($,.STERADIAN.) SOLID_ANGLE_UNIT() );
#818 = UNCERTAINTY_MEASURE_WITH_UNIT(LENGTH_MEASURE(1.E-07),#815,
  'distance_accuracy_value','confusion accuracy');
#819 = PRODUCT_RELATED_PRODUCT_CATEGORY('part',$,(#752));
#820 = SHAPE_DEFINITION_REPRESENTATION(#821,#827);
#821 = PRODUCT_DEFINITION_SHAPE('','',#822);
#822 = PRODUCT_DEFINITION('design','',#823,#826);
#823 = PRODUCT_DEFINITION_FORMATION('','',#824);
#824 = PRODUCT('TF_03','TF_03','',(#825));
#825 = PRODUCT_CONTEXT('',#2,'mechanical');
#826 = PRODUCT_DEFINITION_CONTEXT('part definition',#2,'design');
#827 = ADVANCED_BREP_SHAPE_REPRESENTATION('',(#11,#828),#944);
#828 = BREP_WITH_VOIDS('',#829,(#886));
#829 = CLOSED_SHELL('',(#830));
#830 = ADVANCED_FACE('',(#831),#844,.T.);
#831 = FACE_BOUND('',#832,.T.);
#832 = EDGE_LOOP('',(#833,#862,#884,#885));
#833 = ORIENTED_EDGE('',*,*,#834,.F.);
#834 = EDGE_CURVE('',#835,#835,#837,.T.);
#835 = VERTEX_POINT('',#836);
#836 = CARTESIAN_POINT('',(2.6E+03,254.55844122715,-254.5584412271));
#837 = SEAM_CURVE('',#838,(#843,#855),.PCURVE_S1.);
#838 = CIRCLE('',#839,360.);
#839 = AXIS2_PLACEMENT_3D('',#840,#841,#842);
#840 = CARTESIAN_POINT('',(2.6E+03,2.307370444671E-30,
    -2.307370444671E-30));
#841 = DIRECTION('',(1.,-1.570092458684E-16,1.570092458684E-16));
#842 = DIRECTION('',(2.22044604925E-16,0.707106781187,-0.707106781187));
#843 = PCURVE('',#844,#849);
#844 = TOROIDAL_SURFACE('',#845,300.,60.);
#845 = AXIS2_PLACEMENT_3D('',#846,#847,#848);
#846 = CARTESIAN_POINT('',(2.6E+03,0.,0.));
#847 = DIRECTION('',(1.,-1.570092458684E-16,1.570092458684E-16));
#848 = DIRECTION('',(2.22044604925E-16,0.707106781187,-0.707106781187));
#849 = DEFINITIONAL_REPRESENTATION('',(#850),#854);
#850 = LINE('',#851,#852);
#851 = CARTESIAN_POINT('',(0.,6.28318530718));
#852 = VECTOR('',#853,1.);
#853 = DIRECTION('',(1.,0.));
#854 = ( GEOMETRIC_REPRESENTATION_CONTEXT(2) 
PARAMETRIC_REPRESENTATION_CONTEXT() REPRESENTATION_CONTEXT('2D SPACE',''
  ) );
#855 = PCURVE('',#844,#856);
#856 = DEFINITIONAL_REPRESENTATION('',(#857),#861);
#857 = LINE('',#858,#859);
#858 = CARTESIAN_POINT('',(0.,0.));
#859 = VECTOR('',#860,1.);
#860 = DIRECTION('',(1.,0.));
#861 = ( GEOMETRIC_REPRESENTATION_CONTEXT(2) 
PARAMETRIC_REPRESENTATION_CONTEXT() REPRESENTATION_CONTEXT('2D SPACE',''
  ) );
#862 = ORIENTED_EDGE('',*,*,#863,.F.);
#863 = EDGE_CURVE('',#835,#835,#864,.T.);
#864 = SEAM_CURVE('',#865,(#870,#877),.PCURVE_S1.);
#865 = CIRCLE('',#866,60.);
#866 = AXIS2_PLACEMENT_3D('',#867,#868,#869);
#867 = CARTESIAN_POINT('',(2.6E+03,212.13203435596,-212.1320343559));
#868 = DIRECTION('',(-6.162975822039E-32,-0.707106781187,-0.707106781187
    ));
#869 = DIRECTION('',(2.22044604925E-16,0.707106781187,-0.707106781187));
#870 = PCURVE('',#844,#871);
#871 = DEFINITIONAL_REPRESENTATION('',(#872),#876);
#872 = LINE('',#873,#874);
#873 = CARTESIAN_POINT('',(6.28318530718,-0.));
#874 = VECTOR('',#875,1.);
#875 = DIRECTION('',(0.,1.));
#876 = ( GEOMETRIC_REPRESENTATION_CONTEXT(2) 
PARAMETRIC_REPRESENTATION_CONTEXT() REPRESENTATION_CONTEXT('2D SPACE',''
  ) );
#877 = PCURVE('',#844,#878);
#878 = DEFINITIONAL_REPRESENTATION('',(#879),#883);
#879 = LINE('',#880,#881);
#880 = CARTESIAN_POINT('',(0.,-0.));
#881 = VECTOR('',#882,1.);
#882 = DIRECTION('',(0.,1.));
#883 = ( GEOMETRIC_REPRESENTATION_CONTEXT(2) 
PARAMETRIC_REPRESENTATION_CONTEXT() REPRESENTATION_CONTEXT('2D SPACE',''
  ) );
#884 = ORIENTED_EDGE('',*,*,#834,.T.);
#885 = ORIENTED_EDGE('',*,*,#863,.T.);
#886 = ORIENTED_CLOSED_SHELL('',*,#887,.F.);
#887 = CLOSED_SHELL('',(#888));
#888 = ADVANCED_FACE('',(#889),#902,.T.);
#889 = FACE_BOUND('',#890,.T.);
#890 = EDGE_LOOP('',(#891,#920,#942,#943));
#891 = ORIENTED_EDGE('',*,*,#892,.F.);
#892 = EDGE_CURVE('',#893,#893,#895,.T.);
#893 = VERTEX_POINT('',#894);
#894 = CARTESIAN_POINT('',(2.6E+03,243.24473272817,-243.2447327281));
#895 = SEAM_CURVE('',#896,(#901,#913),.PCURVE_S1.);
#896 = CIRCLE('',#897,344.);
#897 = AXIS2_PLACEMENT_3D('',#898,#899,#900);
#898 = CARTESIAN_POINT('',(2.6E+03,1.692071659425E-30,
    -1.692071659425E-30));
#899 = DIRECTION('',(1.,-1.570092458684E-16,1.570092458684E-16));
#900 = DIRECTION('',(2.22044604925E-16,0.707106781187,-0.707106781187));
#901 = PCURVE('',#902,#907);
#902 = TOROIDAL_SURFACE('',#903,300.,44.);
#903 = AXIS2_PLACEMENT_3D('',#904,#905,#906);
#904 = CARTESIAN_POINT('',(2.6E+03,0.,0.));
#905 = DIRECTION('',(1.,-1.570092458684E-16,1.570092458684E-16));
#906 = DIRECTION('',(2.22044604925E-16,0.707106781187,-0.707106781187));
#907 = DEFINITIONAL_REPRESENTATION('',(#908),#912);
#908 = LINE('',#909,#910);
#909 = CARTESIAN_POINT('',(0.,6.28318530718));
#910 = VECTOR('',#911,1.);
#911 = DIRECTION('',(1.,0.));
#912 = ( GEOMETRIC_REPRESENTATION_CONTEXT(2) 
PARAMETRIC_REPRESENTATION_CONTEXT() REPRESENTATION_CONTEXT('2D SPACE',''
  ) );
#913 = PCURVE('',#902,#914);
#914 = DEFINITIONAL_REPRESENTATION('',(#915),#919);
#915 = LINE('',#916,#917);
#916 = CARTESIAN_POINT('',(0.,0.));
#917 = VECTOR('',#918,1.);
#918 = DIRECTION('',(1.,0.));
#919 = ( GEOMETRIC_REPRESENTATION_CONTEXT(2) 
PARAMETRIC_REPRESENTATION_CONTEXT() REPRESENTATION_CONTEXT('2D SPACE',''
  ) );
#920 = ORIENTED_EDGE('',*,*,#921,.F.);
#921 = EDGE_CURVE('',#893,#893,#922,.T.);
#922 = SEAM_CURVE('',#923,(#928,#935),.PCURVE_S1.);
#923 = CIRCLE('',#924,44.);
#924 = AXIS2_PLACEMENT_3D('',#925,#926,#927);
#925 = CARTESIAN_POINT('',(2.6E+03,212.13203435596,-212.1320343559));
#926 = DIRECTION('',(-6.162975822039E-32,-0.707106781187,-0.707106781187
    ));
#927 = DIRECTION('',(2.22044604925E-16,0.707106781187,-0.707106781187));
#928 = PCURVE('',#902,#929);
#929 = DEFINITIONAL_REPRESENTATION('',(#930),#934);
#930 = LINE('',#931,#932);
#931 = CARTESIAN_POINT('',(6.28318530718,-0.));
#932 = VECTOR('',#933,1.);
#933 = DIRECTION('',(0.,1.));
#934 = ( GEOMETRIC_REPRESENTATION_CONTEXT(2) 
PARAMETRIC_REPRESENTATION_CONTEXT() REPRESENTATION_CONTEXT('2D SPACE',''
  ) );
#935 = PCURVE('',#902,#936);
#936 = DEFINITIONAL_REPRESENTATION('',(#937),#941);
#937 = LINE('',#938,#939);
#938 = CARTESIAN_POINT('',(0.,-0.));
#939 = VECTOR('',#940,1.);
#940 = DIRECTION('',(0.,1.));
#941 = ( GEOMETRIC_REPRESENTATION_CONTEXT(2) 
PARAMETRIC_REPRESENTATION_CONTEXT() REPRESENTATION_CONTEXT('2D SPACE',''
  ) );
#942 = ORIENTED_EDGE('',*,*,#892,.T.);
#943 = ORIENTED_EDGE('',*,*,#921,.T.);
#944 = ( GEOMETRIC_REPRESENTATION_CONTEXT(3) 
GLOBAL_UNCERTAINTY_ASSIGNED_CONTEXT((#948)) GLOBAL_UNIT_ASSIGNED_CONTEXT
((#945,#946,#947)) REPRESENTATION_CONTEXT('Context #1',
  '3D Context with UNIT and UNCERTAINTY') );
#945 = ( LENGTH_UNIT() NAMED_UNIT(*) SI_UNIT($,.METRE.) );
#946 = ( NAMED_UNIT(*) PLANE_ANGLE_UNIT() SI_UNIT($,.RADIAN.) );
#947 = ( NAMED_UNIT(*) SI_UNIT($,.STERADIAN.) SOLID_ANGLE_UNIT() );
#948 = UNCERTAINTY_MEASURE_WITH_UNIT(LENGTH_MEASURE(1.E-07),#945,
  'distance_accuracy_value','confusion accuracy');
#949 = PRODUCT_RELATED_PRODUCT_CATEGORY('part',$,(#824));
#950 = SHAPE_DEFINITION_REPRESENTATION(#951,#957);
#951 = PRODUCT_DEFINITION_SHAPE('','',#952);
#952 = PRODUCT_DEFINITION('design','',#953,#956);
#953 = PRODUCT_DEFINITION_FORMATION('','',#954);
#954 = PRODUCT('TFo_05','TFo_05','',(#955));
#955 = PRODUCT_CONTEXT('',#2,'mechanical');
#956 = PRODUCT_DEFINITION_CONTEXT('part definition',#2,'design');
#957 = ADVANCED_BREP_SHAPE_REPRESENTATION('',(#11,#958),#1016);
#958 = MANIFOLD_SOLID_BREP('',#959);
#959 = CLOSED_SHELL('',(#960));
#960 = ADVANCED_FACE('',(#961),#974,.T.);
#961 = FACE_BOUND('',#962,.T.);
#962 = EDGE_LOOP('',(#963,#992,#1014,#1015));
#963 = ORIENTED_EDGE('',*,*,#964,.F.);
#964 = EDGE_CURVE('',#965,#965,#967,.T.);
#965 = VERTEX_POINT('',#966);
#966 = CARTESIAN_POINT('',(2.6E+03,-8.817456953861E-14,-360.));
#967 = SEAM_CURVE('',#968,(#973,#985),.PCURVE_S1.);
#968 = CIRCLE('',#969,360.);
#969 = AXIS2_PLACEMENT_3D('',#970,#971,#972);
#970 = CARTESIAN_POINT('',(2.6E+03,0.,-3.263114576273E-30));
#971 = DIRECTION('',(1.,-0.,2.22044604925E-16));
#972 = DIRECTION('',(2.22044604925E-16,0.,-1.));
#973 = PCURVE('',#974,#979);
#974 = TOROIDAL_SURFACE('',#975,300.,60.);
#975 = AXIS2_PLACEMENT_3D('',#976,#977,#978);
#976 = CARTESIAN_POINT('',(2.6E+03,0.,0.));
#977 = DIRECTION('',(1.,0.,2.22044604925E-16));
#978 = DIRECTION('',(2.22044604925E-16,0.,-1.));
#979 = DEFINITIONAL_REPRESENTATION('',(#980),#984);
#980 = LINE('',#981,#982);
#981 = CARTESIAN_POINT('',(0.,6.28318530718));
#982 = VECTOR('',#983,1.);
#983 = DIRECTION('',(1.,0.));
#984 = ( GEOMETRIC_REPRESENTATION_CONTEXT(2) 
PARAMETRIC_REPRESENTATION_CONTEXT() REPRESENTATION_CONTEXT('2D SPACE',''
  ) );
#985 = PCURVE('',#974,#986);
#986 = DEFINITIONAL_REPRESENTATION('',(#987),#991);
#987 = LINE('',#988,#989);
#988 = CARTESIAN_POINT('',(0.,0.));
#989 = VECTOR('',#990,1.);
#990 = DIRECTION('',(1.,0.));
#991 = ( GEOMETRIC_REPRESENTATION_CONTEXT(2) 
PARAMETRIC_REPRESENTATION_CONTEXT() REPRESENTATION_CONTEXT('2D SPACE',''
  ) );
#992 = ORIENTED_EDGE('',*,*,#993,.F.);
#993 = EDGE_CURVE('',#965,#965,#994,.T.);
#994 = SEAM_CURVE('',#995,(#1000,#1007),.PCURVE_S1.);
#995 = CIRCLE('',#996,60.);
#996 = AXIS2_PLACEMENT_3D('',#997,#998,#999);
#997 = CARTESIAN_POINT('',(2.6E+03,-7.347880794884E-14,-300.));
#998 = DIRECTION('',(-5.438524293788E-32,-1.,2.449293598295E-16));
#999 = DIRECTION('',(2.22044604925E-16,-2.449293598295E-16,-1.));
#1000 = PCURVE('',#974,#1001);
#1001 = DEFINITIONAL_REPRESENTATION('',(#1002),#1006);
#1002 = LINE('',#1003,#1004);
#1003 = CARTESIAN_POINT('',(6.28318530718,-0.));
#1004 = VECTOR('',#1005,1.);
#1005 = DIRECTION('',(0.,1.));
#1006 = ( GEOMETRIC_REPRESENTATION_CONTEXT(2) 
PARAMETRIC_REPRESENTATION_CONTEXT() REPRESENTATION_CONTEXT('2D SPACE',''
  ) );
#1007 = PCURVE('',#974,#1008);
#1008 = DEFINITIONAL_REPRESENTATION('',(#1009),#1013);
#1009 = LINE('',#1010,#1011);
#1010 = CARTESIAN_POINT('',(0.,-0.));
#1011 = VECTOR('',#1012,1.);
#1012 = DIRECTION('',(0.,1.));
#1013 = ( GEOMETRIC_REPRESENTATION_CONTEXT(2) 
PARAMETRIC_REPRESENTATION_CONTEXT() REPRESENTATION_CONTEXT('2D SPACE',''
  ) );
#1014 = ORIENTED_EDGE('',*,*,#964,.T.);
#1015 = ORIENTED_EDGE('',*,*,#993,.T.);
#1016 = ( GEOMETRIC_REPRESENTATION_CONTEXT(3) 
GLOBAL_UNCERTAINTY_ASSIGNED_CONTEXT((#1020)) 
GLOBAL_UNIT_ASSIGNED_CONTEXT((#1017,#1018,#1019)) REPRESENTATION_CONTEXT
('Context #1','3D Context with UNIT and UNCERTAINTY') );
#1017 = ( LENGTH_UNIT() NAMED_UNIT(*) SI_UNIT($,.METRE.) );
#1018 = ( NAMED_UNIT(*) PLANE_ANGLE_UNIT() SI_UNIT($,.RADIAN.) );
#1019 = ( NAMED_UNIT(*) SI_UNIT($,.STERADIAN.) SOLID_ANGLE_UNIT() );
#1020 = UNCERTAINTY_MEASURE_WITH_UNIT(LENGTH_MEASURE(1.E-07),#1017,
  'distance_accuracy_value','confusion accuracy');
#1021 = PRODUCT_RELATED_PRODUCT_CATEGORY('part',$,(#954));
#1022 = SHAPE_DEFINITION_REPRESENTATION(#1023,#1029);
#1023 = PRODUCT_DEFINITION_SHAPE('','',#1024);
#1024 = PRODUCT_DEFINITION('design','',#1025,#1028);
#1025 = PRODUCT_DEFINITION_FORMATION('','',#1026);
#1026 = PRODUCT('TF_04','TF_04','',(#1027));
#1027 = PRODUCT_CONTEXT('',#2,'mechanical');
#1028 = PRODUCT_DEFINITION_CONTEXT('part definition',#2,'design');
#1029 = ADVANCED_BREP_SHAPE_REPRESENTATION('',(#11,#1030),#1146);
#1030 = BREP_WITH_VOIDS('',#1031,(#1088));
#1031 = CLOSED_SHELL('',(#1032));
#1032 = ADVANCED_FACE('',(#1033),#1046,.T.);
#1033 = FACE_BOUND('',#1034,.T.);
#1034 = EDGE_LOOP('',(#1035,#1064,#1086,#1087));
#1035 = ORIENTED_EDGE('',*,*,#1036,.F.);
#1036 = EDGE_CURVE('',#1037,#1037,#1039,.T.);
#1037 = VERTEX_POINT('',#1038);
#1038 = CARTESIAN_POINT('',(2.6E+03,311.76914536239,-180.));
#1039 = SEAM_CURVE('',#1040,(#1045,#1057),.PCURVE_S1.);
#1040 = CIRCLE('',#1041,360.);
#1041 = AXIS2_PLACEMENT_3D('',#1042,#1043,#1044);
#1042 = CARTESIAN_POINT('',(2.6E+03,2.825940118511E-30,
    -1.631557288136E-30));
#1043 = DIRECTION('',(1.,-1.922962686384E-16,1.110223024625E-16));
#1044 = DIRECTION('',(2.22044604925E-16,0.866025403784,-0.5));
#1045 = PCURVE('',#1046,#1051);
#1046 = TOROIDAL_SURFACE('',#1047,300.,60.);
#1047 = AXIS2_PLACEMENT_3D('',#1048,#1049,#1050);
#1048 = CARTESIAN_POINT('',(2.6E+03,0.,0.));
#1049 = DIRECTION('',(1.,-1.922962686384E-16,1.110223024625E-16));
#1050 = DIRECTION('',(2.22044604925E-16,0.866025403784,-0.5));
#1051 = DEFINITIONAL_REPRESENTATION('',(#1052),#1056);
#1052 = LINE('',#1053,#1054);
#1053 = CARTESIAN_POINT('',(0.,6.28318530718));
#1054 = VECTOR('',#1055,1.);
#1055 = DIRECTION('',(1.,0.));
#1056 = ( GEOMETRIC_REPRESENTATION_CONTEXT(2) 
PARAMETRIC_REPRESENTATION_CONTEXT() REPRESENTATION_CONTEXT('2D SPACE',''
  ) );
#1057 = PCURVE('',#1046,#1058);
#1058 = DEFINITIONAL_REPRESENTATION('',(#1059),#1063);
#1059 = LINE('',#1060,#1061);
#1060 = CARTESIAN_POINT('',(0.,0.));
#1061 = VECTOR('',#1062,1.);
#1062 = DIRECTION('',(1.,0.));
#1063 = ( GEOMETRIC_REPRESENTATION_CONTEXT(2) 
PARAMETRIC_REPRESENTATION_CONTEXT() REPRESENTATION_CONTEXT('2D SPACE',''
  ) );
#1064 = ORIENTED_EDGE('',*,*,#1065,.F.);
#1065 = EDGE_CURVE('',#1037,#1037,#1066,.T.);
#1066 = SEAM_CURVE('',#1067,(#1072,#1079),.PCURVE_S1.);
#1067 = CIRCLE('',#1068,60.);
#1068 = AXIS2_PLACEMENT_3D('',#1069,#1070,#1071);
#1069 = CARTESIAN_POINT('',(2.6E+03,259.80762113533,-150.));
#1070 = DIRECTION('',(-4.930380657631E-32,-0.5,-0.866025403784));
#1071 = DIRECTION('',(2.22044604925E-16,0.866025403784,-0.5));
#1072 = PCURVE('',#1046,#1073);
#1073 = DEFINITIONAL_REPRESENTATION('',(#1074),#1078);
#1074 = LINE('',#1075,#1076);
#1075 = CARTESIAN_POINT('',(6.28318530718,-0.));
#1076 = VECTOR('',#1077,1.);
#1077 = DIRECTION('',(0.,1.));
#1078 = ( GEOMETRIC_REPRESENTATION_CONTEXT(2) 
PARAMETRIC_REPRESENTATION_CONTEXT() REPRESENTATION_CONTEXT('2D SPACE',''
  ) );
#1079 = PCURVE('',#1046,#1080);
#1080 = DEFINITIONAL_REPRESENTATION('',(#1081),#1085);
#1081 = LINE('',#1082,#1083);
#1082 = CARTESIAN_POINT('',(0.,-0.));
#1083 = VECTOR('',#1084,1.);
#1084 = DIRECTION('',(0.,1.));
#1085 = ( GEOMETRIC_REPRESENTATION_CONTEXT(2) 
PARAMETRIC_REPRESENTATION_CONTEXT() REPRESENTATION_CONTEXT('2D SPACE',''
  ) );
#1086 = ORIENTED_EDGE('',*,*,#1036,.T.);
#1087 = ORIENTED_EDGE('',*,*,#1065,.T.);
#1088 = ORIENTED_CLOSED_SHELL('',*,#1089,.F.);
#1089 = CLOSED_SHELL('',(#1090));
#1090 = ADVANCED_FACE('',(#1091),#1104,.T.);
#1091 = FACE_BOUND('',#1092,.T.);
#1092 = EDGE_LOOP('',(#1093,#1122,#1144,#1145));
#1093 = ORIENTED_EDGE('',*,*,#1094,.F.);
#1094 = EDGE_CURVE('',#1095,#1095,#1097,.T.);
#1095 = VERTEX_POINT('',#1096);
#1096 = CARTESIAN_POINT('',(2.6E+03,297.91273890184,-172.));
#1097 = SEAM_CURVE('',#1098,(#1103,#1115),.PCURVE_S1.);
#1098 = CIRCLE('',#1099,344.);
#1099 = AXIS2_PLACEMENT_3D('',#1100,#1101,#1102);
#1100 = CARTESIAN_POINT('',(2.6E+03,2.072356086908E-30,
    -1.196475344633E-30));
#1101 = DIRECTION('',(1.,-1.922962686384E-16,1.110223024625E-16));
#1102 = DIRECTION('',(2.22044604925E-16,0.866025403784,-0.5));
#1103 = PCURVE('',#1104,#1109);
#1104 = TOROIDAL_SURFACE('',#1105,300.,44.);
#1105 = AXIS2_PLACEMENT_3D('',#1106,#1107,#1108);
#1106 = CARTESIAN_POINT('',(2.6E+03,0.,0.));
#1107 = DIRECTION('',(1.,-1.922962686384E-16,1.110223024625E-16));
#1108 = DIRECTION('',(2.22044604925E-16,0.866025403784,-0.5));
#1109 = DEFINITIONAL_REPRESENTATION('',(#1110),#1114);
#1110 = LINE('',#1111,#1112);
#1111 = CARTESIAN_POINT('',(0.,6.28318530718));
#1112 = VECTOR('',#1113,1.);
#1113 = DIRECTION('',(1.,0.));
#1114 = ( GEOMETRIC_REPRESENTATION_CONTEXT(2) 
PARAMETRIC_REPRESENTATION_CONTEXT() REPRESENTATION_CONTEXT('2D SPACE',''
  ) );
#1115 = PCURVE('',#1104,#1116);
#1116 = DEFINITIONAL_REPRESENTATION('',(#1117),#1121);
#1117 = LINE('',#1118,#1119);
#1118 = CARTESIAN_POINT('',(0.,0.));
#1119 = VECTOR('',#1120,1.);
#1120 = DIRECTION('',(1.,0.));
#1121 = ( GEOMETRIC_REPRESENTATION_CONTEXT(2) 
PARAMETRIC_REPRESENTATION_CONTEXT() REPRESENTATION_CONTEXT('2D SPACE',''
  ) );
#1122 = ORIENTED_EDGE('',*,*,#1123,.F.);
#1123 = EDGE_CURVE('',#1095,#1095,#1124,.T.);
#1124 = SEAM_CURVE('',#1125,(#1130,#1137),.PCURVE_S1.);
#1125 = CIRCLE('',#1126,44.);
#1126 = AXIS2_PLACEMENT_3D('',#1127,#1128,#1129);
#1127 = CARTESIAN_POINT('',(2.6E+03,259.80762113533,-150.));
#1128 = DIRECTION('',(-4.930380657631E-32,-0.5,-0.866025403784));
#1129 = DIRECTION('',(2.22044604925E-16,0.866025403784,-0.5));
#1130 = PCURVE('',#1104,#1131);
#1131 = DEFINITIONAL_REPRESENTATION('',(#1132),#1136);
#1132 = LINE('',#1133,#1134);
#1133 = CARTESIAN_POINT('',(6.28318530718,-0.));
#1134 = VECTOR('',#1135,1.);
#1135 = DIRECTION('',(0.,1.));
#1136 = ( GEOMETRIC_REPRESENTATION_CONTEXT(2) 
PARAMETRIC_REPRESENTATION_CONTEXT() REPRESENTATION_CONTEXT('2D SPACE',''
  ) );
#1137 = PCURVE('',#1104,#1138);
#1138 = DEFINITIONAL_REPRESENTATION('',(#1139),#1143);
#1139 = LINE('',#1140,#1141);
#1140 = CARTESIAN_POINT('',(0.,-0.));
#1141 = VECTOR('',#1142,1.);
#1142 = DIRECTION('',(0.,1.));
#1143 = ( GEOMETRIC_REPRESENTATION_CONTEXT(2) 
PARAMETRIC_REPRESENTATION_CONTEXT() REPRESENTATION_CONTEXT('2D SPACE',''
  ) );
#1144 = ORIENTED_EDGE('',*,*,#1094,.T.);
#1145 = ORIENTED_EDGE('',*,*,#1123,.T.);
#1146 = ( GEOMETRIC_REPRESENTATION_CONTEXT(3) 
GLOBAL_UNCERTAINTY_ASSIGNED_CONTEXT((#1150)) 
GLOBAL_UNIT_ASSIGNED_CONTEXT((#1147,#1148,#1149)) REPRESENTATION_CONTEXT
('Context #1','3D Context with UNIT and UNCERTAINTY') );
#1147 = ( LENGTH_UNIT() NAMED_UNIT(*) SI_UNIT($,.METRE.) );
#1148 = ( NAMED_UNIT(*) PLANE_ANGLE_UNIT() SI_UNIT($,.RADIAN.) );
#1149 = ( NAMED_UNIT(*) SI_UNIT($,.STERADIAN.) SOLID_ANGLE_UNIT() );
#1150 = UNCERTAINTY_MEASURE_WITH_UNIT(LENGTH_MEASURE(1.E-07),#1147,
  'distance_accuracy_value','confusion accuracy');
#1151 = PRODUCT_RELATED_PRODUCT_CATEGORY('part',$,(#1026));
#1152 = SHAPE_DEFINITION_REPRESENTATION(#1153,#1159);
#1153 = PRODUCT_DEFINITION_SHAPE('','',#1154);
#1154 = PRODUCT_DEFINITION('design','',#1155,#1158);
#1155 = PRODUCT_DEFINITION_FORMATION('','',#1156);
#1156 = PRODUCT('TFi_05','TFi_05','',(#1157));
#1157 = PRODUCT_CONTEXT('',#2,'mechanical');
#1158 = PRODUCT_DEFINITION_CONTEXT('part definition',#2,'design');
#1159 = ADVANCED_BREP_SHAPE_REPRESENTATION('',(#11,#1160),#1218);
#1160 = MANIFOLD_SOLID_BREP('',#1161);
#1161 = CLOSED_SHELL('',(#1162));
#1162 = ADVANCED_FACE('',(#1163),#1176,.T.);
#1163 = FACE_BOUND('',#1164,.T.);
#1164 = EDGE_LOOP('',(#1165,#1194,#1216,#1217));
#1165 = ORIENTED_EDGE('',*,*,#1166,.F.);
#1166 = EDGE_CURVE('',#1167,#1167,#1169,.T.);
#1167 = VERTEX_POINT('',#1168);
#1168 = CARTESIAN_POINT('',(2.6E+03,-8.425569978134E-14,-344.));
#1169 = SEAM_CURVE('',#1170,(#1175,#1187),.PCURVE_S1.);
#1170 = CIRCLE('',#1171,344.);
#1171 = AXIS2_PLACEMENT_3D('',#1172,#1173,#1174);
#1172 = CARTESIAN_POINT('',(2.6E+03,0.,-2.392950689267E-30));
#1173 = DIRECTION('',(1.,-0.,2.22044604925E-16));
#1174 = DIRECTION('',(2.22044604925E-16,0.,-1.));
#1175 = PCURVE('',#1176,#1181);
#1176 = TOROIDAL_SURFACE('',#1177,300.,44.);
#1177 = AXIS2_PLACEMENT_3D('',#1178,#1179,#1180);
#1178 = CARTESIAN_POINT('',(2.6E+03,0.,0.));
#1179 = DIRECTION('',(1.,0.,2.22044604925E-16));
#1180 = DIRECTION('',(2.22044604925E-16,0.,-1.));
#1181 = DEFINITIONAL_REPRESENTATION('',(#1182),#1186);
#1182 = LINE('',#1183,#1184);
#1183 = CARTESIAN_POINT('',(0.,6.28318530718));
#1184 = VECTOR('',#1185,1.);
#1185 = DIRECTION('',(1.,0.));
#1186 = ( GEOMETRIC_REPRESENTATION_CONTEXT(2) 
PARAMETRIC_REPRESENTATION_CONTEXT() REPRESENTATION_CONTEXT('2D SPACE',''
  ) );
#1187 = PCURVE('',#1176,#1188);
#1188 = DEFINITIONAL_REPRESENTATION('',(#1189),#1193);
#1189 = LINE('',#1190,#1191);
#1190 = CARTESIAN_POINT('',(0.,0.));
#1191 = VECTOR('',#1192,1.);
#1192 = DIRECTION('',(1.,0.));
#1193 = ( GEOMETRIC_REPRESENTATION_CONTEXT(2) 
PARAMETRIC_REPRESENTATION_CONTEXT() REPRESENTATION_CONTEXT('2D SPACE',''
  ) );
#1194 = ORIENTED_EDGE('',*,*,#1195,.F.);
#1195 = EDGE_CURVE('',#1167,#1167,#1196,.T.);
#1196 = SEAM_CURVE('',#1197,(#1202,#1209),.PCURVE_S1.);
#1197 = CIRCLE('',#1198,44.);
#1198 = AXIS2_PLACEMENT_3D('',#1199,#1200,#1201);
#1199 = CARTESIAN_POINT('',(2.6E+03,-7.347880794884E-14,-300.));
#1200 = DIRECTION('',(-5.438524293788E-32,-1.,2.449293598295E-16));
#1201 = DIRECTION('',(2.22044604925E-16,-2.449293598295E-16,-1.));
#1202 = PCURVE('',#1176,#1203);
#1203 = DEFINITIONAL_REPRESENTATION('',(#1204),#1208);
#1204 = LINE('',#1205,#1206);
#1205 = CARTESIAN_POINT('',(6.28318530718,-0.));
#1206 = VECTOR('',#1207,1.);
#1207 = DIRECTION('',(0.,1.));
#1208 = ( GEOMETRIC_REPRESENTATION_CONTEXT(2) 
PARAMETRIC_REPRESENTATION_CONTEXT() REPRESENTATION_CONTEXT('2D SPACE',''
  ) );
#1209 = PCURVE('',#1176,#1210);
#1210 = DEFINITIONAL_REPRESENTATION('',(#1211),#1215);
#1211 = LINE('',#1212,#1213);
#1212 = CARTESIAN_POINT('',(0.,-0.));
#1213 = VECTOR('',#1214,1.);
#1214 = DIRECTION('',(0.,1.));
#1215 = ( GEOMETRIC_REPRESENTATION_CONTEXT(2) 
PARAMETRIC_REPRESENTATION_CONTEXT() REPRESENTATION_CONTEXT('2D SPACE',''
  ) );
#1216 = ORIENTED_EDGE('',*,*,#1166,.T.);
#1217 = ORIENTED_EDGE('',*,*,#1195,.T.);
#1218 = ( GEOMETRIC_REPRESENTATION_CONTEXT(3) 
GLOBAL_UNCERTAINTY_ASSIGNED_CONTEXT((#1222)) 
GLOBAL_UNIT_ASSIGNED_CONTEXT((#1219,#1220,#1221)) REPRESENTATION_CONTEXT
('Context #1','3D Context with UNIT and UNCERTAINTY') );
#1219 = ( LENGTH_UNIT() NAMED_UNIT(*) SI_UNIT($,.METRE.) );
#1220 = ( NAMED_UNIT(*) PLANE_ANGLE_UNIT() SI_UNIT($,.RADIAN.) );
#1221 = ( NAMED_UNIT(*) SI_UNIT($,.STERADIAN.) SOLID_ANGLE_UNIT() );
#1222 = UNCERTAINTY_MEASURE_WITH_UNIT(LENGTH_MEASURE(1.E-07),#1219,
  'distance_accuracy_value','confusion accuracy');
#1223 = PRODUCT_RELATED_PRODUCT_CATEGORY('part',$,(#1156));
#1224 = SHAPE_DEFINITION_REPRESENTATION(#1225,#1231);
#1225 = PRODUCT_DEFINITION_SHAPE('','',#1226);
#1226 = PRODUCT_DEFINITION('design','',#1227,#1230);
#1227 = PRODUCT_DEFINITION_FORMATION('','',#1228);
#1228 = PRODUCT('TFi_04','TFi_04','',(#1229));
#1229 = PRODUCT_CONTEXT('',#2,'mechanical');
#1230 = PRODUCT_DEFINITION_CONTEXT('part definition',#2,'design');
#1231 = ADVANCED_BREP_SHAPE_REPRESENTATION('',(#11,#1232),#1290);
#1232 = MANIFOLD_SOLID_BREP('',#1233);
#1233 = CLOSED_SHELL('',(#1234));
#1234 = ADVANCED_FACE('',(#1235),#1248,.T.);
#1235 = FACE_BOUND('',#1236,.T.);
#1236 = EDGE_LOOP('',(#1237,#1266,#1288,#1289));
#1237 = ORIENTED_EDGE('',*,*,#1238,.F.);
#1238 = EDGE_CURVE('',#1239,#1239,#1241,.T.);
#1239 = VERTEX_POINT('',#1240);
#1240 = CARTESIAN_POINT('',(2.6E+03,-8.425569978134E-14,-344.));
#1241 = SEAM_CURVE('',#1242,(#1247,#1259),.PCURVE_S1.);
#1242 = CIRCLE('',#1243,344.);
#1243 = AXIS2_PLACEMENT_3D('',#1244,#1245,#1246);
#1244 = CARTESIAN_POINT('',(2.6E+03,0.,-2.392950689267E-30));
#1245 = DIRECTION('',(1.,-0.,2.22044604925E-16));
#1246 = DIRECTION('',(2.22044604925E-16,0.,-1.));
#1247 = PCURVE('',#1248,#1253);
#1248 = TOROIDAL_SURFACE('',#1249,300.,44.);
#1249 = AXIS2_PLACEMENT_3D('',#1250,#1251,#1252);
#1250 = CARTESIAN_POINT('',(2.6E+03,0.,0.));
#1251 = DIRECTION('',(1.,0.,2.22044604925E-16));
#1252 = DIRECTION('',(2.22044604925E-16,0.,-1.));
#1253 = DEFINITIONAL_REPRESENTATION('',(#1254),#1258);
#1254 = LINE('',#1255,#1256);
#1255 = CARTESIAN_POINT('',(0.,6.28318530718));
#1256 = VECTOR('',#1257,1.);
#1257 = DIRECTION('',(1.,0.));
#1258 = ( GEOMETRIC_REPRESENTATION_CONTEXT(2) 
PARAMETRIC_REPRESENTATION_CONTEXT() REPRESENTATION_CONTEXT('2D SPACE',''
  ) );
#1259 = PCURVE('',#1248,#1260);
#1260 = DEFINITIONAL_REPRESENTATION('',(#1261),#1265);
#1261 = LINE('',#1262,#1263);
#1262 = CARTESIAN_POINT('',(0.,0.));
#1263 = VECTOR('',#1264,1.);
#1264 = DIRECTION('',(1.,0.));
#1265 = ( GEOMETRIC_REPRESENTATION_CONTEXT(2) 
PARAMETRIC_REPRESENTATION_CONTEXT() REPRESENTATION_CONTEXT('2D SPACE',''
  ) );
#1266 = ORIENTED_EDGE('',*,*,#1267,.F.);
#1267 = EDGE_CURVE('',#1239,#1239,#1268,.T.);
#1268 = SEAM_CURVE('',#1269,(#1274,#1281),.PCURVE_S1.);
#1269 = CIRCLE('',#1270,44.);
#1270 = AXIS2_PLACEMENT_3D('',#1271,#1272,#1273);
#1271 = CARTESIAN_POINT('',(2.6E+03,-7.347880794884E-14,-300.));
#1272 = DIRECTION('',(-5.438524293788E-32,-1.,2.449293598295E-16));
#1273 = DIRECTION('',(2.22044604925E-16,-2.449293598295E-16,-1.));
#1274 = PCURVE('',#1248,#1275);
#1275 = DEFINITIONAL_REPRESENTATION('',(#1276),#1280);
#1276 = LINE('',#1277,#1278);
#1277 = CARTESIAN_POINT('',(6.28318530718,-0.));
#1278 = VECTOR('',#1279,1.);
#1279 = DIRECTION('',(0.,1.));
#1280 = ( GEOMETRIC_REPRESENTATION_CONTEXT(2) 
PARAMETRIC_REPRESENTATION_CONTEXT() REPRESENTATION_CONTEXT('2D SPACE',''
  ) );
#1281 = PCURVE('',#1248,#1282);
#1282 = DEFINITIONAL_REPRESENTATION('',(#1283),#1287);
#1283 = LINE('',#1284,#1285);
#1284 = CARTESIAN_POINT('',(0.,-0.));
#1285 = VECTOR('',#1286,1.);
#1286 = DIRECTION('',(0.,1.));
#1287 = ( GEOMETRIC_REPRESENTATION_CONTEXT(2) 
PARAMETRIC_REPRESENTATION_CONTEXT() REPRESENTATION_CONTEXT('2D SPACE',''
  ) );
#1288 = ORIENTED_EDGE('',*,*,#1238,.T.);
#1289 = ORIENTED_EDGE('',*,*,#1267,.T.);
#1290 = ( GEOMETRIC_REPRESENTATION_CONTEXT(3) 
GLOBAL_UNCERTAINTY_ASSIGNED_CONTEXT((#1294)) 
GLOBAL_UNIT_ASSIGNED_CONTEXT((#1291,#1292,#1293)) REPRESENTATION_CONTEXT
('Context #1','3D Context with UNIT and UNCERTAINTY') );
#1291 = ( LENGTH_UNIT() NAMED_UNIT(*) SI_UNIT($,.METRE.) );
#1292 = ( NAMED_UNIT(*) PLANE_ANGLE_UNIT() SI_UNIT($,.RADIAN.) );
#1293 = ( NAMED_UNIT(*) SI_UNIT($,.STERADIAN.) SOLID_ANGLE_UNIT() );
#1294 = UNCERTAINTY_MEASURE_WITH_UNIT(LENGTH_MEASURE(1.E-07),#1291,
  'distance_accuracy_value','confusion accuracy');
#1295 = PRODUCT_RELATED_PRODUCT_CATEGORY('part',$,(#1228));
#1296 = SHAPE_DEFINITION_REPRESENTATION(#1297,#1303);
#1297 = PRODUCT_DEFINITION_SHAPE('','',#1298);
#1298 = PRODUCT_DEFINITION('design','',#1299,#1302);
#1299 = PRODUCT_DEFINITION_FORMATION('','',#1300);
#1300 = PRODUCT('TFo_06','TFo_06','',(#1301));
#1301 = PRODUCT_CONTEXT('',#2,'mechanical');
#1302 = PRODUCT_DEFINITION_CONTEXT('part definition',#2,'design');
#1303 = ADVANCED_BREP_SHAPE_REPRESENTATION('',(#11,#1304),#1362);
#1304 = MANIFOLD_SOLID_BREP('',#1305);
#1305 = CLOSED_SHELL('',(#1306));
#1306 = ADVANCED_FACE('',(#1307),#1320,.T.);
#1307 = FACE_BOUND('',#1308,.T.);
#1308 = EDGE_LOOP('',(#1309,#1338,#1360,#1361));
#1309 = ORIENTED_EDGE('',*,*,#1310,.F.);
#1310 = EDGE_CURVE('',#1311,#1311,#1313,.T.);
#1311 = VERTEX_POINT('',#1312);
#1312 = CARTESIAN_POINT('',(2.6E+03,-8.817456953861E-14,-360.));
#1313 = SEAM_CURVE('',#1314,(#1319,#1331),.PCURVE_S1.);
#1314 = CIRCLE('',#1315,360.);
#1315 = AXIS2_PLACEMENT_3D('',#1316,#1317,#1318);
#1316 = CARTESIAN_POINT('',(2.6E+03,0.,-3.263114576273E-30));
#1317 = DIRECTION('',(1.,-0.,2.22044604925E-16));
#1318 = DIRECTION('',(2.22044604925E-16,0.,-1.));
#1319 = PCURVE('',#1320,#1325);
#1320 = TOROIDAL_SURFACE('',#1321,300.,60.);
#1321 = AXIS2_PLACEMENT_3D('',#1322,#1323,#1324);
#1322 = CARTESIAN_POINT('',(2.6E+03,0.,0.));
#1323 = DIRECTION('',(1.,0.,2.22044604925E-16));
#1324 = DIRECTION('',(2.22044604925E-16,0.,-1.));
#1325 = DEFINITIONAL_REPRESENTATION('',(#1326),#1330);
#1326 = LINE('',#1327,#1328);
#1327 = CARTESIAN_POINT('',(0.,6.28318530718));
#1328 = VECTOR('',#1329,1.);
#1329 = DIRECTION('',(1.,0.));
#1330 = ( GEOMETRIC_REPRESENTATION_CONTEXT(2) 
PARAMETRIC_REPRESENTATION_CONTEXT() REPRESENTATION_CONTEXT('2D SPACE',''
  ) );
#1331 = PCURVE('',#1320,#1332);
#1332 = DEFINITIONAL_REPRESENTATION('',(#1333),#1337);
#1333 = LINE('',#1334,#1335);
#1334 = CARTESIAN_POINT('',(0.,0.));
#1335 = VECTOR('',#1336,1.);
#1336 = DIRECTION('',(1.,0.));
#1337 = ( GEOMETRIC_REPRESENTATION_CONTEXT(2) 
PARAMETRIC_REPRESENTATION_CONTEXT() REPRESENTATION_CONTEXT('2D SPACE',''
  ) );
#1338 = ORIENTED_EDGE('',*,*,#1339,.F.);
#1339 = EDGE_CURVE('',#1311,#1311,#1340,.T.);
#1340 = SEAM_CURVE('',#1341,(#1346,#1353),.PCURVE_S1.);
#1341 = CIRCLE('',#1342,60.);
#1342 = AXIS2_PLACEMENT_3D('',#1343,#1344,#1345);
#1343 = CARTESIAN_POINT('',(2.6E+03,-7.347880794884E-14,-300.));
#1344 = DIRECTION('',(-5.438524293788E-32,-1.,2.449293598295E-16));
#1345 = DIRECTION('',(2.22044604925E-16,-2.449293598295E-16,-1.));
#1346 = PCURVE('',#1320,#1347);
#1347 = DEFINITIONAL_REPRESENTATION('',(#1348),#1352);
#1348 = LINE('',#1349,#1350);
#1349 = CARTESIAN_POINT('',(6.28318530718,-0.));
#1350 = VECTOR('',#1351,1.);
#1351 = DIRECTION('',(0.,1.));
#1352 = ( GEOMETRIC_REPRESENTATION_CONTEXT(2) 
PARAMETRIC_REPRESENTATION_CONTEXT() REPRESENTATION_CONTEXT('2D SPACE',''
  ) );
#1353 = PCURVE('',#1320,#1354);
#1354 = DEFINITIONAL_REPRESENTATION('',(#1355),#1359);
#1355 = LINE('',#1356,#1357);
#1356 = CARTESIAN_POINT('',(0.,-0.));
#1357 = VECTOR('',#1358,1.);
#1358 = DIRECTION('',(0.,1.));
#1359 = ( GEOMETRIC_REPRESENTATION_CONTEXT(2) 
PARAMETRIC_REPRESENTATION_CONTEXT() REPRESENTATION_CONTEXT('2D SPACE',''
  ) );
#1360 = ORIENTED_EDGE('',*,*,#1310,.T.);
#1361 = ORIENTED_EDGE('',*,*,#1339,.T.);
#1362 = ( GEOMETRIC_REPRESENTATION_CONTEXT(3) 
GLOBAL_UNCERTAINTY_ASSIGNED_CONTEXT((#1366)) 
GLOBAL_UNIT_ASSIGNED_CONTEXT((#1363,#1364,#1365)) REPRESENTATION_CONTEXT
('Context #1','3D Context with UNIT and UNCERTAINTY') );
#1363 = ( LENGTH_UNIT() NAMED_UNIT(*) SI_UNIT($,.METRE.) );
#1364 = ( NAMED_UNIT(*) PLANE_ANGLE_UNIT() SI_UNIT($,.RADIAN.) );
#1365 = ( NAMED_UNIT(*) SI_UNIT($,.STERADIAN.) SOLID_ANGLE_UNIT() );
#1366 = UNCERTAINTY_MEASURE_WITH_UNIT(LENGTH_MEASURE(1.E-07),#1363,
  'distance_accuracy_value','confusion accuracy');
#1367 = PRODUCT_RELATED_PRODUCT_CATEGORY('part',$,(#1300));
#1368 = SHAPE_DEFINITION_REPRESENTATION(#1369,#1375);
#1369 = PRODUCT_DEFINITION_SHAPE('','',#1370);
#1370 = PRODUCT_DEFINITION('design','',#1371,#1374);
#1371 = PRODUCT_DEFINITION_FORMATION('','',#1372);
#1372 = PRODUCT('TF_05','TF_05','',(#1373));
#1373 = PRODUCT_CONTEXT('',#2,'mechanical');
#1374 = PRODUCT_DEFINITION_CONTEXT('part definition',#2,'design');
#1375 = ADVANCED_BREP_SHAPE_REPRESENTATION('',(#11,#1376),#1492);
#1376 = BREP_WITH_VOIDS('',#1377,(#1434));
#1377 = CLOSED_SHELL('',(#1378));
#1378 = ADVANCED_FACE('',(#1379),#1392,.T.);
#1379 = FACE_BOUND('',#1380,.T.);
#1380 = EDGE_LOOP('',(#1381,#1410,#1432,#1433));
#1381 = ORIENTED_EDGE('',*,*,#1382,.F.);
#1382 = EDGE_CURVE('',#1383,#1383,#1385,.T.);
#1383 = VERTEX_POINT('',#1384);
#1384 = CARTESIAN_POINT('',(2.6E+03,347.73329746406,-93.1748562369));
#1385 = SEAM_CURVE('',#1386,(#1391,#1403),.PCURVE_S1.);
#1386 = CIRCLE('',#1387,360.);
#1387 = AXIS2_PLACEMENT_3D('',#1388,#1389,#1390);
#1388 = CARTESIAN_POINT('',(2.6E+03,3.151926643362E-30,
    -8.44556198691E-31));
#1389 = DIRECTION('',(1.,-2.144786184852E-16,5.746937261686E-17));
#1390 = DIRECTION('',(2.22044604925E-16,0.965925826289,-0.258819045103)
  );
#1391 = PCURVE('',#1392,#1397);
#1392 = TOROIDAL_SURFACE('',#1393,300.,60.);
#1393 = AXIS2_PLACEMENT_3D('',#1394,#1395,#1396);
#1394 = CARTESIAN_POINT('',(2.6E+03,0.,0.));
#1395 = DIRECTION('',(1.,-2.144786184852E-16,5.746937261686E-17));
#1396 = DIRECTION('',(2.22044604925E-16,0.965925826289,-0.258819045103)
  );
#1397 = DEFINITIONAL_REPRESENTATION('',(#1398),#1402);
#1398 = LINE('',#1399,#1400);
#1399 = CARTESIAN_POINT('',(0.,6.28318530718));
#1400 = VECTOR('',#1401,1.);
#1401 = DIRECTION('',(1.,0.));
#1402 = ( GEOMETRIC_REPRESENTATION_CONTEXT(2) 
PARAMETRIC_REPRESENTATION_CONTEXT() REPRESENTATION_CONTEXT('2D SPACE',''
  ) );
#1403 = PCURVE('',#1392,#1404);
#1404 = DEFINITIONAL_REPRESENTATION('',(#1405),#1409);
#1405 = LINE('',#1406,#1407);
#1406 = CARTESIAN_POINT('',(0.,0.));
#1407 = VECTOR('',#1408,1.);
#1408 = DIRECTION('',(1.,0.));
#1409 = ( GEOMETRIC_REPRESENTATION_CONTEXT(2) 
PARAMETRIC_REPRESENTATION_CONTEXT() REPRESENTATION_CONTEXT('2D SPACE',''
  ) );
#1410 = ORIENTED_EDGE('',*,*,#1411,.F.);
#1411 = EDGE_CURVE('',#1383,#1383,#1412,.T.);
#1412 = SEAM_CURVE('',#1413,(#1418,#1425),.PCURVE_S1.);
#1413 = CIRCLE('',#1414,60.);
#1414 = AXIS2_PLACEMENT_3D('',#1415,#1416,#1417);
#1415 = CARTESIAN_POINT('',(2.6E+03,289.77774788672,-77.64571353075));
#1416 = DIRECTION('',(-6.162975822039E-32,-0.258819045103,
    -0.965925826289));
#1417 = DIRECTION('',(2.22044604925E-16,0.965925826289,-0.258819045103)
  );
#1418 = PCURVE('',#1392,#1419);
#1419 = DEFINITIONAL_REPRESENTATION('',(#1420),#1424);
#1420 = LINE('',#1421,#1422);
#1421 = CARTESIAN_POINT('',(6.28318530718,-0.));
#1422 = VECTOR('',#1423,1.);
#1423 = DIRECTION('',(0.,1.));
#1424 = ( GEOMETRIC_REPRESENTATION_CONTEXT(2) 
PARAMETRIC_REPRESENTATION_CONTEXT() REPRESENTATION_CONTEXT('2D SPACE',''
  ) );
#1425 = PCURVE('',#1392,#1426);
#1426 = DEFINITIONAL_REPRESENTATION('',(#1427),#1431);
#1427 = LINE('',#1428,#1429);
#1428 = CARTESIAN_POINT('',(0.,-0.));
#1429 = VECTOR('',#1430,1.);
#1430 = DIRECTION('',(0.,1.));
#1431 = ( GEOMETRIC_REPRESENTATION_CONTEXT(2) 
PARAMETRIC_REPRESENTATION_CONTEXT() REPRESENTATION_CONTEXT('2D SPACE',''
  ) );
#1432 = ORIENTED_EDGE('',*,*,#1382,.T.);
#1433 = ORIENTED_EDGE('',*,*,#1411,.T.);
#1434 = ORIENTED_CLOSED_SHELL('',*,#1435,.F.);
#1435 = CLOSED_SHELL('',(#1436));
#1436 = ADVANCED_FACE('',(#1437),#1450,.T.);
#1437 = FACE_BOUND('',#1438,.T.);
#1438 = EDGE_LOOP('',(#1439,#1468,#1490,#1491));
#1439 = ORIENTED_EDGE('',*,*,#1440,.F.);
#1440 = EDGE_CURVE('',#1441,#1441,#1443,.T.);
#1441 = VERTEX_POINT('',#1442);
#1442 = CARTESIAN_POINT('',(2.6E+03,332.27848424343,-89.03375151526));
#1443 = SEAM_CURVE('',#1444,(#1449,#1461),.PCURVE_S1.);
#1444 = CIRCLE('',#1445,344.);
#1445 = AXIS2_PLACEMENT_3D('',#1446,#1447,#1448);
#1446 = CARTESIAN_POINT('',(2.6E+03,2.311412871799E-30,
    -6.193412123734E-31));
#1447 = DIRECTION('',(1.,-2.144786184852E-16,5.746937261686E-17));
#1448 = DIRECTION('',(2.22044604925E-16,0.965925826289,-0.258819045103)
  );
#1449 = PCURVE('',#1450,#1455);
#1450 = TOROIDAL_SURFACE('',#1451,300.,44.);
#1451 = AXIS2_PLACEMENT_3D('',#1452,#1453,#1454);
#1452 = CARTESIAN_POINT('',(2.6E+03,0.,0.));
#1453 = DIRECTION('',(1.,-2.144786184852E-16,5.746937261686E-17));
#1454 = DIRECTION('',(2.22044604925E-16,0.965925826289,-0.258819045103)
  );
#1455 = DEFINITIONAL_REPRESENTATION('',(#1456),#1460);
#1456 = LINE('',#1457,#1458);
#1457 = CARTESIAN_POINT('',(0.,6.28318530718));
#1458 = VECTOR('',#1459,1.);
#1459 = DIRECTION('',(1.,0.));
#1460 = ( GEOMETRIC_REPRESENTATION_CONTEXT(2) 
PARAMETRIC_REPRESENTATION_CONTEXT() REPRESENTATION_CONTEXT('2D SPACE',''
  ) );
#1461 = PCURVE('',#1450,#1462);
#1462 = DEFINITIONAL_REPRESENTATION('',(#1463),#1467);
#1463 = LINE('',#1464,#1465);
#1464 = CARTESIAN_POINT('',(0.,0.));
#1465 = VECTOR('',#1466,1.);
#1466 = DIRECTION('',(1.,0.));
#1467 = ( GEOMETRIC_REPRESENTATION_CONTEXT(2) 
PARAMETRIC_REPRESENTATION_CONTEXT() REPRESENTATION_CONTEXT('2D SPACE',''
  ) );
#1468 = ORIENTED_EDGE('',*,*,#1469,.F.);
#1469 = EDGE_CURVE('',#1441,#1441,#1470,.T.);
#1470 = SEAM_CURVE('',#1471,(#1476,#1483),.PCURVE_S1.);
#1471 = CIRCLE('',#1472,44.);
#1472 = AXIS2_PLACEMENT_3D('',#1473,#1474,#1475);
#1473 = CARTESIAN_POINT('',(2.6E+03,289.77774788672,-77.64571353075));
#1474 = DIRECTION('',(-6.162975822039E-32,-0.258819045103,
    -0.965925826289));
#1475 = DIRECTION('',(2.22044604925E-16,0.965925826289,-0.258819045103)
  );
#1476 = PCURVE('',#1450,#1477);
#1477 = DEFINITIONAL_REPRESENTATION('',(#1478),#1482);
#1478 = LINE('',#1479,#1480);
#1479 = CARTESIAN_POINT('',(6.28318530718,-0.));
#1480 = VECTOR('',#1481,1.);
#1481 = DIRECTION('',(0.,1.));
#1482 = ( GEOMETRIC_REPRESENTATION_CONTEXT(2) 
PARAMETRIC_REPRESENTATION_CONTEXT() REPRESENTATION_CONTEXT('2D SPACE',''
  ) );
#1483 = PCURVE('',#1450,#1484);
#1484 = DEFINITIONAL_REPRESENTATION('',(#1485),#1489);
#1485 = LINE('',#1486,#1487);
#1486 = CARTESIAN_POINT('',(0.,-0.));
#1487 = VECTOR('',#1488,1.);
#1488 = DIRECTION('',(0.,1.));
#1489 = ( GEOMETRIC_REPRESENTATION_CONTEXT(2) 
PARAMETRIC_REPRESENTATION_CONTEXT() REPRESENTATION_CONTEXT('2D SPACE',''
  ) );
#1490 = ORIENTED_EDGE('',*,*,#1440,.T.);
#1491 = ORIENTED_EDGE('',*,*,#1469,.T.);
#1492 = ( GEOMETRIC_REPRESENTATION_CONTEXT(3) 
GLOBAL_UNCERTAINTY_ASSIGNED_CONTEXT((#1496)) 
GLOBAL_UNIT_ASSIGNED_CONTEXT((#1493,#1494,#1495)) REPRESENTATION_CONTEXT
('Context #1','3D Context with UNIT and UNCERTAINTY') );
#1493 = ( LENGTH_UNIT() NAMED_UNIT(*) SI_UNIT($,.METRE.) );
#1494 = ( NAMED_UNIT(*) PLANE_ANGLE_UNIT() SI_UNIT($,.RADIAN.) );
#1495 = ( NAMED_UNIT(*) SI_UNIT($,.STERADIAN.) SOLID_ANGLE_UNIT() );
#1496 = UNCERTAINTY_MEASURE_WITH_UNIT(LENGTH_MEASURE(1.E-07),#1493,
  'distance_accuracy_value','confusion accuracy');
#1497 = PRODUCT_RELATED_PRODUCT_CATEGORY('part',$,(#1372));
#1498 = SHAPE_DEFINITION_REPRESENTATION(#1499,#1505);
#1499 = PRODUCT_DEFINITION_SHAPE('','',#1500);
#1500 = PRODUCT_DEFINITION('design','',#1501,#1504);
#1501 = PRODUCT_DEFINITION_FORMATION('','',#1502);
#1502 = PRODUCT('TF_06','TF_06','',(#1503));
#1503 = PRODUCT_CONTEXT('',#2,'mechanical');
#1504 = PRODUCT_DEFINITION_CONTEXT('part definition',#2,'design');
#1505 = ADVANCED_BREP_SHAPE_REPRESENTATION('',(#11,#1506),#1622);
#1506 = BREP_WITH_VOIDS('',#1507,(#1564));
#1507 = CLOSED_SHELL('',(#1508));
#1508 = ADVANCED_FACE('',(#1509),#1522,.T.);
#1509 = FACE_BOUND('',#1510,.T.);
#1510 = EDGE_LOOP('',(#1511,#1540,#1562,#1563));
#1511 = ORIENTED_EDGE('',*,*,#1512,.F.);
#1512 = EDGE_CURVE('',#1513,#1513,#1515,.T.);
#1513 = VERTEX_POINT('',#1514);
#1514 = CARTESIAN_POINT('',(2.6E+03,360.,-8.238511765598E-15));
#1515 = SEAM_CURVE('',#1516,(#1521,#1533),.PCURVE_S1.);
#1516 = CIRCLE('',#1517,360.);
#1517 = AXIS2_PLACEMENT_3D('',#1518,#1519,#1520);
#1518 = CARTESIAN_POINT('',(2.6E+03,3.263114576273E-30,
    7.245569869135E-46));
#1519 = DIRECTION('',(1.,-2.22044604925E-16,-4.930380657631E-32));
#1520 = DIRECTION('',(2.22044604925E-16,1.,2.22044604925E-16));
#1521 = PCURVE('',#1522,#1527);
#1522 = TOROIDAL_SURFACE('',#1523,300.,60.);
#1523 = AXIS2_PLACEMENT_3D('',#1524,#1525,#1526);
#1524 = CARTESIAN_POINT('',(2.6E+03,0.,0.));
#1525 = DIRECTION('',(1.,-2.22044604925E-16,-4.930380657631E-32));
#1526 = DIRECTION('',(2.22044604925E-16,1.,2.22044604925E-16));
#1527 = DEFINITIONAL_REPRESENTATION('',(#1528),#1532);
#1528 = LINE('',#1529,#1530);
#1529 = CARTESIAN_POINT('',(0.,6.28318530718));
#1530 = VECTOR('',#1531,1.);
#1531 = DIRECTION('',(1.,0.));
#1532 = ( GEOMETRIC_REPRESENTATION_CONTEXT(2) 
PARAMETRIC_REPRESENTATION_CONTEXT() REPRESENTATION_CONTEXT('2D SPACE',''
  ) );
#1533 = PCURVE('',#1522,#1534);
#1534 = DEFINITIONAL_REPRESENTATION('',(#1535),#1539);
#1535 = LINE('',#1536,#1537);
#1536 = CARTESIAN_POINT('',(0.,0.));
#1537 = VECTOR('',#1538,1.);
#1538 = DIRECTION('',(1.,0.));
#1539 = ( GEOMETRIC_REPRESENTATION_CONTEXT(2) 
PARAMETRIC_REPRESENTATION_CONTEXT() REPRESENTATION_CONTEXT('2D SPACE',''
  ) );
#1540 = ORIENTED_EDGE('',*,*,#1541,.F.);
#1541 = EDGE_CURVE('',#1513,#1513,#1542,.T.);
#1542 = SEAM_CURVE('',#1543,(#1548,#1555),.PCURVE_S1.);
#1543 = CIRCLE('',#1544,60.);
#1544 = AXIS2_PLACEMENT_3D('',#1545,#1546,#1547);
#1545 = CARTESIAN_POINT('',(2.6E+03,300.,-6.865426471332E-15));
#1546 = DIRECTION('',(-5.438524293788E-32,-2.288475490444E-17,-1.));
#1547 = DIRECTION('',(2.22044604925E-16,1.,-2.288475490444E-17));
#1548 = PCURVE('',#1522,#1549);
#1549 = DEFINITIONAL_REPRESENTATION('',(#1550),#1554);
#1550 = LINE('',#1551,#1552);
#1551 = CARTESIAN_POINT('',(6.28318530718,-0.));
#1552 = VECTOR('',#1553,1.);
#1553 = DIRECTION('',(0.,1.));
#1554 = ( GEOMETRIC_REPRESENTATION_CONTEXT(2) 
PARAMETRIC_REPRESENTATION_CONTEXT() REPRESENTATION_CONTEXT('2D SPACE',''
  ) );
#1555 = PCURVE('',#1522,#1556);
#1556 = DEFINITIONAL_REPRESENTATION('',(#1557),#1561);
#1557 = LINE('',#1558,#1559);
#1558 = CARTESIAN_POINT('',(0.,-0.));
#1559 = VECTOR('',#1560,1.);
#1560 = DIRECTION('',(0.,1.));
#1561 = ( GEOMETRIC_REPRESENTATION_CONTEXT(2) 
PARAMETRIC_REPRESENTATION_CONTEXT() REPRESENTATION_CONTEXT('2D SPACE',''
  ) );
#1562 = ORIENTED_EDGE('',*,*,#1512,.T.);
#1563 = ORIENTED_EDGE('',*,*,#1541,.T.);
#1564 = ORIENTED_CLOSED_SHELL('',*,#1565,.F.);
#1565 = CLOSED_SHELL('',(#1566));
#1566 = ADVANCED_FACE('',(#1567),#1580,.T.);
#1567 = FACE_BOUND('',#1568,.T.);
#1568 = EDGE_LOOP('',(#1569,#1598,#1620,#1621));
#1569 = ORIENTED_EDGE('',*,*,#1570,.F.);
#1570 = EDGE_CURVE('',#1571,#1571,#1573,.T.);
#1571 = VERTEX_POINT('',#1572);
#1572 = CARTESIAN_POINT('',(2.6E+03,344.,-7.872355687127E-15));
#1573 = SEAM_CURVE('',#1574,(#1579,#1591),.PCURVE_S1.);
#1574 = CIRCLE('',#1575,344.);
#1575 = AXIS2_PLACEMENT_3D('',#1576,#1577,#1578);
#1576 = CARTESIAN_POINT('',(2.6E+03,2.392950689267E-30,
    5.313417904033E-46));
#1577 = DIRECTION('',(1.,-2.22044604925E-16,-4.930380657631E-32));
#1578 = DIRECTION('',(2.22044604925E-16,1.,2.22044604925E-16));
#1579 = PCURVE('',#1580,#1585);
#1580 = TOROIDAL_SURFACE('',#1581,300.,44.);
#1581 = AXIS2_PLACEMENT_3D('',#1582,#1583,#1584);
#1582 = CARTESIAN_POINT('',(2.6E+03,0.,0.));
#1583 = DIRECTION('',(1.,-2.22044604925E-16,-4.930380657631E-32));
#1584 = DIRECTION('',(2.22044604925E-16,1.,2.22044604925E-16));
#1585 = DEFINITIONAL_REPRESENTATION('',(#1586),#1590);
#1586 = LINE('',#1587,#1588);
#1587 = CARTESIAN_POINT('',(0.,6.28318530718));
#1588 = VECTOR('',#1589,1.);
#1589 = DIRECTION('',(1.,0.));
#1590 = ( GEOMETRIC_REPRESENTATION_CONTEXT(2) 
PARAMETRIC_REPRESENTATION_CONTEXT() REPRESENTATION_CONTEXT('2D SPACE',''
  ) );
#1591 = PCURVE('',#1580,#1592);
#1592 = DEFINITIONAL_REPRESENTATION('',(#1593),#1597);
#1593 = LINE('',#1594,#1595);
#1594 = CARTESIAN_POINT('',(0.,0.));
#1595 = VECTOR('',#1596,1.);
#1596 = DIRECTION('',(1.,0.));
#1597 = ( GEOMETRIC_REPRESENTATION_CONTEXT(2) 
PARAMETRIC_REPRESENTATION_CONTEXT() REPRESENTATION_CONTEXT('2D SPACE',''
  ) );
#1598 = ORIENTED_EDGE('',*,*,#1599,.F.);
#1599 = EDGE_CURVE('',#1571,#1571,#1600,.T.);
#1600 = SEAM_CURVE('',#1601,(#1606,#1613),.PCURVE_S1.);
#1601 = CIRCLE('',#1602,44.);
#1602 = AXIS2_PLACEMENT_3D('',#1603,#1604,#1605);
#1603 = CARTESIAN_POINT('',(2.6E+03,300.,-6.865426471332E-15));
#1604 = DIRECTION('',(-5.438524293788E-32,-2.288475490444E-17,-1.));
#1605 = DIRECTION('',(2.22044604925E-16,1.,-2.288475490444E-17));
#1606 = PCURVE('',#1580,#1607);
#1607 = DEFINITIONAL_REPRESENTATION('',(#1608),#1612);
#1608 = LINE('',#1609,#1610);
#1609 = CARTESIAN_POINT('',(6.28318530718,-0.));
#1610 = VECTOR('',#1611,1.);
#1611 = DIRECTION('',(0.,1.));
#1612 = ( GEOMETRIC_REPRESENTATION_CONTEXT(2) 
PARAMETRIC_REPRESENTATION_CONTEXT() REPRESENTATION_CONTEXT('2D SPACE',''
  ) );
#1613 = PCURVE('',#1580,#1614);
#1614 = DEFINITIONAL_REPRESENTATION('',(#1615),#1619);
#1615 = LINE('',#1616,#1617);
#1616 = CARTESIAN_POINT('',(0.,-0.));
#1617 = VECTOR('',#1618,1.);
#1618 = DIRECTION('',(0.,1.));
#1619 = ( GEOMETRIC_REPRESENTATION_CONTEXT(2) 
PARAMETRIC_REPRESENTATION_CONTEXT() REPRESENTATION_CONTEXT('2D SPACE',''
  ) );
#1620 = ORIENTED_EDGE('',*,*,#1570,.T.);
#1621 = ORIENTED_EDGE('',*,*,#1599,.T.);
#1622 = ( GEOMETRIC_REPRESENTATION_CONTEXT(3) 
GLOBAL_UNCERTAINTY_ASSIGNED_CONTEXT((#1626)) 
GLOBAL_UNIT_ASSIGNED_CONTEXT((#1623,#1624,#1625)) REPRESENTATION_CONTEXT
('Context #1','3D Context with UNIT and UNCERTAINTY') );
#1623 = ( LENGTH_UNIT() NAMED_UNIT(*) SI_UNIT($,.METRE.) );
#1624 = ( NAMED_UNIT(*) PLANE_ANGLE_UNIT() SI_UNIT($,.RADIAN.) );
#1625 = ( NAMED_UNIT(*) SI_UNIT($,.STERADIAN.) SOLID_ANGLE_UNIT() );
#1626 = UNCERTAINTY_MEASURE_WITH_UNIT(LENGTH_MEASURE(1.E-07),#1623,
  'distance_accuracy_value','confusion accuracy');
#1627 = PRODUCT_RELATED_PRODUCT_CATEGORY('part',$,(#1502));
#1628 = SHAPE_DEFINITION_REPRESENTATION(#1629,#1635);
#1629 = PRODUCT_DEFINITION_SHAPE('','',#1630);
#1630 = PRODUCT_DEFINITION('design','',#1631,#1634);
#1631 = PRODUCT_DEFINITION_FORMATION('','',#1632);
#1632 = PRODUCT('TFi_06','TFi_06','',(#1633));
#1633 = PRODUCT_CONTEXT('',#2,'mechanical');
#1634 = PRODUCT_DEFINITION_CONTEXT('part definition',#2,'design');
#1635 = ADVANCED_BREP_SHAPE_REPRESENTATION('',(#11,#1636),#1694);
#1636 = MANIFOLD_SOLID_BREP('',#1637);
#1637 = CLOSED_SHELL('',(#1638));
#1638 = ADVANCED_FACE('',(#1639),#1652,.T.);
#1639 = FACE_BOUND('',#1640,.T.);
#1640 = EDGE_LOOP('',(#1641,#1670,#1692,#1693));
#1641 = ORIENTED_EDGE('',*,*,#1642,.F.);
#1642 = EDGE_CURVE('',#1643,#1643,#1645,.T.);
#1643 = VERTEX_POINT('',#1644);
#1644 = CARTESIAN_POINT('',(2.6E+03,-8.425569978134E-14,-344.));
#1645 = SEAM_CURVE('',#1646,(#1651,#1663),.PCURVE_S1.);
#1646 = CIRCLE('',#1647,344.);
#1647 = AXIS2_PLACEMENT_3D('',#1648,#1649,#1650);
#1648 = CARTESIAN_POINT('',(2.6E+03,0.,-2.392950689267E-30));
#1649 = DIRECTION('',(1.,-0.,2.22044604925E-16));
#1650 = DIRECTION('',(2.22044604925E-16,0.,-1.));
#1651 = PCURVE('',#1652,#1657);
#1652 = TOROIDAL_SURFACE('',#1653,300.,44.);
#1653 = AXIS2_PLACEMENT_3D('',#1654,#1655,#1656);
#1654 = CARTESIAN_POINT('',(2.6E+03,0.,0.));
#1655 = DIRECTION('',(1.,0.,2.22044604925E-16));
#1656 = DIRECTION('',(2.22044604925E-16,0.,-1.));
#1657 = DEFINITIONAL_REPRESENTATION('',(#1658),#1662);
#1658 = LINE('',#1659,#1660);
#1659 = CARTESIAN_POINT('',(0.,6.28318530718));
#1660 = VECTOR('',#1661,1.);
#1661 = DIRECTION('',(1.,0.));
#1662 = ( GEOMETRIC_REPRESENTATION_CONTEXT(2) 
PARAMETRIC_REPRESENTATION_CONTEXT() REPRESENTATION_CONTEXT('2D SPACE',''
  ) );
#1663 = PCURVE('',#1652,#1664);
#1664 = DEFINITIONAL_REPRESENTATION('',(#1665),#1669);
#1665 = LINE('',#1666,#1667);
#1666 = CARTESIAN_POINT('',(0.,0.));
#1667 = VECTOR('',#1668,1.);
#1668 = DIRECTION('',(1.,0.));
#1669 = ( GEOMETRIC_REPRESENTATION_CONTEXT(2) 
PARAMETRIC_REPRESENTATION_CONTEXT() REPRESENTATION_CONTEXT('2D SPACE',''
  ) );
#1670 = ORIENTED_EDGE('',*,*,#1671,.F.);
#1671 = EDGE_CURVE('',#1643,#1643,#1672,.T.);
#1672 = SEAM_CURVE('',#1673,(#1678,#1685),.PCURVE_S1.);
#1673 = CIRCLE('',#1674,44.);
#1674 = AXIS2_PLACEMENT_3D('',#1675,#1676,#1677);
#1675 = CARTESIAN_POINT('',(2.6E+03,-7.347880794884E-14,-300.));
#1676 = DIRECTION('',(-5.438524293788E-32,-1.,2.449293598295E-16));
#1677 = DIRECTION('',(2.22044604925E-16,-2.449293598295E-16,-1.));
#1678 = PCURVE('',#1652,#1679);
#1679 = DEFINITIONAL_REPRESENTATION('',(#1680),#1684);
#1680 = LINE('',#1681,#1682);
#1681 = CARTESIAN_POINT('',(6.28318530718,-0.));
#1682 = VECTOR('',#1683,1.);
#1683 = DIRECTION('',(0.,1.));
#1684 = ( GEOMETRIC_REPRESENTATION_CONTEXT(2) 
PARAMETRIC_REPRESENTATION_CONTEXT() REPRESENTATION_CONTEXT('2D SPACE',''
  ) );
#1685 = PCURVE('',#1652,#1686);
#1686 = DEFINITIONAL_REPRESENTATION('',(#1687),#1691);
#1687 = LINE('',#1688,#1689);
#1688 = CARTESIAN_POINT('',(0.,-0.));
#1689 = VECTOR('',#1690,1.);
#1690 = DIRECTION('',(0.,1.));
#1691 = ( GEOMETRIC_REPRESENTATION_CONTEXT(2) 
PARAMETRIC_REPRESENTATION_CONTEXT() REPRESENTATION_CONTEXT('2D SPACE',''
  ) );
#1692 = ORIENTED_EDGE('',*,*,#1642,.T.);
#1693 = ORIENTED_EDGE('',*,*,#1671,.T.);
#1694 = ( GEOMETRIC_REPRESENTATION_CONTEXT(3) 
GLOBAL_UNCERTAINTY_ASSIGNED_CONTEXT((#1698)) 
GLOBAL_UNIT_ASSIGNED_CONTEXT((#1695,#1696,#1697)) REPRESENTATION_CONTEXT
('Context #1','3D Context with UNIT and UNCERTAINTY') );
#1695 = ( LENGTH_UNIT() NAMED_UNIT(*) SI_UNIT($,.METRE.) );
#1696 = ( NAMED_UNIT(*) PLANE_ANGLE_UNIT() SI_UNIT($,.RADIAN.) );
#1697 = ( NAMED_UNIT(*) SI_UNIT($,.STERADIAN.) SOLID_ANGLE_UNIT() );
#1698 = UNCERTAINTY_MEASURE_WITH_UNIT(LENGTH_MEASURE(1.E-07),#1695,
  'distance_accuracy_value','confusion accuracy');
#1699 = PRODUCT_RELATED_PRODUCT_CATEGORY('part',$,(#1632));
#1700 = SHAPE_DEFINITION_REPRESENTATION(#1701,#1707);
#1701 = PRODUCT_DEFINITION_SHAPE('','',#1702);
#1702 = PRODUCT_DEFINITION('design','',#1703,#1706);
#1703 = PRODUCT_DEFINITION_FORMATION('','',#1704);
#1704 = PRODUCT('TF_07','TF_07','',(#1705));
#1705 = PRODUCT_CONTEXT('',#2,'mechanical');
#1706 = PRODUCT_DEFINITION_CONTEXT('part definition',#2,'design');
#1707 = ADVANCED_BREP_SHAPE_REPRESENTATION('',(#11,#1708),#1824);
#1708 = BREP_WITH_VOIDS('',#1709,(#1766));
#1709 = CLOSED_SHELL('',(#1710));
#1710 = ADVANCED_FACE('',(#1711),#1724,.T.);
#1711 = FACE_BOUND('',#1712,.T.);
#1712 = EDGE_LOOP('',(#1713,#1742,#1764,#1765));
#1713 = ORIENTED_EDGE('',*,*,#1714,.F.);
#1714 = EDGE_CURVE('',#1715,#1715,#1717,.T.);
#1715 = VERTEX_POINT('',#1716);
#1716 = CARTESIAN_POINT('',(2.6E+03,347.73329746406,93.174856236907));
#1717 = SEAM_CURVE('',#1718,(#1723,#1735),.PCURVE_S1.);
#1718 = CIRCLE('',#1719,360.);
#1719 = AXIS2_PLACEMENT_3D('',#1720,#1721,#1722);
#1720 = CARTESIAN_POINT('',(2.6E+03,3.151926643362E-30,8.44556198691E-31
    ));
#1721 = DIRECTION('',(1.,-2.144786184852E-16,-5.746937261686E-17));
#1722 = DIRECTION('',(2.22044604925E-16,0.965925826289,0.258819045103));
#1723 = PCURVE('',#1724,#1729);
#1724 = TOROIDAL_SURFACE('',#1725,300.,60.);
#1725 = AXIS2_PLACEMENT_3D('',#1726,#1727,#1728);
#1726 = CARTESIAN_POINT('',(2.6E+03,0.,0.));
#1727 = DIRECTION('',(1.,-2.144786184852E-16,-5.746937261686E-17));
#1728 = DIRECTION('',(2.22044604925E-16,0.965925826289,0.258819045103));
#1729 = DEFINITIONAL_REPRESENTATION('',(#1730),#1734);
#1730 = LINE('',#1731,#1732);
#1731 = CARTESIAN_POINT('',(0.,6.28318530718));
#1732 = VECTOR('',#1733,1.);
#1733 = DIRECTION('',(1.,0.));
#1734 = ( GEOMETRIC_REPRESENTATION_CONTEXT(2) 
PARAMETRIC_REPRESENTATION_CONTEXT() REPRESENTATION_CONTEXT('2D SPACE',''
  ) );
#1735 = PCURVE('',#1724,#1736);
#1736 = DEFINITIONAL_REPRESENTATION('',(#1737),#1741);
#1737 = LINE('',#1738,#1739);
#1738 = CARTESIAN_POINT('',(0.,0.));
#1739 = VECTOR('',#1740,1.);
#1740 = DIRECTION('',(1.,0.));
#1741 = ( GEOMETRIC_REPRESENTATION_CONTEXT(2) 
PARAMETRIC_REPRESENTATION_CONTEXT() REPRESENTATION_CONTEXT('2D SPACE',''
  ) );
#1742 = ORIENTED_EDGE('',*,*,#1743,.F.);
#1743 = EDGE_CURVE('',#1715,#1715,#1744,.T.);
#1744 = SEAM_CURVE('',#1745,(#1750,#1757),.PCURVE_S1.);
#1745 = CIRCLE('',#1746,60.);
#1746 = AXIS2_PLACEMENT_3D('',#1747,#1748,#1749);
#1747 = CARTESIAN_POINT('',(2.6E+03,289.77774788672,77.645713530756));
#1748 = DIRECTION('',(-4.930380657631E-32,0.258819045103,-0.965925826289
    ));
#1749 = DIRECTION('',(2.22044604925E-16,0.965925826289,0.258819045103));
#1750 = PCURVE('',#1724,#1751);
#1751 = DEFINITIONAL_REPRESENTATION('',(#1752),#1756);
#1752 = LINE('',#1753,#1754);
#1753 = CARTESIAN_POINT('',(6.28318530718,-0.));
#1754 = VECTOR('',#1755,1.);
#1755 = DIRECTION('',(0.,1.));
#1756 = ( GEOMETRIC_REPRESENTATION_CONTEXT(2) 
PARAMETRIC_REPRESENTATION_CONTEXT() REPRESENTATION_CONTEXT('2D SPACE',''
  ) );
#1757 = PCURVE('',#1724,#1758);
#1758 = DEFINITIONAL_REPRESENTATION('',(#1759),#1763);
#1759 = LINE('',#1760,#1761);
#1760 = CARTESIAN_POINT('',(0.,-0.));
#1761 = VECTOR('',#1762,1.);
#1762 = DIRECTION('',(0.,1.));
#1763 = ( GEOMETRIC_REPRESENTATION_CONTEXT(2) 
PARAMETRIC_REPRESENTATION_CONTEXT() REPRESENTATION_CONTEXT('2D SPACE',''
  ) );
#1764 = ORIENTED_EDGE('',*,*,#1714,.T.);
#1765 = ORIENTED_EDGE('',*,*,#1743,.T.);
#1766 = ORIENTED_CLOSED_SHELL('',*,#1767,.F.);
#1767 = CLOSED_SHELL('',(#1768));
#1768 = ADVANCED_FACE('',(#1769),#1782,.T.);
#1769 = FACE_BOUND('',#1770,.T.);
#1770 = EDGE_LOOP('',(#1771,#1800,#1822,#1823));
#1771 = ORIENTED_EDGE('',*,*,#1772,.F.);
#1772 = EDGE_CURVE('',#1773,#1773,#1775,.T.);
#1773 = VERTEX_POINT('',#1774);
#1774 = CARTESIAN_POINT('',(2.6E+03,332.27848424343,89.033751515267));
#1775 = SEAM_CURVE('',#1776,(#1781,#1793),.PCURVE_S1.);
#1776 = CIRCLE('',#1777,344.);
#1777 = AXIS2_PLACEMENT_3D('',#1778,#1779,#1780);
#1778 = CARTESIAN_POINT('',(2.6E+03,2.311412871799E-30,
    6.193412123734E-31));
#1779 = DIRECTION('',(1.,-2.144786184852E-16,-5.746937261686E-17));
#1780 = DIRECTION('',(2.22044604925E-16,0.965925826289,0.258819045103));
#1781 = PCURVE('',#1782,#1787);
#1782 = TOROIDAL_SURFACE('',#1783,300.,44.);
#1783 = AXIS2_PLACEMENT_3D('',#1784,#1785,#1786);
#1784 = CARTESIAN_POINT('',(2.6E+03,0.,0.));
#1785 = DIRECTION('',(1.,-2.144786184852E-16,-5.746937261686E-17));
#1786 = DIRECTION('',(2.22044604925E-16,0.965925826289,0.258819045103));
#1787 = DEFINITIONAL_REPRESENTATION('',(#1788),#1792);
#1788 = LINE('',#1789,#1790);
#1789 = CARTESIAN_POINT('',(0.,6.28318530718));
#1790 = VECTOR('',#1791,1.);
#1791 = DIRECTION('',(1.,0.));
#1792 = ( GEOMETRIC_REPRESENTATION_CONTEXT(2) 
PARAMETRIC_REPRESENTATION_CONTEXT() REPRESENTATION_CONTEXT('2D SPACE',''
  ) );
#1793 = PCURVE('',#1782,#1794);
#1794 = DEFINITIONAL_REPRESENTATION('',(#1795),#1799);
#1795 = LINE('',#1796,#1797);
#1796 = CARTESIAN_POINT('',(0.,0.));
#1797 = VECTOR('',#1798,1.);
#1798 = DIRECTION('',(1.,0.));
#1799 = ( GEOMETRIC_REPRESENTATION_CONTEXT(2) 
PARAMETRIC_REPRESENTATION_CONTEXT() REPRESENTATION_CONTEXT('2D SPACE',''
  ) );
#1800 = ORIENTED_EDGE('',*,*,#1801,.F.);
#1801 = EDGE_CURVE('',#1773,#1773,#1802,.T.);
#1802 = SEAM_CURVE('',#1803,(#1808,#1815),.PCURVE_S1.);
#1803 = CIRCLE('',#1804,44.);
#1804 = AXIS2_PLACEMENT_3D('',#1805,#1806,#1807);
#1805 = CARTESIAN_POINT('',(2.6E+03,289.77774788672,77.645713530756));
#1806 = DIRECTION('',(-4.930380657631E-32,0.258819045103,-0.965925826289
    ));
#1807 = DIRECTION('',(2.22044604925E-16,0.965925826289,0.258819045103));
#1808 = PCURVE('',#1782,#1809);
#1809 = DEFINITIONAL_REPRESENTATION('',(#1810),#1814);
#1810 = LINE('',#1811,#1812);
#1811 = CARTESIAN_POINT('',(6.28318530718,-0.));
#1812 = VECTOR('',#1813,1.);
#1813 = DIRECTION('',(0.,1.));
#1814 = ( GEOMETRIC_REPRESENTATION_CONTEXT(2) 
PARAMETRIC_REPRESENTATION_CONTEXT() REPRESENTATION_CONTEXT('2D SPACE',''
  ) );
#1815 = PCURVE('',#1782,#1816);
#1816 = DEFINITIONAL_REPRESENTATION('',(#1817),#1821);
#1817 = LINE('',#1818,#1819);
#1818 = CARTESIAN_POINT('',(0.,-0.));
#1819 = VECTOR('',#1820,1.);
#1820 = DIRECTION('',(0.,1.));
#1821 = ( GEOMETRIC_REPRESENTATION_CONTEXT(2) 
PARAMETRIC_REPRESENTATION_CONTEXT() REPRESENTATION_CONTEXT('2D SPACE',''
  ) );
#1822 = ORIENTED_EDGE('',*,*,#1772,.T.);
#1823 = ORIENTED_EDGE('',*,*,#1801,.T.);
#1824 = ( GEOMETRIC_REPRESENTATION_CONTEXT(3) 
GLOBAL_UNCERTAINTY_ASSIGNED_CONTEXT((#1828)) 
GLOBAL_UNIT_ASSIGNED_CONTEXT((#1825,#1826,#1827)) REPRESENTATION_CONTEXT
('Context #1','3D Context with UNIT and UNCERTAINTY') );
#1825 = ( LENGTH_UNIT() NAMED_UNIT(*) SI_UNIT($,.METRE.) );
#1826 = ( NAMED_UNIT(*) PLANE_ANGLE_UNIT() SI_UNIT($,.RADIAN.) );
#1827 = ( NAMED_UNIT(*) SI_UNIT($,.STERADIAN.) SOLID_ANGLE_UNIT() );
#1828 = UNCERTAINTY_MEASURE_WITH_UNIT(LENGTH_MEASURE(1.E-07),#1825,
  'distance_accuracy_value','confusion accuracy');
#1829 = PRODUCT_RELATED_PRODUCT_CATEGORY('part',$,(#1704));
#1830 = SHAPE_DEFINITION_REPRESENTATION(#1831,#1837);
#1831 = PRODUCT_DEFINITION_SHAPE('','',#1832);
#1832 = PRODUCT_DEFINITION('design','',#1833,#1836);
#1833 = PRODUCT_DEFINITION_FORMATION('','',#1834);
#1834 = PRODUCT('TFo_08','TFo_08','',(#1835));
#1835 = PRODUCT_CONTEXT('',#2,'mechanical');
#1836 = PRODUCT_DEFINITION_CONTEXT('part definition',#2,'design');
#1837 = ADVANCED_BREP_SHAPE_REPRESENTATION('',(#11,#1838),#1896);
#1838 = MANIFOLD_SOLID_BREP('',#1839);
#1839 = CLOSED_SHELL('',(#1840));
#1840 = ADVANCED_FACE('',(#1841),#1854,.T.);
#1841 = FACE_BOUND('',#1842,.T.);
#1842 = EDGE_LOOP('',(#1843,#1872,#1894,#1895));
#1843 = ORIENTED_EDGE('',*,*,#1844,.F.);
#1844 = EDGE_CURVE('',#1845,#1845,#1847,.T.);
#1845 = VERTEX_POINT('',#1846);
#1846 = CARTESIAN_POINT('',(2.6E+03,-8.817456953861E-14,-360.));
#1847 = SEAM_CURVE('',#1848,(#1853,#1865),.PCURVE_S1.);
#1848 = CIRCLE('',#1849,360.);
#1849 = AXIS2_PLACEMENT_3D('',#1850,#1851,#1852);
#1850 = CARTESIAN_POINT('',(2.6E+03,0.,-3.263114576273E-30));
#1851 = DIRECTION('',(1.,-0.,2.22044604925E-16));
#1852 = DIRECTION('',(2.22044604925E-16,0.,-1.));
#1853 = PCURVE('',#1854,#1859);
#1854 = TOROIDAL_SURFACE('',#1855,300.,60.);
#1855 = AXIS2_PLACEMENT_3D('',#1856,#1857,#1858);
#1856 = CARTESIAN_POINT('',(2.6E+03,0.,0.));
#1857 = DIRECTION('',(1.,0.,2.22044604925E-16));
#1858 = DIRECTION('',(2.22044604925E-16,0.,-1.));
#1859 = DEFINITIONAL_REPRESENTATION('',(#1860),#1864);
#1860 = LINE('',#1861,#1862);
#1861 = CARTESIAN_POINT('',(0.,6.28318530718));
#1862 = VECTOR('',#1863,1.);
#1863 = DIRECTION('',(1.,0.));
#1864 = ( GEOMETRIC_REPRESENTATION_CONTEXT(2) 
PARAMETRIC_REPRESENTATION_CONTEXT() REPRESENTATION_CONTEXT('2D SPACE',''
  ) );
#1865 = PCURVE('',#1854,#1866);
#1866 = DEFINITIONAL_REPRESENTATION('',(#1867),#1871);
#1867 = LINE('',#1868,#1869);
#1868 = CARTESIAN_POINT('',(0.,0.));
#1869 = VECTOR('',#1870,1.);
#1870 = DIRECTION('',(1.,0.));
#1871 = ( GEOMETRIC_REPRESENTATION_CONTEXT(2) 
PARAMETRIC_REPRESENTATION_CONTEXT() REPRESENTATION_CONTEXT('2D SPACE',''
  ) );
#1872 = ORIENTED_EDGE('',*,*,#1873,.F.);
#1873 = EDGE_CURVE('',#1845,#1845,#1874,.T.);
#1874 = SEAM_CURVE('',#1875,(#1880,#1887),.PCURVE_S1.);
#1875 = CIRCLE('',#1876,60.);
#1876 = AXIS2_PLACEMENT_3D('',#1877,#1878,#1879);
#1877 = CARTESIAN_POINT('',(2.6E+03,-7.347880794884E-14,-300.));
#1878 = DIRECTION('',(-5.438524293788E-32,-1.,2.449293598295E-16));
#1879 = DIRECTION('',(2.22044604925E-16,-2.449293598295E-16,-1.));
#1880 = PCURVE('',#1854,#1881);
#1881 = DEFINITIONAL_REPRESENTATION('',(#1882),#1886);
#1882 = LINE('',#1883,#1884);
#1883 = CARTESIAN_POINT('',(6.28318530718,-0.));
#1884 = VECTOR('',#1885,1.);
#1885 = DIRECTION('',(0.,1.));
#1886 = ( GEOMETRIC_REPRESENTATION_CONTEXT(2) 
PARAMETRIC_REPRESENTATION_CONTEXT() REPRESENTATION_CONTEXT('2D SPACE',''
  ) );
#1887 = PCURVE('',#1854,#1888);
#1888 = DEFINITIONAL_REPRESENTATION('',(#1889),#1893);
#1889 = LINE('',#1890,#1891);
#1890 = CARTESIAN_POINT('',(0.,-0.));
#1891 = VECTOR('',#1892,1.);
#1892 = DIRECTION('',(0.,1.));
#1893 = ( GEOMETRIC_REPRESENTATION_CONTEXT(2) 
PARAMETRIC_REPRESENTATION_CONTEXT() REPRESENTATION_CONTEXT('2D SPACE',''
  ) );
#1894 = ORIENTED_EDGE('',*,*,#1844,.T.);
#1895 = ORIENTED_EDGE('',*,*,#1873,.T.);
#1896 = ( GEOMETRIC_REPRESENTATION_CONTEXT(3) 
GLOBAL_UNCERTAINTY_ASSIGNED_CONTEXT((#1900)) 
GLOBAL_UNIT_ASSIGNED_CONTEXT((#1897,#1898,#1899)) REPRESENTATION_CONTEXT
('Context #1','3D Context with UNIT and UNCERTAINTY') );
#1897 = ( LENGTH_UNIT() NAMED_UNIT(*) SI_UNIT($,.METRE.) );
#1898 = ( NAMED_UNIT(*) PLANE_ANGLE_UNIT() SI_UNIT($,.RADIAN.) );
#1899 = ( NAMED_UNIT(*) SI_UNIT($,.STERADIAN.) SOLID_ANGLE_UNIT() );
#1900 = UNCERTAINTY_MEASURE_WITH_UNIT(LENGTH_MEASURE(1.E-07),#1897,
  'distance_accuracy_value','confusion accuracy');
#1901 = PRODUCT_RELATED_PRODUCT_CATEGORY('part',$,(#1834));
#1902 = SHAPE_DEFINITION_REPRESENTATION(#1903,#1909);
#1903 = PRODUCT_DEFINITION_SHAPE('','',#1904);
#1904 = PRODUCT_DEFINITION('design','',#1905,#1908);
#1905 = PRODUCT_DEFINITION_FORMATION('','',#1906);
#1906 = PRODUCT('TFo_07','TFo_07','',(#1907));
#1907 = PRODUCT_CONTEXT('',#2,'mechanical');
#1908 = PRODUCT_DEFINITION_CONTEXT('part definition',#2,'design');
#1909 = ADVANCED_BREP_SHAPE_REPRESENTATION('',(#11,#1910),#1968);
#1910 = MANIFOLD_SOLID_BREP('',#1911);
#1911 = CLOSED_SHELL('',(#1912));
#1912 = ADVANCED_FACE('',(#1913),#1926,.T.);
#1913 = FACE_BOUND('',#1914,.T.);
#1914 = EDGE_LOOP('',(#1915,#1944,#1966,#1967));
#1915 = ORIENTED_EDGE('',*,*,#1916,.F.);
#1916 = EDGE_CURVE('',#1917,#1917,#1919,.T.);
#1917 = VERTEX_POINT('',#1918);
#1918 = CARTESIAN_POINT('',(2.6E+03,-8.817456953861E-14,-360.));
#1919 = SEAM_CURVE('',#1920,(#1925,#1937),.PCURVE_S1.);
#1920 = CIRCLE('',#1921,360.);
#1921 = AXIS2_PLACEMENT_3D('',#1922,#1923,#1924);
#1922 = CARTESIAN_POINT('',(2.6E+03,0.,-3.263114576273E-30));
#1923 = DIRECTION('',(1.,-0.,2.22044604925E-16));
#1924 = DIRECTION('',(2.22044604925E-16,0.,-1.));
#1925 = PCURVE('',#1926,#1931);
#1926 = TOROIDAL_SURFACE('',#1927,300.,60.);
#1927 = AXIS2_PLACEMENT_3D('',#1928,#1929,#1930);
#1928 = CARTESIAN_POINT('',(2.6E+03,0.,0.));
#1929 = DIRECTION('',(1.,0.,2.22044604925E-16));
#1930 = DIRECTION('',(2.22044604925E-16,0.,-1.));
#1931 = DEFINITIONAL_REPRESENTATION('',(#1932),#1936);
#1932 = LINE('',#1933,#1934);
#1933 = CARTESIAN_POINT('',(0.,6.28318530718));
#1934 = VECTOR('',#1935,1.);
#1935 = DIRECTION('',(1.,0.));
#1936 = ( GEOMETRIC_REPRESENTATION_CONTEXT(2) 
PARAMETRIC_REPRESENTATION_CONTEXT() REPRESENTATION_CONTEXT('2D SPACE',''
  ) );
#1937 = PCURVE('',#1926,#1938);
#1938 = DEFINITIONAL_REPRESENTATION('',(#1939),#1943);
#1939 = LINE('',#1940,#1941);
#1940 = CARTESIAN_POINT('',(0.,0.));
#1941 = VECTOR('',#1942,1.);
#1942 = DIRECTION('',(1.,0.));
#1943 = ( GEOMETRIC_REPRESENTATION_CONTEXT(2) 
PARAMETRIC_REPRESENTATION_CONTEXT() REPRESENTATION_CONTEXT('2D SPACE',''
  ) );
#1944 = ORIENTED_EDGE('',*,*,#1945,.F.);
#1945 = EDGE_CURVE('',#1917,#1917,#1946,.T.);
#1946 = SEAM_CURVE('',#1947,(#1952,#1959),.PCURVE_S1.);
#1947 = CIRCLE('',#1948,60.);
#1948 = AXIS2_PLACEMENT_3D('',#1949,#1950,#1951);
#1949 = CARTESIAN_POINT('',(2.6E+03,-7.347880794884E-14,-300.));
#1950 = DIRECTION('',(-5.438524293788E-32,-1.,2.449293598295E-16));
#1951 = DIRECTION('',(2.22044604925E-16,-2.449293598295E-16,-1.));
#1952 = PCURVE('',#1926,#1953);
#1953 = DEFINITIONAL_REPRESENTATION('',(#1954),#1958);
#1954 = LINE('',#1955,#1956);
#1955 = CARTESIAN_POINT('',(6.28318530718,-0.));
#1956 = VECTOR('',#1957,1.);
#1957 = DIRECTION('',(0.,1.));
#1958 = ( GEOMETRIC_REPRESENTATION_CONTEXT(2) 
PARAMETRIC_REPRESENTATION_CONTEXT() REPRESENTATION_CONTEXT('2D SPACE',''
  ) );
#1959 = PCURVE('',#1926,#1960);
#1960 = DEFINITIONAL_REPRESENTATION('',(#1961),#1965);
#1961 = LINE('',#1962,#1963);
#1962 = CARTESIAN_POINT('',(0.,-0.));
#1963 = VECTOR('',#1964,1.);
#1964 = DIRECTION('',(0.,1.));
#1965 = ( GEOMETRIC_REPRESENTATION_CONTEXT(2) 
PARAMETRIC_REPRESENTATION_CONTEXT() REPRESENTATION_CONTEXT('2D SPACE',''
  ) );
#1966 = ORIENTED_EDGE('',*,*,#1916,.T.);
#1967 = ORIENTED_EDGE('',*,*,#1945,.T.);
#1968 = ( GEOMETRIC_REPRESENTATION_CONTEXT(3) 
GLOBAL_UNCERTAINTY_ASSIGNED_CONTEXT((#1972)) 
GLOBAL_UNIT_ASSIGNED_CONTEXT((#1969,#1970,#1971)) REPRESENTATION_CONTEXT
('Context #1','3D Context with UNIT and UNCERTAINTY') );
#1969 = ( LENGTH_UNIT() NAMED_UNIT(*) SI_UNIT($,.METRE.) );
#1970 = ( NAMED_UNIT(*) PLANE_ANGLE_UNIT() SI_UNIT($,.RADIAN.) );
#1971 = ( NAMED_UNIT(*) SI_UNIT($,.STERADIAN.) SOLID_ANGLE_UNIT() );
#1972 = UNCERTAINTY_MEASURE_WITH_UNIT(LENGTH_MEASURE(1.E-07),#1969,
  'distance_accuracy_value','confusion accuracy');
#1973 = PRODUCT_RELATED_PRODUCT_CATEGORY('part',$,(#1906));
#1974 = SHAPE_DEFINITION_REPRESENTATION(#1975,#1981);
#1975 = PRODUCT_DEFINITION_SHAPE('','',#1976);
#1976 = PRODUCT_DEFINITION('design','',#1977,#1980);
#1977 = PRODUCT_DEFINITION_FORMATION('','',#1978);
#1978 = PRODUCT('TFi_07','TFi_07','',(#1979));
#1979 = PRODUCT_CONTEXT('',#2,'mechanical');
#1980 = PRODUCT_DEFINITION_CONTEXT('part definition',#2,'design');
#1981 = ADVANCED_BREP_SHAPE_REPRESENTATION('',(#11,#1982),#2040);
#1982 = MANIFOLD_SOLID_BREP('',#1983);
#1983 = CLOSED_SHELL('',(#1984));
#1984 = ADVANCED_FACE('',(#1985),#1998,.T.);
#1985 = FACE_BOUND('',#1986,.T.);
#1986 = EDGE_LOOP('',(#1987,#2016,#2038,#2039));
#1987 = ORIENTED_EDGE('',*,*,#1988,.F.);
#1988 = EDGE_CURVE('',#1989,#1989,#1991,.T.);
#1989 = VERTEX_POINT('',#1990);
#1990 = CARTESIAN_POINT('',(2.6E+03,-8.425569978134E-14,-344.));
#1991 = SEAM_CURVE('',#1992,(#1997,#2009),.PCURVE_S1.);
#1992 = CIRCLE('',#1993,344.);
#1993 = AXIS2_PLACEMENT_3D('',#1994,#1995,#1996);
#1994 = CARTESIAN_POINT('',(2.6E+03,0.,-2.392950689267E-30));
#1995 = DIRECTION('',(1.,-0.,2.22044604925E-16));
#1996 = DIRECTION('',(2.22044604925E-16,0.,-1.));
#1997 = PCURVE('',#1998,#2003);
#1998 = TOROIDAL_SURFACE('',#1999,300.,44.);
#1999 = AXIS2_PLACEMENT_3D('',#2000,#2001,#2002);
#2000 = CARTESIAN_POINT('',(2.6E+03,0.,0.));
#2001 = DIRECTION('',(1.,0.,2.22044604925E-16));
#2002 = DIRECTION('',(2.22044604925E-16,0.,-1.));
#2003 = DEFINITIONAL_REPRESENTATION('',(#2004),#2008);
#2004 = LINE('',#2005,#2006);
#2005 = CARTESIAN_POINT('',(0.,6.28318530718));
#2006 = VECTOR('',#2007,1.);
#2007 = DIRECTION('',(1.,0.));
#2008 = ( GEOMETRIC_REPRESENTATION_CONTEXT(2) 
PARAMETRIC_REPRESENTATION_CONTEXT() REPRESENTATION_CONTEXT('2D SPACE',''
  ) );
#2009 = PCURVE('',#1998,#2010);
#2010 = DEFINITIONAL_REPRESENTATION('',(#2011),#2015);
#2011 = LINE('',#2012,#2013);
#2012 = CARTESIAN_POINT('',(0.,0.));
#2013 = VECTOR('',#2014,1.);
#2014 = DIRECTION('',(1.,0.));
#2015 = ( GEOMETRIC_REPRESENTATION_CONTEXT(2) 
PARAMETRIC_REPRESENTATION_CONTEXT() REPRESENTATION_CONTEXT('2D SPACE',''
  ) );
#2016 = ORIENTED_EDGE('',*,*,#2017,.F.);
#2017 = EDGE_CURVE('',#1989,#1989,#2018,.T.);
#2018 = SEAM_CURVE('',#2019,(#2024,#2031),.PCURVE_S1.);
#2019 = CIRCLE('',#2020,44.);
#2020 = AXIS2_PLACEMENT_3D('',#2021,#2022,#2023);
#2021 = CARTESIAN_POINT('',(2.6E+03,-7.347880794884E-14,-300.));
#2022 = DIRECTION('',(-5.438524293788E-32,-1.,2.449293598295E-16));
#2023 = DIRECTION('',(2.22044604925E-16,-2.449293598295E-16,-1.));
#2024 = PCURVE('',#1998,#2025);
#2025 = DEFINITIONAL_REPRESENTATION('',(#2026),#2030);
#2026 = LINE('',#2027,#2028);
#2027 = CARTESIAN_POINT('',(6.28318530718,-0.));
#2028 = VECTOR('',#2029,1.);
#2029 = DIRECTION('',(0.,1.));
#2030 = ( GEOMETRIC_REPRESENTATION_CONTEXT(2) 
PARAMETRIC_REPRESENTATION_CONTEXT() REPRESENTATION_CONTEXT('2D SPACE',''
  ) );
#2031 = PCURVE('',#1998,#2032);
#2032 = DEFINITIONAL_REPRESENTATION('',(#2033),#2037);
#2033 = LINE('',#2034,#2035);
#2034 = CARTESIAN_POINT('',(0.,-0.));
#2035 = VECTOR('',#2036,1.);
#2036 = DIRECTION('',(0.,1.));
#2037 = ( GEOMETRIC_REPRESENTATION_CONTEXT(2) 
PARAMETRIC_REPRESENTATION_CONTEXT() REPRESENTATION_CONTEXT('2D SPACE',''
  ) );
#2038 = ORIENTED_EDGE('',*,*,#1988,.T.);
#2039 = ORIENTED_EDGE('',*,*,#2017,.T.);
#2040 = ( GEOMETRIC_REPRESENTATION_CONTEXT(3) 
GLOBAL_UNCERTAINTY_ASSIGNED_CONTEXT((#2044)) 
GLOBAL_UNIT_ASSIGNED_CONTEXT((#2041,#2042,#2043)) REPRESENTATION_CONTEXT
('Context #1','3D Context with UNIT and UNCERTAINTY') );
#2041 = ( LENGTH_UNIT() NAMED_UNIT(*) SI_UNIT($,.METRE.) );
#2042 = ( NAMED_UNIT(*) PLANE_ANGLE_UNIT() SI_UNIT($,.RADIAN.) );
#2043 = ( NAMED_UNIT(*) SI_UNIT($,.STERADIAN.) SOLID_ANGLE_UNIT() );
#2044 = UNCERTAINTY_MEASURE_WITH_UNIT(LENGTH_MEASURE(1.E-07),#2041,
  'distance_accuracy_value','confusion accuracy');
#2045 = PRODUCT_RELATED_PRODUCT_CATEGORY('part',$,(#1978));
#2046 = SHAPE_DEFINITION_REPRESENTATION(#2047,#2053);
#2047 = PRODUCT_DEFINITION_SHAPE('','',#2048);
#2048 = PRODUCT_DEFINITION('design','',#2049,#2052);
#2049 = PRODUCT_DEFINITION_FORMATION('','',#2050);
#2050 = PRODUCT('TFo_09','TFo_09','',(#2051));
#2051 = PRODUCT_CONTEXT('',#2,'mechanical');
#2052 = PRODUCT_DEFINITION_CONTEXT('part definition',#2,'design');
#2053 = ADVANCED_BREP_SHAPE_REPRESENTATION('',(#11,#2054),#2112);
#2054 = MANIFOLD_SOLID_BREP('',#2055);
#2055 = CLOSED_SHELL('',(#2056));
#2056 = ADVANCED_FACE('',(#2057),#2070,.T.);
#2057 = FACE_BOUND('',#2058,.T.);
#2058 = EDGE_LOOP('',(#2059,#2088,#2110,#2111));
#2059 = ORIENTED_EDGE('',*,*,#2060,.F.);
#2060 = EDGE_CURVE('',#2061,#2061,#2063,.T.);
#2061 = VERTEX_POINT('',#2062);
#2062 = CARTESIAN_POINT('',(2.6E+03,-8.817456953861E-14,-360.));
#2063 = SEAM_CURVE('',#2064,(#2069,#2081),.PCURVE_S1.);
#2064 = CIRCLE('',#2065,360.);
#2065 = AXIS2_PLACEMENT_3D('',#2066,#2067,#2068);
#2066 = CARTESIAN_POINT('',(2.6E+03,0.,-3.263114576273E-30));
#2067 = DIRECTION('',(1.,-0.,2.22044604925E-16));
#2068 = DIRECTION('',(2.22044604925E-16,0.,-1.));
#2069 = PCURVE('',#2070,#2075);
#2070 = TOROIDAL_SURFACE('',#2071,300.,60.);
#2071 = AXIS2_PLACEMENT_3D('',#2072,#2073,#2074);
#2072 = CARTESIAN_POINT('',(2.6E+03,0.,0.));
#2073 = DIRECTION('',(1.,0.,2.22044604925E-16));
#2074 = DIRECTION('',(2.22044604925E-16,0.,-1.));
#2075 = DEFINITIONAL_REPRESENTATION('',(#2076),#2080);
#2076 = LINE('',#2077,#2078);
#2077 = CARTESIAN_POINT('',(0.,6.28318530718));
#2078 = VECTOR('',#2079,1.);
#2079 = DIRECTION('',(1.,0.));
#2080 = ( GEOMETRIC_REPRESENTATION_CONTEXT(2) 
PARAMETRIC_REPRESENTATION_CONTEXT() REPRESENTATION_CONTEXT('2D SPACE',''
  ) );
#2081 = PCURVE('',#2070,#2082);
#2082 = DEFINITIONAL_REPRESENTATION('',(#2083),#2087);
#2083 = LINE('',#2084,#2085);
#2084 = CARTESIAN_POINT('',(0.,0.));
#2085 = VECTOR('',#2086,1.);
#2086 = DIRECTION('',(1.,0.));
#2087 = ( GEOMETRIC_REPRESENTATION_CONTEXT(2) 
PARAMETRIC_REPRESENTATION_CONTEXT() REPRESENTATION_CONTEXT('2D SPACE',''
  ) );
#2088 = ORIENTED_EDGE('',*,*,#2089,.F.);
#2089 = EDGE_CURVE('',#2061,#2061,#2090,.T.);
#2090 = SEAM_CURVE('',#2091,(#2096,#2103),.PCURVE_S1.);
#2091 = CIRCLE('',#2092,60.);
#2092 = AXIS2_PLACEMENT_3D('',#2093,#2094,#2095);
#2093 = CARTESIAN_POINT('',(2.6E+03,-7.347880794884E-14,-300.));
#2094 = DIRECTION('',(-5.438524293788E-32,-1.,2.449293598295E-16));
#2095 = DIRECTION('',(2.22044604925E-16,-2.449293598295E-16,-1.));
#2096 = PCURVE('',#2070,#2097);
#2097 = DEFINITIONAL_REPRESENTATION('',(#2098),#2102);
#2098 = LINE('',#2099,#2100);
#2099 = CARTESIAN_POINT('',(6.28318530718,-0.));
#2100 = VECTOR('',#2101,1.);
#2101 = DIRECTION('',(0.,1.));
#2102 = ( GEOMETRIC_REPRESENTATION_CONTEXT(2) 
PARAMETRIC_REPRESENTATION_CONTEXT() REPRESENTATION_CONTEXT('2D SPACE',''
  ) );
#2103 = PCURVE('',#2070,#2104);
#2104 = DEFINITIONAL_REPRESENTATION('',(#2105),#2109);
#2105 = LINE('',#2106,#2107);
#2106 = CARTESIAN_POINT('',(0.,-0.));
#2107 = VECTOR('',#2108,1.);
#2108 = DIRECTION('',(0.,1.));
#2109 = ( GEOMETRIC_REPRESENTATION_CONTEXT(2) 
PARAMETRIC_REPRESENTATION_CONTEXT() REPRESENTATION_CONTEXT('2D SPACE',''
  ) );
#2110 = ORIENTED_EDGE('',*,*,#2060,.T.);
#2111 = ORIENTED_EDGE('',*,*,#2089,.T.);
#2112 = ( GEOMETRIC_REPRESENTATION_CONTEXT(3) 
GLOBAL_UNCERTAINTY_ASSIGNED_CONTEXT((#2116)) 
GLOBAL_UNIT_ASSIGNED_CONTEXT((#2113,#2114,#2115)) REPRESENTATION_CONTEXT
('Context #1','3D Context with UNIT and UNCERTAINTY') );
#2113 = ( LENGTH_UNIT() NAMED_UNIT(*) SI_UNIT($,.METRE.) );
#2114 = ( NAMED_UNIT(*) PLANE_ANGLE_UNIT() SI_UNIT($,.RADIAN.) );
#2115 = ( NAMED_UNIT(*) SI_UNIT($,.STERADIAN.) SOLID_ANGLE_UNIT() );
#2116 = UNCERTAINTY_MEASURE_WITH_UNIT(LENGTH_MEASURE(1.E-07),#2113,
  'distance_accuracy_value','confusion accuracy');
#2117 = PRODUCT_RELATED_PRODUCT_CATEGORY('part',$,(#2050));
#2118 = SHAPE_DEFINITION_REPRESENTATION(#2119,#2125);
#2119 = PRODUCT_DEFINITION_SHAPE('','',#2120);
#2120 = PRODUCT_DEFINITION('design','',#2121,#2124);
#2121 = PRODUCT_DEFINITION_FORMATION('','',#2122);
#2122 = PRODUCT('TF_09','TF_09','',(#2123));
#2123 = PRODUCT_CONTEXT('',#2,'mechanical');
#2124 = PRODUCT_DEFINITION_CONTEXT('part definition',#2,'design');
#2125 = ADVANCED_BREP_SHAPE_REPRESENTATION('',(#11,#2126),#2242);
#2126 = BREP_WITH_VOIDS('',#2127,(#2184));
#2127 = CLOSED_SHELL('',(#2128));
#2128 = ADVANCED_FACE('',(#2129),#2142,.T.);
#2129 = FACE_BOUND('',#2130,.T.);
#2130 = EDGE_LOOP('',(#2131,#2160,#2182,#2183));
#2131 = ORIENTED_EDGE('',*,*,#2132,.F.);
#2132 = EDGE_CURVE('',#2133,#2133,#2135,.T.);
#2133 = VERTEX_POINT('',#2134);
#2134 = CARTESIAN_POINT('',(2.6E+03,254.55844122715,254.55844122715));
#2135 = SEAM_CURVE('',#2136,(#2141,#2153),.PCURVE_S1.);
#2136 = CIRCLE('',#2137,360.);
#2137 = AXIS2_PLACEMENT_3D('',#2138,#2139,#2140);
#2138 = CARTESIAN_POINT('',(2.6E+03,2.307370444671E-30,
    2.307370444671E-30));
#2139 = DIRECTION('',(1.,-1.570092458684E-16,-1.570092458684E-16));
#2140 = DIRECTION('',(2.22044604925E-16,0.707106781187,0.707106781187));
#2141 = PCURVE('',#2142,#2147);
#2142 = TOROIDAL_SURFACE('',#2143,300.,60.);
#2143 = AXIS2_PLACEMENT_3D('',#2144,#2145,#2146);
#2144 = CARTESIAN_POINT('',(2.6E+03,0.,0.));
#2145 = DIRECTION('',(1.,-1.570092458684E-16,-1.570092458684E-16));
#2146 = DIRECTION('',(2.22044604925E-16,0.707106781187,0.707106781187));
#2147 = DEFINITIONAL_REPRESENTATION('',(#2148),#2152);
#2148 = LINE('',#2149,#2150);
#2149 = CARTESIAN_POINT('',(0.,6.28318530718));
#2150 = VECTOR('',#2151,1.);
#2151 = DIRECTION('',(1.,0.));
#2152 = ( GEOMETRIC_REPRESENTATION_CONTEXT(2) 
PARAMETRIC_REPRESENTATION_CONTEXT() REPRESENTATION_CONTEXT('2D SPACE',''
  ) );
#2153 = PCURVE('',#2142,#2154);
#2154 = DEFINITIONAL_REPRESENTATION('',(#2155),#2159);
#2155 = LINE('',#2156,#2157);
#2156 = CARTESIAN_POINT('',(0.,0.));
#2157 = VECTOR('',#2158,1.);
#2158 = DIRECTION('',(1.,0.));
#2159 = ( GEOMETRIC_REPRESENTATION_CONTEXT(2) 
PARAMETRIC_REPRESENTATION_CONTEXT() REPRESENTATION_CONTEXT('2D SPACE',''
  ) );
#2160 = ORIENTED_EDGE('',*,*,#2161,.F.);
#2161 = EDGE_CURVE('',#2133,#2133,#2162,.T.);
#2162 = SEAM_CURVE('',#2163,(#2168,#2175),.PCURVE_S1.);
#2163 = CIRCLE('',#2164,60.);
#2164 = AXIS2_PLACEMENT_3D('',#2165,#2166,#2167);
#2165 = CARTESIAN_POINT('',(2.6E+03,212.13203435596,212.13203435596));
#2166 = DIRECTION('',(-7.395570986447E-32,0.707106781187,-0.707106781187
    ));
#2167 = DIRECTION('',(2.22044604925E-16,0.707106781187,0.707106781187));
#2168 = PCURVE('',#2142,#2169);
#2169 = DEFINITIONAL_REPRESENTATION('',(#2170),#2174);
#2170 = LINE('',#2171,#2172);
#2171 = CARTESIAN_POINT('',(6.28318530718,-0.));
#2172 = VECTOR('',#2173,1.);
#2173 = DIRECTION('',(0.,1.));
#2174 = ( GEOMETRIC_REPRESENTATION_CONTEXT(2) 
PARAMETRIC_REPRESENTATION_CONTEXT() REPRESENTATION_CONTEXT('2D SPACE',''
  ) );
#2175 = PCURVE('',#2142,#2176);
#2176 = DEFINITIONAL_REPRESENTATION('',(#2177),#2181);
#2177 = LINE('',#2178,#2179);
#2178 = CARTESIAN_POINT('',(0.,-0.));
#2179 = VECTOR('',#2180,1.);
#2180 = DIRECTION('',(0.,1.));
#2181 = ( GEOMETRIC_REPRESENTATION_CONTEXT(2) 
PARAMETRIC_REPRESENTATION_CONTEXT() REPRESENTATION_CONTEXT('2D SPACE',''
  ) );
#2182 = ORIENTED_EDGE('',*,*,#2132,.T.);
#2183 = ORIENTED_EDGE('',*,*,#2161,.T.);
#2184 = ORIENTED_CLOSED_SHELL('',*,#2185,.F.);
#2185 = CLOSED_SHELL('',(#2186));
#2186 = ADVANCED_FACE('',(#2187),#2200,.T.);
#2187 = FACE_BOUND('',#2188,.T.);
#2188 = EDGE_LOOP('',(#2189,#2218,#2240,#2241));
#2189 = ORIENTED_EDGE('',*,*,#2190,.F.);
#2190 = EDGE_CURVE('',#2191,#2191,#2193,.T.);
#2191 = VERTEX_POINT('',#2192);
#2192 = CARTESIAN_POINT('',(2.6E+03,243.24473272817,243.24473272817));
#2193 = SEAM_CURVE('',#2194,(#2199,#2211),.PCURVE_S1.);
#2194 = CIRCLE('',#2195,344.);
#2195 = AXIS2_PLACEMENT_3D('',#2196,#2197,#2198);
#2196 = CARTESIAN_POINT('',(2.6E+03,1.692071659425E-30,
    1.692071659425E-30));
#2197 = DIRECTION('',(1.,-1.570092458684E-16,-1.570092458684E-16));
#2198 = DIRECTION('',(2.22044604925E-16,0.707106781187,0.707106781187));
#2199 = PCURVE('',#2200,#2205);
#2200 = TOROIDAL_SURFACE('',#2201,300.,44.);
#2201 = AXIS2_PLACEMENT_3D('',#2202,#2203,#2204);
#2202 = CARTESIAN_POINT('',(2.6E+03,0.,0.));
#2203 = DIRECTION('',(1.,-1.570092458684E-16,-1.570092458684E-16));
#2204 = DIRECTION('',(2.22044604925E-16,0.707106781187,0.707106781187));
#2205 = DEFINITIONAL_REPRESENTATION('',(#2206),#2210);
#2206 = LINE('',#2207,#2208);
#2207 = CARTESIAN_POINT('',(0.,6.28318530718));
#2208 = VECTOR('',#2209,1.);
#2209 = DIRECTION('',(1.,0.));
#2210 = ( GEOMETRIC_REPRESENTATION_CONTEXT(2) 
PARAMETRIC_REPRESENTATION_CONTEXT() REPRESENTATION_CONTEXT('2D SPACE',''
  ) );
#2211 = PCURVE('',#2200,#2212);
#2212 = DEFINITIONAL_REPRESENTATION('',(#2213),#2217);
#2213 = LINE('',#2214,#2215);
#2214 = CARTESIAN_POINT('',(0.,0.));
#2215 = VECTOR('',#2216,1.);
#2216 = DIRECTION('',(1.,0.));
#2217 = ( GEOMETRIC_REPRESENTATION_CONTEXT(2) 
PARAMETRIC_REPRESENTATION_CONTEXT() REPRESENTATION_CONTEXT('2D SPACE',''
  ) );
#2218 = ORIENTED_EDGE('',*,*,#2219,.F.);
#2219 = EDGE_CURVE('',#2191,#2191,#2220,.T.);
#2220 = SEAM_CURVE('',#2221,(#2226,#2233),.PCURVE_S1.);
#2221 = CIRCLE('',#2222,44.);
#2222 = AXIS2_PLACEMENT_3D('',#2223,#2224,#2225);
#2223 = CARTESIAN_POINT('',(2.6E+03,212.13203435596,212.13203435596));
#2224 = DIRECTION('',(-7.395570986447E-32,0.707106781187,-0.707106781187
    ));
#2225 = DIRECTION('',(2.22044604925E-16,0.707106781187,0.707106781187));
#2226 = PCURVE('',#2200,#2227);
#2227 = DEFINITIONAL_REPRESENTATION('',(#2228),#2232);
#2228 = LINE('',#2229,#2230);
#2229 = CARTESIAN_POINT('',(6.28318530718,-0.));
#2230 = VECTOR('',#2231,1.);
#2231 = DIRECTION('',(0.,1.));
#2232 = ( GEOMETRIC_REPRESENTATION_CONTEXT(2) 
PARAMETRIC_REPRESENTATION_CONTEXT() REPRESENTATION_CONTEXT('2D SPACE',''
  ) );
#2233 = PCURVE('',#2200,#2234);
#2234 = DEFINITIONAL_REPRESENTATION('',(#2235),#2239);
#2235 = LINE('',#2236,#2237);
#2236 = CARTESIAN_POINT('',(0.,-0.));
#2237 = VECTOR('',#2238,1.);
#2238 = DIRECTION('',(0.,1.));
#2239 = ( GEOMETRIC_REPRESENTATION_CONTEXT(2) 
PARAMETRIC_REPRESENTATION_CONTEXT() REPRESENTATION_CONTEXT('2D SPACE',''
  ) );
#2240 = ORIENTED_EDGE('',*,*,#2190,.T.);
#2241 = ORIENTED_EDGE('',*,*,#2219,.T.);
#2242 = ( GEOMETRIC_REPRESENTATION_CONTEXT(3) 
GLOBAL_UNCERTAINTY_ASSIGNED_CONTEXT((#2246)) 
GLOBAL_UNIT_ASSIGNED_CONTEXT((#2243,#2244,#2245)) REPRESENTATION_CONTEXT
('Context #1','3D Context with UNIT and UNCERTAINTY') );
#2243 = ( LENGTH_UNIT() NAMED_UNIT(*) SI_UNIT($,.METRE.) );
#2244 = ( NAMED_UNIT(*) PLANE_ANGLE_UNIT() SI_UNIT($,.RADIAN.) );
#2245 = ( NAMED_UNIT(*) SI_UNIT($,.STERADIAN.) SOLID_ANGLE_UNIT() );
#2246 = UNCERTAINTY_MEASURE_WITH_UNIT(LENGTH_MEASURE(1.E-07),#2243,
  'distance_accuracy_value','confusion accuracy');
#2247 = PRODUCT_RELATED_PRODUCT_CATEGORY('part',$,(#2122));
#2248 = SHAPE_DEFINITION_REPRESENTATION(#2249,#2255);
#2249 = PRODUCT_DEFINITION_SHAPE('','',#2250);
#2250 = PRODUCT_DEFINITION('design','',#2251,#2254);
#2251 = PRODUCT_DEFINITION_FORMATION('','',#2252);
#2252 = PRODUCT('TFi_08','TFi_08','',(#2253));
#2253 = PRODUCT_CONTEXT('',#2,'mechanical');
#2254 = PRODUCT_DEFINITION_CONTEXT('part definition',#2,'design');
#2255 = ADVANCED_BREP_SHAPE_REPRESENTATION('',(#11,#2256),#2314);
#2256 = MANIFOLD_SOLID_BREP('',#2257);
#2257 = CLOSED_SHELL('',(#2258));
#2258 = ADVANCED_FACE('',(#2259),#2272,.T.);
#2259 = FACE_BOUND('',#2260,.T.);
#2260 = EDGE_LOOP('',(#2261,#2290,#2312,#2313));
#2261 = ORIENTED_EDGE('',*,*,#2262,.F.);
#2262 = EDGE_CURVE('',#2263,#2263,#2265,.T.);
#2263 = VERTEX_POINT('',#2264);
#2264 = CARTESIAN_POINT('',(2.6E+03,-8.425569978134E-14,-344.));
#2265 = SEAM_CURVE('',#2266,(#2271,#2283),.PCURVE_S1.);
#2266 = CIRCLE('',#2267,344.);
#2267 = AXIS2_PLACEMENT_3D('',#2268,#2269,#2270);
#2268 = CARTESIAN_POINT('',(2.6E+03,0.,-2.392950689267E-30));
#2269 = DIRECTION('',(1.,-0.,2.22044604925E-16));
#2270 = DIRECTION('',(2.22044604925E-16,0.,-1.));
#2271 = PCURVE('',#2272,#2277);
#2272 = TOROIDAL_SURFACE('',#2273,300.,44.);
#2273 = AXIS2_PLACEMENT_3D('',#2274,#2275,#2276);
#2274 = CARTESIAN_POINT('',(2.6E+03,0.,0.));
#2275 = DIRECTION('',(1.,0.,2.22044604925E-16));
#2276 = DIRECTION('',(2.22044604925E-16,0.,-1.));
#2277 = DEFINITIONAL_REPRESENTATION('',(#2278),#2282);
#2278 = LINE('',#2279,#2280);
#2279 = CARTESIAN_POINT('',(0.,6.28318530718));
#2280 = VECTOR('',#2281,1.);
#2281 = DIRECTION('',(1.,0.));
#2282 = ( GEOMETRIC_REPRESENTATION_CONTEXT(2) 
PARAMETRIC_REPRESENTATION_CONTEXT() REPRESENTATION_CONTEXT('2D SPACE',''
  ) );
#2283 = PCURVE('',#2272,#2284);
#2284 = DEFINITIONAL_REPRESENTATION('',(#2285),#2289);
#2285 = LINE('',#2286,#2287);
#2286 = CARTESIAN_POINT('',(0.,0.));
#2287 = VECTOR('',#2288,1.);
#2288 = DIRECTION('',(1.,0.));
#2289 = ( GEOMETRIC_REPRESENTATION_CONTEXT(2) 
PARAMETRIC_REPRESENTATION_CONTEXT() REPRESENTATION_CONTEXT('2D SPACE',''
  ) );
#2290 = ORIENTED_EDGE('',*,*,#2291,.F.);
#2291 = EDGE_CURVE('',#2263,#2263,#2292,.T.);
#2292 = SEAM_CURVE('',#2293,(#2298,#2305),.PCURVE_S1.);
#2293 = CIRCLE('',#2294,44.);
#2294 = AXIS2_PLACEMENT_3D('',#2295,#2296,#2297);
#2295 = CARTESIAN_POINT('',(2.6E+03,-7.347880794884E-14,-300.));
#2296 = DIRECTION('',(-5.438524293788E-32,-1.,2.449293598295E-16));
#2297 = DIRECTION('',(2.22044604925E-16,-2.449293598295E-16,-1.));
#2298 = PCURVE('',#2272,#2299);
#2299 = DEFINITIONAL_REPRESENTATION('',(#2300),#2304);
#2300 = LINE('',#2301,#2302);
#2301 = CARTESIAN_POINT('',(6.28318530718,-0.));
#2302 = VECTOR('',#2303,1.);
#2303 = DIRECTION('',(0.,1.));
#2304 = ( GEOMETRIC_REPRESENTATION_CONTEXT(2) 
PARAMETRIC_REPRESENTATION_CONTEXT() REPRESENTATION_CONTEXT('2D SPACE',''
  ) );
#2305 = PCURVE('',#2272,#2306);
#2306 = DEFINITIONAL_REPRESENTATION('',(#2307),#2311);
#2307 = LINE('',#2308,#2309);
#2308 = CARTESIAN_POINT('',(0.,-0.));
#2309 = VECTOR('',#2310,1.);
#2310 = DIRECTION('',(0.,1.));
#2311 = ( GEOMETRIC_REPRESENTATION_CONTEXT(2) 
PARAMETRIC_REPRESENTATION_CONTEXT() REPRESENTATION_CONTEXT('2D SPACE',''
  ) );
#2312 = ORIENTED_EDGE('',*,*,#2262,.T.);
#2313 = ORIENTED_EDGE('',*,*,#2291,.T.);
#2314 = ( GEOMETRIC_REPRESENTATION_CONTEXT(3) 
GLOBAL_UNCERTAINTY_ASSIGNED_CONTEXT((#2318)) 
GLOBAL_UNIT_ASSIGNED_CONTEXT((#2315,#2316,#2317)) REPRESENTATION_CONTEXT
('Context #1','3D Context with UNIT and UNCERTAINTY') );
#2315 = ( LENGTH_UNIT() NAMED_UNIT(*) SI_UNIT($,.METRE.) );
#2316 = ( NAMED_UNIT(*) PLANE_ANGLE_UNIT() SI_UNIT($,.RADIAN.) );
#2317 = ( NAMED_UNIT(*) SI_UNIT($,.STERADIAN.) SOLID_ANGLE_UNIT() );
#2318 = UNCERTAINTY_MEASURE_WITH_UNIT(LENGTH_MEASURE(1.E-07),#2315,
  'distance_accuracy_value','confusion accuracy');
#2319 = PRODUCT_RELATED_PRODUCT_CATEGORY('part',$,(#2252));
#2320 = SHAPE_DEFINITION_REPRESENTATION(#2321,#2327);
#2321 = PRODUCT_DEFINITION_SHAPE('','',#2322);
#2322 = PRODUCT_DEFINITION('design','',#2323,#2326);
#2323 = PRODUCT_DEFINITION_FORMATION('','',#2324);
#2324 = PRODUCT('TF_08','TF_08','',(#2325));
#2325 = PRODUCT_CONTEXT('',#2,'mechanical');
#2326 = PRODUCT_DEFINITION_CONTEXT('part definition',#2,'design');
#2327 = ADVANCED_BREP_SHAPE_REPRESENTATION('',(#11,#2328),#2444);
#2328 = BREP_WITH_VOIDS('',#2329,(#2386));
#2329 = CLOSED_SHELL('',(#2330));
#2330 = ADVANCED_FACE('',(#2331),#2344,.T.);
#2331 = FACE_BOUND('',#2332,.T.);
#2332 = EDGE_LOOP('',(#2333,#2362,#2384,#2385));
#2333 = ORIENTED_EDGE('',*,*,#2334,.F.);
#2334 = EDGE_CURVE('',#2335,#2335,#2337,.T.);
#2335 = VERTEX_POINT('',#2336);
#2336 = CARTESIAN_POINT('',(2.6E+03,311.76914536239,180.));
#2337 = SEAM_CURVE('',#2338,(#2343,#2355),.PCURVE_S1.);
#2338 = CIRCLE('',#2339,360.);
#2339 = AXIS2_PLACEMENT_3D('',#2340,#2341,#2342);
#2340 = CARTESIAN_POINT('',(2.6E+03,2.825940118511E-30,
    1.631557288136E-30));
#2341 = DIRECTION('',(1.,-1.922962686384E-16,-1.110223024625E-16));
#2342 = DIRECTION('',(2.22044604925E-16,0.866025403784,0.5));
#2343 = PCURVE('',#2344,#2349);
#2344 = TOROIDAL_SURFACE('',#2345,300.,60.);
#2345 = AXIS2_PLACEMENT_3D('',#2346,#2347,#2348);
#2346 = CARTESIAN_POINT('',(2.6E+03,0.,0.));
#2347 = DIRECTION('',(1.,-1.922962686384E-16,-1.110223024625E-16));
#2348 = DIRECTION('',(2.22044604925E-16,0.866025403784,0.5));
#2349 = DEFINITIONAL_REPRESENTATION('',(#2350),#2354);
#2350 = LINE('',#2351,#2352);
#2351 = CARTESIAN_POINT('',(0.,6.28318530718));
#2352 = VECTOR('',#2353,1.);
#2353 = DIRECTION('',(1.,0.));
#2354 = ( GEOMETRIC_REPRESENTATION_CONTEXT(2) 
PARAMETRIC_REPRESENTATION_CONTEXT() REPRESENTATION_CONTEXT('2D SPACE',''
  ) );
#2355 = PCURVE('',#2344,#2356);
#2356 = DEFINITIONAL_REPRESENTATION('',(#2357),#2361);
#2357 = LINE('',#2358,#2359);
#2358 = CARTESIAN_POINT('',(0.,0.));
#2359 = VECTOR('',#2360,1.);
#2360 = DIRECTION('',(1.,0.));
#2361 = ( GEOMETRIC_REPRESENTATION_CONTEXT(2) 
PARAMETRIC_REPRESENTATION_CONTEXT() REPRESENTATION_CONTEXT('2D SPACE',''
  ) );
#2362 = ORIENTED_EDGE('',*,*,#2363,.F.);
#2363 = EDGE_CURVE('',#2335,#2335,#2364,.T.);
#2364 = SEAM_CURVE('',#2365,(#2370,#2377),.PCURVE_S1.);
#2365 = CIRCLE('',#2366,60.);
#2366 = AXIS2_PLACEMENT_3D('',#2367,#2368,#2369);
#2367 = CARTESIAN_POINT('',(2.6E+03,259.80762113533,150.));
#2368 = DIRECTION('',(-6.162975822039E-32,0.5,-0.866025403784));
#2369 = DIRECTION('',(2.22044604925E-16,0.866025403784,0.5));
#2370 = PCURVE('',#2344,#2371);
#2371 = DEFINITIONAL_REPRESENTATION('',(#2372),#2376);
#2372 = LINE('',#2373,#2374);
#2373 = CARTESIAN_POINT('',(6.28318530718,-0.));
#2374 = VECTOR('',#2375,1.);
#2375 = DIRECTION('',(0.,1.));
#2376 = ( GEOMETRIC_REPRESENTATION_CONTEXT(2) 
PARAMETRIC_REPRESENTATION_CONTEXT() REPRESENTATION_CONTEXT('2D SPACE',''
  ) );
#2377 = PCURVE('',#2344,#2378);
#2378 = DEFINITIONAL_REPRESENTATION('',(#2379),#2383);
#2379 = LINE('',#2380,#2381);
#2380 = CARTESIAN_POINT('',(0.,-0.));
#2381 = VECTOR('',#2382,1.);
#2382 = DIRECTION('',(0.,1.));
#2383 = ( GEOMETRIC_REPRESENTATION_CONTEXT(2) 
PARAMETRIC_REPRESENTATION_CONTEXT() REPRESENTATION_CONTEXT('2D SPACE',''
  ) );
#2384 = ORIENTED_EDGE('',*,*,#2334,.T.);
#2385 = ORIENTED_EDGE('',*,*,#2363,.T.);
#2386 = ORIENTED_CLOSED_SHELL('',*,#2387,.F.);
#2387 = CLOSED_SHELL('',(#2388));
#2388 = ADVANCED_FACE('',(#2389),#2402,.T.);
#2389 = FACE_BOUND('',#2390,.T.);
#2390 = EDGE_LOOP('',(#2391,#2420,#2442,#2443));
#2391 = ORIENTED_EDGE('',*,*,#2392,.F.);
#2392 = EDGE_CURVE('',#2393,#2393,#2395,.T.);
#2393 = VERTEX_POINT('',#2394);
#2394 = CARTESIAN_POINT('',(2.6E+03,297.91273890184,172.));
#2395 = SEAM_CURVE('',#2396,(#2401,#2413),.PCURVE_S1.);
#2396 = CIRCLE('',#2397,344.);
#2397 = AXIS2_PLACEMENT_3D('',#2398,#2399,#2400);
#2398 = CARTESIAN_POINT('',(2.6E+03,2.072356086908E-30,
    1.196475344633E-30));
#2399 = DIRECTION('',(1.,-1.922962686384E-16,-1.110223024625E-16));
#2400 = DIRECTION('',(2.22044604925E-16,0.866025403784,0.5));
#2401 = PCURVE('',#2402,#2407);
#2402 = TOROIDAL_SURFACE('',#2403,300.,44.);
#2403 = AXIS2_PLACEMENT_3D('',#2404,#2405,#2406);
#2404 = CARTESIAN_POINT('',(2.6E+03,0.,0.));
#2405 = DIRECTION('',(1.,-1.922962686384E-16,-1.110223024625E-16));
#2406 = DIRECTION('',(2.22044604925E-16,0.866025403784,0.5));
#2407 = DEFINITIONAL_REPRESENTATION('',(#2408),#2412);
#2408 = LINE('',#2409,#2410);
#2409 = CARTESIAN_POINT('',(0.,6.28318530718));
#2410 = VECTOR('',#2411,1.);
#2411 = DIRECTION('',(1.,0.));
#2412 = ( GEOMETRIC_REPRESENTATION_CONTEXT(2) 
PARAMETRIC_REPRESENTATION_CONTEXT() REPRESENTATION_CONTEXT('2D SPACE',''
  ) );
#2413 = PCURVE('',#2402,#2414);
#2414 = DEFINITIONAL_REPRESENTATION('',(#2415),#2419);
#2415 = LINE('',#2416,#2417);
#2416 = CARTESIAN_POINT('',(0.,0.));
#2417 = VECTOR('',#2418,1.);
#2418 = DIRECTION('',(1.,0.));
#2419 = ( GEOMETRIC_REPRESENTATION_CONTEXT(2) 
PARAMETRIC_REPRESENTATION_CONTEXT() REPRESENTATION_CONTEXT('2D SPACE',''
  ) );
#2420 = ORIENTED_EDGE('',*,*,#2421,.F.);
#2421 = EDGE_CURVE('',#2393,#2393,#2422,.T.);
#2422 = SEAM_CURVE('',#2423,(#2428,#2435),.PCURVE_S1.);
#2423 = CIRCLE('',#2424,44.);
#2424 = AXIS2_PLACEMENT_3D('',#2425,#2426,#2427);
#2425 = CARTESIAN_POINT('',(2.6E+03,259.80762113533,150.));
#2426 = DIRECTION('',(-6.162975822039E-32,0.5,-0.866025403784));
#2427 = DIRECTION('',(2.22044604925E-16,0.866025403784,0.5));
#2428 = PCURVE('',#2402,#2429);
#2429 = DEFINITIONAL_REPRESENTATION('',(#2430),#2434);
#2430 = LINE('',#2431,#2432);
#2431 = CARTESIAN_POINT('',(6.28318530718,-0.));
#2432 = VECTOR('',#2433,1.);
#2433 = DIRECTION('',(0.,1.));
#2434 = ( GEOMETRIC_REPRESENTATION_CONTEXT(2) 
PARAMETRIC_REPRESENTATION_CONTEXT() REPRESENTATION_CONTEXT('2D SPACE',''
  ) );
#2435 = PCURVE('',#2402,#2436);
#2436 = DEFINITIONAL_REPRESENTATION('',(#2437),#2441);
#2437 = LINE('',#2438,#2439);
#2438 = CARTESIAN_POINT('',(0.,-0.));
#2439 = VECTOR('',#2440,1.);
#2440 = DIRECTION('',(0.,1.));
#2441 = ( GEOMETRIC_REPRESENTATION_CONTEXT(2) 
PARAMETRIC_REPRESENTATION_CONTEXT() REPRESENTATION_CONTEXT('2D SPACE',''
  ) );
#2442 = ORIENTED_EDGE('',*,*,#2392,.T.);
#2443 = ORIENTED_EDGE('',*,*,#2421,.T.);
#2444 = ( GEOMETRIC_REPRESENTATION_CONTEXT(3) 
GLOBAL_UNCERTAINTY_ASSIGNED_CONTEXT((#2448)) 
GLOBAL_UNIT_ASSIGNED_CONTEXT((#2445,#2446,#2447)) REPRESENTATION_CONTEXT
('Context #1','3D Context with UNIT and UNCERTAINTY') );
#2445 = ( LENGTH_UNIT() NAMED_UNIT(*) SI_UNIT($,.METRE.) );
#2446 = ( NAMED_UNIT(*) PLANE_ANGLE_UNIT() SI_UNIT($,.RADIAN.) );
#2447 = ( NAMED_UNIT(*) SI_UNIT($,.STERADIAN.) SOLID_ANGLE_UNIT() );
#2448 = UNCERTAINTY_MEASURE_WITH_UNIT(LENGTH_MEASURE(1.E-07),#2445,
  'distance_accuracy_value','confusion accuracy');
#2449 = PRODUCT_RELATED_PRODUCT_CATEGORY('part',$,(#2324));
#2450 = SHAPE_DEFINITION_REPRESENTATION(#2451,#2457);
#2451 = PRODUCT_DEFINITION_SHAPE('','',#2452);
#2452 = PRODUCT_DEFINITION('design','',#2453,#2456);
#2453 = PRODUCT_DEFINITION_FORMATION('','',#2454);
#2454 = PRODUCT('TFi_09','TFi_09','',(#2455));
#2455 = PRODUCT_CONTEXT('',#2,'mechanical');
#2456 = PRODUCT_DEFINITION_CONTEXT('part definition',#2,'design');
#2457 = ADVANCED_BREP_SHAPE_REPRESENTATION('',(#11,#2458),#2516);
#2458 = MANIFOLD_SOLID_BREP('',#2459);
#2459 = CLOSED_SHELL('',(#2460));
#2460 = ADVANCED_FACE('',(#2461),#2474,.T.);
#2461 = FACE_BOUND('',#2462,.T.);
#2462 = EDGE_LOOP('',(#2463,#2492,#2514,#2515));
#2463 = ORIENTED_EDGE('',*,*,#2464,.F.);
#2464 = EDGE_CURVE('',#2465,#2465,#2467,.T.);
#2465 = VERTEX_POINT('',#2466);
#2466 = CARTESIAN_POINT('',(2.6E+03,-8.425569978134E-14,-344.));
#2467 = SEAM_CURVE('',#2468,(#2473,#2485),.PCURVE_S1.);
#2468 = CIRCLE('',#2469,344.);
#2469 = AXIS2_PLACEMENT_3D('',#2470,#2471,#2472);
#2470 = CARTESIAN_POINT('',(2.6E+03,0.,-2.392950689267E-30));
#2471 = DIRECTION('',(1.,-0.,2.22044604925E-16));
#2472 = DIRECTION('',(2.22044604925E-16,0.,-1.));
#2473 = PCURVE('',#2474,#2479);
#2474 = TOROIDAL_SURFACE('',#2475,300.,44.);
#2475 = AXIS2_PLACEMENT_3D('',#2476,#2477,#2478);
#2476 = CARTESIAN_POINT('',(2.6E+03,0.,0.));
#2477 = DIRECTION('',(1.,0.,2.22044604925E-16));
#2478 = DIRECTION('',(2.22044604925E-16,0.,-1.));
#2479 = DEFINITIONAL_REPRESENTATION('',(#2480),#2484);
#2480 = LINE('',#2481,#2482);
#2481 = CARTESIAN_POINT('',(0.,6.28318530718));
#2482 = VECTOR('',#2483,1.);
#2483 = DIRECTION('',(1.,0.));
#2484 = ( GEOMETRIC_REPRESENTATION_CONTEXT(2) 
PARAMETRIC_REPRESENTATION_CONTEXT() REPRESENTATION_CONTEXT('2D SPACE',''
  ) );
#2485 = PCURVE('',#2474,#2486);
#2486 = DEFINITIONAL_REPRESENTATION('',(#2487),#2491);
#2487 = LINE('',#2488,#2489);
#2488 = CARTESIAN_POINT('',(0.,0.));
#2489 = VECTOR('',#2490,1.);
#2490 = DIRECTION('',(1.,0.));
#2491 = ( GEOMETRIC_REPRESENTATION_CONTEXT(2) 
PARAMETRIC_REPRESENTATION_CONTEXT() REPRESENTATION_CONTEXT('2D SPACE',''
  ) );
#2492 = ORIENTED_EDGE('',*,*,#2493,.F.);
#2493 = EDGE_CURVE('',#2465,#2465,#2494,.T.);
#2494 = SEAM_CURVE('',#2495,(#2500,#2507),.PCURVE_S1.);
#2495 = CIRCLE('',#2496,44.);
#2496 = AXIS2_PLACEMENT_3D('',#2497,#2498,#2499);
#2497 = CARTESIAN_POINT('',(2.6E+03,-7.347880794884E-14,-300.));
#2498 = DIRECTION('',(-5.438524293788E-32,-1.,2.449293598295E-16));
#2499 = DIRECTION('',(2.22044604925E-16,-2.449293598295E-16,-1.));
#2500 = PCURVE('',#2474,#2501);
#2501 = DEFINITIONAL_REPRESENTATION('',(#2502),#2506);
#2502 = LINE('',#2503,#2504);
#2503 = CARTESIAN_POINT('',(6.28318530718,-0.));
#2504 = VECTOR('',#2505,1.);
#2505 = DIRECTION('',(0.,1.));
#2506 = ( GEOMETRIC_REPRESENTATION_CONTEXT(2) 
PARAMETRIC_REPRESENTATION_CONTEXT() REPRESENTATION_CONTEXT('2D SPACE',''
  ) );
#2507 = PCURVE('',#2474,#2508);
#2508 = DEFINITIONAL_REPRESENTATION('',(#2509),#2513);
#2509 = LINE('',#2510,#2511);
#2510 = CARTESIAN_POINT('',(0.,-0.));
#2511 = VECTOR('',#2512,1.);
#2512 = DIRECTION('',(0.,1.));
#2513 = ( GEOMETRIC_REPRESENTATION_CONTEXT(2) 
PARAMETRIC_REPRESENTATION_CONTEXT() REPRESENTATION_CONTEXT('2D SPACE',''
  ) );
#2514 = ORIENTED_EDGE('',*,*,#2464,.T.);
#2515 = ORIENTED_EDGE('',*,*,#2493,.T.);
#2516 = ( GEOMETRIC_REPRESENTATION_CONTEXT(3) 
GLOBAL_UNCERTAINTY_ASSIGNED_CONTEXT((#2520)) 
GLOBAL_UNIT_ASSIGNED_CONTEXT((#2517,#2518,#2519)) REPRESENTATION_CONTEXT
('Context #1','3D Context with UNIT and UNCERTAINTY') );
#2517 = ( LENGTH_UNIT() NAMED_UNIT(*) SI_UNIT($,.METRE.) );
#2518 = ( NAMED_UNIT(*) PLANE_ANGLE_UNIT() SI_UNIT($,.RADIAN.) );
#2519 = ( NAMED_UNIT(*) SI_UNIT($,.STERADIAN.) SOLID_ANGLE_UNIT() );
#2520 = UNCERTAINTY_MEASURE_WITH_UNIT(LENGTH_MEASURE(1.E-07),#2517,
  'distance_accuracy_value','confusion accuracy');
#2521 = PRODUCT_RELATED_PRODUCT_CATEGORY('part',$,(#2454));
#2522 = SHAPE_DEFINITION_REPRESENTATION(#2523,#2529);
#2523 = PRODUCT_DEFINITION_SHAPE('','',#2524);
#2524 = PRODUCT_DEFINITION('design','',#2525,#2528);
#2525 = PRODUCT_DEFINITION_FORMATION('','',#2526);
#2526 = PRODUCT('TFi_10','TFi_10','',(#2527));
#2527 = PRODUCT_CONTEXT('',#2,'mechanical');
#2528 = PRODUCT_DEFINITION_CONTEXT('part definition',#2,'design');
#2529 = ADVANCED_BREP_SHAPE_REPRESENTATION('',(#11,#2530),#2588);
#2530 = MANIFOLD_SOLID_BREP('',#2531);
#2531 = CLOSED_SHELL('',(#2532));
#2532 = ADVANCED_FACE('',(#2533),#2546,.T.);
#2533 = FACE_BOUND('',#2534,.T.);
#2534 = EDGE_LOOP('',(#2535,#2564,#2586,#2587));
#2535 = ORIENTED_EDGE('',*,*,#2536,.F.);
#2536 = EDGE_CURVE('',#2537,#2537,#2539,.T.);
#2537 = VERTEX_POINT('',#2538);
#2538 = CARTESIAN_POINT('',(2.6E+03,-8.425569978134E-14,-344.));
#2539 = SEAM_CURVE('',#2540,(#2545,#2557),.PCURVE_S1.);
#2540 = CIRCLE('',#2541,344.);
#2541 = AXIS2_PLACEMENT_3D('',#2542,#2543,#2544);
#2542 = CARTESIAN_POINT('',(2.6E+03,0.,-2.392950689267E-30));
#2543 = DIRECTION('',(1.,-0.,2.22044604925E-16));
#2544 = DIRECTION('',(2.22044604925E-16,0.,-1.));
#2545 = PCURVE('',#2546,#2551);
#2546 = TOROIDAL_SURFACE('',#2547,300.,44.);
#2547 = AXIS2_PLACEMENT_3D('',#2548,#2549,#2550);
#2548 = CARTESIAN_POINT('',(2.6E+03,0.,0.));
#2549 = DIRECTION('',(1.,0.,2.22044604925E-16));
#2550 = DIRECTION('',(2.22044604925E-16,0.,-1.));
#2551 = DEFINITIONAL_REPRESENTATION('',(#2552),#2556);
#2552 = LINE('',#2553,#2554);
#2553 = CARTESIAN_POINT('',(0.,6.28318530718));
#2554 = VECTOR('',#2555,1.);
#2555 = DIRECTION('',(1.,0.));
#2556 = ( GEOMETRIC_REPRESENTATION_CONTEXT(2) 
PARAMETRIC_REPRESENTATION_CONTEXT() REPRESENTATION_CONTEXT('2D SPACE',''
  ) );
#2557 = PCURVE('',#2546,#2558);
#2558 = DEFINITIONAL_REPRESENTATION('',(#2559),#2563);
#2559 = LINE('',#2560,#2561);
#2560 = CARTESIAN_POINT('',(0.,0.));
#2561 = VECTOR('',#2562,1.);
#2562 = DIRECTION('',(1.,0.));
#2563 = ( GEOMETRIC_REPRESENTATION_CONTEXT(2) 
PARAMETRIC_REPRESENTATION_CONTEXT() REPRESENTATION_CONTEXT('2D SPACE',''
  ) );
#2564 = ORIENTED_EDGE('',*,*,#2565,.F.);
#2565 = EDGE_CURVE('',#2537,#2537,#2566,.T.);
#2566 = SEAM_CURVE('',#2567,(#2572,#2579),.PCURVE_S1.);
#2567 = CIRCLE('',#2568,44.);
#2568 = AXIS2_PLACEMENT_3D('',#2569,#2570,#2571);
#2569 = CARTESIAN_POINT('',(2.6E+03,-7.347880794884E-14,-300.));
#2570 = DIRECTION('',(-5.438524293788E-32,-1.,2.449293598295E-16));
#2571 = DIRECTION('',(2.22044604925E-16,-2.449293598295E-16,-1.));
#2572 = PCURVE('',#2546,#2573);
#2573 = DEFINITIONAL_REPRESENTATION('',(#2574),#2578);
#2574 = LINE('',#2575,#2576);
#2575 = CARTESIAN_POINT('',(6.28318530718,-0.));
#2576 = VECTOR('',#2577,1.);
#2577 = DIRECTION('',(0.,1.));
#2578 = ( GEOMETRIC_REPRESENTATION_CONTEXT(2) 
PARAMETRIC_REPRESENTATION_CONTEXT() REPRESENTATION_CONTEXT('2D SPACE',''
  ) );
#2579 = PCURVE('',#2546,#2580);
#2580 = DEFINITIONAL_REPRESENTATION('',(#2581),#2585);
#2581 = LINE('',#2582,#2583);
#2582 = CARTESIAN_POINT('',(0.,-0.));
#2583 = VECTOR('',#2584,1.);
#2584 = DIRECTION('',(0.,1.));
#2585 = ( GEOMETRIC_REPRESENTATION_CONTEXT(2) 
PARAMETRIC_REPRESENTATION_CONTEXT() REPRESENTATION_CONTEXT('2D SPACE',''
  ) );
#2586 = ORIENTED_EDGE('',*,*,#2536,.T.);
#2587 = ORIENTED_EDGE('',*,*,#2565,.T.);
#2588 = ( GEOMETRIC_REPRESENTATION_CONTEXT(3) 
GLOBAL_UNCERTAINTY_ASSIGNED_CONTEXT((#2592)) 
GLOBAL_UNIT_ASSIGNED_CONTEXT((#2589,#2590,#2591)) REPRESENTATION_CONTEXT
('Context #1','3D Context with UNIT and UNCERTAINTY') );
#2589 = ( LENGTH_UNIT() NAMED_UNIT(*) SI_UNIT($,.METRE.) );
#2590 = ( NAMED_UNIT(*) PLANE_ANGLE_UNIT() SI_UNIT($,.RADIAN.) );
#2591 = ( NAMED_UNIT(*) SI_UNIT($,.STERADIAN.) SOLID_ANGLE_UNIT() );
#2592 = UNCERTAINTY_MEASURE_WITH_UNIT(LENGTH_MEASURE(1.E-07),#2589,
  'distance_accuracy_value','confusion accuracy');
#2593 = PRODUCT_RELATED_PRODUCT_CATEGORY('part',$,(#2526));
#2594 = SHAPE_DEFINITION_REPRESENTATION(#2595,#2601);
#2595 = PRODUCT_DEFINITION_SHAPE('','',#2596);
#2596 = PRODUCT_DEFINITION('design','',#2597,#2600);
#2597 = PRODUCT_DEFINITION_FORMATION('','',#2598);
#2598 = PRODUCT('TFo_11','TFo_11','',(#2599));
#2599 = PRODUCT_CONTEXT('',#2,'mechanical');
#2600 = PRODUCT_DEFINITION_CONTEXT('part definition',#2,'design');
#2601 = ADVANCED_BREP_SHAPE_REPRESENTATION('',(#11,#2602),#2660);
#2602 = MANIFOLD_SOLID_BREP('',#2603);
#2603 = CLOSED_SHELL('',(#2604));
#2604 = ADVANCED_FACE('',(#2605),#2618,.T.);
#2605 = FACE_BOUND('',#2606,.T.);
#2606 = EDGE_LOOP('',(#2607,#2636,#2658,#2659));
#2607 = ORIENTED_EDGE('',*,*,#2608,.F.);
#2608 = EDGE_CURVE('',#2609,#2609,#2611,.T.);
#2609 = VERTEX_POINT('',#2610);
#2610 = CARTESIAN_POINT('',(2.6E+03,-8.817456953861E-14,-360.));
#2611 = SEAM_CURVE('',#2612,(#2617,#2629),.PCURVE_S1.);
#2612 = CIRCLE('',#2613,360.);
#2613 = AXIS2_PLACEMENT_3D('',#2614,#2615,#2616);
#2614 = CARTESIAN_POINT('',(2.6E+03,0.,-3.263114576273E-30));
#2615 = DIRECTION('',(1.,-0.,2.22044604925E-16));
#2616 = DIRECTION('',(2.22044604925E-16,0.,-1.));
#2617 = PCURVE('',#2618,#2623);
#2618 = TOROIDAL_SURFACE('',#2619,300.,60.);
#2619 = AXIS2_PLACEMENT_3D('',#2620,#2621,#2622);
#2620 = CARTESIAN_POINT('',(2.6E+03,0.,0.));
#2621 = DIRECTION('',(1.,0.,2.22044604925E-16));
#2622 = DIRECTION('',(2.22044604925E-16,0.,-1.));
#2623 = DEFINITIONAL_REPRESENTATION('',(#2624),#2628);
#2624 = LINE('',#2625,#2626);
#2625 = CARTESIAN_POINT('',(0.,6.28318530718));
#2626 = VECTOR('',#2627,1.);
#2627 = DIRECTION('',(1.,0.));
#2628 = ( GEOMETRIC_REPRESENTATION_CONTEXT(2) 
PARAMETRIC_REPRESENTATION_CONTEXT() REPRESENTATION_CONTEXT('2D SPACE',''
  ) );
#2629 = PCURVE('',#2618,#2630);
#2630 = DEFINITIONAL_REPRESENTATION('',(#2631),#2635);
#2631 = LINE('',#2632,#2633);
#2632 = CARTESIAN_POINT('',(0.,0.));
#2633 = VECTOR('',#2634,1.);
#2634 = DIRECTION('',(1.,0.));
#2635 = ( GEOMETRIC_REPRESENTATION_CONTEXT(2) 
PARAMETRIC_REPRESENTATION_CONTEXT() REPRESENTATION_CONTEXT('2D SPACE',''
  ) );
#2636 = ORIENTED_EDGE('',*,*,#2637,.F.);
#2637 = EDGE_CURVE('',#2609,#2609,#2638,.T.);
#2638 = SEAM_CURVE('',#2639,(#2644,#2651),.PCURVE_S1.);
#2639 = CIRCLE('',#2640,60.);
#2640 = AXIS2_PLACEMENT_3D('',#2641,#2642,#2643);
#2641 = CARTESIAN_POINT('',(2.6E+03,-7.347880794884E-14,-300.));
#2642 = DIRECTION('',(-5.438524293788E-32,-1.,2.449293598295E-16));
#2643 = DIRECTION('',(2.22044604925E-16,-2.449293598295E-16,-1.));
#2644 = PCURVE('',#2618,#2645);
#2645 = DEFINITIONAL_REPRESENTATION('',(#2646),#2650);
#2646 = LINE('',#2647,#2648);
#2647 = CARTESIAN_POINT('',(6.28318530718,-0.));
#2648 = VECTOR('',#2649,1.);
#2649 = DIRECTION('',(0.,1.));
#2650 = ( GEOMETRIC_REPRESENTATION_CONTEXT(2) 
PARAMETRIC_REPRESENTATION_CONTEXT() REPRESENTATION_CONTEXT('2D SPACE',''
  ) );
#2651 = PCURVE('',#2618,#2652);
#2652 = DEFINITIONAL_REPRESENTATION('',(#2653),#2657);
#2653 = LINE('',#2654,#2655);
#2654 = CARTESIAN_POINT('',(0.,-0.));
#2655 = VECTOR('',#2656,1.);
#2656 = DIRECTION('',(0.,1.));
#2657 = ( GEOMETRIC_REPRESENTATION_CONTEXT(2) 
PARAMETRIC_REPRESENTATION_CONTEXT() REPRESENTATION_CONTEXT('2D SPACE',''
  ) );
#2658 = ORIENTED_EDGE('',*,*,#2608,.T.);
#2659 = ORIENTED_EDGE('',*,*,#2637,.T.);
#2660 = ( GEOMETRIC_REPRESENTATION_CONTEXT(3) 
GLOBAL_UNCERTAINTY_ASSIGNED_CONTEXT((#2664)) 
GLOBAL_UNIT_ASSIGNED_CONTEXT((#2661,#2662,#2663)) REPRESENTATION_CONTEXT
('Context #1','3D Context with UNIT and UNCERTAINTY') );
#2661 = ( LENGTH_UNIT() NAMED_UNIT(*) SI_UNIT($,.METRE.) );
#2662 = ( NAMED_UNIT(*) PLANE_ANGLE_UNIT() SI_UNIT($,.RADIAN.) );
#2663 = ( NAMED_UNIT(*) SI_UNIT($,.STERADIAN.) SOLID_ANGLE_UNIT() );
#2664 = UNCERTAINTY_MEASURE_WITH_UNIT(LENGTH_MEASURE(1.E-07),#2661,
  'distance_accuracy_value','confusion accuracy');
#2665 = PRODUCT_RELATED_PRODUCT_CATEGORY('part',$,(#2598));
#2666 = SHAPE_DEFINITION_REPRESENTATION(#2667,#2673);
#2667 = PRODUCT_DEFINITION_SHAPE('','',#2668);
#2668 = PRODUCT_DEFINITION('design','',#2669,#2672);
#2669 = PRODUCT_DEFINITION_FORMATION('','',#2670);
#2670 = PRODUCT('TF_11','TF_11','',(#2671));
#2671 = PRODUCT_CONTEXT('',#2,'mechanical');
#2672 = PRODUCT_DEFINITION_CONTEXT('part definition',#2,'design');
#2673 = ADVANCED_BREP_SHAPE_REPRESENTATION('',(#11,#2674),#2790);
#2674 = BREP_WITH_VOIDS('',#2675,(#2732));
#2675 = CLOSED_SHELL('',(#2676));
#2676 = ADVANCED_FACE('',(#2677),#2690,.T.);
#2677 = FACE_BOUND('',#2678,.T.);
#2678 = EDGE_LOOP('',(#2679,#2708,#2730,#2731));
#2679 = ORIENTED_EDGE('',*,*,#2680,.F.);
#2680 = EDGE_CURVE('',#2681,#2681,#2683,.T.);
#2681 = VERTEX_POINT('',#2682);
#2682 = CARTESIAN_POINT('',(2.6E+03,93.174856236908,347.73329746406));
#2683 = SEAM_CURVE('',#2684,(#2689,#2701),.PCURVE_S1.);
#2684 = CIRCLE('',#2685,360.);
#2685 = AXIS2_PLACEMENT_3D('',#2686,#2687,#2688);
#2686 = CARTESIAN_POINT('',(2.6E+03,8.44556198691E-31,3.151926643362E-30
    ));
#2687 = DIRECTION('',(1.,-5.746937261686E-17,-2.144786184852E-16));
#2688 = DIRECTION('',(2.22044604925E-16,0.258819045103,0.965925826289));
#2689 = PCURVE('',#2690,#2695);
#2690 = TOROIDAL_SURFACE('',#2691,300.,60.);
#2691 = AXIS2_PLACEMENT_3D('',#2692,#2693,#2694);
#2692 = CARTESIAN_POINT('',(2.6E+03,0.,0.));
#2693 = DIRECTION('',(1.,-5.746937261686E-17,-2.144786184852E-16));
#2694 = DIRECTION('',(2.22044604925E-16,0.258819045103,0.965925826289));
#2695 = DEFINITIONAL_REPRESENTATION('',(#2696),#2700);
#2696 = LINE('',#2697,#2698);
#2697 = CARTESIAN_POINT('',(0.,6.28318530718));
#2698 = VECTOR('',#2699,1.);
#2699 = DIRECTION('',(1.,0.));
#2700 = ( GEOMETRIC_REPRESENTATION_CONTEXT(2) 
PARAMETRIC_REPRESENTATION_CONTEXT() REPRESENTATION_CONTEXT('2D SPACE',''
  ) );
#2701 = PCURVE('',#2690,#2702);
#2702 = DEFINITIONAL_REPRESENTATION('',(#2703),#2707);
#2703 = LINE('',#2704,#2705);
#2704 = CARTESIAN_POINT('',(0.,0.));
#2705 = VECTOR('',#2706,1.);
#2706 = DIRECTION('',(1.,0.));
#2707 = ( GEOMETRIC_REPRESENTATION_CONTEXT(2) 
PARAMETRIC_REPRESENTATION_CONTEXT() REPRESENTATION_CONTEXT('2D SPACE',''
  ) );
#2708 = ORIENTED_EDGE('',*,*,#2709,.F.);
#2709 = EDGE_CURVE('',#2681,#2681,#2710,.T.);
#2710 = SEAM_CURVE('',#2711,(#2716,#2723),.PCURVE_S1.);
#2711 = CIRCLE('',#2712,60.);
#2712 = AXIS2_PLACEMENT_3D('',#2713,#2714,#2715);
#2713 = CARTESIAN_POINT('',(2.6E+03,77.645713530756,289.77774788672));
#2714 = DIRECTION('',(-6.162975822039E-32,0.965925826289,-0.258819045103
    ));
#2715 = DIRECTION('',(2.22044604925E-16,0.258819045103,0.965925826289));
#2716 = PCURVE('',#2690,#2717);
#2717 = DEFINITIONAL_REPRESENTATION('',(#2718),#2722);
#2718 = LINE('',#2719,#2720);
#2719 = CARTESIAN_POINT('',(6.28318530718,-0.));
#2720 = VECTOR('',#2721,1.);
#2721 = DIRECTION('',(0.,1.));
#2722 = ( GEOMETRIC_REPRESENTATION_CONTEXT(2) 
PARAMETRIC_REPRESENTATION_CONTEXT() REPRESENTATION_CONTEXT('2D SPACE',''
  ) );
#2723 = PCURVE('',#2690,#2724);
#2724 = DEFINITIONAL_REPRESENTATION('',(#2725),#2729);
#2725 = LINE('',#2726,#2727);
#2726 = CARTESIAN_POINT('',(0.,-0.));
#2727 = VECTOR('',#2728,1.);
#2728 = DIRECTION('',(0.,1.));
#2729 = ( GEOMETRIC_REPRESENTATION_CONTEXT(2) 
PARAMETRIC_REPRESENTATION_CONTEXT() REPRESENTATION_CONTEXT('2D SPACE',''
  ) );
#2730 = ORIENTED_EDGE('',*,*,#2680,.T.);
#2731 = ORIENTED_EDGE('',*,*,#2709,.T.);
#2732 = ORIENTED_CLOSED_SHELL('',*,#2733,.F.);
#2733 = CLOSED_SHELL('',(#2734));
#2734 = ADVANCED_FACE('',(#2735),#2748,.T.);
#2735 = FACE_BOUND('',#2736,.T.);
#2736 = EDGE_LOOP('',(#2737,#2766,#2788,#2789));
#2737 = ORIENTED_EDGE('',*,*,#2738,.F.);
#2738 = EDGE_CURVE('',#2739,#2739,#2741,.T.);
#2739 = VERTEX_POINT('',#2740);
#2740 = CARTESIAN_POINT('',(2.6E+03,89.033751515267,332.27848424343));
#2741 = SEAM_CURVE('',#2742,(#2747,#2759),.PCURVE_S1.);
#2742 = CIRCLE('',#2743,344.);
#2743 = AXIS2_PLACEMENT_3D('',#2744,#2745,#2746);
#2744 = CARTESIAN_POINT('',(2.6E+03,6.193412123734E-31,
    2.311412871799E-30));
#2745 = DIRECTION('',(1.,-5.746937261686E-17,-2.144786184852E-16));
#2746 = DIRECTION('',(2.22044604925E-16,0.258819045103,0.965925826289));
#2747 = PCURVE('',#2748,#2753);
#2748 = TOROIDAL_SURFACE('',#2749,300.,44.);
#2749 = AXIS2_PLACEMENT_3D('',#2750,#2751,#2752);
#2750 = CARTESIAN_POINT('',(2.6E+03,0.,0.));
#2751 = DIRECTION('',(1.,-5.746937261686E-17,-2.144786184852E-16));
#2752 = DIRECTION('',(2.22044604925E-16,0.258819045103,0.965925826289));
#2753 = DEFINITIONAL_REPRESENTATION('',(#2754),#2758);
#2754 = LINE('',#2755,#2756);
#2755 = CARTESIAN_POINT('',(0.,6.28318530718));
#2756 = VECTOR('',#2757,1.);
#2757 = DIRECTION('',(1.,0.));
#2758 = ( GEOMETRIC_REPRESENTATION_CONTEXT(2) 
PARAMETRIC_REPRESENTATION_CONTEXT() REPRESENTATION_CONTEXT('2D SPACE',''
  ) );
#2759 = PCURVE('',#2748,#2760);
#2760 = DEFINITIONAL_REPRESENTATION('',(#2761),#2765);
#2761 = LINE('',#2762,#2763);
#2762 = CARTESIAN_POINT('',(0.,0.));
#2763 = VECTOR('',#2764,1.);
#2764 = DIRECTION('',(1.,0.));
#2765 = ( GEOMETRIC_REPRESENTATION_CONTEXT(2) 
PARAMETRIC_REPRESENTATION_CONTEXT() REPRESENTATION_CONTEXT('2D SPACE',''
  ) );
#2766 = ORIENTED_EDGE('',*,*,#2767,.F.);
#2767 = EDGE_CURVE('',#2739,#2739,#2768,.T.);
#2768 = SEAM_CURVE('',#2769,(#2774,#2781),.PCURVE_S1.);
#2769 = CIRCLE('',#2770,44.);
#2770 = AXIS2_PLACEMENT_3D('',#2771,#2772,#2773);
#2771 = CARTESIAN_POINT('',(2.6E+03,77.645713530756,289.77774788672));
#2772 = DIRECTION('',(-6.162975822039E-32,0.965925826289,-0.258819045103
    ));
#2773 = DIRECTION('',(2.22044604925E-16,0.258819045103,0.965925826289));
#2774 = PCURVE('',#2748,#2775);
#2775 = DEFINITIONAL_REPRESENTATION('',(#2776),#2780);
#2776 = LINE('',#2777,#2778);
#2777 = CARTESIAN_POINT('',(6.28318530718,-0.));
#2778 = VECTOR('',#2779,1.);
#2779 = DIRECTION('',(0.,1.));
#2780 = ( GEOMETRIC_REPRESENTATION_CONTEXT(2) 
PARAMETRIC_REPRESENTATION_CONTEXT() REPRESENTATION_CONTEXT('2D SPACE',''
  ) );
#2781 = PCURVE('',#2748,#2782);
#2782 = DEFINITIONAL_REPRESENTATION('',(#2783),#2787);
#2783 = LINE('',#2784,#2785);
#2784 = CARTESIAN_POINT('',(0.,-0.));
#2785 = VECTOR('',#2786,1.);
#2786 = DIRECTION('',(0.,1.));
#2787 = ( GEOMETRIC_REPRESENTATION_CONTEXT(2) 
PARAMETRIC_REPRESENTATION_CONTEXT() REPRESENTATION_CONTEXT('2D SPACE',''
  ) );
#2788 = ORIENTED_EDGE('',*,*,#2738,.T.);
#2789 = ORIENTED_EDGE('',*,*,#2767,.T.);
#2790 = ( GEOMETRIC_REPRESENTATION_CONTEXT(3) 
GLOBAL_UNCERTAINTY_ASSIGNED_CONTEXT((#2794)) 
GLOBAL_UNIT_ASSIGNED_CONTEXT((#2791,#2792,#2793)) REPRESENTATION_CONTEXT
('Context #1','3D Context with UNIT and UNCERTAINTY') );
#2791 = ( LENGTH_UNIT() NAMED_UNIT(*) SI_UNIT($,.METRE.) );
#2792 = ( NAMED_UNIT(*) PLANE_ANGLE_UNIT() SI_UNIT($,.RADIAN.) );
#2793 = ( NAMED_UNIT(*) SI_UNIT($,.STERADIAN.) SOLID_ANGLE_UNIT() );
#2794 = UNCERTAINTY_MEASURE_WITH_UNIT(LENGTH_MEASURE(1.E-07),#2791,
  'distance_accuracy_value','confusion accuracy');
#2795 = PRODUCT_RELATED_PRODUCT_CATEGORY('part',$,(#2670));
#2796 = SHAPE_DEFINITION_REPRESENTATION(#2797,#2803);
#2797 = PRODUCT_DEFINITION_SHAPE('','',#2798);
#2798 = PRODUCT_DEFINITION('design','',#2799,#2802);
#2799 = PRODUCT_DEFINITION_FORMATION('','',#2800);
#2800 = PRODUCT('TFo_10','TFo_10','',(#2801));
#2801 = PRODUCT_CONTEXT('',#2,'mechanical');
#2802 = PRODUCT_DEFINITION_CONTEXT('part definition',#2,'design');
#2803 = ADVANCED_BREP_SHAPE_REPRESENTATION('',(#11,#2804),#2862);
#2804 = MANIFOLD_SOLID_BREP('',#2805);
#2805 = CLOSED_SHELL('',(#2806));
#2806 = ADVANCED_FACE('',(#2807),#2820,.T.);
#2807 = FACE_BOUND('',#2808,.T.);
#2808 = EDGE_LOOP('',(#2809,#2838,#2860,#2861));
#2809 = ORIENTED_EDGE('',*,*,#2810,.F.);
#2810 = EDGE_CURVE('',#2811,#2811,#2813,.T.);
#2811 = VERTEX_POINT('',#2812);
#2812 = CARTESIAN_POINT('',(2.6E+03,-8.817456953861E-14,-360.));
#2813 = SEAM_CURVE('',#2814,(#2819,#2831),.PCURVE_S1.);
#2814 = CIRCLE('',#2815,360.);
#2815 = AXIS2_PLACEMENT_3D('',#2816,#2817,#2818);
#2816 = CARTESIAN_POINT('',(2.6E+03,0.,-3.263114576273E-30));
#2817 = DIRECTION('',(1.,-0.,2.22044604925E-16));
#2818 = DIRECTION('',(2.22044604925E-16,0.,-1.));
#2819 = PCURVE('',#2820,#2825);
#2820 = TOROIDAL_SURFACE('',#2821,300.,60.);
#2821 = AXIS2_PLACEMENT_3D('',#2822,#2823,#2824);
#2822 = CARTESIAN_POINT('',(2.6E+03,0.,0.));
#2823 = DIRECTION('',(1.,0.,2.22044604925E-16));
#2824 = DIRECTION('',(2.22044604925E-16,0.,-1.));
#2825 = DEFINITIONAL_REPRESENTATION('',(#2826),#2830);
#2826 = LINE('',#2827,#2828);
#2827 = CARTESIAN_POINT('',(0.,6.28318530718));
#2828 = VECTOR('',#2829,1.);
#2829 = DIRECTION('',(1.,0.));
#2830 = ( GEOMETRIC_REPRESENTATION_CONTEXT(2) 
PARAMETRIC_REPRESENTATION_CONTEXT() REPRESENTATION_CONTEXT('2D SPACE',''
  ) );
#2831 = PCURVE('',#2820,#2832);
#2832 = DEFINITIONAL_REPRESENTATION('',(#2833),#2837);
#2833 = LINE('',#2834,#2835);
#2834 = CARTESIAN_POINT('',(0.,0.));
#2835 = VECTOR('',#2836,1.);
#2836 = DIRECTION('',(1.,0.));
#2837 = ( GEOMETRIC_REPRESENTATION_CONTEXT(2) 
PARAMETRIC_REPRESENTATION_CONTEXT() REPRESENTATION_CONTEXT('2D SPACE',''
  ) );
#2838 = ORIENTED_EDGE('',*,*,#2839,.F.);
#2839 = EDGE_CURVE('',#2811,#2811,#2840,.T.);
#2840 = SEAM_CURVE('',#2841,(#2846,#2853),.PCURVE_S1.);
#2841 = CIRCLE('',#2842,60.);
#2842 = AXIS2_PLACEMENT_3D('',#2843,#2844,#2845);
#2843 = CARTESIAN_POINT('',(2.6E+03,-7.347880794884E-14,-300.));
#2844 = DIRECTION('',(-5.438524293788E-32,-1.,2.449293598295E-16));
#2845 = DIRECTION('',(2.22044604925E-16,-2.449293598295E-16,-1.));
#2846 = PCURVE('',#2820,#2847);
#2847 = DEFINITIONAL_REPRESENTATION('',(#2848),#2852);
#2848 = LINE('',#2849,#2850);
#2849 = CARTESIAN_POINT('',(6.28318530718,-0.));
#2850 = VECTOR('',#2851,1.);
#2851 = DIRECTION('',(0.,1.));
#2852 = ( GEOMETRIC_REPRESENTATION_CONTEXT(2) 
PARAMETRIC_REPRESENTATION_CONTEXT() REPRESENTATION_CONTEXT('2D SPACE',''
  ) );
#2853 = PCURVE('',#2820,#2854);
#2854 = DEFINITIONAL_REPRESENTATION('',(#2855),#2859);
#2855 = LINE('',#2856,#2857);
#2856 = CARTESIAN_POINT('',(0.,-0.));
#2857 = VECTOR('',#2858,1.);
#2858 = DIRECTION('',(0.,1.));
#2859 = ( GEOMETRIC_REPRESENTATION_CONTEXT(2) 
PARAMETRIC_REPRESENTATION_CONTEXT() REPRESENTATION_CONTEXT('2D SPACE',''
  ) );
#2860 = ORIENTED_EDGE('',*,*,#2810,.T.);
#2861 = ORIENTED_EDGE('',*,*,#2839,.T.);
#2862 = ( GEOMETRIC_REPRESENTATION_CONTEXT(3) 
GLOBAL_UNCERTAINTY_ASSIGNED_CONTEXT((#2866)) 
GLOBAL_UNIT_ASSIGNED_CONTEXT((#2863,#2864,#2865)) REPRESENTATION_CONTEXT
('Context #1','3D Context with UNIT and UNCERTAINTY') );
#2863 = ( LENGTH_UNIT() NAMED_UNIT(*) SI_UNIT($,.METRE.) );
#2864 = ( NAMED_UNIT(*) PLANE_ANGLE_UNIT() SI_UNIT($,.RADIAN.) );
#2865 = ( NAMED_UNIT(*) SI_UNIT($,.STERADIAN.) SOLID_ANGLE_UNIT() );
#2866 = UNCERTAINTY_MEASURE_WITH_UNIT(LENGTH_MEASURE(1.E-07),#2863,
  'distance_accuracy_value','confusion accuracy');
#2867 = PRODUCT_RELATED_PRODUCT_CATEGORY('part',$,(#2800));
#2868 = SHAPE_DEFINITION_REPRESENTATION(#2869,#2875);
#2869 = PRODUCT_DEFINITION_SHAPE('','',#2870);
#2870 = PRODUCT_DEFINITION('design','',#2871,#2874);
#2871 = PRODUCT_DEFINITION_FORMATION('','',#2872);
#2872 = PRODUCT('TF_10','TF_10','',(#2873));
#2873 = PRODUCT_CONTEXT('',#2,'mechanical');
#2874 = PRODUCT_DEFINITION_CONTEXT('part definition',#2,'design');
#2875 = ADVANCED_BREP_SHAPE_REPRESENTATION('',(#11,#2876),#2992);
#2876 = BREP_WITH_VOIDS('',#2877,(#2934));
#2877 = CLOSED_SHELL('',(#2878));
#2878 = ADVANCED_FACE('',(#2879),#2892,.T.);
#2879 = FACE_BOUND('',#2880,.T.);
#2880 = EDGE_LOOP('',(#2881,#2910,#2932,#2933));
#2881 = ORIENTED_EDGE('',*,*,#2882,.F.);
#2882 = EDGE_CURVE('',#2883,#2883,#2885,.T.);
#2883 = VERTEX_POINT('',#2884);
#2884 = CARTESIAN_POINT('',(2.6E+03,180.,311.76914536239));
#2885 = SEAM_CURVE('',#2886,(#2891,#2903),.PCURVE_S1.);
#2886 = CIRCLE('',#2887,360.);
#2887 = AXIS2_PLACEMENT_3D('',#2888,#2889,#2890);
#2888 = CARTESIAN_POINT('',(2.6E+03,1.631557288136E-30,
    2.825940118511E-30));
#2889 = DIRECTION('',(1.,-1.110223024625E-16,-1.922962686384E-16));
#2890 = DIRECTION('',(2.22044604925E-16,0.5,0.866025403784));
#2891 = PCURVE('',#2892,#2897);
#2892 = TOROIDAL_SURFACE('',#2893,300.,60.);
#2893 = AXIS2_PLACEMENT_3D('',#2894,#2895,#2896);
#2894 = CARTESIAN_POINT('',(2.6E+03,0.,0.));
#2895 = DIRECTION('',(1.,-1.110223024625E-16,-1.922962686384E-16));
#2896 = DIRECTION('',(2.22044604925E-16,0.5,0.866025403784));
#2897 = DEFINITIONAL_REPRESENTATION('',(#2898),#2902);
#2898 = LINE('',#2899,#2900);
#2899 = CARTESIAN_POINT('',(0.,6.28318530718));
#2900 = VECTOR('',#2901,1.);
#2901 = DIRECTION('',(1.,0.));
#2902 = ( GEOMETRIC_REPRESENTATION_CONTEXT(2) 
PARAMETRIC_REPRESENTATION_CONTEXT() REPRESENTATION_CONTEXT('2D SPACE',''
  ) );
#2903 = PCURVE('',#2892,#2904);
#2904 = DEFINITIONAL_REPRESENTATION('',(#2905),#2909);
#2905 = LINE('',#2906,#2907);
#2906 = CARTESIAN_POINT('',(0.,0.));
#2907 = VECTOR('',#2908,1.);
#2908 = DIRECTION('',(1.,0.));
#2909 = ( GEOMETRIC_REPRESENTATION_CONTEXT(2) 
PARAMETRIC_REPRESENTATION_CONTEXT() REPRESENTATION_CONTEXT('2D SPACE',''
  ) );
#2910 = ORIENTED_EDGE('',*,*,#2911,.F.);
#2911 = EDGE_CURVE('',#2883,#2883,#2912,.T.);
#2912 = SEAM_CURVE('',#2913,(#2918,#2925),.PCURVE_S1.);
#2913 = CIRCLE('',#2914,60.);
#2914 = AXIS2_PLACEMENT_3D('',#2915,#2916,#2917);
#2915 = CARTESIAN_POINT('',(2.6E+03,150.,259.80762113533));
#2916 = DIRECTION('',(-4.930380657631E-32,0.866025403784,-0.5));
#2917 = DIRECTION('',(2.22044604925E-16,0.5,0.866025403784));
#2918 = PCURVE('',#2892,#2919);
#2919 = DEFINITIONAL_REPRESENTATION('',(#2920),#2924);
#2920 = LINE('',#2921,#2922);
#2921 = CARTESIAN_POINT('',(6.28318530718,-0.));
#2922 = VECTOR('',#2923,1.);
#2923 = DIRECTION('',(0.,1.));
#2924 = ( GEOMETRIC_REPRESENTATION_CONTEXT(2) 
PARAMETRIC_REPRESENTATION_CONTEXT() REPRESENTATION_CONTEXT('2D SPACE',''
  ) );
#2925 = PCURVE('',#2892,#2926);
#2926 = DEFINITIONAL_REPRESENTATION('',(#2927),#2931);
#2927 = LINE('',#2928,#2929);
#2928 = CARTESIAN_POINT('',(0.,-0.));
#2929 = VECTOR('',#2930,1.);
#2930 = DIRECTION('',(0.,1.));
#2931 = ( GEOMETRIC_REPRESENTATION_CONTEXT(2) 
PARAMETRIC_REPRESENTATION_CONTEXT() REPRESENTATION_CONTEXT('2D SPACE',''
  ) );
#2932 = ORIENTED_EDGE('',*,*,#2882,.T.);
#2933 = ORIENTED_EDGE('',*,*,#2911,.T.);
#2934 = ORIENTED_CLOSED_SHELL('',*,#2935,.F.);
#2935 = CLOSED_SHELL('',(#2936));
#2936 = ADVANCED_FACE('',(#2937),#2950,.T.);
#2937 = FACE_BOUND('',#2938,.T.);
#2938 = EDGE_LOOP('',(#2939,#2968,#2990,#2991));
#2939 = ORIENTED_EDGE('',*,*,#2940,.F.);
#2940 = EDGE_CURVE('',#2941,#2941,#2943,.T.);
#2941 = VERTEX_POINT('',#2942);
#2942 = CARTESIAN_POINT('',(2.6E+03,172.,297.91273890184));
#2943 = SEAM_CURVE('',#2944,(#2949,#2961),.PCURVE_S1.);
#2944 = CIRCLE('',#2945,344.);
#2945 = AXIS2_PLACEMENT_3D('',#2946,#2947,#2948);
#2946 = CARTESIAN_POINT('',(2.6E+03,1.196475344633E-30,
    2.072356086908E-30));
#2947 = DIRECTION('',(1.,-1.110223024625E-16,-1.922962686384E-16));
#2948 = DIRECTION('',(2.22044604925E-16,0.5,0.866025403784));
#2949 = PCURVE('',#2950,#2955);
#2950 = TOROIDAL_SURFACE('',#2951,300.,44.);
#2951 = AXIS2_PLACEMENT_3D('',#2952,#2953,#2954);
#2952 = CARTESIAN_POINT('',(2.6E+03,0.,0.));
#2953 = DIRECTION('',(1.,-1.110223024625E-16,-1.922962686384E-16));
#2954 = DIRECTION('',(2.22044604925E-16,0.5,0.866025403784));
#2955 = DEFINITIONAL_REPRESENTATION('',(#2956),#2960);
#2956 = LINE('',#2957,#2958);
#2957 = CARTESIAN_POINT('',(0.,6.28318530718));
#2958 = VECTOR('',#2959,1.);
#2959 = DIRECTION('',(1.,0.));
#2960 = ( GEOMETRIC_REPRESENTATION_CONTEXT(2) 
PARAMETRIC_REPRESENTATION_CONTEXT() REPRESENTATION_CONTEXT('2D SPACE',''
  ) );
#2961 = PCURVE('',#2950,#2962);
#2962 = DEFINITIONAL_REPRESENTATION('',(#2963),#2967);
#2963 = LINE('',#2964,#2965);
#2964 = CARTESIAN_POINT('',(0.,0.));
#2965 = VECTOR('',#2966,1.);
#2966 = DIRECTION('',(1.,0.));
#2967 = ( GEOMETRIC_REPRESENTATION_CONTEXT(2) 
PARAMETRIC_REPRESENTATION_CONTEXT() REPRESENTATION_CONTEXT('2D SPACE',''
  ) );
#2968 = ORIENTED_EDGE('',*,*,#2969,.F.);
#2969 = EDGE_CURVE('',#2941,#2941,#2970,.T.);
#2970 = SEAM_CURVE('',#2971,(#2976,#2983),.PCURVE_S1.);
#2971 = CIRCLE('',#2972,44.);
#2972 = AXIS2_PLACEMENT_3D('',#2973,#2974,#2975);
#2973 = CARTESIAN_POINT('',(2.6E+03,150.,259.80762113533));
#2974 = DIRECTION('',(-4.930380657631E-32,0.866025403784,-0.5));
#2975 = DIRECTION('',(2.22044604925E-16,0.5,0.866025403784));
#2976 = PCURVE('',#2950,#2977);
#2977 = DEFINITIONAL_REPRESENTATION('',(#2978),#2982);
#2978 = LINE('',#2979,#2980);
#2979 = CARTESIAN_POINT('',(6.28318530718,-0.));
#2980 = VECTOR('',#2981,1.);
#2981 = DIRECTION('',(0.,1.));
#2982 = ( GEOMETRIC_REPRESENTATION_CONTEXT(2) 
PARAMETRIC_REPRESENTATION_CONTEXT() REPRESENTATION_CONTEXT('2D SPACE',''
  ) );
#2983 = PCURVE('',#2950,#2984);
#2984 = DEFINITIONAL_REPRESENTATION('',(#2985),#2989);
#2985 = LINE('',#2986,#2987);
#2986 = CARTESIAN_POINT('',(0.,-0.));
#2987 = VECTOR('',#2988,1.);
#2988 = DIRECTION('',(0.,1.));
#2989 = ( GEOMETRIC_REPRESENTATION_CONTEXT(2) 
PARAMETRIC_REPRESENTATION_CONTEXT() REPRESENTATION_CONTEXT('2D SPACE',''
  ) );
#2990 = ORIENTED_EDGE('',*,*,#2940,.T.);
#2991 = ORIENTED_EDGE('',*,*,#2969,.T.);
#2992 = ( GEOMETRIC_REPRESENTATION_CONTEXT(3) 
GLOBAL_UNCERTAINTY_ASSIGNED_CONTEXT((#2996)) 
GLOBAL_UNIT_ASSIGNED_CONTEXT((#2993,#2994,#2995)) REPRESENTATION_CONTEXT
('Context #1','3D Context with UNIT and UNCERTAINTY') );
#2993 = ( LENGTH_UNIT() NAMED_UNIT(*) SI_UNIT($,.METRE.) );
#2994 = ( NAMED_UNIT(*) PLANE_ANGLE_UNIT() SI_UNIT($,.RADIAN.) );
#2995 = ( NAMED_UNIT(*) SI_UNIT($,.STERADIAN.) SOLID_ANGLE_UNIT() );
#2996 = UNCERTAINTY_MEASURE_WITH_UNIT(LENGTH_MEASURE(1.E-07),#2993,
  'distance_accuracy_value','confusion accuracy');
#2997 = PRODUCT_RELATED_PRODUCT_CATEGORY('part',$,(#2872));
#2998 = SHAPE_DEFINITION_REPRESENTATION(#2999,#3005);
#2999 = PRODUCT_DEFINITION_SHAPE('','',#3000);
#3000 = PRODUCT_DEFINITION('design','',#3001,#3004);
#3001 = PRODUCT_DEFINITION_FORMATION('','',#3002);
#3002 = PRODUCT('TFi_11','TFi_11','',(#3003));
#3003 = PRODUCT_CONTEXT('',#2,'mechanical');
#3004 = PRODUCT_DEFINITION_CONTEXT('part definition',#2,'design');
#3005 = ADVANCED_BREP_SHAPE_REPRESENTATION('',(#11,#3006),#3064);
#3006 = MANIFOLD_SOLID_BREP('',#3007);
#3007 = CLOSED_SHELL('',(#3008));
#3008 = ADVANCED_FACE('',(#3009),#3022,.T.);
#3009 = FACE_BOUND('',#3010,.T.);
#3010 = EDGE_LOOP('',(#3011,#3040,#3062,#3063));
#3011 = ORIENTED_EDGE('',*,*,#3012,.F.);
#3012 = EDGE_CURVE('',#3013,#3013,#3015,.T.);
#3013 = VERTEX_POINT('',#3014);
#3014 = CARTESIAN_POINT('',(2.6E+03,-8.425569978134E-14,-344.));
#3015 = SEAM_CURVE('',#3016,(#3021,#3033),.PCURVE_S1.);
#3016 = CIRCLE('',#3017,344.);
#3017 = AXIS2_PLACEMENT_3D('',#3018,#3019,#3020);
#3018 = CARTESIAN_POINT('',(2.6E+03,0.,-2.392950689267E-30));
#3019 = DIRECTION('',(1.,-0.,2.22044604925E-16));
#3020 = DIRECTION('',(2.22044604925E-16,0.,-1.));
#3021 = PCURVE('',#3022,#3027);
#3022 = TOROIDAL_SURFACE('',#3023,300.,44.);
#3023 = AXIS2_PLACEMENT_3D('',#3024,#3025,#3026);
#3024 = CARTESIAN_POINT('',(2.6E+03,0.,0.));
#3025 = DIRECTION('',(1.,0.,2.22044604925E-16));
#3026 = DIRECTION('',(2.22044604925E-16,0.,-1.));
#3027 = DEFINITIONAL_REPRESENTATION('',(#3028),#3032);
#3028 = LINE('',#3029,#3030);
#3029 = CARTESIAN_POINT('',(0.,6.28318530718));
#3030 = VECTOR('',#3031,1.);
#3031 = DIRECTION('',(1.,0.));
#3032 = ( GEOMETRIC_REPRESENTATION_CONTEXT(2) 
PARAMETRIC_REPRESENTATION_CONTEXT() REPRESENTATION_CONTEXT('2D SPACE',''
  ) );
#3033 = PCURVE('',#3022,#3034);
#3034 = DEFINITIONAL_REPRESENTATION('',(#3035),#3039);
#3035 = LINE('',#3036,#3037);
#3036 = CARTESIAN_POINT('',(0.,0.));
#3037 = VECTOR('',#3038,1.);
#3038 = DIRECTION('',(1.,0.));
#3039 = ( GEOMETRIC_REPRESENTATION_CONTEXT(2) 
PARAMETRIC_REPRESENTATION_CONTEXT() REPRESENTATION_CONTEXT('2D SPACE',''
  ) );
#3040 = ORIENTED_EDGE('',*,*,#3041,.F.);
#3041 = EDGE_CURVE('',#3013,#3013,#3042,.T.);
#3042 = SEAM_CURVE('',#3043,(#3048,#3055),.PCURVE_S1.);
#3043 = CIRCLE('',#3044,44.);
#3044 = AXIS2_PLACEMENT_3D('',#3045,#3046,#3047);
#3045 = CARTESIAN_POINT('',(2.6E+03,-7.347880794884E-14,-300.));
#3046 = DIRECTION('',(-5.438524293788E-32,-1.,2.449293598295E-16));
#3047 = DIRECTION('',(2.22044604925E-16,-2.449293598295E-16,-1.));
#3048 = PCURVE('',#3022,#3049);
#3049 = DEFINITIONAL_REPRESENTATION('',(#3050),#3054);
#3050 = LINE('',#3051,#3052);
#3051 = CARTESIAN_POINT('',(6.28318530718,-0.));
#3052 = VECTOR('',#3053,1.);
#3053 = DIRECTION('',(0.,1.));
#3054 = ( GEOMETRIC_REPRESENTATION_CONTEXT(2) 
PARAMETRIC_REPRESENTATION_CONTEXT() REPRESENTATION_CONTEXT('2D SPACE',''
  ) );
#3055 = PCURVE('',#3022,#3056);
#3056 = DEFINITIONAL_REPRESENTATION('',(#3057),#3061);
#3057 = LINE('',#3058,#3059);
#3058 = CARTESIAN_POINT('',(0.,-0.));
#3059 = VECTOR('',#3060,1.);
#3060 = DIRECTION('',(0.,1.));
#3061 = ( GEOMETRIC_REPRESENTATION_CONTEXT(2) 
PARAMETRIC_REPRESENTATION_CONTEXT() REPRESENTATION_CONTEXT('2D SPACE',''
  ) );
#3062 = ORIENTED_EDGE('',*,*,#3012,.T.);
#3063 = ORIENTED_EDGE('',*,*,#3041,.T.);
#3064 = ( GEOMETRIC_REPRESENTATION_CONTEXT(3) 
GLOBAL_UNCERTAINTY_ASSIGNED_CONTEXT((#3068)) 
GLOBAL_UNIT_ASSIGNED_CONTEXT((#3065,#3066,#3067)) REPRESENTATION_CONTEXT
('Context #1','3D Context with UNIT and UNCERTAINTY') );
#3065 = ( LENGTH_UNIT() NAMED_UNIT(*) SI_UNIT($,.METRE.) );
#3066 = ( NAMED_UNIT(*) PLANE_ANGLE_UNIT() SI_UNIT($,.RADIAN.) );
#3067 = ( NAMED_UNIT(*) SI_UNIT($,.STERADIAN.) SOLID_ANGLE_UNIT() );
#3068 = UNCERTAINTY_MEASURE_WITH_UNIT(LENGTH_MEASURE(1.E-07),#3065,
  'distance_accuracy_value','confusion accuracy');
#3069 = PRODUCT_RELATED_PRODUCT_CATEGORY('part',$,(#3002));
#3070 = SHAPE_DEFINITION_REPRESENTATION(#3071,#3077);
#3071 = PRODUCT_DEFINITION_SHAPE('','',#3072);
#3072 = PRODUCT_DEFINITION('design','',#3073,#3076);
#3073 = PRODUCT_DEFINITION_FORMATION('','',#3074);
#3074 = PRODUCT('TFo_12','TFo_12','',(#3075));
#3075 = PRODUCT_CONTEXT('',#2,'mechanical');
#3076 = PRODUCT_DEFINITION_CONTEXT('part definition',#2,'design');
#3077 = ADVANCED_BREP_SHAPE_REPRESENTATION('',(#11,#3078),#3136);
#3078 = MANIFOLD_SOLID_BREP('',#3079);
#3079 = CLOSED_SHELL('',(#3080));
#3080 = ADVANCED_FACE('',(#3081),#3094,.T.);
#3081 = FACE_BOUND('',#3082,.T.);
#3082 = EDGE_LOOP('',(#3083,#3112,#3134,#3135));
#3083 = ORIENTED_EDGE('',*,*,#3084,.F.);
#3084 = EDGE_CURVE('',#3085,#3085,#3087,.T.);
#3085 = VERTEX_POINT('',#3086);
#3086 = CARTESIAN_POINT('',(2.6E+03,-8.817456953861E-14,-360.));
#3087 = SEAM_CURVE('',#3088,(#3093,#3105),.PCURVE_S1.);
#3088 = CIRCLE('',#3089,360.);
#3089 = AXIS2_PLACEMENT_3D('',#3090,#3091,#3092);
#3090 = CARTESIAN_POINT('',(2.6E+03,0.,-3.263114576273E-30));
#3091 = DIRECTION('',(1.,-0.,2.22044604925E-16));
#3092 = DIRECTION('',(2.22044604925E-16,0.,-1.));
#3093 = PCURVE('',#3094,#3099);
#3094 = TOROIDAL_SURFACE('',#3095,300.,60.);
#3095 = AXIS2_PLACEMENT_3D('',#3096,#3097,#3098);
#3096 = CARTESIAN_POINT('',(2.6E+03,0.,0.));
#3097 = DIRECTION('',(1.,0.,2.22044604925E-16));
#3098 = DIRECTION('',(2.22044604925E-16,0.,-1.));
#3099 = DEFINITIONAL_REPRESENTATION('',(#3100),#3104);
#3100 = LINE('',#3101,#3102);
#3101 = CARTESIAN_POINT('',(0.,6.28318530718));
#3102 = VECTOR('',#3103,1.);
#3103 = DIRECTION('',(1.,0.));
#3104 = ( GEOMETRIC_REPRESENTATION_CONTEXT(2) 
PARAMETRIC_REPRESENTATION_CONTEXT() REPRESENTATION_CONTEXT('2D SPACE',''
  ) );
#3105 = PCURVE('',#3094,#3106);
#3106 = DEFINITIONAL_REPRESENTATION('',(#3107),#3111);
#3107 = LINE('',#3108,#3109);
#3108 = CARTESIAN_POINT('',(0.,0.));
#3109 = VECTOR('',#3110,1.);
#3110 = DIRECTION('',(1.,0.));
#3111 = ( GEOMETRIC_REPRESENTATION_CONTEXT(2) 
PARAMETRIC_REPRESENTATION_CONTEXT() REPRESENTATION_CONTEXT('2D SPACE',''
  ) );
#3112 = ORIENTED_EDGE('',*,*,#3113,.F.);
#3113 = EDGE_CURVE('',#3085,#3085,#3114,.T.);
#3114 = SEAM_CURVE('',#3115,(#3120,#3127),.PCURVE_S1.);
#3115 = CIRCLE('',#3116,60.);
#3116 = AXIS2_PLACEMENT_3D('',#3117,#3118,#3119);
#3117 = CARTESIAN_POINT('',(2.6E+03,-7.347880794884E-14,-300.));
#3118 = DIRECTION('',(-5.438524293788E-32,-1.,2.449293598295E-16));
#3119 = DIRECTION('',(2.22044604925E-16,-2.449293598295E-16,-1.));
#3120 = PCURVE('',#3094,#3121);
#3121 = DEFINITIONAL_REPRESENTATION('',(#3122),#3126);
#3122 = LINE('',#3123,#3124);
#3123 = CARTESIAN_POINT('',(6.28318530718,-0.));
#3124 = VECTOR('',#3125,1.);
#3125 = DIRECTION('',(0.,1.));
#3126 = ( GEOMETRIC_REPRESENTATION_CONTEXT(2) 
PARAMETRIC_REPRESENTATION_CONTEXT() REPRESENTATION_CONTEXT('2D SPACE',''
  ) );
#3127 = PCURVE('',#3094,#3128);
#3128 = DEFINITIONAL_REPRESENTATION('',(#3129),#3133);
#3129 = LINE('',#3130,#3131);
#3130 = CARTESIAN_POINT('',(0.,-0.));
#3131 = VECTOR('',#3132,1.);
#3132 = DIRECTION('',(0.,1.));
#3133 = ( GEOMETRIC_REPRESENTATION_CONTEXT(2) 
PARAMETRIC_REPRESENTATION_CONTEXT() REPRESENTATION_CONTEXT('2D SPACE',''
  ) );
#3134 = ORIENTED_EDGE('',*,*,#3084,.T.);
#3135 = ORIENTED_EDGE('',*,*,#3113,.T.);
#3136 = ( GEOMETRIC_REPRESENTATION_CONTEXT(3) 
GLOBAL_UNCERTAINTY_ASSIGNED_CONTEXT((#3140)) 
GLOBAL_UNIT_ASSIGNED_CONTEXT((#3137,#3138,#3139)) REPRESENTATION_CONTEXT
('Context #1','3D Context with UNIT and UNCERTAINTY') );
#3137 = ( LENGTH_UNIT() NAMED_UNIT(*) SI_UNIT($,.METRE.) );
#3138 = ( NAMED_UNIT(*) PLANE_ANGLE_UNIT() SI_UNIT($,.RADIAN.) );
#3139 = ( NAMED_UNIT(*) SI_UNIT($,.STERADIAN.) SOLID_ANGLE_UNIT() );
#3140 = UNCERTAINTY_MEASURE_WITH_UNIT(LENGTH_MEASURE(1.E-07),#3137,
  'distance_accuracy_value','confusion accuracy');
#3141 = PRODUCT_RELATED_PRODUCT_CATEGORY('part',$,(#3074));
#3142 = SHAPE_DEFINITION_REPRESENTATION(#3143,#3149);
#3143 = PRODUCT_DEFINITION_SHAPE('','',#3144);
#3144 = PRODUCT_DEFINITION('design','',#3145,#3148);
#3145 = PRODUCT_DEFINITION_FORMATION('','',#3146);
#3146 = PRODUCT('TF_17','TF_17','',(#3147));
#3147 = PRODUCT_CONTEXT('',#2,'mechanical');
#3148 = PRODUCT_DEFINITION_CONTEXT('part definition',#2,'design');
#3149 = ADVANCED_BREP_SHAPE_REPRESENTATION('',(#11,#3150),#3266);
#3150 = BREP_WITH_VOIDS('',#3151,(#3208));
#3151 = CLOSED_SHELL('',(#3152));
#3152 = ADVANCED_FACE('',(#3153),#3166,.T.);
#3153 = FACE_BOUND('',#3154,.T.);
#3154 = EDGE_LOOP('',(#3155,#3184,#3206,#3207));
#3155 = ORIENTED_EDGE('',*,*,#3156,.F.);
#3156 = EDGE_CURVE('',#3157,#3157,#3159,.T.);
#3157 = VERTEX_POINT('',#3158);
#3158 = CARTESIAN_POINT('',(2.6E+03,-347.733297464,93.174856236908));
#3159 = SEAM_CURVE('',#3160,(#3165,#3177),.PCURVE_S1.);
#3160 = CIRCLE('',#3161,360.);
#3161 = AXIS2_PLACEMENT_3D('',#3162,#3163,#3164);
#3162 = CARTESIAN_POINT('',(2.6E+03,-3.151926643362E-30,
    8.44556198691E-31));
#3163 = DIRECTION('',(1.,2.144786184852E-16,-5.746937261686E-17));
#3164 = DIRECTION('',(2.22044604925E-16,-0.965925826289,0.258819045103)
  );
#3165 = PCURVE('',#3166,#3171);
#3166 = TOROIDAL_SURFACE('',#3167,300.,60.);
#3167 = AXIS2_PLACEMENT_3D('',#3168,#3169,#3170);
#3168 = CARTESIAN_POINT('',(2.6E+03,0.,0.));
#3169 = DIRECTION('',(1.,2.144786184852E-16,-5.746937261686E-17));
#3170 = DIRECTION('',(2.22044604925E-16,-0.965925826289,0.258819045103)
  );
#3171 = DEFINITIONAL_REPRESENTATION('',(#3172),#3176);
#3172 = LINE('',#3173,#3174);
#3173 = CARTESIAN_POINT('',(0.,6.28318530718));
#3174 = VECTOR('',#3175,1.);
#3175 = DIRECTION('',(1.,0.));
#3176 = ( GEOMETRIC_REPRESENTATION_CONTEXT(2) 
PARAMETRIC_REPRESENTATION_CONTEXT() REPRESENTATION_CONTEXT('2D SPACE',''
  ) );
#3177 = PCURVE('',#3166,#3178);
#3178 = DEFINITIONAL_REPRESENTATION('',(#3179),#3183);
#3179 = LINE('',#3180,#3181);
#3180 = CARTESIAN_POINT('',(0.,0.));
#3181 = VECTOR('',#3182,1.);
#3182 = DIRECTION('',(1.,0.));
#3183 = ( GEOMETRIC_REPRESENTATION_CONTEXT(2) 
PARAMETRIC_REPRESENTATION_CONTEXT() REPRESENTATION_CONTEXT('2D SPACE',''
  ) );
#3184 = ORIENTED_EDGE('',*,*,#3185,.F.);
#3185 = EDGE_CURVE('',#3157,#3157,#3186,.T.);
#3186 = SEAM_CURVE('',#3187,(#3192,#3199),.PCURVE_S1.);
#3187 = CIRCLE('',#3188,60.);
#3188 = AXIS2_PLACEMENT_3D('',#3189,#3190,#3191);
#3189 = CARTESIAN_POINT('',(2.6E+03,-289.7777478867,77.645713530756));
#3190 = DIRECTION('',(-6.162975822039E-32,0.258819045103,0.965925826289)
  );
#3191 = DIRECTION('',(2.22044604925E-16,-0.965925826289,0.258819045103)
  );
#3192 = PCURVE('',#3166,#3193);
#3193 = DEFINITIONAL_REPRESENTATION('',(#3194),#3198);
#3194 = LINE('',#3195,#3196);
#3195 = CARTESIAN_POINT('',(6.28318530718,-0.));
#3196 = VECTOR('',#3197,1.);
#3197 = DIRECTION('',(0.,1.));
#3198 = ( GEOMETRIC_REPRESENTATION_CONTEXT(2) 
PARAMETRIC_REPRESENTATION_CONTEXT() REPRESENTATION_CONTEXT('2D SPACE',''
  ) );
#3199 = PCURVE('',#3166,#3200);
#3200 = DEFINITIONAL_REPRESENTATION('',(#3201),#3205);
#3201 = LINE('',#3202,#3203);
#3202 = CARTESIAN_POINT('',(0.,-0.));
#3203 = VECTOR('',#3204,1.);
#3204 = DIRECTION('',(0.,1.));
#3205 = ( GEOMETRIC_REPRESENTATION_CONTEXT(2) 
PARAMETRIC_REPRESENTATION_CONTEXT() REPRESENTATION_CONTEXT('2D SPACE',''
  ) );
#3206 = ORIENTED_EDGE('',*,*,#3156,.T.);
#3207 = ORIENTED_EDGE('',*,*,#3185,.T.);
#3208 = ORIENTED_CLOSED_SHELL('',*,#3209,.F.);
#3209 = CLOSED_SHELL('',(#3210));
#3210 = ADVANCED_FACE('',(#3211),#3224,.T.);
#3211 = FACE_BOUND('',#3212,.T.);
#3212 = EDGE_LOOP('',(#3213,#3242,#3264,#3265));
#3213 = ORIENTED_EDGE('',*,*,#3214,.F.);
#3214 = EDGE_CURVE('',#3215,#3215,#3217,.T.);
#3215 = VERTEX_POINT('',#3216);
#3216 = CARTESIAN_POINT('',(2.6E+03,-332.2784842434,89.033751515267));
#3217 = SEAM_CURVE('',#3218,(#3223,#3235),.PCURVE_S1.);
#3218 = CIRCLE('',#3219,344.);
#3219 = AXIS2_PLACEMENT_3D('',#3220,#3221,#3222);
#3220 = CARTESIAN_POINT('',(2.6E+03,-2.311412871799E-30,
    6.193412123734E-31));
#3221 = DIRECTION('',(1.,2.144786184852E-16,-5.746937261686E-17));
#3222 = DIRECTION('',(2.22044604925E-16,-0.965925826289,0.258819045103)
  );
#3223 = PCURVE('',#3224,#3229);
#3224 = TOROIDAL_SURFACE('',#3225,300.,44.);
#3225 = AXIS2_PLACEMENT_3D('',#3226,#3227,#3228);
#3226 = CARTESIAN_POINT('',(2.6E+03,0.,0.));
#3227 = DIRECTION('',(1.,2.144786184852E-16,-5.746937261686E-17));
#3228 = DIRECTION('',(2.22044604925E-16,-0.965925826289,0.258819045103)
  );
#3229 = DEFINITIONAL_REPRESENTATION('',(#3230),#3234);
#3230 = LINE('',#3231,#3232);
#3231 = CARTESIAN_POINT('',(0.,6.28318530718));
#3232 = VECTOR('',#3233,1.);
#3233 = DIRECTION('',(1.,0.));
#3234 = ( GEOMETRIC_REPRESENTATION_CONTEXT(2) 
PARAMETRIC_REPRESENTATION_CONTEXT() REPRESENTATION_CONTEXT('2D SPACE',''
  ) );
#3235 = PCURVE('',#3224,#3236);
#3236 = DEFINITIONAL_REPRESENTATION('',(#3237),#3241);
#3237 = LINE('',#3238,#3239);
#3238 = CARTESIAN_POINT('',(0.,0.));
#3239 = VECTOR('',#3240,1.);
#3240 = DIRECTION('',(1.,0.));
#3241 = ( GEOMETRIC_REPRESENTATION_CONTEXT(2) 
PARAMETRIC_REPRESENTATION_CONTEXT() REPRESENTATION_CONTEXT('2D SPACE',''
  ) );
#3242 = ORIENTED_EDGE('',*,*,#3243,.F.);
#3243 = EDGE_CURVE('',#3215,#3215,#3244,.T.);
#3244 = SEAM_CURVE('',#3245,(#3250,#3257),.PCURVE_S1.);
#3245 = CIRCLE('',#3246,44.);
#3246 = AXIS2_PLACEMENT_3D('',#3247,#3248,#3249);
#3247 = CARTESIAN_POINT('',(2.6E+03,-289.7777478867,77.645713530756));
#3248 = DIRECTION('',(-6.162975822039E-32,0.258819045103,0.965925826289)
  );
#3249 = DIRECTION('',(2.22044604925E-16,-0.965925826289,0.258819045103)
  );
#3250 = PCURVE('',#3224,#3251);
#3251 = DEFINITIONAL_REPRESENTATION('',(#3252),#3256);
#3252 = LINE('',#3253,#3254);
#3253 = CARTESIAN_POINT('',(6.28318530718,-0.));
#3254 = VECTOR('',#3255,1.);
#3255 = DIRECTION('',(0.,1.));
#3256 = ( GEOMETRIC_REPRESENTATION_CONTEXT(2) 
PARAMETRIC_REPRESENTATION_CONTEXT() REPRESENTATION_CONTEXT('2D SPACE',''
  ) );
#3257 = PCURVE('',#3224,#3258);
#3258 = DEFINITIONAL_REPRESENTATION('',(#3259),#3263);
#3259 = LINE('',#3260,#3261);
#3260 = CARTESIAN_POINT('',(0.,-0.));
#3261 = VECTOR('',#3262,1.);
#3262 = DIRECTION('',(0.,1.));
#3263 = ( GEOMETRIC_REPRESENTATION_CONTEXT(2) 
PARAMETRIC_REPRESENTATION_CONTEXT() REPRESENTATION_CONTEXT('2D SPACE',''
  ) );
#3264 = ORIENTED_EDGE('',*,*,#3214,.T.);
#3265 = ORIENTED_EDGE('',*,*,#3243,.T.);
#3266 = ( GEOMETRIC_REPRESENTATION_CONTEXT(3) 
GLOBAL_UNCERTAINTY_ASSIGNED_CONTEXT((#3270)) 
GLOBAL_UNIT_ASSIGNED_CONTEXT((#3267,#3268,#3269)) REPRESENTATION_CONTEXT
('Context #1','3D Context with UNIT and UNCERTAINTY') );
#3267 = ( LENGTH_UNIT() NAMED_UNIT(*) SI_UNIT($,.METRE.) );
#3268 = ( NAMED_UNIT(*) PLANE_ANGLE_UNIT() SI_UNIT($,.RADIAN.) );
#3269 = ( NAMED_UNIT(*) SI_UNIT($,.STERADIAN.) SOLID_ANGLE_UNIT() );
#3270 = UNCERTAINTY_MEASURE_WITH_UNIT(LENGTH_MEASURE(1.E-07),#3267,
  'distance_accuracy_value','confusion accuracy');
#3271 = PRODUCT_RELATED_PRODUCT_CATEGORY('part',$,(#3146));
#3272 = SHAPE_DEFINITION_REPRESENTATION(#3273,#3279);
#3273 = PRODUCT_DEFINITION_SHAPE('','',#3274);
#3274 = PRODUCT_DEFINITION('design','',#3275,#3278);
#3275 = PRODUCT_DEFINITION_FORMATION('','',#3276);
#3276 = PRODUCT('TFo_18','TFo_18','',(#3277));
#3277 = PRODUCT_CONTEXT('',#2,'mechanical');
#3278 = PRODUCT_DEFINITION_CONTEXT('part definition',#2,'design');
#3279 = ADVANCED_BREP_SHAPE_REPRESENTATION('',(#11,#3280),#3338);
#3280 = MANIFOLD_SOLID_BREP('',#3281);
#3281 = CLOSED_SHELL('',(#3282));
#3282 = ADVANCED_FACE('',(#3283),#3296,.T.);
#3283 = FACE_BOUND('',#3284,.T.);
#3284 = EDGE_LOOP('',(#3285,#3314,#3336,#3337));
#3285 = ORIENTED_EDGE('',*,*,#3286,.F.);
#3286 = EDGE_CURVE('',#3287,#3287,#3289,.T.);
#3287 = VERTEX_POINT('',#3288);
#3288 = CARTESIAN_POINT('',(2.6E+03,-8.817456953861E-14,-360.));
#3289 = SEAM_CURVE('',#3290,(#3295,#3307),.PCURVE_S1.);
#3290 = CIRCLE('',#3291,360.);
#3291 = AXIS2_PLACEMENT_3D('',#3292,#3293,#3294);
#3292 = CARTESIAN_POINT('',(2.6E+03,0.,-3.263114576273E-30));
#3293 = DIRECTION('',(1.,-0.,2.22044604925E-16));
#3294 = DIRECTION('',(2.22044604925E-16,0.,-1.));
#3295 = PCURVE('',#3296,#3301);
#3296 = TOROIDAL_SURFACE('',#3297,300.,60.);
#3297 = AXIS2_PLACEMENT_3D('',#3298,#3299,#3300);
#3298 = CARTESIAN_POINT('',(2.6E+03,0.,0.));
#3299 = DIRECTION('',(1.,0.,2.22044604925E-16));
#3300 = DIRECTION('',(2.22044604925E-16,0.,-1.));
#3301 = DEFINITIONAL_REPRESENTATION('',(#3302),#3306);
#3302 = LINE('',#3303,#3304);
#3303 = CARTESIAN_POINT('',(0.,6.28318530718));
#3304 = VECTOR('',#3305,1.);
#3305 = DIRECTION('',(1.,0.));
#3306 = ( GEOMETRIC_REPRESENTATION_CONTEXT(2) 
PARAMETRIC_REPRESENTATION_CONTEXT() REPRESENTATION_CONTEXT('2D SPACE',''
  ) );
#3307 = PCURVE('',#3296,#3308);
#3308 = DEFINITIONAL_REPRESENTATION('',(#3309),#3313);
#3309 = LINE('',#3310,#3311);
#3310 = CARTESIAN_POINT('',(0.,0.));
#3311 = VECTOR('',#3312,1.);
#3312 = DIRECTION('',(1.,0.));
#3313 = ( GEOMETRIC_REPRESENTATION_CONTEXT(2) 
PARAMETRIC_REPRESENTATION_CONTEXT() REPRESENTATION_CONTEXT('2D SPACE',''
  ) );
#3314 = ORIENTED_EDGE('',*,*,#3315,.F.);
#3315 = EDGE_CURVE('',#3287,#3287,#3316,.T.);
#3316 = SEAM_CURVE('',#3317,(#3322,#3329),.PCURVE_S1.);
#3317 = CIRCLE('',#3318,60.);
#3318 = AXIS2_PLACEMENT_3D('',#3319,#3320,#3321);
#3319 = CARTESIAN_POINT('',(2.6E+03,-7.347880794884E-14,-300.));
#3320 = DIRECTION('',(-5.438524293788E-32,-1.,2.449293598295E-16));
#3321 = DIRECTION('',(2.22044604925E-16,-2.449293598295E-16,-1.));
#3322 = PCURVE('',#3296,#3323);
#3323 = DEFINITIONAL_REPRESENTATION('',(#3324),#3328);
#3324 = LINE('',#3325,#3326);
#3325 = CARTESIAN_POINT('',(6.28318530718,-0.));
#3326 = VECTOR('',#3327,1.);
#3327 = DIRECTION('',(0.,1.));
#3328 = ( GEOMETRIC_REPRESENTATION_CONTEXT(2) 
PARAMETRIC_REPRESENTATION_CONTEXT() REPRESENTATION_CONTEXT('2D SPACE',''
  ) );
#3329 = PCURVE('',#3296,#3330);
#3330 = DEFINITIONAL_REPRESENTATION('',(#3331),#3335);
#3331 = LINE('',#3332,#3333);
#3332 = CARTESIAN_POINT('',(0.,-0.));
#3333 = VECTOR('',#3334,1.);
#3334 = DIRECTION('',(0.,1.));
#3335 = ( GEOMETRIC_REPRESENTATION_CONTEXT(2) 
PARAMETRIC_REPRESENTATION_CONTEXT() REPRESENTATION_CONTEXT('2D SPACE',''
  ) );
#3336 = ORIENTED_EDGE('',*,*,#3286,.T.);
#3337 = ORIENTED_EDGE('',*,*,#3315,.T.);
#3338 = ( GEOMETRIC_REPRESENTATION_CONTEXT(3) 
GLOBAL_UNCERTAINTY_ASSIGNED_CONTEXT((#3342)) 
GLOBAL_UNIT_ASSIGNED_CONTEXT((#3339,#3340,#3341)) REPRESENTATION_CONTEXT
('Context #1','3D Context with UNIT and UNCERTAINTY') );
#3339 = ( LENGTH_UNIT() NAMED_UNIT(*) SI_UNIT($,.METRE.) );
#3340 = ( NAMED_UNIT(*) PLANE_ANGLE_UNIT() SI_UNIT($,.RADIAN.) );
#3341 = ( NAMED_UNIT(*) SI_UNIT($,.STERADIAN.) SOLID_ANGLE_UNIT() );
#3342 = UNCERTAINTY_MEASURE_WITH_UNIT(LENGTH_MEASURE(1.E-07),#3339,
  'distance_accuracy_value','confusion accuracy');
#3343 = PRODUCT_RELATED_PRODUCT_CATEGORY('part',$,(#3276));
#3344 = SHAPE_DEFINITION_REPRESENTATION(#3345,#3351);
#3345 = PRODUCT_DEFINITION_SHAPE('','',#3346);
#3346 = PRODUCT_DEFINITION('design','',#3347,#3350);
#3347 = PRODUCT_DEFINITION_FORMATION('','',#3348);
#3348 = PRODUCT('TFo_19','TFo_19','',(#3349));
#3349 = PRODUCT_CONTEXT('',#2,'mechanical');
#3350 = PRODUCT_DEFINITION_CONTEXT('part definition',#2,'design');
#3351 = ADVANCED_BREP_SHAPE_REPRESENTATION('',(#11,#3352),#3410);
#3352 = MANIFOLD_SOLID_BREP('',#3353);
#3353 = CLOSED_SHELL('',(#3354));
#3354 = ADVANCED_FACE('',(#3355),#3368,.T.);
#3355 = FACE_BOUND('',#3356,.T.);
#3356 = EDGE_LOOP('',(#3357,#3386,#3408,#3409));
#3357 = ORIENTED_EDGE('',*,*,#3358,.F.);
#3358 = EDGE_CURVE('',#3359,#3359,#3361,.T.);
#3359 = VERTEX_POINT('',#3360);
#3360 = CARTESIAN_POINT('',(2.6E+03,-8.817456953861E-14,-360.));
#3361 = SEAM_CURVE('',#3362,(#3367,#3379),.PCURVE_S1.);
#3362 = CIRCLE('',#3363,360.);
#3363 = AXIS2_PLACEMENT_3D('',#3364,#3365,#3366);
#3364 = CARTESIAN_POINT('',(2.6E+03,0.,-3.263114576273E-30));
#3365 = DIRECTION('',(1.,-0.,2.22044604925E-16));
#3366 = DIRECTION('',(2.22044604925E-16,0.,-1.));
#3367 = PCURVE('',#3368,#3373);
#3368 = TOROIDAL_SURFACE('',#3369,300.,60.);
#3369 = AXIS2_PLACEMENT_3D('',#3370,#3371,#3372);
#3370 = CARTESIAN_POINT('',(2.6E+03,0.,0.));
#3371 = DIRECTION('',(1.,0.,2.22044604925E-16));
#3372 = DIRECTION('',(2.22044604925E-16,0.,-1.));
#3373 = DEFINITIONAL_REPRESENTATION('',(#3374),#3378);
#3374 = LINE('',#3375,#3376);
#3375 = CARTESIAN_POINT('',(0.,6.28318530718));
#3376 = VECTOR('',#3377,1.);
#3377 = DIRECTION('',(1.,0.));
#3378 = ( GEOMETRIC_REPRESENTATION_CONTEXT(2) 
PARAMETRIC_REPRESENTATION_CONTEXT() REPRESENTATION_CONTEXT('2D SPACE',''
  ) );
#3379 = PCURVE('',#3368,#3380);
#3380 = DEFINITIONAL_REPRESENTATION('',(#3381),#3385);
#3381 = LINE('',#3382,#3383);
#3382 = CARTESIAN_POINT('',(0.,0.));
#3383 = VECTOR('',#3384,1.);
#3384 = DIRECTION('',(1.,0.));
#3385 = ( GEOMETRIC_REPRESENTATION_CONTEXT(2) 
PARAMETRIC_REPRESENTATION_CONTEXT() REPRESENTATION_CONTEXT('2D SPACE',''
  ) );
#3386 = ORIENTED_EDGE('',*,*,#3387,.F.);
#3387 = EDGE_CURVE('',#3359,#3359,#3388,.T.);
#3388 = SEAM_CURVE('',#3389,(#3394,#3401),.PCURVE_S1.);
#3389 = CIRCLE('',#3390,60.);
#3390 = AXIS2_PLACEMENT_3D('',#3391,#3392,#3393);
#3391 = CARTESIAN_POINT('',(2.6E+03,-7.347880794884E-14,-300.));
#3392 = DIRECTION('',(-5.438524293788E-32,-1.,2.449293598295E-16));
#3393 = DIRECTION('',(2.22044604925E-16,-2.449293598295E-16,-1.));
#3394 = PCURVE('',#3368,#3395);
#3395 = DEFINITIONAL_REPRESENTATION('',(#3396),#3400);
#3396 = LINE('',#3397,#3398);
#3397 = CARTESIAN_POINT('',(6.28318530718,-0.));
#3398 = VECTOR('',#3399,1.);
#3399 = DIRECTION('',(0.,1.));
#3400 = ( GEOMETRIC_REPRESENTATION_CONTEXT(2) 
PARAMETRIC_REPRESENTATION_CONTEXT() REPRESENTATION_CONTEXT('2D SPACE',''
  ) );
#3401 = PCURVE('',#3368,#3402);
#3402 = DEFINITIONAL_REPRESENTATION('',(#3403),#3407);
#3403 = LINE('',#3404,#3405);
#3404 = CARTESIAN_POINT('',(0.,-0.));
#3405 = VECTOR('',#3406,1.);
#3406 = DIRECTION('',(0.,1.));
#3407 = ( GEOMETRIC_REPRESENTATION_CONTEXT(2) 
PARAMETRIC_REPRESENTATION_CONTEXT() REPRESENTATION_CONTEXT('2D SPACE',''
  ) );
#3408 = ORIENTED_EDGE('',*,*,#3358,.T.);
#3409 = ORIENTED_EDGE('',*,*,#3387,.T.);
#3410 = ( GEOMETRIC_REPRESENTATION_CONTEXT(3) 
GLOBAL_UNCERTAINTY_ASSIGNED_CONTEXT((#3414)) 
GLOBAL_UNIT_ASSIGNED_CONTEXT((#3411,#3412,#3413)) REPRESENTATION_CONTEXT
('Context #1','3D Context with UNIT and UNCERTAINTY') );
#3411 = ( LENGTH_UNIT() NAMED_UNIT(*) SI_UNIT($,.METRE.) );
#3412 = ( NAMED_UNIT(*) PLANE_ANGLE_UNIT() SI_UNIT($,.RADIAN.) );
#3413 = ( NAMED_UNIT(*) SI_UNIT($,.STERADIAN.) SOLID_ANGLE_UNIT() );
#3414 = UNCERTAINTY_MEASURE_WITH_UNIT(LENGTH_MEASURE(1.E-07),#3411,
  'distance_accuracy_value','confusion accuracy');
#3415 = PRODUCT_RELATED_PRODUCT_CATEGORY('part',$,(#3348));
#3416 = SHAPE_DEFINITION_REPRESENTATION(#3417,#3423);
#3417 = PRODUCT_DEFINITION_SHAPE('','',#3418);
#3418 = PRODUCT_DEFINITION('design','',#3419,#3422);
#3419 = PRODUCT_DEFINITION_FORMATION('','',#3420);
#3420 = PRODUCT('TFi_19','TFi_19','',(#3421));
#3421 = PRODUCT_CONTEXT('',#2,'mechanical');
#3422 = PRODUCT_DEFINITION_CONTEXT('part definition',#2,'design');
#3423 = ADVANCED_BREP_SHAPE_REPRESENTATION('',(#11,#3424),#3482);
#3424 = MANIFOLD_SOLID_BREP('',#3425);
#3425 = CLOSED_SHELL('',(#3426));
#3426 = ADVANCED_FACE('',(#3427),#3440,.T.);
#3427 = FACE_BOUND('',#3428,.T.);
#3428 = EDGE_LOOP('',(#3429,#3458,#3480,#3481));
#3429 = ORIENTED_EDGE('',*,*,#3430,.F.);
#3430 = EDGE_CURVE('',#3431,#3431,#3433,.T.);
#3431 = VERTEX_POINT('',#3432);
#3432 = CARTESIAN_POINT('',(2.6E+03,-8.425569978134E-14,-344.));
#3433 = SEAM_CURVE('',#3434,(#3439,#3451),.PCURVE_S1.);
#3434 = CIRCLE('',#3435,344.);
#3435 = AXIS2_PLACEMENT_3D('',#3436,#3437,#3438);
#3436 = CARTESIAN_POINT('',(2.6E+03,0.,-2.392950689267E-30));
#3437 = DIRECTION('',(1.,-0.,2.22044604925E-16));
#3438 = DIRECTION('',(2.22044604925E-16,0.,-1.));
#3439 = PCURVE('',#3440,#3445);
#3440 = TOROIDAL_SURFACE('',#3441,300.,44.);
#3441 = AXIS2_PLACEMENT_3D('',#3442,#3443,#3444);
#3442 = CARTESIAN_POINT('',(2.6E+03,0.,0.));
#3443 = DIRECTION('',(1.,0.,2.22044604925E-16));
#3444 = DIRECTION('',(2.22044604925E-16,0.,-1.));
#3445 = DEFINITIONAL_REPRESENTATION('',(#3446),#3450);
#3446 = LINE('',#3447,#3448);
#3447 = CARTESIAN_POINT('',(0.,6.28318530718));
#3448 = VECTOR('',#3449,1.);
#3449 = DIRECTION('',(1.,0.));
#3450 = ( GEOMETRIC_REPRESENTATION_CONTEXT(2) 
PARAMETRIC_REPRESENTATION_CONTEXT() REPRESENTATION_CONTEXT('2D SPACE',''
  ) );
#3451 = PCURVE('',#3440,#3452);
#3452 = DEFINITIONAL_REPRESENTATION('',(#3453),#3457);
#3453 = LINE('',#3454,#3455);
#3454 = CARTESIAN_POINT('',(0.,0.));
#3455 = VECTOR('',#3456,1.);
#3456 = DIRECTION('',(1.,0.));
#3457 = ( GEOMETRIC_REPRESENTATION_CONTEXT(2) 
PARAMETRIC_REPRESENTATION_CONTEXT() REPRESENTATION_CONTEXT('2D SPACE',''
  ) );
#3458 = ORIENTED_EDGE('',*,*,#3459,.F.);
#3459 = EDGE_CURVE('',#3431,#3431,#3460,.T.);
#3460 = SEAM_CURVE('',#3461,(#3466,#3473),.PCURVE_S1.);
#3461 = CIRCLE('',#3462,44.);
#3462 = AXIS2_PLACEMENT_3D('',#3463,#3464,#3465);
#3463 = CARTESIAN_POINT('',(2.6E+03,-7.347880794884E-14,-300.));
#3464 = DIRECTION('',(-5.438524293788E-32,-1.,2.449293598295E-16));
#3465 = DIRECTION('',(2.22044604925E-16,-2.449293598295E-16,-1.));
#3466 = PCURVE('',#3440,#3467);
#3467 = DEFINITIONAL_REPRESENTATION('',(#3468),#3472);
#3468 = LINE('',#3469,#3470);
#3469 = CARTESIAN_POINT('',(6.28318530718,-0.));
#3470 = VECTOR('',#3471,1.);
#3471 = DIRECTION('',(0.,1.));
#3472 = ( GEOMETRIC_REPRESENTATION_CONTEXT(2) 
PARAMETRIC_REPRESENTATION_CONTEXT() REPRESENTATION_CONTEXT('2D SPACE',''
  ) );
#3473 = PCURVE('',#3440,#3474);
#3474 = DEFINITIONAL_REPRESENTATION('',(#3475),#3479);
#3475 = LINE('',#3476,#3477);
#3476 = CARTESIAN_POINT('',(0.,-0.));
#3477 = VECTOR('',#3478,1.);
#3478 = DIRECTION('',(0.,1.));
#3479 = ( GEOMETRIC_REPRESENTATION_CONTEXT(2) 
PARAMETRIC_REPRESENTATION_CONTEXT() REPRESENTATION_CONTEXT('2D SPACE',''
  ) );
#3480 = ORIENTED_EDGE('',*,*,#3430,.T.);
#3481 = ORIENTED_EDGE('',*,*,#3459,.T.);
#3482 = ( GEOMETRIC_REPRESENTATION_CONTEXT(3) 
GLOBAL_UNCERTAINTY_ASSIGNED_CONTEXT((#3486)) 
GLOBAL_UNIT_ASSIGNED_CONTEXT((#3483,#3484,#3485)) REPRESENTATION_CONTEXT
('Context #1','3D Context with UNIT and UNCERTAINTY') );
#3483 = ( LENGTH_UNIT() NAMED_UNIT(*) SI_UNIT($,.METRE.) );
#3484 = ( NAMED_UNIT(*) PLANE_ANGLE_UNIT() SI_UNIT($,.RADIAN.) );
#3485 = ( NAMED_UNIT(*) SI_UNIT($,.STERADIAN.) SOLID_ANGLE_UNIT() );
#3486 = UNCERTAINTY_MEASURE_WITH_UNIT(LENGTH_MEASURE(1.E-07),#3483,
  'distance_accuracy_value','confusion accuracy');
#3487 = PRODUCT_RELATED_PRODUCT_CATEGORY('part',$,(#3420));
#3488 = SHAPE_DEFINITION_REPRESENTATION(#3489,#3495);
#3489 = PRODUCT_DEFINITION_SHAPE('','',#3490);
#3490 = PRODUCT_DEFINITION('design','',#3491,#3494);
#3491 = PRODUCT_DEFINITION_FORMATION('','',#3492);
#3492 = PRODUCT('TFi_18','TFi_18','',(#3493));
#3493 = PRODUCT_CONTEXT('',#2,'mechanical');
#3494 = PRODUCT_DEFINITION_CONTEXT('part definition',#2,'design');
#3495 = ADVANCED_BREP_SHAPE_REPRESENTATION('',(#11,#3496),#3554);
#3496 = MANIFOLD_SOLID_BREP('',#3497);
#3497 = CLOSED_SHELL('',(#3498));
#3498 = ADVANCED_FACE('',(#3499),#3512,.T.);
#3499 = FACE_BOUND('',#3500,.T.);
#3500 = EDGE_LOOP('',(#3501,#3530,#3552,#3553));
#3501 = ORIENTED_EDGE('',*,*,#3502,.F.);
#3502 = EDGE_CURVE('',#3503,#3503,#3505,.T.);
#3503 = VERTEX_POINT('',#3504);
#3504 = CARTESIAN_POINT('',(2.6E+03,-8.425569978134E-14,-344.));
#3505 = SEAM_CURVE('',#3506,(#3511,#3523),.PCURVE_S1.);
#3506 = CIRCLE('',#3507,344.);
#3507 = AXIS2_PLACEMENT_3D('',#3508,#3509,#3510);
#3508 = CARTESIAN_POINT('',(2.6E+03,0.,-2.392950689267E-30));
#3509 = DIRECTION('',(1.,-0.,2.22044604925E-16));
#3510 = DIRECTION('',(2.22044604925E-16,0.,-1.));
#3511 = PCURVE('',#3512,#3517);
#3512 = TOROIDAL_SURFACE('',#3513,300.,44.);
#3513 = AXIS2_PLACEMENT_3D('',#3514,#3515,#3516);
#3514 = CARTESIAN_POINT('',(2.6E+03,0.,0.));
#3515 = DIRECTION('',(1.,0.,2.22044604925E-16));
#3516 = DIRECTION('',(2.22044604925E-16,0.,-1.));
#3517 = DEFINITIONAL_REPRESENTATION('',(#3518),#3522);
#3518 = LINE('',#3519,#3520);
#3519 = CARTESIAN_POINT('',(0.,6.28318530718));
#3520 = VECTOR('',#3521,1.);
#3521 = DIRECTION('',(1.,0.));
#3522 = ( GEOMETRIC_REPRESENTATION_CONTEXT(2) 
PARAMETRIC_REPRESENTATION_CONTEXT() REPRESENTATION_CONTEXT('2D SPACE',''
  ) );
#3523 = PCURVE('',#3512,#3524);
#3524 = DEFINITIONAL_REPRESENTATION('',(#3525),#3529);
#3525 = LINE('',#3526,#3527);
#3526 = CARTESIAN_POINT('',(0.,0.));
#3527 = VECTOR('',#3528,1.);
#3528 = DIRECTION('',(1.,0.));
#3529 = ( GEOMETRIC_REPRESENTATION_CONTEXT(2) 
PARAMETRIC_REPRESENTATION_CONTEXT() REPRESENTATION_CONTEXT('2D SPACE',''
  ) );
#3530 = ORIENTED_EDGE('',*,*,#3531,.F.);
#3531 = EDGE_CURVE('',#3503,#3503,#3532,.T.);
#3532 = SEAM_CURVE('',#3533,(#3538,#3545),.PCURVE_S1.);
#3533 = CIRCLE('',#3534,44.);
#3534 = AXIS2_PLACEMENT_3D('',#3535,#3536,#3537);
#3535 = CARTESIAN_POINT('',(2.6E+03,-7.347880794884E-14,-300.));
#3536 = DIRECTION('',(-5.438524293788E-32,-1.,2.449293598295E-16));
#3537 = DIRECTION('',(2.22044604925E-16,-2.449293598295E-16,-1.));
#3538 = PCURVE('',#3512,#3539);
#3539 = DEFINITIONAL_REPRESENTATION('',(#3540),#3544);
#3540 = LINE('',#3541,#3542);
#3541 = CARTESIAN_POINT('',(6.28318530718,-0.));
#3542 = VECTOR('',#3543,1.);
#3543 = DIRECTION('',(0.,1.));
#3544 = ( GEOMETRIC_REPRESENTATION_CONTEXT(2) 
PARAMETRIC_REPRESENTATION_CONTEXT() REPRESENTATION_CONTEXT('2D SPACE',''
  ) );
#3545 = PCURVE('',#3512,#3546);
#3546 = DEFINITIONAL_REPRESENTATION('',(#3547),#3551);
#3547 = LINE('',#3548,#3549);
#3548 = CARTESIAN_POINT('',(0.,-0.));
#3549 = VECTOR('',#3550,1.);
#3550 = DIRECTION('',(0.,1.));
#3551 = ( GEOMETRIC_REPRESENTATION_CONTEXT(2) 
PARAMETRIC_REPRESENTATION_CONTEXT() REPRESENTATION_CONTEXT('2D SPACE',''
  ) );
#3552 = ORIENTED_EDGE('',*,*,#3502,.T.);
#3553 = ORIENTED_EDGE('',*,*,#3531,.T.);
#3554 = ( GEOMETRIC_REPRESENTATION_CONTEXT(3) 
GLOBAL_UNCERTAINTY_ASSIGNED_CONTEXT((#3558)) 
GLOBAL_UNIT_ASSIGNED_CONTEXT((#3555,#3556,#3557)) REPRESENTATION_CONTEXT
('Context #1','3D Context with UNIT and UNCERTAINTY') );
#3555 = ( LENGTH_UNIT() NAMED_UNIT(*) SI_UNIT($,.METRE.) );
#3556 = ( NAMED_UNIT(*) PLANE_ANGLE_UNIT() SI_UNIT($,.RADIAN.) );
#3557 = ( NAMED_UNIT(*) SI_UNIT($,.STERADIAN.) SOLID_ANGLE_UNIT() );
#3558 = UNCERTAINTY_MEASURE_WITH_UNIT(LENGTH_MEASURE(1.E-07),#3555,
  'distance_accuracy_value','confusion accuracy');
#3559 = PRODUCT_RELATED_PRODUCT_CATEGORY('part',$,(#3492));
#3560 = SHAPE_DEFINITION_REPRESENTATION(#3561,#3567);
#3561 = PRODUCT_DEFINITION_SHAPE('','',#3562);
#3562 = PRODUCT_DEFINITION('design','',#3563,#3566);
#3563 = PRODUCT_DEFINITION_FORMATION('','',#3564);
#3564 = PRODUCT('TF_18','TF_18','',(#3565));
#3565 = PRODUCT_CONTEXT('',#2,'mechanical');
#3566 = PRODUCT_DEFINITION_CONTEXT('part definition',#2,'design');
#3567 = ADVANCED_BREP_SHAPE_REPRESENTATION('',(#11,#3568),#3684);
#3568 = BREP_WITH_VOIDS('',#3569,(#3626));
#3569 = CLOSED_SHELL('',(#3570));
#3570 = ADVANCED_FACE('',(#3571),#3584,.T.);
#3571 = FACE_BOUND('',#3572,.T.);
#3572 = EDGE_LOOP('',(#3573,#3602,#3624,#3625));
#3573 = ORIENTED_EDGE('',*,*,#3574,.F.);
#3574 = EDGE_CURVE('',#3575,#3575,#3577,.T.);
#3575 = VERTEX_POINT('',#3576);
#3576 = CARTESIAN_POINT('',(2.6E+03,-360.,1.681106273116E-13));
#3577 = SEAM_CURVE('',#3578,(#3583,#3595),.PCURVE_S1.);
#3578 = CIRCLE('',#3579,360.);
#3579 = AXIS2_PLACEMENT_3D('',#3580,#3581,#3582);
#3580 = CARTESIAN_POINT('',(2.6E+03,-3.263114576273E-30,
    7.245569869135E-46));
#3581 = DIRECTION('',(1.,2.22044604925E-16,-4.930380657631E-32));
#3582 = DIRECTION('',(2.22044604925E-16,-1.,2.22044604925E-16));
#3583 = PCURVE('',#3584,#3589);
#3584 = TOROIDAL_SURFACE('',#3585,300.,60.);
#3585 = AXIS2_PLACEMENT_3D('',#3586,#3587,#3588);
#3586 = CARTESIAN_POINT('',(2.6E+03,0.,0.));
#3587 = DIRECTION('',(1.,2.22044604925E-16,-4.930380657631E-32));
#3588 = DIRECTION('',(2.22044604925E-16,-1.,2.22044604925E-16));
#3589 = DEFINITIONAL_REPRESENTATION('',(#3590),#3594);
#3590 = LINE('',#3591,#3592);
#3591 = CARTESIAN_POINT('',(0.,6.28318530718));
#3592 = VECTOR('',#3593,1.);
#3593 = DIRECTION('',(1.,0.));
#3594 = ( GEOMETRIC_REPRESENTATION_CONTEXT(2) 
PARAMETRIC_REPRESENTATION_CONTEXT() REPRESENTATION_CONTEXT('2D SPACE',''
  ) );
#3595 = PCURVE('',#3584,#3596);
#3596 = DEFINITIONAL_REPRESENTATION('',(#3597),#3601);
#3597 = LINE('',#3598,#3599);
#3598 = CARTESIAN_POINT('',(0.,0.));
#3599 = VECTOR('',#3600,1.);
#3600 = DIRECTION('',(1.,0.));
#3601 = ( GEOMETRIC_REPRESENTATION_CONTEXT(2) 
PARAMETRIC_REPRESENTATION_CONTEXT() REPRESENTATION_CONTEXT('2D SPACE',''
  ) );
#3602 = ORIENTED_EDGE('',*,*,#3603,.F.);
#3603 = EDGE_CURVE('',#3575,#3575,#3604,.T.);
#3604 = SEAM_CURVE('',#3605,(#3610,#3617),.PCURVE_S1.);
#3605 = CIRCLE('',#3606,60.);
#3606 = AXIS2_PLACEMENT_3D('',#3607,#3608,#3609);
#3607 = CARTESIAN_POINT('',(2.6E+03,-300.,1.400921894264E-13));
#3608 = DIRECTION('',(-5.438524293788E-32,4.669739647545E-16,1.));
#3609 = DIRECTION('',(2.22044604925E-16,-1.,4.669739647545E-16));
#3610 = PCURVE('',#3584,#3611);
#3611 = DEFINITIONAL_REPRESENTATION('',(#3612),#3616);
#3612 = LINE('',#3613,#3614);
#3613 = CARTESIAN_POINT('',(6.28318530718,-0.));
#3614 = VECTOR('',#3615,1.);
#3615 = DIRECTION('',(0.,1.));
#3616 = ( GEOMETRIC_REPRESENTATION_CONTEXT(2) 
PARAMETRIC_REPRESENTATION_CONTEXT() REPRESENTATION_CONTEXT('2D SPACE',''
  ) );
#3617 = PCURVE('',#3584,#3618);
#3618 = DEFINITIONAL_REPRESENTATION('',(#3619),#3623);
#3619 = LINE('',#3620,#3621);
#3620 = CARTESIAN_POINT('',(0.,-0.));
#3621 = VECTOR('',#3622,1.);
#3622 = DIRECTION('',(0.,1.));
#3623 = ( GEOMETRIC_REPRESENTATION_CONTEXT(2) 
PARAMETRIC_REPRESENTATION_CONTEXT() REPRESENTATION_CONTEXT('2D SPACE',''
  ) );
#3624 = ORIENTED_EDGE('',*,*,#3574,.T.);
#3625 = ORIENTED_EDGE('',*,*,#3603,.T.);
#3626 = ORIENTED_CLOSED_SHELL('',*,#3627,.F.);
#3627 = CLOSED_SHELL('',(#3628));
#3628 = ADVANCED_FACE('',(#3629),#3642,.T.);
#3629 = FACE_BOUND('',#3630,.T.);
#3630 = EDGE_LOOP('',(#3631,#3660,#3682,#3683));
#3631 = ORIENTED_EDGE('',*,*,#3632,.F.);
#3632 = EDGE_CURVE('',#3633,#3633,#3635,.T.);
#3633 = VERTEX_POINT('',#3634);
#3634 = CARTESIAN_POINT('',(2.6E+03,-344.,1.606390438755E-13));
#3635 = SEAM_CURVE('',#3636,(#3641,#3653),.PCURVE_S1.);
#3636 = CIRCLE('',#3637,344.);
#3637 = AXIS2_PLACEMENT_3D('',#3638,#3639,#3640);
#3638 = CARTESIAN_POINT('',(2.6E+03,-2.392950689267E-30,
    5.313417904033E-46));
#3639 = DIRECTION('',(1.,2.22044604925E-16,-4.930380657631E-32));
#3640 = DIRECTION('',(2.22044604925E-16,-1.,2.22044604925E-16));
#3641 = PCURVE('',#3642,#3647);
#3642 = TOROIDAL_SURFACE('',#3643,300.,44.);
#3643 = AXIS2_PLACEMENT_3D('',#3644,#3645,#3646);
#3644 = CARTESIAN_POINT('',(2.6E+03,0.,0.));
#3645 = DIRECTION('',(1.,2.22044604925E-16,-4.930380657631E-32));
#3646 = DIRECTION('',(2.22044604925E-16,-1.,2.22044604925E-16));
#3647 = DEFINITIONAL_REPRESENTATION('',(#3648),#3652);
#3648 = LINE('',#3649,#3650);
#3649 = CARTESIAN_POINT('',(0.,6.28318530718));
#3650 = VECTOR('',#3651,1.);
#3651 = DIRECTION('',(1.,0.));
#3652 = ( GEOMETRIC_REPRESENTATION_CONTEXT(2) 
PARAMETRIC_REPRESENTATION_CONTEXT() REPRESENTATION_CONTEXT('2D SPACE',''
  ) );
#3653 = PCURVE('',#3642,#3654);
#3654 = DEFINITIONAL_REPRESENTATION('',(#3655),#3659);
#3655 = LINE('',#3656,#3657);
#3656 = CARTESIAN_POINT('',(0.,0.));
#3657 = VECTOR('',#3658,1.);
#3658 = DIRECTION('',(1.,0.));
#3659 = ( GEOMETRIC_REPRESENTATION_CONTEXT(2) 
PARAMETRIC_REPRESENTATION_CONTEXT() REPRESENTATION_CONTEXT('2D SPACE',''
  ) );
#3660 = ORIENTED_EDGE('',*,*,#3661,.F.);
#3661 = EDGE_CURVE('',#3633,#3633,#3662,.T.);
#3662 = SEAM_CURVE('',#3663,(#3668,#3675),.PCURVE_S1.);
#3663 = CIRCLE('',#3664,44.);
#3664 = AXIS2_PLACEMENT_3D('',#3665,#3666,#3667);
#3665 = CARTESIAN_POINT('',(2.6E+03,-300.,1.400921894264E-13));
#3666 = DIRECTION('',(-5.438524293788E-32,4.669739647545E-16,1.));
#3667 = DIRECTION('',(2.22044604925E-16,-1.,4.669739647545E-16));
#3668 = PCURVE('',#3642,#3669);
#3669 = DEFINITIONAL_REPRESENTATION('',(#3670),#3674);
#3670 = LINE('',#3671,#3672);
#3671 = CARTESIAN_POINT('',(6.28318530718,-0.));
#3672 = VECTOR('',#3673,1.);
#3673 = DIRECTION('',(0.,1.));
#3674 = ( GEOMETRIC_REPRESENTATION_CONTEXT(2) 
PARAMETRIC_REPRESENTATION_CONTEXT() REPRESENTATION_CONTEXT('2D SPACE',''
  ) );
#3675 = PCURVE('',#3642,#3676);
#3676 = DEFINITIONAL_REPRESENTATION('',(#3677),#3681);
#3677 = LINE('',#3678,#3679);
#3678 = CARTESIAN_POINT('',(0.,-0.));
#3679 = VECTOR('',#3680,1.);
#3680 = DIRECTION('',(0.,1.));
#3681 = ( GEOMETRIC_REPRESENTATION_CONTEXT(2) 
PARAMETRIC_REPRESENTATION_CONTEXT() REPRESENTATION_CONTEXT('2D SPACE',''
  ) );
#3682 = ORIENTED_EDGE('',*,*,#3632,.T.);
#3683 = ORIENTED_EDGE('',*,*,#3661,.T.);
#3684 = ( GEOMETRIC_REPRESENTATION_CONTEXT(3) 
GLOBAL_UNCERTAINTY_ASSIGNED_CONTEXT((#3688)) 
GLOBAL_UNIT_ASSIGNED_CONTEXT((#3685,#3686,#3687)) REPRESENTATION_CONTEXT
('Context #1','3D Context with UNIT and UNCERTAINTY') );
#3685 = ( LENGTH_UNIT() NAMED_UNIT(*) SI_UNIT($,.METRE.) );
#3686 = ( NAMED_UNIT(*) PLANE_ANGLE_UNIT() SI_UNIT($,.RADIAN.) );
#3687 = ( NAMED_UNIT(*) SI_UNIT($,.STERADIAN.) SOLID_ANGLE_UNIT() );
#3688 = UNCERTAINTY_MEASURE_WITH_UNIT(LENGTH_MEASURE(1.E-07),#3685,
  'distance_accuracy_value','confusion accuracy');
#3689 = PRODUCT_RELATED_PRODUCT_CATEGORY('part',$,(#3564));
#3690 = SHAPE_DEFINITION_REPRESENTATION(#3691,#3697);
#3691 = PRODUCT_DEFINITION_SHAPE('','',#3692);
#3692 = PRODUCT_DEFINITION('design','',#3693,#3696);
#3693 = PRODUCT_DEFINITION_FORMATION('','',#3694);
#3694 = PRODUCT('TFi_20','TFi_20','',(#3695));
#3695 = PRODUCT_CONTEXT('',#2,'mechanical');
#3696 = PRODUCT_DEFINITION_CONTEXT('part definition',#2,'design');
#3697 = ADVANCED_BREP_SHAPE_REPRESENTATION('',(#11,#3698),#3756);
#3698 = MANIFOLD_SOLID_BREP('',#3699);
#3699 = CLOSED_SHELL('',(#3700));
#3700 = ADVANCED_FACE('',(#3701),#3714,.T.);
#3701 = FACE_BOUND('',#3702,.T.);
#3702 = EDGE_LOOP('',(#3703,#3732,#3754,#3755));
#3703 = ORIENTED_EDGE('',*,*,#3704,.F.);
#3704 = EDGE_CURVE('',#3705,#3705,#3707,.T.);
#3705 = VERTEX_POINT('',#3706);
#3706 = CARTESIAN_POINT('',(2.6E+03,-8.425569978134E-14,-344.));
#3707 = SEAM_CURVE('',#3708,(#3713,#3725),.PCURVE_S1.);
#3708 = CIRCLE('',#3709,344.);
#3709 = AXIS2_PLACEMENT_3D('',#3710,#3711,#3712);
#3710 = CARTESIAN_POINT('',(2.6E+03,0.,-2.392950689267E-30));
#3711 = DIRECTION('',(1.,-0.,2.22044604925E-16));
#3712 = DIRECTION('',(2.22044604925E-16,0.,-1.));
#3713 = PCURVE('',#3714,#3719);
#3714 = TOROIDAL_SURFACE('',#3715,300.,44.);
#3715 = AXIS2_PLACEMENT_3D('',#3716,#3717,#3718);
#3716 = CARTESIAN_POINT('',(2.6E+03,0.,0.));
#3717 = DIRECTION('',(1.,0.,2.22044604925E-16));
#3718 = DIRECTION('',(2.22044604925E-16,0.,-1.));
#3719 = DEFINITIONAL_REPRESENTATION('',(#3720),#3724);
#3720 = LINE('',#3721,#3722);
#3721 = CARTESIAN_POINT('',(0.,6.28318530718));
#3722 = VECTOR('',#3723,1.);
#3723 = DIRECTION('',(1.,0.));
#3724 = ( GEOMETRIC_REPRESENTATION_CONTEXT(2) 
PARAMETRIC_REPRESENTATION_CONTEXT() REPRESENTATION_CONTEXT('2D SPACE',''
  ) );
#3725 = PCURVE('',#3714,#3726);
#3726 = DEFINITIONAL_REPRESENTATION('',(#3727),#3731);
#3727 = LINE('',#3728,#3729);
#3728 = CARTESIAN_POINT('',(0.,0.));
#3729 = VECTOR('',#3730,1.);
#3730 = DIRECTION('',(1.,0.));
#3731 = ( GEOMETRIC_REPRESENTATION_CONTEXT(2) 
PARAMETRIC_REPRESENTATION_CONTEXT() REPRESENTATION_CONTEXT('2D SPACE',''
  ) );
#3732 = ORIENTED_EDGE('',*,*,#3733,.F.);
#3733 = EDGE_CURVE('',#3705,#3705,#3734,.T.);
#3734 = SEAM_CURVE('',#3735,(#3740,#3747),.PCURVE_S1.);
#3735 = CIRCLE('',#3736,44.);
#3736 = AXIS2_PLACEMENT_3D('',#3737,#3738,#3739);
#3737 = CARTESIAN_POINT('',(2.6E+03,-7.347880794884E-14,-300.));
#3738 = DIRECTION('',(-5.438524293788E-32,-1.,2.449293598295E-16));
#3739 = DIRECTION('',(2.22044604925E-16,-2.449293598295E-16,-1.));
#3740 = PCURVE('',#3714,#3741);
#3741 = DEFINITIONAL_REPRESENTATION('',(#3742),#3746);
#3742 = LINE('',#3743,#3744);
#3743 = CARTESIAN_POINT('',(6.28318530718,-0.));
#3744 = VECTOR('',#3745,1.);
#3745 = DIRECTION('',(0.,1.));
#3746 = ( GEOMETRIC_REPRESENTATION_CONTEXT(2) 
PARAMETRIC_REPRESENTATION_CONTEXT() REPRESENTATION_CONTEXT('2D SPACE',''
  ) );
#3747 = PCURVE('',#3714,#3748);
#3748 = DEFINITIONAL_REPRESENTATION('',(#3749),#3753);
#3749 = LINE('',#3750,#3751);
#3750 = CARTESIAN_POINT('',(0.,-0.));
#3751 = VECTOR('',#3752,1.);
#3752 = DIRECTION('',(0.,1.));
#3753 = ( GEOMETRIC_REPRESENTATION_CONTEXT(2) 
PARAMETRIC_REPRESENTATION_CONTEXT() REPRESENTATION_CONTEXT('2D SPACE',''
  ) );
#3754 = ORIENTED_EDGE('',*,*,#3704,.T.);
#3755 = ORIENTED_EDGE('',*,*,#3733,.T.);
#3756 = ( GEOMETRIC_REPRESENTATION_CONTEXT(3) 
GLOBAL_UNCERTAINTY_ASSIGNED_CONTEXT((#3760)) 
GLOBAL_UNIT_ASSIGNED_CONTEXT((#3757,#3758,#3759)) REPRESENTATION_CONTEXT
('Context #1','3D Context with UNIT and UNCERTAINTY') );
#3757 = ( LENGTH_UNIT() NAMED_UNIT(*) SI_UNIT($,.METRE.) );
#3758 = ( NAMED_UNIT(*) PLANE_ANGLE_UNIT() SI_UNIT($,.RADIAN.) );
#3759 = ( NAMED_UNIT(*) SI_UNIT($,.STERADIAN.) SOLID_ANGLE_UNIT() );
#3760 = UNCERTAINTY_MEASURE_WITH_UNIT(LENGTH_MEASURE(1.E-07),#3757,
  'distance_accuracy_value','confusion accuracy');
#3761 = PRODUCT_RELATED_PRODUCT_CATEGORY('part',$,(#3694));
#3762 = SHAPE_DEFINITION_REPRESENTATION(#3763,#3769);
#3763 = PRODUCT_DEFINITION_SHAPE('','',#3764);
#3764 = PRODUCT_DEFINITION('design','',#3765,#3768);
#3765 = PRODUCT_DEFINITION_FORMATION('','',#3766);
#3766 = PRODUCT('TFo_21','TFo_21','',(#3767));
#3767 = PRODUCT_CONTEXT('',#2,'mechanical');
#3768 = PRODUCT_DEFINITION_CONTEXT('part definition',#2,'design');
#3769 = ADVANCED_BREP_SHAPE_REPRESENTATION('',(#11,#3770),#3828);
#3770 = MANIFOLD_SOLID_BREP('',#3771);
#3771 = CLOSED_SHELL('',(#3772));
#3772 = ADVANCED_FACE('',(#3773),#3786,.T.);
#3773 = FACE_BOUND('',#3774,.T.);
#3774 = EDGE_LOOP('',(#3775,#3804,#3826,#3827));
#3775 = ORIENTED_EDGE('',*,*,#3776,.F.);
#3776 = EDGE_CURVE('',#3777,#3777,#3779,.T.);
#3777 = VERTEX_POINT('',#3778);
#3778 = CARTESIAN_POINT('',(2.6E+03,-8.817456953861E-14,-360.));
#3779 = SEAM_CURVE('',#3780,(#3785,#3797),.PCURVE_S1.);
#3780 = CIRCLE('',#3781,360.);
#3781 = AXIS2_PLACEMENT_3D('',#3782,#3783,#3784);
#3782 = CARTESIAN_POINT('',(2.6E+03,0.,-3.263114576273E-30));
#3783 = DIRECTION('',(1.,-0.,2.22044604925E-16));
#3784 = DIRECTION('',(2.22044604925E-16,0.,-1.));
#3785 = PCURVE('',#3786,#3791);
#3786 = TOROIDAL_SURFACE('',#3787,300.,60.);
#3787 = AXIS2_PLACEMENT_3D('',#3788,#3789,#3790);
#3788 = CARTESIAN_POINT('',(2.6E+03,0.,0.));
#3789 = DIRECTION('',(1.,0.,2.22044604925E-16));
#3790 = DIRECTION('',(2.22044604925E-16,0.,-1.));
#3791 = DEFINITIONAL_REPRESENTATION('',(#3792),#3796);
#3792 = LINE('',#3793,#3794);
#3793 = CARTESIAN_POINT('',(0.,6.28318530718));
#3794 = VECTOR('',#3795,1.);
#3795 = DIRECTION('',(1.,0.));
#3796 = ( GEOMETRIC_REPRESENTATION_CONTEXT(2) 
PARAMETRIC_REPRESENTATION_CONTEXT() REPRESENTATION_CONTEXT('2D SPACE',''
  ) );
#3797 = PCURVE('',#3786,#3798);
#3798 = DEFINITIONAL_REPRESENTATION('',(#3799),#3803);
#3799 = LINE('',#3800,#3801);
#3800 = CARTESIAN_POINT('',(0.,0.));
#3801 = VECTOR('',#3802,1.);
#3802 = DIRECTION('',(1.,0.));
#3803 = ( GEOMETRIC_REPRESENTATION_CONTEXT(2) 
PARAMETRIC_REPRESENTATION_CONTEXT() REPRESENTATION_CONTEXT('2D SPACE',''
  ) );
#3804 = ORIENTED_EDGE('',*,*,#3805,.F.);
#3805 = EDGE_CURVE('',#3777,#3777,#3806,.T.);
#3806 = SEAM_CURVE('',#3807,(#3812,#3819),.PCURVE_S1.);
#3807 = CIRCLE('',#3808,60.);
#3808 = AXIS2_PLACEMENT_3D('',#3809,#3810,#3811);
#3809 = CARTESIAN_POINT('',(2.6E+03,-7.347880794884E-14,-300.));
#3810 = DIRECTION('',(-5.438524293788E-32,-1.,2.449293598295E-16));
#3811 = DIRECTION('',(2.22044604925E-16,-2.449293598295E-16,-1.));
#3812 = PCURVE('',#3786,#3813);
#3813 = DEFINITIONAL_REPRESENTATION('',(#3814),#3818);
#3814 = LINE('',#3815,#3816);
#3815 = CARTESIAN_POINT('',(6.28318530718,-0.));
#3816 = VECTOR('',#3817,1.);
#3817 = DIRECTION('',(0.,1.));
#3818 = ( GEOMETRIC_REPRESENTATION_CONTEXT(2) 
PARAMETRIC_REPRESENTATION_CONTEXT() REPRESENTATION_CONTEXT('2D SPACE',''
  ) );
#3819 = PCURVE('',#3786,#3820);
#3820 = DEFINITIONAL_REPRESENTATION('',(#3821),#3825);
#3821 = LINE('',#3822,#3823);
#3822 = CARTESIAN_POINT('',(0.,-0.));
#3823 = VECTOR('',#3824,1.);
#3824 = DIRECTION('',(0.,1.));
#3825 = ( GEOMETRIC_REPRESENTATION_CONTEXT(2) 
PARAMETRIC_REPRESENTATION_CONTEXT() REPRESENTATION_CONTEXT('2D SPACE',''
  ) );
#3826 = ORIENTED_EDGE('',*,*,#3776,.T.);
#3827 = ORIENTED_EDGE('',*,*,#3805,.T.);
#3828 = ( GEOMETRIC_REPRESENTATION_CONTEXT(3) 
GLOBAL_UNCERTAINTY_ASSIGNED_CONTEXT((#3832)) 
GLOBAL_UNIT_ASSIGNED_CONTEXT((#3829,#3830,#3831)) REPRESENTATION_CONTEXT
('Context #1','3D Context with UNIT and UNCERTAINTY') );
#3829 = ( LENGTH_UNIT() NAMED_UNIT(*) SI_UNIT($,.METRE.) );
#3830 = ( NAMED_UNIT(*) PLANE_ANGLE_UNIT() SI_UNIT($,.RADIAN.) );
#3831 = ( NAMED_UNIT(*) SI_UNIT($,.STERADIAN.) SOLID_ANGLE_UNIT() );
#3832 = UNCERTAINTY_MEASURE_WITH_UNIT(LENGTH_MEASURE(1.E-07),#3829,
  'distance_accuracy_value','confusion accuracy');
#3833 = PRODUCT_RELATED_PRODUCT_CATEGORY('part',$,(#3766));
#3834 = SHAPE_DEFINITION_REPRESENTATION(#3835,#3841);
#3835 = PRODUCT_DEFINITION_SHAPE('','',#3836);
#3836 = PRODUCT_DEFINITION('design','',#3837,#3840);
#3837 = PRODUCT_DEFINITION_FORMATION('','',#3838);
#3838 = PRODUCT('TF_19','TF_19','',(#3839));
#3839 = PRODUCT_CONTEXT('',#2,'mechanical');
#3840 = PRODUCT_DEFINITION_CONTEXT('part definition',#2,'design');
#3841 = ADVANCED_BREP_SHAPE_REPRESENTATION('',(#11,#3842),#3958);
#3842 = BREP_WITH_VOIDS('',#3843,(#3900));
#3843 = CLOSED_SHELL('',(#3844));
#3844 = ADVANCED_FACE('',(#3845),#3858,.T.);
#3845 = FACE_BOUND('',#3846,.T.);
#3846 = EDGE_LOOP('',(#3847,#3876,#3898,#3899));
#3847 = ORIENTED_EDGE('',*,*,#3848,.F.);
#3848 = EDGE_CURVE('',#3849,#3849,#3851,.T.);
#3849 = VERTEX_POINT('',#3850);
#3850 = CARTESIAN_POINT('',(2.6E+03,-347.733297464,-93.1748562369));
#3851 = SEAM_CURVE('',#3852,(#3857,#3869),.PCURVE_S1.);
#3852 = CIRCLE('',#3853,360.);
#3853 = AXIS2_PLACEMENT_3D('',#3854,#3855,#3856);
#3854 = CARTESIAN_POINT('',(2.6E+03,-3.151926643362E-30,
    -8.44556198691E-31));
#3855 = DIRECTION('',(1.,2.144786184852E-16,5.746937261686E-17));
#3856 = DIRECTION('',(2.22044604925E-16,-0.965925826289,-0.258819045103)
  );
#3857 = PCURVE('',#3858,#3863);
#3858 = TOROIDAL_SURFACE('',#3859,300.,60.);
#3859 = AXIS2_PLACEMENT_3D('',#3860,#3861,#3862);
#3860 = CARTESIAN_POINT('',(2.6E+03,0.,0.));
#3861 = DIRECTION('',(1.,2.144786184852E-16,5.746937261686E-17));
#3862 = DIRECTION('',(2.22044604925E-16,-0.965925826289,-0.258819045103)
  );
#3863 = DEFINITIONAL_REPRESENTATION('',(#3864),#3868);
#3864 = LINE('',#3865,#3866);
#3865 = CARTESIAN_POINT('',(0.,6.28318530718));
#3866 = VECTOR('',#3867,1.);
#3867 = DIRECTION('',(1.,0.));
#3868 = ( GEOMETRIC_REPRESENTATION_CONTEXT(2) 
PARAMETRIC_REPRESENTATION_CONTEXT() REPRESENTATION_CONTEXT('2D SPACE',''
  ) );
#3869 = PCURVE('',#3858,#3870);
#3870 = DEFINITIONAL_REPRESENTATION('',(#3871),#3875);
#3871 = LINE('',#3872,#3873);
#3872 = CARTESIAN_POINT('',(0.,0.));
#3873 = VECTOR('',#3874,1.);
#3874 = DIRECTION('',(1.,0.));
#3875 = ( GEOMETRIC_REPRESENTATION_CONTEXT(2) 
PARAMETRIC_REPRESENTATION_CONTEXT() REPRESENTATION_CONTEXT('2D SPACE',''
  ) );
#3876 = ORIENTED_EDGE('',*,*,#3877,.F.);
#3877 = EDGE_CURVE('',#3849,#3849,#3878,.T.);
#3878 = SEAM_CURVE('',#3879,(#3884,#3891),.PCURVE_S1.);
#3879 = CIRCLE('',#3880,60.);
#3880 = AXIS2_PLACEMENT_3D('',#3881,#3882,#3883);
#3881 = CARTESIAN_POINT('',(2.6E+03,-289.7777478867,-77.64571353075));
#3882 = DIRECTION('',(-4.930380657631E-32,-0.258819045103,0.965925826289
    ));
#3883 = DIRECTION('',(2.22044604925E-16,-0.965925826289,-0.258819045103)
  );
#3884 = PCURVE('',#3858,#3885);
#3885 = DEFINITIONAL_REPRESENTATION('',(#3886),#3890);
#3886 = LINE('',#3887,#3888);
#3887 = CARTESIAN_POINT('',(6.28318530718,-0.));
#3888 = VECTOR('',#3889,1.);
#3889 = DIRECTION('',(0.,1.));
#3890 = ( GEOMETRIC_REPRESENTATION_CONTEXT(2) 
PARAMETRIC_REPRESENTATION_CONTEXT() REPRESENTATION_CONTEXT('2D SPACE',''
  ) );
#3891 = PCURVE('',#3858,#3892);
#3892 = DEFINITIONAL_REPRESENTATION('',(#3893),#3897);
#3893 = LINE('',#3894,#3895);
#3894 = CARTESIAN_POINT('',(0.,-0.));
#3895 = VECTOR('',#3896,1.);
#3896 = DIRECTION('',(0.,1.));
#3897 = ( GEOMETRIC_REPRESENTATION_CONTEXT(2) 
PARAMETRIC_REPRESENTATION_CONTEXT() REPRESENTATION_CONTEXT('2D SPACE',''
  ) );
#3898 = ORIENTED_EDGE('',*,*,#3848,.T.);
#3899 = ORIENTED_EDGE('',*,*,#3877,.T.);
#3900 = ORIENTED_CLOSED_SHELL('',*,#3901,.F.);
#3901 = CLOSED_SHELL('',(#3902));
#3902 = ADVANCED_FACE('',(#3903),#3916,.T.);
#3903 = FACE_BOUND('',#3904,.T.);
#3904 = EDGE_LOOP('',(#3905,#3934,#3956,#3957));
#3905 = ORIENTED_EDGE('',*,*,#3906,.F.);
#3906 = EDGE_CURVE('',#3907,#3907,#3909,.T.);
#3907 = VERTEX_POINT('',#3908);
#3908 = CARTESIAN_POINT('',(2.6E+03,-332.2784842434,-89.03375151526));
#3909 = SEAM_CURVE('',#3910,(#3915,#3927),.PCURVE_S1.);
#3910 = CIRCLE('',#3911,344.);
#3911 = AXIS2_PLACEMENT_3D('',#3912,#3913,#3914);
#3912 = CARTESIAN_POINT('',(2.6E+03,-2.311412871799E-30,
    -6.193412123734E-31));
#3913 = DIRECTION('',(1.,2.144786184852E-16,5.746937261686E-17));
#3914 = DIRECTION('',(2.22044604925E-16,-0.965925826289,-0.258819045103)
  );
#3915 = PCURVE('',#3916,#3921);
#3916 = TOROIDAL_SURFACE('',#3917,300.,44.);
#3917 = AXIS2_PLACEMENT_3D('',#3918,#3919,#3920);
#3918 = CARTESIAN_POINT('',(2.6E+03,0.,0.));
#3919 = DIRECTION('',(1.,2.144786184852E-16,5.746937261686E-17));
#3920 = DIRECTION('',(2.22044604925E-16,-0.965925826289,-0.258819045103)
  );
#3921 = DEFINITIONAL_REPRESENTATION('',(#3922),#3926);
#3922 = LINE('',#3923,#3924);
#3923 = CARTESIAN_POINT('',(0.,6.28318530718));
#3924 = VECTOR('',#3925,1.);
#3925 = DIRECTION('',(1.,0.));
#3926 = ( GEOMETRIC_REPRESENTATION_CONTEXT(2) 
PARAMETRIC_REPRESENTATION_CONTEXT() REPRESENTATION_CONTEXT('2D SPACE',''
  ) );
#3927 = PCURVE('',#3916,#3928);
#3928 = DEFINITIONAL_REPRESENTATION('',(#3929),#3933);
#3929 = LINE('',#3930,#3931);
#3930 = CARTESIAN_POINT('',(0.,0.));
#3931 = VECTOR('',#3932,1.);
#3932 = DIRECTION('',(1.,0.));
#3933 = ( GEOMETRIC_REPRESENTATION_CONTEXT(2) 
PARAMETRIC_REPRESENTATION_CONTEXT() REPRESENTATION_CONTEXT('2D SPACE',''
  ) );
#3934 = ORIENTED_EDGE('',*,*,#3935,.F.);
#3935 = EDGE_CURVE('',#3907,#3907,#3936,.T.);
#3936 = SEAM_CURVE('',#3937,(#3942,#3949),.PCURVE_S1.);
#3937 = CIRCLE('',#3938,44.);
#3938 = AXIS2_PLACEMENT_3D('',#3939,#3940,#3941);
#3939 = CARTESIAN_POINT('',(2.6E+03,-289.7777478867,-77.64571353075));
#3940 = DIRECTION('',(-4.930380657631E-32,-0.258819045103,0.965925826289
    ));
#3941 = DIRECTION('',(2.22044604925E-16,-0.965925826289,-0.258819045103)
  );
#3942 = PCURVE('',#3916,#3943);
#3943 = DEFINITIONAL_REPRESENTATION('',(#3944),#3948);
#3944 = LINE('',#3945,#3946);
#3945 = CARTESIAN_POINT('',(6.28318530718,-0.));
#3946 = VECTOR('',#3947,1.);
#3947 = DIRECTION('',(0.,1.));
#3948 = ( GEOMETRIC_REPRESENTATION_CONTEXT(2) 
PARAMETRIC_REPRESENTATION_CONTEXT() REPRESENTATION_CONTEXT('2D SPACE',''
  ) );
#3949 = PCURVE('',#3916,#3950);
#3950 = DEFINITIONAL_REPRESENTATION('',(#3951),#3955);
#3951 = LINE('',#3952,#3953);
#3952 = CARTESIAN_POINT('',(0.,-0.));
#3953 = VECTOR('',#3954,1.);
#3954 = DIRECTION('',(0.,1.));
#3955 = ( GEOMETRIC_REPRESENTATION_CONTEXT(2) 
PARAMETRIC_REPRESENTATION_CONTEXT() REPRESENTATION_CONTEXT('2D SPACE',''
  ) );
#3956 = ORIENTED_EDGE('',*,*,#3906,.T.);
#3957 = ORIENTED_EDGE('',*,*,#3935,.T.);
#3958 = ( GEOMETRIC_REPRESENTATION_CONTEXT(3) 
GLOBAL_UNCERTAINTY_ASSIGNED_CONTEXT((#3962)) 
GLOBAL_UNIT_ASSIGNED_CONTEXT((#3959,#3960,#3961)) REPRESENTATION_CONTEXT
('Context #1','3D Context with UNIT and UNCERTAINTY') );
#3959 = ( LENGTH_UNIT() NAMED_UNIT(*) SI_UNIT($,.METRE.) );
#3960 = ( NAMED_UNIT(*) PLANE_ANGLE_UNIT() SI_UNIT($,.RADIAN.) );
#3961 = ( NAMED_UNIT(*) SI_UNIT($,.STERADIAN.) SOLID_ANGLE_UNIT() );
#3962 = UNCERTAINTY_MEASURE_WITH_UNIT(LENGTH_MEASURE(1.E-07),#3959,
  'distance_accuracy_value','confusion accuracy');
#3963 = PRODUCT_RELATED_PRODUCT_CATEGORY('part',$,(#3838));
#3964 = SHAPE_DEFINITION_REPRESENTATION(#3965,#3971);
#3965 = PRODUCT_DEFINITION_SHAPE('','',#3966);
#3966 = PRODUCT_DEFINITION('design','',#3967,#3970);
#3967 = PRODUCT_DEFINITION_FORMATION('','',#3968);
#3968 = PRODUCT('TFo_20','TFo_20','',(#3969));
#3969 = PRODUCT_CONTEXT('',#2,'mechanical');
#3970 = PRODUCT_DEFINITION_CONTEXT('part definition',#2,'design');
#3971 = ADVANCED_BREP_SHAPE_REPRESENTATION('',(#11,#3972),#4030);
#3972 = MANIFOLD_SOLID_BREP('',#3973);
#3973 = CLOSED_SHELL('',(#3974));
#3974 = ADVANCED_FACE('',(#3975),#3988,.T.);
#3975 = FACE_BOUND('',#3976,.T.);
#3976 = EDGE_LOOP('',(#3977,#4006,#4028,#4029));
#3977 = ORIENTED_EDGE('',*,*,#3978,.F.);
#3978 = EDGE_CURVE('',#3979,#3979,#3981,.T.);
#3979 = VERTEX_POINT('',#3980);
#3980 = CARTESIAN_POINT('',(2.6E+03,-8.817456953861E-14,-360.));
#3981 = SEAM_CURVE('',#3982,(#3987,#3999),.PCURVE_S1.);
#3982 = CIRCLE('',#3983,360.);
#3983 = AXIS2_PLACEMENT_3D('',#3984,#3985,#3986);
#3984 = CARTESIAN_POINT('',(2.6E+03,0.,-3.263114576273E-30));
#3985 = DIRECTION('',(1.,-0.,2.22044604925E-16));
#3986 = DIRECTION('',(2.22044604925E-16,0.,-1.));
#3987 = PCURVE('',#3988,#3993);
#3988 = TOROIDAL_SURFACE('',#3989,300.,60.);
#3989 = AXIS2_PLACEMENT_3D('',#3990,#3991,#3992);
#3990 = CARTESIAN_POINT('',(2.6E+03,0.,0.));
#3991 = DIRECTION('',(1.,0.,2.22044604925E-16));
#3992 = DIRECTION('',(2.22044604925E-16,0.,-1.));
#3993 = DEFINITIONAL_REPRESENTATION('',(#3994),#3998);
#3994 = LINE('',#3995,#3996);
#3995 = CARTESIAN_POINT('',(0.,6.28318530718));
#3996 = VECTOR('',#3997,1.);
#3997 = DIRECTION('',(1.,0.));
#3998 = ( GEOMETRIC_REPRESENTATION_CONTEXT(2) 
PARAMETRIC_REPRESENTATION_CONTEXT() REPRESENTATION_CONTEXT('2D SPACE',''
  ) );
#3999 = PCURVE('',#3988,#4000);
#4000 = DEFINITIONAL_REPRESENTATION('',(#4001),#4005);
#4001 = LINE('',#4002,#4003);
#4002 = CARTESIAN_POINT('',(0.,0.));
#4003 = VECTOR('',#4004,1.);
#4004 = DIRECTION('',(1.,0.));
#4005 = ( GEOMETRIC_REPRESENTATION_CONTEXT(2) 
PARAMETRIC_REPRESENTATION_CONTEXT() REPRESENTATION_CONTEXT('2D SPACE',''
  ) );
#4006 = ORIENTED_EDGE('',*,*,#4007,.F.);
#4007 = EDGE_CURVE('',#3979,#3979,#4008,.T.);
#4008 = SEAM_CURVE('',#4009,(#4014,#4021),.PCURVE_S1.);
#4009 = CIRCLE('',#4010,60.);
#4010 = AXIS2_PLACEMENT_3D('',#4011,#4012,#4013);
#4011 = CARTESIAN_POINT('',(2.6E+03,-7.347880794884E-14,-300.));
#4012 = DIRECTION('',(-5.438524293788E-32,-1.,2.449293598295E-16));
#4013 = DIRECTION('',(2.22044604925E-16,-2.449293598295E-16,-1.));
#4014 = PCURVE('',#3988,#4015);
#4015 = DEFINITIONAL_REPRESENTATION('',(#4016),#4020);
#4016 = LINE('',#4017,#4018);
#4017 = CARTESIAN_POINT('',(6.28318530718,-0.));
#4018 = VECTOR('',#4019,1.);
#4019 = DIRECTION('',(0.,1.));
#4020 = ( GEOMETRIC_REPRESENTATION_CONTEXT(2) 
PARAMETRIC_REPRESENTATION_CONTEXT() REPRESENTATION_CONTEXT('2D SPACE',''
  ) );
#4021 = PCURVE('',#3988,#4022);
#4022 = DEFINITIONAL_REPRESENTATION('',(#4023),#4027);
#4023 = LINE('',#4024,#4025);
#4024 = CARTESIAN_POINT('',(0.,-0.));
#4025 = VECTOR('',#4026,1.);
#4026 = DIRECTION('',(0.,1.));
#4027 = ( GEOMETRIC_REPRESENTATION_CONTEXT(2) 
PARAMETRIC_REPRESENTATION_CONTEXT() REPRESENTATION_CONTEXT('2D SPACE',''
  ) );
#4028 = ORIENTED_EDGE('',*,*,#3978,.T.);
#4029 = ORIENTED_EDGE('',*,*,#4007,.T.);
#4030 = ( GEOMETRIC_REPRESENTATION_CONTEXT(3) 
GLOBAL_UNCERTAINTY_ASSIGNED_CONTEXT((#4034)) 
GLOBAL_UNIT_ASSIGNED_CONTEXT((#4031,#4032,#4033)) REPRESENTATION_CONTEXT
('Context #1','3D Context with UNIT and UNCERTAINTY') );
#4031 = ( LENGTH_UNIT() NAMED_UNIT(*) SI_UNIT($,.METRE.) );
#4032 = ( NAMED_UNIT(*) PLANE_ANGLE_UNIT() SI_UNIT($,.RADIAN.) );
#4033 = ( NAMED_UNIT(*) SI_UNIT($,.STERADIAN.) SOLID_ANGLE_UNIT() );
#4034 = UNCERTAINTY_MEASURE_WITH_UNIT(LENGTH_MEASURE(1.E-07),#4031,
  'distance_accuracy_value','confusion accuracy');
#4035 = PRODUCT_RELATED_PRODUCT_CATEGORY('part',$,(#3968));
#4036 = SHAPE_DEFINITION_REPRESENTATION(#4037,#4043);
#4037 = PRODUCT_DEFINITION_SHAPE('','',#4038);
#4038 = PRODUCT_DEFINITION('design','',#4039,#4042);
#4039 = PRODUCT_DEFINITION_FORMATION('','',#4040);
#4040 = PRODUCT('TF_20','TF_20','',(#4041));
#4041 = PRODUCT_CONTEXT('',#2,'mechanical');
#4042 = PRODUCT_DEFINITION_CONTEXT('part definition',#2,'design');
#4043 = ADVANCED_BREP_SHAPE_REPRESENTATION('',(#11,#4044),#4160);
#4044 = BREP_WITH_VOIDS('',#4045,(#4102));
#4045 = CLOSED_SHELL('',(#4046));
#4046 = ADVANCED_FACE('',(#4047),#4060,.T.);
#4047 = FACE_BOUND('',#4048,.T.);
#4048 = EDGE_LOOP('',(#4049,#4078,#4100,#4101));
#4049 = ORIENTED_EDGE('',*,*,#4050,.F.);
#4050 = EDGE_CURVE('',#4051,#4051,#4053,.T.);
#4051 = VERTEX_POINT('',#4052);
#4052 = CARTESIAN_POINT('',(2.6E+03,-311.7691453623,-180.));
#4053 = SEAM_CURVE('',#4054,(#4059,#4071),.PCURVE_S1.);
#4054 = CIRCLE('',#4055,360.);
#4055 = AXIS2_PLACEMENT_3D('',#4056,#4057,#4058);
#4056 = CARTESIAN_POINT('',(2.6E+03,-2.825940118511E-30,
    -1.631557288136E-30));
#4057 = DIRECTION('',(1.,1.922962686384E-16,1.110223024625E-16));
#4058 = DIRECTION('',(2.22044604925E-16,-0.866025403784,-0.5));
#4059 = PCURVE('',#4060,#4065);
#4060 = TOROIDAL_SURFACE('',#4061,300.,60.);
#4061 = AXIS2_PLACEMENT_3D('',#4062,#4063,#4064);
#4062 = CARTESIAN_POINT('',(2.6E+03,0.,0.));
#4063 = DIRECTION('',(1.,1.922962686384E-16,1.110223024625E-16));
#4064 = DIRECTION('',(2.22044604925E-16,-0.866025403784,-0.5));
#4065 = DEFINITIONAL_REPRESENTATION('',(#4066),#4070);
#4066 = LINE('',#4067,#4068);
#4067 = CARTESIAN_POINT('',(0.,6.28318530718));
#4068 = VECTOR('',#4069,1.);
#4069 = DIRECTION('',(1.,0.));
#4070 = ( GEOMETRIC_REPRESENTATION_CONTEXT(2) 
PARAMETRIC_REPRESENTATION_CONTEXT() REPRESENTATION_CONTEXT('2D SPACE',''
  ) );
#4071 = PCURVE('',#4060,#4072);
#4072 = DEFINITIONAL_REPRESENTATION('',(#4073),#4077);
#4073 = LINE('',#4074,#4075);
#4074 = CARTESIAN_POINT('',(0.,0.));
#4075 = VECTOR('',#4076,1.);
#4076 = DIRECTION('',(1.,0.));
#4077 = ( GEOMETRIC_REPRESENTATION_CONTEXT(2) 
PARAMETRIC_REPRESENTATION_CONTEXT() REPRESENTATION_CONTEXT('2D SPACE',''
  ) );
#4078 = ORIENTED_EDGE('',*,*,#4079,.F.);
#4079 = EDGE_CURVE('',#4051,#4051,#4080,.T.);
#4080 = SEAM_CURVE('',#4081,(#4086,#4093),.PCURVE_S1.);
#4081 = CIRCLE('',#4082,60.);
#4082 = AXIS2_PLACEMENT_3D('',#4083,#4084,#4085);
#4083 = CARTESIAN_POINT('',(2.6E+03,-259.8076211353,-150.));
#4084 = DIRECTION('',(-6.162975822039E-32,-0.5,0.866025403784));
#4085 = DIRECTION('',(2.22044604925E-16,-0.866025403784,-0.5));
#4086 = PCURVE('',#4060,#4087);
#4087 = DEFINITIONAL_REPRESENTATION('',(#4088),#4092);
#4088 = LINE('',#4089,#4090);
#4089 = CARTESIAN_POINT('',(6.28318530718,-0.));
#4090 = VECTOR('',#4091,1.);
#4091 = DIRECTION('',(0.,1.));
#4092 = ( GEOMETRIC_REPRESENTATION_CONTEXT(2) 
PARAMETRIC_REPRESENTATION_CONTEXT() REPRESENTATION_CONTEXT('2D SPACE',''
  ) );
#4093 = PCURVE('',#4060,#4094);
#4094 = DEFINITIONAL_REPRESENTATION('',(#4095),#4099);
#4095 = LINE('',#4096,#4097);
#4096 = CARTESIAN_POINT('',(0.,-0.));
#4097 = VECTOR('',#4098,1.);
#4098 = DIRECTION('',(0.,1.));
#4099 = ( GEOMETRIC_REPRESENTATION_CONTEXT(2) 
PARAMETRIC_REPRESENTATION_CONTEXT() REPRESENTATION_CONTEXT('2D SPACE',''
  ) );
#4100 = ORIENTED_EDGE('',*,*,#4050,.T.);
#4101 = ORIENTED_EDGE('',*,*,#4079,.T.);
#4102 = ORIENTED_CLOSED_SHELL('',*,#4103,.F.);
#4103 = CLOSED_SHELL('',(#4104));
#4104 = ADVANCED_FACE('',(#4105),#4118,.T.);
#4105 = FACE_BOUND('',#4106,.T.);
#4106 = EDGE_LOOP('',(#4107,#4136,#4158,#4159));
#4107 = ORIENTED_EDGE('',*,*,#4108,.F.);
#4108 = EDGE_CURVE('',#4109,#4109,#4111,.T.);
#4109 = VERTEX_POINT('',#4110);
#4110 = CARTESIAN_POINT('',(2.6E+03,-297.9127389018,-172.));
#4111 = SEAM_CURVE('',#4112,(#4117,#4129),.PCURVE_S1.);
#4112 = CIRCLE('',#4113,344.);
#4113 = AXIS2_PLACEMENT_3D('',#4114,#4115,#4116);
#4114 = CARTESIAN_POINT('',(2.6E+03,-2.072356086908E-30,
    -1.196475344633E-30));
#4115 = DIRECTION('',(1.,1.922962686384E-16,1.110223024625E-16));
#4116 = DIRECTION('',(2.22044604925E-16,-0.866025403784,-0.5));
#4117 = PCURVE('',#4118,#4123);
#4118 = TOROIDAL_SURFACE('',#4119,300.,44.);
#4119 = AXIS2_PLACEMENT_3D('',#4120,#4121,#4122);
#4120 = CARTESIAN_POINT('',(2.6E+03,0.,0.));
#4121 = DIRECTION('',(1.,1.922962686384E-16,1.110223024625E-16));
#4122 = DIRECTION('',(2.22044604925E-16,-0.866025403784,-0.5));
#4123 = DEFINITIONAL_REPRESENTATION('',(#4124),#4128);
#4124 = LINE('',#4125,#4126);
#4125 = CARTESIAN_POINT('',(0.,6.28318530718));
#4126 = VECTOR('',#4127,1.);
#4127 = DIRECTION('',(1.,0.));
#4128 = ( GEOMETRIC_REPRESENTATION_CONTEXT(2) 
PARAMETRIC_REPRESENTATION_CONTEXT() REPRESENTATION_CONTEXT('2D SPACE',''
  ) );
#4129 = PCURVE('',#4118,#4130);
#4130 = DEFINITIONAL_REPRESENTATION('',(#4131),#4135);
#4131 = LINE('',#4132,#4133);
#4132 = CARTESIAN_POINT('',(0.,0.));
#4133 = VECTOR('',#4134,1.);
#4134 = DIRECTION('',(1.,0.));
#4135 = ( GEOMETRIC_REPRESENTATION_CONTEXT(2) 
PARAMETRIC_REPRESENTATION_CONTEXT() REPRESENTATION_CONTEXT('2D SPACE',''
  ) );
#4136 = ORIENTED_EDGE('',*,*,#4137,.F.);
#4137 = EDGE_CURVE('',#4109,#4109,#4138,.T.);
#4138 = SEAM_CURVE('',#4139,(#4144,#4151),.PCURVE_S1.);
#4139 = CIRCLE('',#4140,44.);
#4140 = AXIS2_PLACEMENT_3D('',#4141,#4142,#4143);
#4141 = CARTESIAN_POINT('',(2.6E+03,-259.8076211353,-150.));
#4142 = DIRECTION('',(-6.162975822039E-32,-0.5,0.866025403784));
#4143 = DIRECTION('',(2.22044604925E-16,-0.866025403784,-0.5));
#4144 = PCURVE('',#4118,#4145);
#4145 = DEFINITIONAL_REPRESENTATION('',(#4146),#4150);
#4146 = LINE('',#4147,#4148);
#4147 = CARTESIAN_POINT('',(6.28318530718,-0.));
#4148 = VECTOR('',#4149,1.);
#4149 = DIRECTION('',(0.,1.));
#4150 = ( GEOMETRIC_REPRESENTATION_CONTEXT(2) 
PARAMETRIC_REPRESENTATION_CONTEXT() REPRESENTATION_CONTEXT('2D SPACE',''
  ) );
#4151 = PCURVE('',#4118,#4152);
#4152 = DEFINITIONAL_REPRESENTATION('',(#4153),#4157);
#4153 = LINE('',#4154,#4155);
#4154 = CARTESIAN_POINT('',(0.,-0.));
#4155 = VECTOR('',#4156,1.);
#4156 = DIRECTION('',(0.,1.));
#4157 = ( GEOMETRIC_REPRESENTATION_CONTEXT(2) 
PARAMETRIC_REPRESENTATION_CONTEXT() REPRESENTATION_CONTEXT('2D SPACE',''
  ) );
#4158 = ORIENTED_EDGE('',*,*,#4108,.T.);
#4159 = ORIENTED_EDGE('',*,*,#4137,.T.);
#4160 = ( GEOMETRIC_REPRESENTATION_CONTEXT(3) 
GLOBAL_UNCERTAINTY_ASSIGNED_CONTEXT((#4164)) 
GLOBAL_UNIT_ASSIGNED_CONTEXT((#4161,#4162,#4163)) REPRESENTATION_CONTEXT
('Context #1','3D Context with UNIT and UNCERTAINTY') );
#4161 = ( LENGTH_UNIT() NAMED_UNIT(*) SI_UNIT($,.METRE.) );
#4162 = ( NAMED_UNIT(*) PLANE_ANGLE_UNIT() SI_UNIT($,.RADIAN.) );
#4163 = ( NAMED_UNIT(*) SI_UNIT($,.STERADIAN.) SOLID_ANGLE_UNIT() );
#4164 = UNCERTAINTY_MEASURE_WITH_UNIT(LENGTH_MEASURE(1.E-07),#4161,
  'distance_accuracy_value','confusion accuracy');
#4165 = PRODUCT_RELATED_PRODUCT_CATEGORY('part',$,(#4040));
#4166 = SHAPE_DEFINITION_REPRESENTATION(#4167,#4173);
#4167 = PRODUCT_DEFINITION_SHAPE('','',#4168);
#4168 = PRODUCT_DEFINITION('design','',#4169,#4172);
#4169 = PRODUCT_DEFINITION_FORMATION('','',#4170);
#4170 = PRODUCT('TFo_22','TFo_22','',(#4171));
#4171 = PRODUCT_CONTEXT('',#2,'mechanical');
#4172 = PRODUCT_DEFINITION_CONTEXT('part definition',#2,'design');
#4173 = ADVANCED_BREP_SHAPE_REPRESENTATION('',(#11,#4174),#4232);
#4174 = MANIFOLD_SOLID_BREP('',#4175);
#4175 = CLOSED_SHELL('',(#4176));
#4176 = ADVANCED_FACE('',(#4177),#4190,.T.);
#4177 = FACE_BOUND('',#4178,.T.);
#4178 = EDGE_LOOP('',(#4179,#4208,#4230,#4231));
#4179 = ORIENTED_EDGE('',*,*,#4180,.F.);
#4180 = EDGE_CURVE('',#4181,#4181,#4183,.T.);
#4181 = VERTEX_POINT('',#4182);
#4182 = CARTESIAN_POINT('',(2.6E+03,-8.817456953861E-14,-360.));
#4183 = SEAM_CURVE('',#4184,(#4189,#4201),.PCURVE_S1.);
#4184 = CIRCLE('',#4185,360.);
#4185 = AXIS2_PLACEMENT_3D('',#4186,#4187,#4188);
#4186 = CARTESIAN_POINT('',(2.6E+03,0.,-3.263114576273E-30));
#4187 = DIRECTION('',(1.,-0.,2.22044604925E-16));
#4188 = DIRECTION('',(2.22044604925E-16,0.,-1.));
#4189 = PCURVE('',#4190,#4195);
#4190 = TOROIDAL_SURFACE('',#4191,300.,60.);
#4191 = AXIS2_PLACEMENT_3D('',#4192,#4193,#4194);
#4192 = CARTESIAN_POINT('',(2.6E+03,0.,0.));
#4193 = DIRECTION('',(1.,0.,2.22044604925E-16));
#4194 = DIRECTION('',(2.22044604925E-16,0.,-1.));
#4195 = DEFINITIONAL_REPRESENTATION('',(#4196),#4200);
#4196 = LINE('',#4197,#4198);
#4197 = CARTESIAN_POINT('',(0.,6.28318530718));
#4198 = VECTOR('',#4199,1.);
#4199 = DIRECTION('',(1.,0.));
#4200 = ( GEOMETRIC_REPRESENTATION_CONTEXT(2) 
PARAMETRIC_REPRESENTATION_CONTEXT() REPRESENTATION_CONTEXT('2D SPACE',''
  ) );
#4201 = PCURVE('',#4190,#4202);
#4202 = DEFINITIONAL_REPRESENTATION('',(#4203),#4207);
#4203 = LINE('',#4204,#4205);
#4204 = CARTESIAN_POINT('',(0.,0.));
#4205 = VECTOR('',#4206,1.);
#4206 = DIRECTION('',(1.,0.));
#4207 = ( GEOMETRIC_REPRESENTATION_CONTEXT(2) 
PARAMETRIC_REPRESENTATION_CONTEXT() REPRESENTATION_CONTEXT('2D SPACE',''
  ) );
#4208 = ORIENTED_EDGE('',*,*,#4209,.F.);
#4209 = EDGE_CURVE('',#4181,#4181,#4210,.T.);
#4210 = SEAM_CURVE('',#4211,(#4216,#4223),.PCURVE_S1.);
#4211 = CIRCLE('',#4212,60.);
#4212 = AXIS2_PLACEMENT_3D('',#4213,#4214,#4215);
#4213 = CARTESIAN_POINT('',(2.6E+03,-7.347880794884E-14,-300.));
#4214 = DIRECTION('',(-5.438524293788E-32,-1.,2.449293598295E-16));
#4215 = DIRECTION('',(2.22044604925E-16,-2.449293598295E-16,-1.));
#4216 = PCURVE('',#4190,#4217);
#4217 = DEFINITIONAL_REPRESENTATION('',(#4218),#4222);
#4218 = LINE('',#4219,#4220);
#4219 = CARTESIAN_POINT('',(6.28318530718,-0.));
#4220 = VECTOR('',#4221,1.);
#4221 = DIRECTION('',(0.,1.));
#4222 = ( GEOMETRIC_REPRESENTATION_CONTEXT(2) 
PARAMETRIC_REPRESENTATION_CONTEXT() REPRESENTATION_CONTEXT('2D SPACE',''
  ) );
#4223 = PCURVE('',#4190,#4224);
#4224 = DEFINITIONAL_REPRESENTATION('',(#4225),#4229);
#4225 = LINE('',#4226,#4227);
#4226 = CARTESIAN_POINT('',(0.,-0.));
#4227 = VECTOR('',#4228,1.);
#4228 = DIRECTION('',(0.,1.));
#4229 = ( GEOMETRIC_REPRESENTATION_CONTEXT(2) 
PARAMETRIC_REPRESENTATION_CONTEXT() REPRESENTATION_CONTEXT('2D SPACE',''
  ) );
#4230 = ORIENTED_EDGE('',*,*,#4180,.T.);
#4231 = ORIENTED_EDGE('',*,*,#4209,.T.);
#4232 = ( GEOMETRIC_REPRESENTATION_CONTEXT(3) 
GLOBAL_UNCERTAINTY_ASSIGNED_CONTEXT((#4236)) 
GLOBAL_UNIT_ASSIGNED_CONTEXT((#4233,#4234,#4235)) REPRESENTATION_CONTEXT
('Context #1','3D Context with UNIT and UNCERTAINTY') );
#4233 = ( LENGTH_UNIT() NAMED_UNIT(*) SI_UNIT($,.METRE.) );
#4234 = ( NAMED_UNIT(*) PLANE_ANGLE_UNIT() SI_UNIT($,.RADIAN.) );
#4235 = ( NAMED_UNIT(*) SI_UNIT($,.STERADIAN.) SOLID_ANGLE_UNIT() );
#4236 = UNCERTAINTY_MEASURE_WITH_UNIT(LENGTH_MEASURE(1.E-07),#4233,
  'distance_accuracy_value','confusion accuracy');
#4237 = PRODUCT_RELATED_PRODUCT_CATEGORY('part',$,(#4170));
#4238 = SHAPE_DEFINITION_REPRESENTATION(#4239,#4245);
#4239 = PRODUCT_DEFINITION_SHAPE('','',#4240);
#4240 = PRODUCT_DEFINITION('design','',#4241,#4244);
#4241 = PRODUCT_DEFINITION_FORMATION('','',#4242);
#4242 = PRODUCT('TFi_21','TFi_21','',(#4243));
#4243 = PRODUCT_CONTEXT('',#2,'mechanical');
#4244 = PRODUCT_DEFINITION_CONTEXT('part definition',#2,'design');
#4245 = ADVANCED_BREP_SHAPE_REPRESENTATION('',(#11,#4246),#4304);
#4246 = MANIFOLD_SOLID_BREP('',#4247);
#4247 = CLOSED_SHELL('',(#4248));
#4248 = ADVANCED_FACE('',(#4249),#4262,.T.);
#4249 = FACE_BOUND('',#4250,.T.);
#4250 = EDGE_LOOP('',(#4251,#4280,#4302,#4303));
#4251 = ORIENTED_EDGE('',*,*,#4252,.F.);
#4252 = EDGE_CURVE('',#4253,#4253,#4255,.T.);
#4253 = VERTEX_POINT('',#4254);
#4254 = CARTESIAN_POINT('',(2.6E+03,-8.425569978134E-14,-344.));
#4255 = SEAM_CURVE('',#4256,(#4261,#4273),.PCURVE_S1.);
#4256 = CIRCLE('',#4257,344.);
#4257 = AXIS2_PLACEMENT_3D('',#4258,#4259,#4260);
#4258 = CARTESIAN_POINT('',(2.6E+03,0.,-2.392950689267E-30));
#4259 = DIRECTION('',(1.,-0.,2.22044604925E-16));
#4260 = DIRECTION('',(2.22044604925E-16,0.,-1.));
#4261 = PCURVE('',#4262,#4267);
#4262 = TOROIDAL_SURFACE('',#4263,300.,44.);
#4263 = AXIS2_PLACEMENT_3D('',#4264,#4265,#4266);
#4264 = CARTESIAN_POINT('',(2.6E+03,0.,0.));
#4265 = DIRECTION('',(1.,0.,2.22044604925E-16));
#4266 = DIRECTION('',(2.22044604925E-16,0.,-1.));
#4267 = DEFINITIONAL_REPRESENTATION('',(#4268),#4272);
#4268 = LINE('',#4269,#4270);
#4269 = CARTESIAN_POINT('',(0.,6.28318530718));
#4270 = VECTOR('',#4271,1.);
#4271 = DIRECTION('',(1.,0.));
#4272 = ( GEOMETRIC_REPRESENTATION_CONTEXT(2) 
PARAMETRIC_REPRESENTATION_CONTEXT() REPRESENTATION_CONTEXT('2D SPACE',''
  ) );
#4273 = PCURVE('',#4262,#4274);
#4274 = DEFINITIONAL_REPRESENTATION('',(#4275),#4279);
#4275 = LINE('',#4276,#4277);
#4276 = CARTESIAN_POINT('',(0.,0.));
#4277 = VECTOR('',#4278,1.);
#4278 = DIRECTION('',(1.,0.));
#4279 = ( GEOMETRIC_REPRESENTATION_CONTEXT(2) 
PARAMETRIC_REPRESENTATION_CONTEXT() REPRESENTATION_CONTEXT('2D SPACE',''
  ) );
#4280 = ORIENTED_EDGE('',*,*,#4281,.F.);
#4281 = EDGE_CURVE('',#4253,#4253,#4282,.T.);
#4282 = SEAM_CURVE('',#4283,(#4288,#4295),.PCURVE_S1.);
#4283 = CIRCLE('',#4284,44.);
#4284 = AXIS2_PLACEMENT_3D('',#4285,#4286,#4287);
#4285 = CARTESIAN_POINT('',(2.6E+03,-7.347880794884E-14,-300.));
#4286 = DIRECTION('',(-5.438524293788E-32,-1.,2.449293598295E-16));
#4287 = DIRECTION('',(2.22044604925E-16,-2.449293598295E-16,-1.));
#4288 = PCURVE('',#4262,#4289);
#4289 = DEFINITIONAL_REPRESENTATION('',(#4290),#4294);
#4290 = LINE('',#4291,#4292);
#4291 = CARTESIAN_POINT('',(6.28318530718,-0.));
#4292 = VECTOR('',#4293,1.);
#4293 = DIRECTION('',(0.,1.));
#4294 = ( GEOMETRIC_REPRESENTATION_CONTEXT(2) 
PARAMETRIC_REPRESENTATION_CONTEXT() REPRESENTATION_CONTEXT('2D SPACE',''
  ) );
#4295 = PCURVE('',#4262,#4296);
#4296 = DEFINITIONAL_REPRESENTATION('',(#4297),#4301);
#4297 = LINE('',#4298,#4299);
#4298 = CARTESIAN_POINT('',(0.,-0.));
#4299 = VECTOR('',#4300,1.);
#4300 = DIRECTION('',(0.,1.));
#4301 = ( GEOMETRIC_REPRESENTATION_CONTEXT(2) 
PARAMETRIC_REPRESENTATION_CONTEXT() REPRESENTATION_CONTEXT('2D SPACE',''
  ) );
#4302 = ORIENTED_EDGE('',*,*,#4252,.T.);
#4303 = ORIENTED_EDGE('',*,*,#4281,.T.);
#4304 = ( GEOMETRIC_REPRESENTATION_CONTEXT(3) 
GLOBAL_UNCERTAINTY_ASSIGNED_CONTEXT((#4308)) 
GLOBAL_UNIT_ASSIGNED_CONTEXT((#4305,#4306,#4307)) REPRESENTATION_CONTEXT
('Context #1','3D Context with UNIT and UNCERTAINTY') );
#4305 = ( LENGTH_UNIT() NAMED_UNIT(*) SI_UNIT($,.METRE.) );
#4306 = ( NAMED_UNIT(*) PLANE_ANGLE_UNIT() SI_UNIT($,.RADIAN.) );
#4307 = ( NAMED_UNIT(*) SI_UNIT($,.STERADIAN.) SOLID_ANGLE_UNIT() );
#4308 = UNCERTAINTY_MEASURE_WITH_UNIT(LENGTH_MEASURE(1.E-07),#4305,
  'distance_accuracy_value','confusion accuracy');
#4309 = PRODUCT_RELATED_PRODUCT_CATEGORY('part',$,(#4242));
#4310 = SHAPE_DEFINITION_REPRESENTATION(#4311,#4317);
#4311 = PRODUCT_DEFINITION_SHAPE('','',#4312);
#4312 = PRODUCT_DEFINITION('design','',#4313,#4316);
#4313 = PRODUCT_DEFINITION_FORMATION('','',#4314);
#4314 = PRODUCT('TF_22','TF_22','',(#4315));
#4315 = PRODUCT_CONTEXT('',#2,'mechanical');
#4316 = PRODUCT_DEFINITION_CONTEXT('part definition',#2,'design');
#4317 = ADVANCED_BREP_SHAPE_REPRESENTATION('',(#11,#4318),#4434);
#4318 = BREP_WITH_VOIDS('',#4319,(#4376));
#4319 = CLOSED_SHELL('',(#4320));
#4320 = ADVANCED_FACE('',(#4321),#4334,.T.);
#4321 = FACE_BOUND('',#4322,.T.);
#4322 = EDGE_LOOP('',(#4323,#4352,#4374,#4375));
#4323 = ORIENTED_EDGE('',*,*,#4324,.F.);
#4324 = EDGE_CURVE('',#4325,#4325,#4327,.T.);
#4325 = VERTEX_POINT('',#4326);
#4326 = CARTESIAN_POINT('',(2.6E+03,-180.,-311.7691453623));
#4327 = SEAM_CURVE('',#4328,(#4333,#4345),.PCURVE_S1.);
#4328 = CIRCLE('',#4329,360.);
#4329 = AXIS2_PLACEMENT_3D('',#4330,#4331,#4332);
#4330 = CARTESIAN_POINT('',(2.6E+03,-1.631557288136E-30,
    -2.825940118511E-30));
#4331 = DIRECTION('',(1.,1.110223024625E-16,1.922962686384E-16));
#4332 = DIRECTION('',(2.22044604925E-16,-0.5,-0.866025403784));
#4333 = PCURVE('',#4334,#4339);
#4334 = TOROIDAL_SURFACE('',#4335,300.,60.);
#4335 = AXIS2_PLACEMENT_3D('',#4336,#4337,#4338);
#4336 = CARTESIAN_POINT('',(2.6E+03,0.,0.));
#4337 = DIRECTION('',(1.,1.110223024625E-16,1.922962686384E-16));
#4338 = DIRECTION('',(2.22044604925E-16,-0.5,-0.866025403784));
#4339 = DEFINITIONAL_REPRESENTATION('',(#4340),#4344);
#4340 = LINE('',#4341,#4342);
#4341 = CARTESIAN_POINT('',(0.,6.28318530718));
#4342 = VECTOR('',#4343,1.);
#4343 = DIRECTION('',(1.,0.));
#4344 = ( GEOMETRIC_REPRESENTATION_CONTEXT(2) 
PARAMETRIC_REPRESENTATION_CONTEXT() REPRESENTATION_CONTEXT('2D SPACE',''
  ) );
#4345 = PCURVE('',#4334,#4346);
#4346 = DEFINITIONAL_REPRESENTATION('',(#4347),#4351);
#4347 = LINE('',#4348,#4349);
#4348 = CARTESIAN_POINT('',(0.,0.));
#4349 = VECTOR('',#4350,1.);
#4350 = DIRECTION('',(1.,0.));
#4351 = ( GEOMETRIC_REPRESENTATION_CONTEXT(2) 
PARAMETRIC_REPRESENTATION_CONTEXT() REPRESENTATION_CONTEXT('2D SPACE',''
  ) );
#4352 = ORIENTED_EDGE('',*,*,#4353,.F.);
#4353 = EDGE_CURVE('',#4325,#4325,#4354,.T.);
#4354 = SEAM_CURVE('',#4355,(#4360,#4367),.PCURVE_S1.);
#4355 = CIRCLE('',#4356,60.);
#4356 = AXIS2_PLACEMENT_3D('',#4357,#4358,#4359);
#4357 = CARTESIAN_POINT('',(2.6E+03,-150.,-259.8076211353));
#4358 = DIRECTION('',(-4.930380657631E-32,-0.866025403784,0.5));
#4359 = DIRECTION('',(2.22044604925E-16,-0.5,-0.866025403784));
#4360 = PCURVE('',#4334,#4361);
#4361 = DEFINITIONAL_REPRESENTATION('',(#4362),#4366);
#4362 = LINE('',#4363,#4364);
#4363 = CARTESIAN_POINT('',(6.28318530718,-0.));
#4364 = VECTOR('',#4365,1.);
#4365 = DIRECTION('',(0.,1.));
#4366 = ( GEOMETRIC_REPRESENTATION_CONTEXT(2) 
PARAMETRIC_REPRESENTATION_CONTEXT() REPRESENTATION_CONTEXT('2D SPACE',''
  ) );
#4367 = PCURVE('',#4334,#4368);
#4368 = DEFINITIONAL_REPRESENTATION('',(#4369),#4373);
#4369 = LINE('',#4370,#4371);
#4370 = CARTESIAN_POINT('',(0.,-0.));
#4371 = VECTOR('',#4372,1.);
#4372 = DIRECTION('',(0.,1.));
#4373 = ( GEOMETRIC_REPRESENTATION_CONTEXT(2) 
PARAMETRIC_REPRESENTATION_CONTEXT() REPRESENTATION_CONTEXT('2D SPACE',''
  ) );
#4374 = ORIENTED_EDGE('',*,*,#4324,.T.);
#4375 = ORIENTED_EDGE('',*,*,#4353,.T.);
#4376 = ORIENTED_CLOSED_SHELL('',*,#4377,.F.);
#4377 = CLOSED_SHELL('',(#4378));
#4378 = ADVANCED_FACE('',(#4379),#4392,.T.);
#4379 = FACE_BOUND('',#4380,.T.);
#4380 = EDGE_LOOP('',(#4381,#4410,#4432,#4433));
#4381 = ORIENTED_EDGE('',*,*,#4382,.F.);
#4382 = EDGE_CURVE('',#4383,#4383,#4385,.T.);
#4383 = VERTEX_POINT('',#4384);
#4384 = CARTESIAN_POINT('',(2.6E+03,-172.,-297.9127389018));
#4385 = SEAM_CURVE('',#4386,(#4391,#4403),.PCURVE_S1.);
#4386 = CIRCLE('',#4387,344.);
#4387 = AXIS2_PLACEMENT_3D('',#4388,#4389,#4390);
#4388 = CARTESIAN_POINT('',(2.6E+03,-1.196475344633E-30,
    -2.072356086908E-30));
#4389 = DIRECTION('',(1.,1.110223024625E-16,1.922962686384E-16));
#4390 = DIRECTION('',(2.22044604925E-16,-0.5,-0.866025403784));
#4391 = PCURVE('',#4392,#4397);
#4392 = TOROIDAL_SURFACE('',#4393,300.,44.);
#4393 = AXIS2_PLACEMENT_3D('',#4394,#4395,#4396);
#4394 = CARTESIAN_POINT('',(2.6E+03,0.,0.));
#4395 = DIRECTION('',(1.,1.110223024625E-16,1.922962686384E-16));
#4396 = DIRECTION('',(2.22044604925E-16,-0.5,-0.866025403784));
#4397 = DEFINITIONAL_REPRESENTATION('',(#4398),#4402);
#4398 = LINE('',#4399,#4400);
#4399 = CARTESIAN_POINT('',(0.,6.28318530718));
#4400 = VECTOR('',#4401,1.);
#4401 = DIRECTION('',(1.,0.));
#4402 = ( GEOMETRIC_REPRESENTATION_CONTEXT(2) 
PARAMETRIC_REPRESENTATION_CONTEXT() REPRESENTATION_CONTEXT('2D SPACE',''
  ) );
#4403 = PCURVE('',#4392,#4404);
#4404 = DEFINITIONAL_REPRESENTATION('',(#4405),#4409);
#4405 = LINE('',#4406,#4407);
#4406 = CARTESIAN_POINT('',(0.,0.));
#4407 = VECTOR('',#4408,1.);
#4408 = DIRECTION('',(1.,0.));
#4409 = ( GEOMETRIC_REPRESENTATION_CONTEXT(2) 
PARAMETRIC_REPRESENTATION_CONTEXT() REPRESENTATION_CONTEXT('2D SPACE',''
  ) );
#4410 = ORIENTED_EDGE('',*,*,#4411,.F.);
#4411 = EDGE_CURVE('',#4383,#4383,#4412,.T.);
#4412 = SEAM_CURVE('',#4413,(#4418,#4425),.PCURVE_S1.);
#4413 = CIRCLE('',#4414,44.);
#4414 = AXIS2_PLACEMENT_3D('',#4415,#4416,#4417);
#4415 = CARTESIAN_POINT('',(2.6E+03,-150.,-259.8076211353));
#4416 = DIRECTION('',(-4.930380657631E-32,-0.866025403784,0.5));
#4417 = DIRECTION('',(2.22044604925E-16,-0.5,-0.866025403784));
#4418 = PCURVE('',#4392,#4419);
#4419 = DEFINITIONAL_REPRESENTATION('',(#4420),#4424);
#4420 = LINE('',#4421,#4422);
#4421 = CARTESIAN_POINT('',(6.28318530718,-0.));
#4422 = VECTOR('',#4423,1.);
#4423 = DIRECTION('',(0.,1.));
#4424 = ( GEOMETRIC_REPRESENTATION_CONTEXT(2) 
PARAMETRIC_REPRESENTATION_CONTEXT() REPRESENTATION_CONTEXT('2D SPACE',''
  ) );
#4425 = PCURVE('',#4392,#4426);
#4426 = DEFINITIONAL_REPRESENTATION('',(#4427),#4431);
#4427 = LINE('',#4428,#4429);
#4428 = CARTESIAN_POINT('',(0.,-0.));
#4429 = VECTOR('',#4430,1.);
#4430 = DIRECTION('',(0.,1.));
#4431 = ( GEOMETRIC_REPRESENTATION_CONTEXT(2) 
PARAMETRIC_REPRESENTATION_CONTEXT() REPRESENTATION_CONTEXT('2D SPACE',''
  ) );
#4432 = ORIENTED_EDGE('',*,*,#4382,.T.);
#4433 = ORIENTED_EDGE('',*,*,#4411,.T.);
#4434 = ( GEOMETRIC_REPRESENTATION_CONTEXT(3) 
GLOBAL_UNCERTAINTY_ASSIGNED_CONTEXT((#4438)) 
GLOBAL_UNIT_ASSIGNED_CONTEXT((#4435,#4436,#4437)) REPRESENTATION_CONTEXT
('Context #1','3D Context with UNIT and UNCERTAINTY') );
#4435 = ( LENGTH_UNIT() NAMED_UNIT(*) SI_UNIT($,.METRE.) );
#4436 = ( NAMED_UNIT(*) PLANE_ANGLE_UNIT() SI_UNIT($,.RADIAN.) );
#4437 = ( NAMED_UNIT(*) SI_UNIT($,.STERADIAN.) SOLID_ANGLE_UNIT() );
#4438 = UNCERTAINTY_MEASURE_WITH_UNIT(LENGTH_MEASURE(1.E-07),#4435,
  'distance_accuracy_value','confusion accuracy');
#4439 = PRODUCT_RELATED_PRODUCT_CATEGORY('part',$,(#4314));
#4440 = SHAPE_DEFINITION_REPRESENTATION(#4441,#4447);
#4441 = PRODUCT_DEFINITION_SHAPE('','',#4442);
#4442 = PRODUCT_DEFINITION('design','',#4443,#4446);
#4443 = PRODUCT_DEFINITION_FORMATION('','',#4444);
#4444 = PRODUCT('TF_21','TF_21','',(#4445));
#4445 = PRODUCT_CONTEXT('',#2,'mechanical');
#4446 = PRODUCT_DEFINITION_CONTEXT('part definition',#2,'design');
#4447 = ADVANCED_BREP_SHAPE_REPRESENTATION('',(#11,#4448),#4564);
#4448 = BREP_WITH_VOIDS('',#4449,(#4506));
#4449 = CLOSED_SHELL('',(#4450));
#4450 = ADVANCED_FACE('',(#4451),#4464,.T.);
#4451 = FACE_BOUND('',#4452,.T.);
#4452 = EDGE_LOOP('',(#4453,#4482,#4504,#4505));
#4453 = ORIENTED_EDGE('',*,*,#4454,.F.);
#4454 = EDGE_CURVE('',#4455,#4455,#4457,.T.);
#4455 = VERTEX_POINT('',#4456);
#4456 = CARTESIAN_POINT('',(2.6E+03,-254.5584412271,-254.5584412271));
#4457 = SEAM_CURVE('',#4458,(#4463,#4475),.PCURVE_S1.);
#4458 = CIRCLE('',#4459,360.);
#4459 = AXIS2_PLACEMENT_3D('',#4460,#4461,#4462);
#4460 = CARTESIAN_POINT('',(2.6E+03,-2.307370444671E-30,
    -2.307370444671E-30));
#4461 = DIRECTION('',(1.,1.570092458684E-16,1.570092458684E-16));
#4462 = DIRECTION('',(2.22044604925E-16,-0.707106781187,-0.707106781187)
  );
#4463 = PCURVE('',#4464,#4469);
#4464 = TOROIDAL_SURFACE('',#4465,300.,60.);
#4465 = AXIS2_PLACEMENT_3D('',#4466,#4467,#4468);
#4466 = CARTESIAN_POINT('',(2.6E+03,0.,0.));
#4467 = DIRECTION('',(1.,1.570092458684E-16,1.570092458684E-16));
#4468 = DIRECTION('',(2.22044604925E-16,-0.707106781187,-0.707106781187)
  );
#4469 = DEFINITIONAL_REPRESENTATION('',(#4470),#4474);
#4470 = LINE('',#4471,#4472);
#4471 = CARTESIAN_POINT('',(0.,6.28318530718));
#4472 = VECTOR('',#4473,1.);
#4473 = DIRECTION('',(1.,0.));
#4474 = ( GEOMETRIC_REPRESENTATION_CONTEXT(2) 
PARAMETRIC_REPRESENTATION_CONTEXT() REPRESENTATION_CONTEXT('2D SPACE',''
  ) );
#4475 = PCURVE('',#4464,#4476);
#4476 = DEFINITIONAL_REPRESENTATION('',(#4477),#4481);
#4477 = LINE('',#4478,#4479);
#4478 = CARTESIAN_POINT('',(0.,0.));
#4479 = VECTOR('',#4480,1.);
#4480 = DIRECTION('',(1.,0.));
#4481 = ( GEOMETRIC_REPRESENTATION_CONTEXT(2) 
PARAMETRIC_REPRESENTATION_CONTEXT() REPRESENTATION_CONTEXT('2D SPACE',''
  ) );
#4482 = ORIENTED_EDGE('',*,*,#4483,.F.);
#4483 = EDGE_CURVE('',#4455,#4455,#4484,.T.);
#4484 = SEAM_CURVE('',#4485,(#4490,#4497),.PCURVE_S1.);
#4485 = CIRCLE('',#4486,60.);
#4486 = AXIS2_PLACEMENT_3D('',#4487,#4488,#4489);
#4487 = CARTESIAN_POINT('',(2.6E+03,-212.1320343559,-212.1320343559));
#4488 = DIRECTION('',(-6.162975822039E-32,-0.707106781187,0.707106781187
    ));
#4489 = DIRECTION('',(2.22044604925E-16,-0.707106781187,-0.707106781187)
  );
#4490 = PCURVE('',#4464,#4491);
#4491 = DEFINITIONAL_REPRESENTATION('',(#4492),#4496);
#4492 = LINE('',#4493,#4494);
#4493 = CARTESIAN_POINT('',(6.28318530718,-0.));
#4494 = VECTOR('',#4495,1.);
#4495 = DIRECTION('',(0.,1.));
#4496 = ( GEOMETRIC_REPRESENTATION_CONTEXT(2) 
PARAMETRIC_REPRESENTATION_CONTEXT() REPRESENTATION_CONTEXT('2D SPACE',''
  ) );
#4497 = PCURVE('',#4464,#4498);
#4498 = DEFINITIONAL_REPRESENTATION('',(#4499),#4503);
#4499 = LINE('',#4500,#4501);
#4500 = CARTESIAN_POINT('',(0.,-0.));
#4501 = VECTOR('',#4502,1.);
#4502 = DIRECTION('',(0.,1.));
#4503 = ( GEOMETRIC_REPRESENTATION_CONTEXT(2) 
PARAMETRIC_REPRESENTATION_CONTEXT() REPRESENTATION_CONTEXT('2D SPACE',''
  ) );
#4504 = ORIENTED_EDGE('',*,*,#4454,.T.);
#4505 = ORIENTED_EDGE('',*,*,#4483,.T.);
#4506 = ORIENTED_CLOSED_SHELL('',*,#4507,.F.);
#4507 = CLOSED_SHELL('',(#4508));
#4508 = ADVANCED_FACE('',(#4509),#4522,.T.);
#4509 = FACE_BOUND('',#4510,.T.);
#4510 = EDGE_LOOP('',(#4511,#4540,#4562,#4563));
#4511 = ORIENTED_EDGE('',*,*,#4512,.F.);
#4512 = EDGE_CURVE('',#4513,#4513,#4515,.T.);
#4513 = VERTEX_POINT('',#4514);
#4514 = CARTESIAN_POINT('',(2.6E+03,-243.2447327281,-243.2447327281));
#4515 = SEAM_CURVE('',#4516,(#4521,#4533),.PCURVE_S1.);
#4516 = CIRCLE('',#4517,344.);
#4517 = AXIS2_PLACEMENT_3D('',#4518,#4519,#4520);
#4518 = CARTESIAN_POINT('',(2.6E+03,-1.692071659425E-30,
    -1.692071659425E-30));
#4519 = DIRECTION('',(1.,1.570092458684E-16,1.570092458684E-16));
#4520 = DIRECTION('',(2.22044604925E-16,-0.707106781187,-0.707106781187)
  );
#4521 = PCURVE('',#4522,#4527);
#4522 = TOROIDAL_SURFACE('',#4523,300.,44.);
#4523 = AXIS2_PLACEMENT_3D('',#4524,#4525,#4526);
#4524 = CARTESIAN_POINT('',(2.6E+03,0.,0.));
#4525 = DIRECTION('',(1.,1.570092458684E-16,1.570092458684E-16));
#4526 = DIRECTION('',(2.22044604925E-16,-0.707106781187,-0.707106781187)
  );
#4527 = DEFINITIONAL_REPRESENTATION('',(#4528),#4532);
#4528 = LINE('',#4529,#4530);
#4529 = CARTESIAN_POINT('',(0.,6.28318530718));
#4530 = VECTOR('',#4531,1.);
#4531 = DIRECTION('',(1.,0.));
#4532 = ( GEOMETRIC_REPRESENTATION_CONTEXT(2) 
PARAMETRIC_REPRESENTATION_CONTEXT() REPRESENTATION_CONTEXT('2D SPACE',''
  ) );
#4533 = PCURVE('',#4522,#4534);
#4534 = DEFINITIONAL_REPRESENTATION('',(#4535),#4539);
#4535 = LINE('',#4536,#4537);
#4536 = CARTESIAN_POINT('',(0.,0.));
#4537 = VECTOR('',#4538,1.);
#4538 = DIRECTION('',(1.,0.));
#4539 = ( GEOMETRIC_REPRESENTATION_CONTEXT(2) 
PARAMETRIC_REPRESENTATION_CONTEXT() REPRESENTATION_CONTEXT('2D SPACE',''
  ) );
#4540 = ORIENTED_EDGE('',*,*,#4541,.F.);
#4541 = EDGE_CURVE('',#4513,#4513,#4542,.T.);
#4542 = SEAM_CURVE('',#4543,(#4548,#4555),.PCURVE_S1.);
#4543 = CIRCLE('',#4544,44.);
#4544 = AXIS2_PLACEMENT_3D('',#4545,#4546,#4547);
#4545 = CARTESIAN_POINT('',(2.6E+03,-212.1320343559,-212.1320343559));
#4546 = DIRECTION('',(-6.162975822039E-32,-0.707106781187,0.707106781187
    ));
#4547 = DIRECTION('',(2.22044604925E-16,-0.707106781187,-0.707106781187)
  );
#4548 = PCURVE('',#4522,#4549);
#4549 = DEFINITIONAL_REPRESENTATION('',(#4550),#4554);
#4550 = LINE('',#4551,#4552);
#4551 = CARTESIAN_POINT('',(6.28318530718,-0.));
#4552 = VECTOR('',#4553,1.);
#4553 = DIRECTION('',(0.,1.));
#4554 = ( GEOMETRIC_REPRESENTATION_CONTEXT(2) 
PARAMETRIC_REPRESENTATION_CONTEXT() REPRESENTATION_CONTEXT('2D SPACE',''
  ) );
#4555 = PCURVE('',#4522,#4556);
#4556 = DEFINITIONAL_REPRESENTATION('',(#4557),#4561);
#4557 = LINE('',#4558,#4559);
#4558 = CARTESIAN_POINT('',(0.,-0.));
#4559 = VECTOR('',#4560,1.);
#4560 = DIRECTION('',(0.,1.));
#4561 = ( GEOMETRIC_REPRESENTATION_CONTEXT(2) 
PARAMETRIC_REPRESENTATION_CONTEXT() REPRESENTATION_CONTEXT('2D SPACE',''
  ) );
#4562 = ORIENTED_EDGE('',*,*,#4512,.T.);
#4563 = ORIENTED_EDGE('',*,*,#4541,.T.);
#4564 = ( GEOMETRIC_REPRESENTATION_CONTEXT(3) 
GLOBAL_UNCERTAINTY_ASSIGNED_CONTEXT((#4568)) 
GLOBAL_UNIT_ASSIGNED_CONTEXT((#4565,#4566,#4567)) REPRESENTATION_CONTEXT
('Context #1','3D Context with UNIT and UNCERTAINTY') );
#4565 = ( LENGTH_UNIT() NAMED_UNIT(*) SI_UNIT($,.METRE.) );
#4566 = ( NAMED_UNIT(*) PLANE_ANGLE_UNIT() SI_UNIT($,.RADIAN.) );
#4567 = ( NAMED_UNIT(*) SI_UNIT($,.STERADIAN.) SOLID_ANGLE_UNIT() );
#4568 = UNCERTAINTY_MEASURE_WITH_UNIT(LENGTH_MEASURE(1.E-07),#4565,
  'distance_accuracy_value','confusion accuracy');
#4569 = PRODUCT_RELATED_PRODUCT_CATEGORY('part',$,(#4444));
#4570 = SHAPE_DEFINITION_REPRESENTATION(#4571,#4577);
#4571 = PRODUCT_DEFINITION_SHAPE('','',#4572);
#4572 = PRODUCT_DEFINITION('design','',#4573,#4576);
#4573 = PRODUCT_DEFINITION_FORMATION('','',#4574);
#4574 = PRODUCT('TFi_22','TFi_22','',(#4575));
#4575 = PRODUCT_CONTEXT('',#2,'mechanical');
#4576 = PRODUCT_DEFINITION_CONTEXT('part definition',#2,'design');
#4577 = ADVANCED_BREP_SHAPE_REPRESENTATION('',(#11,#4578),#4636);
#4578 = MANIFOLD_SOLID_BREP('',#4579);
#4579 = CLOSED_SHELL('',(#4580));
#4580 = ADVANCED_FACE('',(#4581),#4594,.T.);
#4581 = FACE_BOUND('',#4582,.T.);
#4582 = EDGE_LOOP('',(#4583,#4612,#4634,#4635));
#4583 = ORIENTED_EDGE('',*,*,#4584,.F.);
#4584 = EDGE_CURVE('',#4585,#4585,#4587,.T.);
#4585 = VERTEX_POINT('',#4586);
#4586 = CARTESIAN_POINT('',(2.6E+03,-8.425569978134E-14,-344.));
#4587 = SEAM_CURVE('',#4588,(#4593,#4605),.PCURVE_S1.);
#4588 = CIRCLE('',#4589,344.);
#4589 = AXIS2_PLACEMENT_3D('',#4590,#4591,#4592);
#4590 = CARTESIAN_POINT('',(2.6E+03,0.,-2.392950689267E-30));
#4591 = DIRECTION('',(1.,-0.,2.22044604925E-16));
#4592 = DIRECTION('',(2.22044604925E-16,0.,-1.));
#4593 = PCURVE('',#4594,#4599);
#4594 = TOROIDAL_SURFACE('',#4595,300.,44.);
#4595 = AXIS2_PLACEMENT_3D('',#4596,#4597,#4598);
#4596 = CARTESIAN_POINT('',(2.6E+03,0.,0.));
#4597 = DIRECTION('',(1.,0.,2.22044604925E-16));
#4598 = DIRECTION('',(2.22044604925E-16,0.,-1.));
#4599 = DEFINITIONAL_REPRESENTATION('',(#4600),#4604);
#4600 = LINE('',#4601,#4602);
#4601 = CARTESIAN_POINT('',(0.,6.28318530718));
#4602 = VECTOR('',#4603,1.);
#4603 = DIRECTION('',(1.,0.));
#4604 = ( GEOMETRIC_REPRESENTATION_CONTEXT(2) 
PARAMETRIC_REPRESENTATION_CONTEXT() REPRESENTATION_CONTEXT('2D SPACE',''
  ) );
#4605 = PCURVE('',#4594,#4606);
#4606 = DEFINITIONAL_REPRESENTATION('',(#4607),#4611);
#4607 = LINE('',#4608,#4609);
#4608 = CARTESIAN_POINT('',(0.,0.));
#4609 = VECTOR('',#4610,1.);
#4610 = DIRECTION('',(1.,0.));
#4611 = ( GEOMETRIC_REPRESENTATION_CONTEXT(2) 
PARAMETRIC_REPRESENTATION_CONTEXT() REPRESENTATION_CONTEXT('2D SPACE',''
  ) );
#4612 = ORIENTED_EDGE('',*,*,#4613,.F.);
#4613 = EDGE_CURVE('',#4585,#4585,#4614,.T.);
#4614 = SEAM_CURVE('',#4615,(#4620,#4627),.PCURVE_S1.);
#4615 = CIRCLE('',#4616,44.);
#4616 = AXIS2_PLACEMENT_3D('',#4617,#4618,#4619);
#4617 = CARTESIAN_POINT('',(2.6E+03,-7.347880794884E-14,-300.));
#4618 = DIRECTION('',(-5.438524293788E-32,-1.,2.449293598295E-16));
#4619 = DIRECTION('',(2.22044604925E-16,-2.449293598295E-16,-1.));
#4620 = PCURVE('',#4594,#4621);
#4621 = DEFINITIONAL_REPRESENTATION('',(#4622),#4626);
#4622 = LINE('',#4623,#4624);
#4623 = CARTESIAN_POINT('',(6.28318530718,-0.));
#4624 = VECTOR('',#4625,1.);
#4625 = DIRECTION('',(0.,1.));
#4626 = ( GEOMETRIC_REPRESENTATION_CONTEXT(2) 
PARAMETRIC_REPRESENTATION_CONTEXT() REPRESENTATION_CONTEXT('2D SPACE',''
  ) );
#4627 = PCURVE('',#4594,#4628);
#4628 = DEFINITIONAL_REPRESENTATION('',(#4629),#4633);
#4629 = LINE('',#4630,#4631);
#4630 = CARTESIAN_POINT('',(0.,-0.));
#4631 = VECTOR('',#4632,1.);
#4632 = DIRECTION('',(0.,1.));
#4633 = ( GEOMETRIC_REPRESENTATION_CONTEXT(2) 
PARAMETRIC_REPRESENTATION_CONTEXT() REPRESENTATION_CONTEXT('2D SPACE',''
  ) );
#4634 = ORIENTED_EDGE('',*,*,#4584,.T.);
#4635 = ORIENTED_EDGE('',*,*,#4613,.T.);
#4636 = ( GEOMETRIC_REPRESENTATION_CONTEXT(3) 
GLOBAL_UNCERTAINTY_ASSIGNED_CONTEXT((#4640)) 
GLOBAL_UNIT_ASSIGNED_CONTEXT((#4637,#4638,#4639)) REPRESENTATION_CONTEXT
('Context #1','3D Context with UNIT and UNCERTAINTY') );
#4637 = ( LENGTH_UNIT() NAMED_UNIT(*) SI_UNIT($,.METRE.) );
#4638 = ( NAMED_UNIT(*) PLANE_ANGLE_UNIT() SI_UNIT($,.RADIAN.) );
#4639 = ( NAMED_UNIT(*) SI_UNIT($,.STERADIAN.) SOLID_ANGLE_UNIT() );
#4640 = UNCERTAINTY_MEASURE_WITH_UNIT(LENGTH_MEASURE(1.E-07),#4637,
  'distance_accuracy_value','confusion accuracy');
#4641 = PRODUCT_RELATED_PRODUCT_CATEGORY('part',$,(#4574));
#4642 = SHAPE_DEFINITION_REPRESENTATION(#4643,#4649);
#4643 = PRODUCT_DEFINITION_SHAPE('','',#4644);
#4644 = PRODUCT_DEFINITION('design','',#4645,#4648);
#4645 = PRODUCT_DEFINITION_FORMATION('','',#4646);
#4646 = PRODUCT('TFi_12','TFi_12','',(#4647));
#4647 = PRODUCT_CONTEXT('',#2,'mechanical');
#4648 = PRODUCT_DEFINITION_CONTEXT('part definition',#2,'design');
#4649 = ADVANCED_BREP_SHAPE_REPRESENTATION('',(#11,#4650),#4708);
#4650 = MANIFOLD_SOLID_BREP('',#4651);
#4651 = CLOSED_SHELL('',(#4652));
#4652 = ADVANCED_FACE('',(#4653),#4666,.T.);
#4653 = FACE_BOUND('',#4654,.T.);
#4654 = EDGE_LOOP('',(#4655,#4684,#4706,#4707));
#4655 = ORIENTED_EDGE('',*,*,#4656,.F.);
#4656 = EDGE_CURVE('',#4657,#4657,#4659,.T.);
#4657 = VERTEX_POINT('',#4658);
#4658 = CARTESIAN_POINT('',(2.6E+03,-8.425569978134E-14,-344.));
#4659 = SEAM_CURVE('',#4660,(#4665,#4677),.PCURVE_S1.);
#4660 = CIRCLE('',#4661,344.);
#4661 = AXIS2_PLACEMENT_3D('',#4662,#4663,#4664);
#4662 = CARTESIAN_POINT('',(2.6E+03,0.,-2.392950689267E-30));
#4663 = DIRECTION('',(1.,-0.,2.22044604925E-16));
#4664 = DIRECTION('',(2.22044604925E-16,0.,-1.));
#4665 = PCURVE('',#4666,#4671);
#4666 = TOROIDAL_SURFACE('',#4667,300.,44.);
#4667 = AXIS2_PLACEMENT_3D('',#4668,#4669,#4670);
#4668 = CARTESIAN_POINT('',(2.6E+03,0.,0.));
#4669 = DIRECTION('',(1.,0.,2.22044604925E-16));
#4670 = DIRECTION('',(2.22044604925E-16,0.,-1.));
#4671 = DEFINITIONAL_REPRESENTATION('',(#4672),#4676);
#4672 = LINE('',#4673,#4674);
#4673 = CARTESIAN_POINT('',(0.,6.28318530718));
#4674 = VECTOR('',#4675,1.);
#4675 = DIRECTION('',(1.,0.));
#4676 = ( GEOMETRIC_REPRESENTATION_CONTEXT(2) 
PARAMETRIC_REPRESENTATION_CONTEXT() REPRESENTATION_CONTEXT('2D SPACE',''
  ) );
#4677 = PCURVE('',#4666,#4678);
#4678 = DEFINITIONAL_REPRESENTATION('',(#4679),#4683);
#4679 = LINE('',#4680,#4681);
#4680 = CARTESIAN_POINT('',(0.,0.));
#4681 = VECTOR('',#4682,1.);
#4682 = DIRECTION('',(1.,0.));
#4683 = ( GEOMETRIC_REPRESENTATION_CONTEXT(2) 
PARAMETRIC_REPRESENTATION_CONTEXT() REPRESENTATION_CONTEXT('2D SPACE',''
  ) );
#4684 = ORIENTED_EDGE('',*,*,#4685,.F.);
#4685 = EDGE_CURVE('',#4657,#4657,#4686,.T.);
#4686 = SEAM_CURVE('',#4687,(#4692,#4699),.PCURVE_S1.);
#4687 = CIRCLE('',#4688,44.);
#4688 = AXIS2_PLACEMENT_3D('',#4689,#4690,#4691);
#4689 = CARTESIAN_POINT('',(2.6E+03,-7.347880794884E-14,-300.));
#4690 = DIRECTION('',(-5.438524293788E-32,-1.,2.449293598295E-16));
#4691 = DIRECTION('',(2.22044604925E-16,-2.449293598295E-16,-1.));
#4692 = PCURVE('',#4666,#4693);
#4693 = DEFINITIONAL_REPRESENTATION('',(#4694),#4698);
#4694 = LINE('',#4695,#4696);
#4695 = CARTESIAN_POINT('',(6.28318530718,-0.));
#4696 = VECTOR('',#4697,1.);
#4697 = DIRECTION('',(0.,1.));
#4698 = ( GEOMETRIC_REPRESENTATION_CONTEXT(2) 
PARAMETRIC_REPRESENTATION_CONTEXT() REPRESENTATION_CONTEXT('2D SPACE',''
  ) );
#4699 = PCURVE('',#4666,#4700);
#4700 = DEFINITIONAL_REPRESENTATION('',(#4701),#4705);
#4701 = LINE('',#4702,#4703);
#4702 = CARTESIAN_POINT('',(0.,-0.));
#4703 = VECTOR('',#4704,1.);
#4704 = DIRECTION('',(0.,1.));
#4705 = ( GEOMETRIC_REPRESENTATION_CONTEXT(2) 
PARAMETRIC_REPRESENTATION_CONTEXT() REPRESENTATION_CONTEXT('2D SPACE',''
  ) );
#4706 = ORIENTED_EDGE('',*,*,#4656,.T.);
#4707 = ORIENTED_EDGE('',*,*,#4685,.T.);
#4708 = ( GEOMETRIC_REPRESENTATION_CONTEXT(3) 
GLOBAL_UNCERTAINTY_ASSIGNED_CONTEXT((#4712)) 
GLOBAL_UNIT_ASSIGNED_CONTEXT((#4709,#4710,#4711)) REPRESENTATION_CONTEXT
('Context #1','3D Context with UNIT and UNCERTAINTY') );
#4709 = ( LENGTH_UNIT() NAMED_UNIT(*) SI_UNIT($,.METRE.) );
#4710 = ( NAMED_UNIT(*) PLANE_ANGLE_UNIT() SI_UNIT($,.RADIAN.) );
#4711 = ( NAMED_UNIT(*) SI_UNIT($,.STERADIAN.) SOLID_ANGLE_UNIT() );
#4712 = UNCERTAINTY_MEASURE_WITH_UNIT(LENGTH_MEASURE(1.E-07),#4709,
  'distance_accuracy_value','confusion accuracy');
#4713 = PRODUCT_RELATED_PRODUCT_CATEGORY('part',$,(#4646));
#4714 = SHAPE_DEFINITION_REPRESENTATION(#4715,#4721);
#4715 = PRODUCT_DEFINITION_SHAPE('','',#4716);
#4716 = PRODUCT_DEFINITION('design','',#4717,#4720);
#4717 = PRODUCT_DEFINITION_FORMATION('','',#4718);
#4718 = PRODUCT('TFi_13','TFi_13','',(#4719));
#4719 = PRODUCT_CONTEXT('',#2,'mechanical');
#4720 = PRODUCT_DEFINITION_CONTEXT('part definition',#2,'design');
#4721 = ADVANCED_BREP_SHAPE_REPRESENTATION('',(#11,#4722),#4780);
#4722 = MANIFOLD_SOLID_BREP('',#4723);
#4723 = CLOSED_SHELL('',(#4724));
#4724 = ADVANCED_FACE('',(#4725),#4738,.T.);
#4725 = FACE_BOUND('',#4726,.T.);
#4726 = EDGE_LOOP('',(#4727,#4756,#4778,#4779));
#4727 = ORIENTED_EDGE('',*,*,#4728,.F.);
#4728 = EDGE_CURVE('',#4729,#4729,#4731,.T.);
#4729 = VERTEX_POINT('',#4730);
#4730 = CARTESIAN_POINT('',(2.6E+03,-8.425569978134E-14,-344.));
#4731 = SEAM_CURVE('',#4732,(#4737,#4749),.PCURVE_S1.);
#4732 = CIRCLE('',#4733,344.);
#4733 = AXIS2_PLACEMENT_3D('',#4734,#4735,#4736);
#4734 = CARTESIAN_POINT('',(2.6E+03,0.,-2.392950689267E-30));
#4735 = DIRECTION('',(1.,-0.,2.22044604925E-16));
#4736 = DIRECTION('',(2.22044604925E-16,0.,-1.));
#4737 = PCURVE('',#4738,#4743);
#4738 = TOROIDAL_SURFACE('',#4739,300.,44.);
#4739 = AXIS2_PLACEMENT_3D('',#4740,#4741,#4742);
#4740 = CARTESIAN_POINT('',(2.6E+03,0.,0.));
#4741 = DIRECTION('',(1.,0.,2.22044604925E-16));
#4742 = DIRECTION('',(2.22044604925E-16,0.,-1.));
#4743 = DEFINITIONAL_REPRESENTATION('',(#4744),#4748);
#4744 = LINE('',#4745,#4746);
#4745 = CARTESIAN_POINT('',(0.,6.28318530718));
#4746 = VECTOR('',#4747,1.);
#4747 = DIRECTION('',(1.,0.));
#4748 = ( GEOMETRIC_REPRESENTATION_CONTEXT(2) 
PARAMETRIC_REPRESENTATION_CONTEXT() REPRESENTATION_CONTEXT('2D SPACE',''
  ) );
#4749 = PCURVE('',#4738,#4750);
#4750 = DEFINITIONAL_REPRESENTATION('',(#4751),#4755);
#4751 = LINE('',#4752,#4753);
#4752 = CARTESIAN_POINT('',(0.,0.));
#4753 = VECTOR('',#4754,1.);
#4754 = DIRECTION('',(1.,0.));
#4755 = ( GEOMETRIC_REPRESENTATION_CONTEXT(2) 
PARAMETRIC_REPRESENTATION_CONTEXT() REPRESENTATION_CONTEXT('2D SPACE',''
  ) );
#4756 = ORIENTED_EDGE('',*,*,#4757,.F.);
#4757 = EDGE_CURVE('',#4729,#4729,#4758,.T.);
#4758 = SEAM_CURVE('',#4759,(#4764,#4771),.PCURVE_S1.);
#4759 = CIRCLE('',#4760,44.);
#4760 = AXIS2_PLACEMENT_3D('',#4761,#4762,#4763);
#4761 = CARTESIAN_POINT('',(2.6E+03,-7.347880794884E-14,-300.));
#4762 = DIRECTION('',(-5.438524293788E-32,-1.,2.449293598295E-16));
#4763 = DIRECTION('',(2.22044604925E-16,-2.449293598295E-16,-1.));
#4764 = PCURVE('',#4738,#4765);
#4765 = DEFINITIONAL_REPRESENTATION('',(#4766),#4770);
#4766 = LINE('',#4767,#4768);
#4767 = CARTESIAN_POINT('',(6.28318530718,-0.));
#4768 = VECTOR('',#4769,1.);
#4769 = DIRECTION('',(0.,1.));
#4770 = ( GEOMETRIC_REPRESENTATION_CONTEXT(2) 
PARAMETRIC_REPRESENTATION_CONTEXT() REPRESENTATION_CONTEXT('2D SPACE',''
  ) );
#4771 = PCURVE('',#4738,#4772);
#4772 = DEFINITIONAL_REPRESENTATION('',(#4773),#4777);
#4773 = LINE('',#4774,#4775);
#4774 = CARTESIAN_POINT('',(0.,-0.));
#4775 = VECTOR('',#4776,1.);
#4776 = DIRECTION('',(0.,1.));
#4777 = ( GEOMETRIC_REPRESENTATION_CONTEXT(2) 
PARAMETRIC_REPRESENTATION_CONTEXT() REPRESENTATION_CONTEXT('2D SPACE',''
  ) );
#4778 = ORIENTED_EDGE('',*,*,#4728,.T.);
#4779 = ORIENTED_EDGE('',*,*,#4757,.T.);
#4780 = ( GEOMETRIC_REPRESENTATION_CONTEXT(3) 
GLOBAL_UNCERTAINTY_ASSIGNED_CONTEXT((#4784)) 
GLOBAL_UNIT_ASSIGNED_CONTEXT((#4781,#4782,#4783)) REPRESENTATION_CONTEXT
('Context #1','3D Context with UNIT and UNCERTAINTY') );
#4781 = ( LENGTH_UNIT() NAMED_UNIT(*) SI_UNIT($,.METRE.) );
#4782 = ( NAMED_UNIT(*) PLANE_ANGLE_UNIT() SI_UNIT($,.RADIAN.) );
#4783 = ( NAMED_UNIT(*) SI_UNIT($,.STERADIAN.) SOLID_ANGLE_UNIT() );
#4784 = UNCERTAINTY_MEASURE_WITH_UNIT(LENGTH_MEASURE(1.E-07),#4781,
  'distance_accuracy_value','confusion accuracy');
#4785 = PRODUCT_RELATED_PRODUCT_CATEGORY('part',$,(#4718));
#4786 = SHAPE_DEFINITION_REPRESENTATION(#4787,#4793);
#4787 = PRODUCT_DEFINITION_SHAPE('','',#4788);
#4788 = PRODUCT_DEFINITION('design','',#4789,#4792);
#4789 = PRODUCT_DEFINITION_FORMATION('','',#4790);
#4790 = PRODUCT('TF_13','TF_13','',(#4791));
#4791 = PRODUCT_CONTEXT('',#2,'mechanical');
#4792 = PRODUCT_DEFINITION_CONTEXT('part definition',#2,'design');
#4793 = ADVANCED_BREP_SHAPE_REPRESENTATION('',(#11,#4794),#4910);
#4794 = BREP_WITH_VOIDS('',#4795,(#4852));
#4795 = CLOSED_SHELL('',(#4796));
#4796 = ADVANCED_FACE('',(#4797),#4810,.T.);
#4797 = FACE_BOUND('',#4798,.T.);
#4798 = EDGE_LOOP('',(#4799,#4828,#4850,#4851));
#4799 = ORIENTED_EDGE('',*,*,#4800,.F.);
#4800 = EDGE_CURVE('',#4801,#4801,#4803,.T.);
#4801 = VERTEX_POINT('',#4802);
#4802 = CARTESIAN_POINT('',(2.6E+03,-93.1748562369,347.73329746406));
#4803 = SEAM_CURVE('',#4804,(#4809,#4821),.PCURVE_S1.);
#4804 = CIRCLE('',#4805,360.);
#4805 = AXIS2_PLACEMENT_3D('',#4806,#4807,#4808);
#4806 = CARTESIAN_POINT('',(2.6E+03,-8.44556198691E-31,
    3.151926643362E-30));
#4807 = DIRECTION('',(1.,5.746937261686E-17,-2.144786184852E-16));
#4808 = DIRECTION('',(2.22044604925E-16,-0.258819045103,0.965925826289)
  );
#4809 = PCURVE('',#4810,#4815);
#4810 = TOROIDAL_SURFACE('',#4811,300.,60.);
#4811 = AXIS2_PLACEMENT_3D('',#4812,#4813,#4814);
#4812 = CARTESIAN_POINT('',(2.6E+03,0.,0.));
#4813 = DIRECTION('',(1.,5.746937261686E-17,-2.144786184852E-16));
#4814 = DIRECTION('',(2.22044604925E-16,-0.258819045103,0.965925826289)
  );
#4815 = DEFINITIONAL_REPRESENTATION('',(#4816),#4820);
#4816 = LINE('',#4817,#4818);
#4817 = CARTESIAN_POINT('',(0.,6.28318530718));
#4818 = VECTOR('',#4819,1.);
#4819 = DIRECTION('',(1.,0.));
#4820 = ( GEOMETRIC_REPRESENTATION_CONTEXT(2) 
PARAMETRIC_REPRESENTATION_CONTEXT() REPRESENTATION_CONTEXT('2D SPACE',''
  ) );
#4821 = PCURVE('',#4810,#4822);
#4822 = DEFINITIONAL_REPRESENTATION('',(#4823),#4827);
#4823 = LINE('',#4824,#4825);
#4824 = CARTESIAN_POINT('',(0.,0.));
#4825 = VECTOR('',#4826,1.);
#4826 = DIRECTION('',(1.,0.));
#4827 = ( GEOMETRIC_REPRESENTATION_CONTEXT(2) 
PARAMETRIC_REPRESENTATION_CONTEXT() REPRESENTATION_CONTEXT('2D SPACE',''
  ) );
#4828 = ORIENTED_EDGE('',*,*,#4829,.F.);
#4829 = EDGE_CURVE('',#4801,#4801,#4830,.T.);
#4830 = SEAM_CURVE('',#4831,(#4836,#4843),.PCURVE_S1.);
#4831 = CIRCLE('',#4832,60.);
#4832 = AXIS2_PLACEMENT_3D('',#4833,#4834,#4835);
#4833 = CARTESIAN_POINT('',(2.6E+03,-77.64571353075,289.77774788672));
#4834 = DIRECTION('',(-5.546678239835E-32,0.965925826289,0.258819045103)
  );
#4835 = DIRECTION('',(2.22044604925E-16,-0.258819045103,0.965925826289)
  );
#4836 = PCURVE('',#4810,#4837);
#4837 = DEFINITIONAL_REPRESENTATION('',(#4838),#4842);
#4838 = LINE('',#4839,#4840);
#4839 = CARTESIAN_POINT('',(6.28318530718,-0.));
#4840 = VECTOR('',#4841,1.);
#4841 = DIRECTION('',(0.,1.));
#4842 = ( GEOMETRIC_REPRESENTATION_CONTEXT(2) 
PARAMETRIC_REPRESENTATION_CONTEXT() REPRESENTATION_CONTEXT('2D SPACE',''
  ) );
#4843 = PCURVE('',#4810,#4844);
#4844 = DEFINITIONAL_REPRESENTATION('',(#4845),#4849);
#4845 = LINE('',#4846,#4847);
#4846 = CARTESIAN_POINT('',(0.,-0.));
#4847 = VECTOR('',#4848,1.);
#4848 = DIRECTION('',(0.,1.));
#4849 = ( GEOMETRIC_REPRESENTATION_CONTEXT(2) 
PARAMETRIC_REPRESENTATION_CONTEXT() REPRESENTATION_CONTEXT('2D SPACE',''
  ) );
#4850 = ORIENTED_EDGE('',*,*,#4800,.T.);
#4851 = ORIENTED_EDGE('',*,*,#4829,.T.);
#4852 = ORIENTED_CLOSED_SHELL('',*,#4853,.F.);
#4853 = CLOSED_SHELL('',(#4854));
#4854 = ADVANCED_FACE('',(#4855),#4868,.T.);
#4855 = FACE_BOUND('',#4856,.T.);
#4856 = EDGE_LOOP('',(#4857,#4886,#4908,#4909));
#4857 = ORIENTED_EDGE('',*,*,#4858,.F.);
#4858 = EDGE_CURVE('',#4859,#4859,#4861,.T.);
#4859 = VERTEX_POINT('',#4860);
#4860 = CARTESIAN_POINT('',(2.6E+03,-89.03375151526,332.27848424344));
#4861 = SEAM_CURVE('',#4862,(#4867,#4879),.PCURVE_S1.);
#4862 = CIRCLE('',#4863,344.);
#4863 = AXIS2_PLACEMENT_3D('',#4864,#4865,#4866);
#4864 = CARTESIAN_POINT('',(2.6E+03,-6.193412123734E-31,
    2.311412871799E-30));
#4865 = DIRECTION('',(1.,5.746937261686E-17,-2.144786184852E-16));
#4866 = DIRECTION('',(2.22044604925E-16,-0.258819045103,0.965925826289)
  );
#4867 = PCURVE('',#4868,#4873);
#4868 = TOROIDAL_SURFACE('',#4869,300.,44.);
#4869 = AXIS2_PLACEMENT_3D('',#4870,#4871,#4872);
#4870 = CARTESIAN_POINT('',(2.6E+03,0.,0.));
#4871 = DIRECTION('',(1.,5.746937261686E-17,-2.144786184852E-16));
#4872 = DIRECTION('',(2.22044604925E-16,-0.258819045103,0.965925826289)
  );
#4873 = DEFINITIONAL_REPRESENTATION('',(#4874),#4878);
#4874 = LINE('',#4875,#4876);
#4875 = CARTESIAN_POINT('',(0.,6.28318530718));
#4876 = VECTOR('',#4877,1.);
#4877 = DIRECTION('',(1.,0.));
#4878 = ( GEOMETRIC_REPRESENTATION_CONTEXT(2) 
PARAMETRIC_REPRESENTATION_CONTEXT() REPRESENTATION_CONTEXT('2D SPACE',''
  ) );
#4879 = PCURVE('',#4868,#4880);
#4880 = DEFINITIONAL_REPRESENTATION('',(#4881),#4885);
#4881 = LINE('',#4882,#4883);
#4882 = CARTESIAN_POINT('',(0.,0.));
#4883 = VECTOR('',#4884,1.);
#4884 = DIRECTION('',(1.,0.));
#4885 = ( GEOMETRIC_REPRESENTATION_CONTEXT(2) 
PARAMETRIC_REPRESENTATION_CONTEXT() REPRESENTATION_CONTEXT('2D SPACE',''
  ) );
#4886 = ORIENTED_EDGE('',*,*,#4887,.F.);
#4887 = EDGE_CURVE('',#4859,#4859,#4888,.T.);
#4888 = SEAM_CURVE('',#4889,(#4894,#4901),.PCURVE_S1.);
#4889 = CIRCLE('',#4890,44.);
#4890 = AXIS2_PLACEMENT_3D('',#4891,#4892,#4893);
#4891 = CARTESIAN_POINT('',(2.6E+03,-77.64571353075,289.77774788672));
#4892 = DIRECTION('',(-5.546678239835E-32,0.965925826289,0.258819045103)
  );
#4893 = DIRECTION('',(2.22044604925E-16,-0.258819045103,0.965925826289)
  );
#4894 = PCURVE('',#4868,#4895);
#4895 = DEFINITIONAL_REPRESENTATION('',(#4896),#4900);
#4896 = LINE('',#4897,#4898);
#4897 = CARTESIAN_POINT('',(6.28318530718,-0.));
#4898 = VECTOR('',#4899,1.);
#4899 = DIRECTION('',(0.,1.));
#4900 = ( GEOMETRIC_REPRESENTATION_CONTEXT(2) 
PARAMETRIC_REPRESENTATION_CONTEXT() REPRESENTATION_CONTEXT('2D SPACE',''
  ) );
#4901 = PCURVE('',#4868,#4902);
#4902 = DEFINITIONAL_REPRESENTATION('',(#4903),#4907);
#4903 = LINE('',#4904,#4905);
#4904 = CARTESIAN_POINT('',(0.,-0.));
#4905 = VECTOR('',#4906,1.);
#4906 = DIRECTION('',(0.,1.));
#4907 = ( GEOMETRIC_REPRESENTATION_CONTEXT(2) 
PARAMETRIC_REPRESENTATION_CONTEXT() REPRESENTATION_CONTEXT('2D SPACE',''
  ) );
#4908 = ORIENTED_EDGE('',*,*,#4858,.T.);
#4909 = ORIENTED_EDGE('',*,*,#4887,.T.);
#4910 = ( GEOMETRIC_REPRESENTATION_CONTEXT(3) 
GLOBAL_UNCERTAINTY_ASSIGNED_CONTEXT((#4914)) 
GLOBAL_UNIT_ASSIGNED_CONTEXT((#4911,#4912,#4913)) REPRESENTATION_CONTEXT
('Context #1','3D Context with UNIT and UNCERTAINTY') );
#4911 = ( LENGTH_UNIT() NAMED_UNIT(*) SI_UNIT($,.METRE.) );
#4912 = ( NAMED_UNIT(*) PLANE_ANGLE_UNIT() SI_UNIT($,.RADIAN.) );
#4913 = ( NAMED_UNIT(*) SI_UNIT($,.STERADIAN.) SOLID_ANGLE_UNIT() );
#4914 = UNCERTAINTY_MEASURE_WITH_UNIT(LENGTH_MEASURE(1.E-07),#4911,
  'distance_accuracy_value','confusion accuracy');
#4915 = PRODUCT_RELATED_PRODUCT_CATEGORY('part',$,(#4790));
#4916 = SHAPE_DEFINITION_REPRESENTATION(#4917,#4923);
#4917 = PRODUCT_DEFINITION_SHAPE('','',#4918);
#4918 = PRODUCT_DEFINITION('design','',#4919,#4922);
#4919 = PRODUCT_DEFINITION_FORMATION('','',#4920);
#4920 = PRODUCT('TF_12','TF_12','',(#4921));
#4921 = PRODUCT_CONTEXT('',#2,'mechanical');
#4922 = PRODUCT_DEFINITION_CONTEXT('part definition',#2,'design');
#4923 = ADVANCED_BREP_SHAPE_REPRESENTATION('',(#11,#4924),#5040);
#4924 = BREP_WITH_VOIDS('',#4925,(#4982));
#4925 = CLOSED_SHELL('',(#4926));
#4926 = ADVANCED_FACE('',(#4927),#4940,.T.);
#4927 = FACE_BOUND('',#4928,.T.);
#4928 = EDGE_LOOP('',(#4929,#4958,#4980,#4981));
#4929 = ORIENTED_EDGE('',*,*,#4930,.F.);
#4930 = EDGE_CURVE('',#4931,#4931,#4933,.T.);
#4931 = VERTEX_POINT('',#4932);
#4932 = CARTESIAN_POINT('',(2.6E+03,1.322618543079E-13,360.));
#4933 = SEAM_CURVE('',#4934,(#4939,#4951),.PCURVE_S1.);
#4934 = CIRCLE('',#4935,360.);
#4935 = AXIS2_PLACEMENT_3D('',#4936,#4937,#4938);
#4936 = CARTESIAN_POINT('',(2.6E+03,3.996162821083E-46,
    3.263114576273E-30));
#4937 = DIRECTION('',(1.,-2.719262146894E-32,-2.22044604925E-16));
#4938 = DIRECTION('',(2.22044604925E-16,1.224646799147E-16,1.));
#4939 = PCURVE('',#4940,#4945);
#4940 = TOROIDAL_SURFACE('',#4941,300.,60.);
#4941 = AXIS2_PLACEMENT_3D('',#4942,#4943,#4944);
#4942 = CARTESIAN_POINT('',(2.6E+03,0.,0.));
#4943 = DIRECTION('',(1.,-2.719262146894E-32,-2.22044604925E-16));
#4944 = DIRECTION('',(2.22044604925E-16,1.224646799147E-16,1.));
#4945 = DEFINITIONAL_REPRESENTATION('',(#4946),#4950);
#4946 = LINE('',#4947,#4948);
#4947 = CARTESIAN_POINT('',(0.,6.28318530718));
#4948 = VECTOR('',#4949,1.);
#4949 = DIRECTION('',(1.,0.));
#4950 = ( GEOMETRIC_REPRESENTATION_CONTEXT(2) 
PARAMETRIC_REPRESENTATION_CONTEXT() REPRESENTATION_CONTEXT('2D SPACE',''
  ) );
#4951 = PCURVE('',#4940,#4952);
#4952 = DEFINITIONAL_REPRESENTATION('',(#4953),#4957);
#4953 = LINE('',#4954,#4955);
#4954 = CARTESIAN_POINT('',(0.,0.));
#4955 = VECTOR('',#4956,1.);
#4956 = DIRECTION('',(1.,0.));
#4957 = ( GEOMETRIC_REPRESENTATION_CONTEXT(2) 
PARAMETRIC_REPRESENTATION_CONTEXT() REPRESENTATION_CONTEXT('2D SPACE',''
  ) );
#4958 = ORIENTED_EDGE('',*,*,#4959,.F.);
#4959 = EDGE_CURVE('',#4931,#4931,#4960,.T.);
#4960 = SEAM_CURVE('',#4961,(#4966,#4973),.PCURVE_S1.);
#4961 = CIRCLE('',#4962,60.);
#4962 = AXIS2_PLACEMENT_3D('',#4963,#4964,#4965);
#4963 = CARTESIAN_POINT('',(2.6E+03,1.102182119233E-13,300.));
#4964 = DIRECTION('',(-5.438524293788E-32,1.,-3.673940397442E-16));
#4965 = DIRECTION('',(2.22044604925E-16,3.673940397442E-16,1.));
#4966 = PCURVE('',#4940,#4967);
#4967 = DEFINITIONAL_REPRESENTATION('',(#4968),#4972);
#4968 = LINE('',#4969,#4970);
#4969 = CARTESIAN_POINT('',(6.28318530718,-0.));
#4970 = VECTOR('',#4971,1.);
#4971 = DIRECTION('',(0.,1.));
#4972 = ( GEOMETRIC_REPRESENTATION_CONTEXT(2) 
PARAMETRIC_REPRESENTATION_CONTEXT() REPRESENTATION_CONTEXT('2D SPACE',''
  ) );
#4973 = PCURVE('',#4940,#4974);
#4974 = DEFINITIONAL_REPRESENTATION('',(#4975),#4979);
#4975 = LINE('',#4976,#4977);
#4976 = CARTESIAN_POINT('',(0.,-0.));
#4977 = VECTOR('',#4978,1.);
#4978 = DIRECTION('',(0.,1.));
#4979 = ( GEOMETRIC_REPRESENTATION_CONTEXT(2) 
PARAMETRIC_REPRESENTATION_CONTEXT() REPRESENTATION_CONTEXT('2D SPACE',''
  ) );
#4980 = ORIENTED_EDGE('',*,*,#4930,.T.);
#4981 = ORIENTED_EDGE('',*,*,#4959,.T.);
#4982 = ORIENTED_CLOSED_SHELL('',*,#4983,.F.);
#4983 = CLOSED_SHELL('',(#4984));
#4984 = ADVANCED_FACE('',(#4985),#4998,.T.);
#4985 = FACE_BOUND('',#4986,.T.);
#4986 = EDGE_LOOP('',(#4987,#5016,#5038,#5039));
#4987 = ORIENTED_EDGE('',*,*,#4988,.F.);
#4988 = EDGE_CURVE('',#4989,#4989,#4991,.T.);
#4989 = VERTEX_POINT('',#4990);
#4990 = CARTESIAN_POINT('',(2.6E+03,1.26383549672E-13,344.));
#4991 = SEAM_CURVE('',#4992,(#4997,#5009),.PCURVE_S1.);
#4992 = CIRCLE('',#4993,344.);
#4993 = AXIS2_PLACEMENT_3D('',#4994,#4995,#4996);
#4994 = CARTESIAN_POINT('',(2.6E+03,2.930519402128E-46,
    2.392950689267E-30));
#4995 = DIRECTION('',(1.,-2.719262146894E-32,-2.22044604925E-16));
#4996 = DIRECTION('',(2.22044604925E-16,1.224646799147E-16,1.));
#4997 = PCURVE('',#4998,#5003);
#4998 = TOROIDAL_SURFACE('',#4999,300.,44.);
#4999 = AXIS2_PLACEMENT_3D('',#5000,#5001,#5002);
#5000 = CARTESIAN_POINT('',(2.6E+03,0.,0.));
#5001 = DIRECTION('',(1.,-2.719262146894E-32,-2.22044604925E-16));
#5002 = DIRECTION('',(2.22044604925E-16,1.224646799147E-16,1.));
#5003 = DEFINITIONAL_REPRESENTATION('',(#5004),#5008);
#5004 = LINE('',#5005,#5006);
#5005 = CARTESIAN_POINT('',(0.,6.28318530718));
#5006 = VECTOR('',#5007,1.);
#5007 = DIRECTION('',(1.,0.));
#5008 = ( GEOMETRIC_REPRESENTATION_CONTEXT(2) 
PARAMETRIC_REPRESENTATION_CONTEXT() REPRESENTATION_CONTEXT('2D SPACE',''
  ) );
#5009 = PCURVE('',#4998,#5010);
#5010 = DEFINITIONAL_REPRESENTATION('',(#5011),#5015);
#5011 = LINE('',#5012,#5013);
#5012 = CARTESIAN_POINT('',(0.,0.));
#5013 = VECTOR('',#5014,1.);
#5014 = DIRECTION('',(1.,0.));
#5015 = ( GEOMETRIC_REPRESENTATION_CONTEXT(2) 
PARAMETRIC_REPRESENTATION_CONTEXT() REPRESENTATION_CONTEXT('2D SPACE',''
  ) );
#5016 = ORIENTED_EDGE('',*,*,#5017,.F.);
#5017 = EDGE_CURVE('',#4989,#4989,#5018,.T.);
#5018 = SEAM_CURVE('',#5019,(#5024,#5031),.PCURVE_S1.);
#5019 = CIRCLE('',#5020,44.);
#5020 = AXIS2_PLACEMENT_3D('',#5021,#5022,#5023);
#5021 = CARTESIAN_POINT('',(2.6E+03,1.102182119233E-13,300.));
#5022 = DIRECTION('',(-5.438524293788E-32,1.,-3.673940397442E-16));
#5023 = DIRECTION('',(2.22044604925E-16,3.673940397442E-16,1.));
#5024 = PCURVE('',#4998,#5025);
#5025 = DEFINITIONAL_REPRESENTATION('',(#5026),#5030);
#5026 = LINE('',#5027,#5028);
#5027 = CARTESIAN_POINT('',(6.28318530718,-0.));
#5028 = VECTOR('',#5029,1.);
#5029 = DIRECTION('',(0.,1.));
#5030 = ( GEOMETRIC_REPRESENTATION_CONTEXT(2) 
PARAMETRIC_REPRESENTATION_CONTEXT() REPRESENTATION_CONTEXT('2D SPACE',''
  ) );
#5031 = PCURVE('',#4998,#5032);
#5032 = DEFINITIONAL_REPRESENTATION('',(#5033),#5037);
#5033 = LINE('',#5034,#5035);
#5034 = CARTESIAN_POINT('',(0.,-0.));
#5035 = VECTOR('',#5036,1.);
#5036 = DIRECTION('',(0.,1.));
#5037 = ( GEOMETRIC_REPRESENTATION_CONTEXT(2) 
PARAMETRIC_REPRESENTATION_CONTEXT() REPRESENTATION_CONTEXT('2D SPACE',''
  ) );
#5038 = ORIENTED_EDGE('',*,*,#4988,.T.);
#5039 = ORIENTED_EDGE('',*,*,#5017,.T.);
#5040 = ( GEOMETRIC_REPRESENTATION_CONTEXT(3) 
GLOBAL_UNCERTAINTY_ASSIGNED_CONTEXT((#5044)) 
GLOBAL_UNIT_ASSIGNED_CONTEXT((#5041,#5042,#5043)) REPRESENTATION_CONTEXT
('Context #1','3D Context with UNIT and UNCERTAINTY') );
#5041 = ( LENGTH_UNIT() NAMED_UNIT(*) SI_UNIT($,.METRE.) );
#5042 = ( NAMED_UNIT(*) PLANE_ANGLE_UNIT() SI_UNIT($,.RADIAN.) );
#5043 = ( NAMED_UNIT(*) SI_UNIT($,.STERADIAN.) SOLID_ANGLE_UNIT() );
#5044 = UNCERTAINTY_MEASURE_WITH_UNIT(LENGTH_MEASURE(1.E-07),#5041,
  'distance_accuracy_value','confusion accuracy');
#5045 = PRODUCT_RELATED_PRODUCT_CATEGORY('part',$,(#4920));
#5046 = SHAPE_DEFINITION_REPRESENTATION(#5047,#5053);
#5047 = PRODUCT_DEFINITION_SHAPE('','',#5048);
#5048 = PRODUCT_DEFINITION('design','',#5049,#5052);
#5049 = PRODUCT_DEFINITION_FORMATION('','',#5050);
#5050 = PRODUCT('TFo_13','TFo_13','',(#5051));
#5051 = PRODUCT_CONTEXT('',#2,'mechanical');
#5052 = PRODUCT_DEFINITION_CONTEXT('part definition',#2,'design');
#5053 = ADVANCED_BREP_SHAPE_REPRESENTATION('',(#11,#5054),#5112);
#5054 = MANIFOLD_SOLID_BREP('',#5055);
#5055 = CLOSED_SHELL('',(#5056));
#5056 = ADVANCED_FACE('',(#5057),#5070,.T.);
#5057 = FACE_BOUND('',#5058,.T.);
#5058 = EDGE_LOOP('',(#5059,#5088,#5110,#5111));
#5059 = ORIENTED_EDGE('',*,*,#5060,.F.);
#5060 = EDGE_CURVE('',#5061,#5061,#5063,.T.);
#5061 = VERTEX_POINT('',#5062);
#5062 = CARTESIAN_POINT('',(2.6E+03,-8.817456953861E-14,-360.));
#5063 = SEAM_CURVE('',#5064,(#5069,#5081),.PCURVE_S1.);
#5064 = CIRCLE('',#5065,360.);
#5065 = AXIS2_PLACEMENT_3D('',#5066,#5067,#5068);
#5066 = CARTESIAN_POINT('',(2.6E+03,0.,-3.263114576273E-30));
#5067 = DIRECTION('',(1.,-0.,2.22044604925E-16));
#5068 = DIRECTION('',(2.22044604925E-16,0.,-1.));
#5069 = PCURVE('',#5070,#5075);
#5070 = TOROIDAL_SURFACE('',#5071,300.,60.);
#5071 = AXIS2_PLACEMENT_3D('',#5072,#5073,#5074);
#5072 = CARTESIAN_POINT('',(2.6E+03,0.,0.));
#5073 = DIRECTION('',(1.,0.,2.22044604925E-16));
#5074 = DIRECTION('',(2.22044604925E-16,0.,-1.));
#5075 = DEFINITIONAL_REPRESENTATION('',(#5076),#5080);
#5076 = LINE('',#5077,#5078);
#5077 = CARTESIAN_POINT('',(0.,6.28318530718));
#5078 = VECTOR('',#5079,1.);
#5079 = DIRECTION('',(1.,0.));
#5080 = ( GEOMETRIC_REPRESENTATION_CONTEXT(2) 
PARAMETRIC_REPRESENTATION_CONTEXT() REPRESENTATION_CONTEXT('2D SPACE',''
  ) );
#5081 = PCURVE('',#5070,#5082);
#5082 = DEFINITIONAL_REPRESENTATION('',(#5083),#5087);
#5083 = LINE('',#5084,#5085);
#5084 = CARTESIAN_POINT('',(0.,0.));
#5085 = VECTOR('',#5086,1.);
#5086 = DIRECTION('',(1.,0.));
#5087 = ( GEOMETRIC_REPRESENTATION_CONTEXT(2) 
PARAMETRIC_REPRESENTATION_CONTEXT() REPRESENTATION_CONTEXT('2D SPACE',''
  ) );
#5088 = ORIENTED_EDGE('',*,*,#5089,.F.);
#5089 = EDGE_CURVE('',#5061,#5061,#5090,.T.);
#5090 = SEAM_CURVE('',#5091,(#5096,#5103),.PCURVE_S1.);
#5091 = CIRCLE('',#5092,60.);
#5092 = AXIS2_PLACEMENT_3D('',#5093,#5094,#5095);
#5093 = CARTESIAN_POINT('',(2.6E+03,-7.347880794884E-14,-300.));
#5094 = DIRECTION('',(-5.438524293788E-32,-1.,2.449293598295E-16));
#5095 = DIRECTION('',(2.22044604925E-16,-2.449293598295E-16,-1.));
#5096 = PCURVE('',#5070,#5097);
#5097 = DEFINITIONAL_REPRESENTATION('',(#5098),#5102);
#5098 = LINE('',#5099,#5100);
#5099 = CARTESIAN_POINT('',(6.28318530718,-0.));
#5100 = VECTOR('',#5101,1.);
#5101 = DIRECTION('',(0.,1.));
#5102 = ( GEOMETRIC_REPRESENTATION_CONTEXT(2) 
PARAMETRIC_REPRESENTATION_CONTEXT() REPRESENTATION_CONTEXT('2D SPACE',''
  ) );
#5103 = PCURVE('',#5070,#5104);
#5104 = DEFINITIONAL_REPRESENTATION('',(#5105),#5109);
#5105 = LINE('',#5106,#5107);
#5106 = CARTESIAN_POINT('',(0.,-0.));
#5107 = VECTOR('',#5108,1.);
#5108 = DIRECTION('',(0.,1.));
#5109 = ( GEOMETRIC_REPRESENTATION_CONTEXT(2) 
PARAMETRIC_REPRESENTATION_CONTEXT() REPRESENTATION_CONTEXT('2D SPACE',''
  ) );
#5110 = ORIENTED_EDGE('',*,*,#5060,.T.);
#5111 = ORIENTED_EDGE('',*,*,#5089,.T.);
#5112 = ( GEOMETRIC_REPRESENTATION_CONTEXT(3) 
GLOBAL_UNCERTAINTY_ASSIGNED_CONTEXT((#5116)) 
GLOBAL_UNIT_ASSIGNED_CONTEXT((#5113,#5114,#5115)) REPRESENTATION_CONTEXT
('Context #1','3D Context with UNIT and UNCERTAINTY') );
#5113 = ( LENGTH_UNIT() NAMED_UNIT(*) SI_UNIT($,.METRE.) );
#5114 = ( NAMED_UNIT(*) PLANE_ANGLE_UNIT() SI_UNIT($,.RADIAN.) );
#5115 = ( NAMED_UNIT(*) SI_UNIT($,.STERADIAN.) SOLID_ANGLE_UNIT() );
#5116 = UNCERTAINTY_MEASURE_WITH_UNIT(LENGTH_MEASURE(1.E-07),#5113,
  'distance_accuracy_value','confusion accuracy');
#5117 = PRODUCT_RELATED_PRODUCT_CATEGORY('part',$,(#5050));
#5118 = SHAPE_DEFINITION_REPRESENTATION(#5119,#5125);
#5119 = PRODUCT_DEFINITION_SHAPE('','',#5120);
#5120 = PRODUCT_DEFINITION('design','',#5121,#5124);
#5121 = PRODUCT_DEFINITION_FORMATION('','',#5122);
#5122 = PRODUCT('TF_14','TF_14','',(#5123));
#5123 = PRODUCT_CONTEXT('',#2,'mechanical');
#5124 = PRODUCT_DEFINITION_CONTEXT('part definition',#2,'design');
#5125 = ADVANCED_BREP_SHAPE_REPRESENTATION('',(#11,#5126),#5242);
#5126 = BREP_WITH_VOIDS('',#5127,(#5184));
#5127 = CLOSED_SHELL('',(#5128));
#5128 = ADVANCED_FACE('',(#5129),#5142,.T.);
#5129 = FACE_BOUND('',#5130,.T.);
#5130 = EDGE_LOOP('',(#5131,#5160,#5182,#5183));
#5131 = ORIENTED_EDGE('',*,*,#5132,.F.);
#5132 = EDGE_CURVE('',#5133,#5133,#5135,.T.);
#5133 = VERTEX_POINT('',#5134);
#5134 = CARTESIAN_POINT('',(2.6E+03,-180.,311.76914536239));
#5135 = SEAM_CURVE('',#5136,(#5141,#5153),.PCURVE_S1.);
#5136 = CIRCLE('',#5137,360.);
#5137 = AXIS2_PLACEMENT_3D('',#5138,#5139,#5140);
#5138 = CARTESIAN_POINT('',(2.6E+03,-1.631557288136E-30,
    2.825940118511E-30));
#5139 = DIRECTION('',(1.,1.110223024625E-16,-1.922962686384E-16));
#5140 = DIRECTION('',(2.22044604925E-16,-0.5,0.866025403784));
#5141 = PCURVE('',#5142,#5147);
#5142 = TOROIDAL_SURFACE('',#5143,300.,60.);
#5143 = AXIS2_PLACEMENT_3D('',#5144,#5145,#5146);
#5144 = CARTESIAN_POINT('',(2.6E+03,0.,0.));
#5145 = DIRECTION('',(1.,1.110223024625E-16,-1.922962686384E-16));
#5146 = DIRECTION('',(2.22044604925E-16,-0.5,0.866025403784));
#5147 = DEFINITIONAL_REPRESENTATION('',(#5148),#5152);
#5148 = LINE('',#5149,#5150);
#5149 = CARTESIAN_POINT('',(0.,6.28318530718));
#5150 = VECTOR('',#5151,1.);
#5151 = DIRECTION('',(1.,0.));
#5152 = ( GEOMETRIC_REPRESENTATION_CONTEXT(2) 
PARAMETRIC_REPRESENTATION_CONTEXT() REPRESENTATION_CONTEXT('2D SPACE',''
  ) );
#5153 = PCURVE('',#5142,#5154);
#5154 = DEFINITIONAL_REPRESENTATION('',(#5155),#5159);
#5155 = LINE('',#5156,#5157);
#5156 = CARTESIAN_POINT('',(0.,0.));
#5157 = VECTOR('',#5158,1.);
#5158 = DIRECTION('',(1.,0.));
#5159 = ( GEOMETRIC_REPRESENTATION_CONTEXT(2) 
PARAMETRIC_REPRESENTATION_CONTEXT() REPRESENTATION_CONTEXT('2D SPACE',''
  ) );
#5160 = ORIENTED_EDGE('',*,*,#5161,.F.);
#5161 = EDGE_CURVE('',#5133,#5133,#5162,.T.);
#5162 = SEAM_CURVE('',#5163,(#5168,#5175),.PCURVE_S1.);
#5163 = CIRCLE('',#5164,60.);
#5164 = AXIS2_PLACEMENT_3D('',#5165,#5166,#5167);
#5165 = CARTESIAN_POINT('',(2.6E+03,-150.,259.80762113533));
#5166 = DIRECTION('',(-6.162975822039E-32,0.866025403784,0.5));
#5167 = DIRECTION('',(2.22044604925E-16,-0.5,0.866025403784));
#5168 = PCURVE('',#5142,#5169);
#5169 = DEFINITIONAL_REPRESENTATION('',(#5170),#5174);
#5170 = LINE('',#5171,#5172);
#5171 = CARTESIAN_POINT('',(6.28318530718,-0.));
#5172 = VECTOR('',#5173,1.);
#5173 = DIRECTION('',(0.,1.));
#5174 = ( GEOMETRIC_REPRESENTATION_CONTEXT(2) 
PARAMETRIC_REPRESENTATION_CONTEXT() REPRESENTATION_CONTEXT('2D SPACE',''
  ) );
#5175 = PCURVE('',#5142,#5176);
#5176 = DEFINITIONAL_REPRESENTATION('',(#5177),#5181);
#5177 = LINE('',#5178,#5179);
#5178 = CARTESIAN_POINT('',(0.,-0.));
#5179 = VECTOR('',#5180,1.);
#5180 = DIRECTION('',(0.,1.));
#5181 = ( GEOMETRIC_REPRESENTATION_CONTEXT(2) 
PARAMETRIC_REPRESENTATION_CONTEXT() REPRESENTATION_CONTEXT('2D SPACE',''
  ) );
#5182 = ORIENTED_EDGE('',*,*,#5132,.T.);
#5183 = ORIENTED_EDGE('',*,*,#5161,.T.);
#5184 = ORIENTED_CLOSED_SHELL('',*,#5185,.F.);
#5185 = CLOSED_SHELL('',(#5186));
#5186 = ADVANCED_FACE('',(#5187),#5200,.T.);
#5187 = FACE_BOUND('',#5188,.T.);
#5188 = EDGE_LOOP('',(#5189,#5218,#5240,#5241));
#5189 = ORIENTED_EDGE('',*,*,#5190,.F.);
#5190 = EDGE_CURVE('',#5191,#5191,#5193,.T.);
#5191 = VERTEX_POINT('',#5192);
#5192 = CARTESIAN_POINT('',(2.6E+03,-172.,297.91273890184));
#5193 = SEAM_CURVE('',#5194,(#5199,#5211),.PCURVE_S1.);
#5194 = CIRCLE('',#5195,344.);
#5195 = AXIS2_PLACEMENT_3D('',#5196,#5197,#5198);
#5196 = CARTESIAN_POINT('',(2.6E+03,-1.196475344633E-30,
    2.072356086908E-30));
#5197 = DIRECTION('',(1.,1.110223024625E-16,-1.922962686384E-16));
#5198 = DIRECTION('',(2.22044604925E-16,-0.5,0.866025403784));
#5199 = PCURVE('',#5200,#5205);
#5200 = TOROIDAL_SURFACE('',#5201,300.,44.);
#5201 = AXIS2_PLACEMENT_3D('',#5202,#5203,#5204);
#5202 = CARTESIAN_POINT('',(2.6E+03,0.,0.));
#5203 = DIRECTION('',(1.,1.110223024625E-16,-1.922962686384E-16));
#5204 = DIRECTION('',(2.22044604925E-16,-0.5,0.866025403784));
#5205 = DEFINITIONAL_REPRESENTATION('',(#5206),#5210);
#5206 = LINE('',#5207,#5208);
#5207 = CARTESIAN_POINT('',(0.,6.28318530718));
#5208 = VECTOR('',#5209,1.);
#5209 = DIRECTION('',(1.,0.));
#5210 = ( GEOMETRIC_REPRESENTATION_CONTEXT(2) 
PARAMETRIC_REPRESENTATION_CONTEXT() REPRESENTATION_CONTEXT('2D SPACE',''
  ) );
#5211 = PCURVE('',#5200,#5212);
#5212 = DEFINITIONAL_REPRESENTATION('',(#5213),#5217);
#5213 = LINE('',#5214,#5215);
#5214 = CARTESIAN_POINT('',(0.,0.));
#5215 = VECTOR('',#5216,1.);
#5216 = DIRECTION('',(1.,0.));
#5217 = ( GEOMETRIC_REPRESENTATION_CONTEXT(2) 
PARAMETRIC_REPRESENTATION_CONTEXT() REPRESENTATION_CONTEXT('2D SPACE',''
  ) );
#5218 = ORIENTED_EDGE('',*,*,#5219,.F.);
#5219 = EDGE_CURVE('',#5191,#5191,#5220,.T.);
#5220 = SEAM_CURVE('',#5221,(#5226,#5233),.PCURVE_S1.);
#5221 = CIRCLE('',#5222,44.);
#5222 = AXIS2_PLACEMENT_3D('',#5223,#5224,#5225);
#5223 = CARTESIAN_POINT('',(2.6E+03,-150.,259.80762113533));
#5224 = DIRECTION('',(-6.162975822039E-32,0.866025403784,0.5));
#5225 = DIRECTION('',(2.22044604925E-16,-0.5,0.866025403784));
#5226 = PCURVE('',#5200,#5227);
#5227 = DEFINITIONAL_REPRESENTATION('',(#5228),#5232);
#5228 = LINE('',#5229,#5230);
#5229 = CARTESIAN_POINT('',(6.28318530718,-0.));
#5230 = VECTOR('',#5231,1.);
#5231 = DIRECTION('',(0.,1.));
#5232 = ( GEOMETRIC_REPRESENTATION_CONTEXT(2) 
PARAMETRIC_REPRESENTATION_CONTEXT() REPRESENTATION_CONTEXT('2D SPACE',''
  ) );
#5233 = PCURVE('',#5200,#5234);
#5234 = DEFINITIONAL_REPRESENTATION('',(#5235),#5239);
#5235 = LINE('',#5236,#5237);
#5236 = CARTESIAN_POINT('',(0.,-0.));
#5237 = VECTOR('',#5238,1.);
#5238 = DIRECTION('',(0.,1.));
#5239 = ( GEOMETRIC_REPRESENTATION_CONTEXT(2) 
PARAMETRIC_REPRESENTATION_CONTEXT() REPRESENTATION_CONTEXT('2D SPACE',''
  ) );
#5240 = ORIENTED_EDGE('',*,*,#5190,.T.);
#5241 = ORIENTED_EDGE('',*,*,#5219,.T.);
#5242 = ( GEOMETRIC_REPRESENTATION_CONTEXT(3) 
GLOBAL_UNCERTAINTY_ASSIGNED_CONTEXT((#5246)) 
GLOBAL_UNIT_ASSIGNED_CONTEXT((#5243,#5244,#5245)) REPRESENTATION_CONTEXT
('Context #1','3D Context with UNIT and UNCERTAINTY') );
#5243 = ( LENGTH_UNIT() NAMED_UNIT(*) SI_UNIT($,.METRE.) );
#5244 = ( NAMED_UNIT(*) PLANE_ANGLE_UNIT() SI_UNIT($,.RADIAN.) );
#5245 = ( NAMED_UNIT(*) SI_UNIT($,.STERADIAN.) SOLID_ANGLE_UNIT() );
#5246 = UNCERTAINTY_MEASURE_WITH_UNIT(LENGTH_MEASURE(1.E-07),#5243,
  'distance_accuracy_value','confusion accuracy');
#5247 = PRODUCT_RELATED_PRODUCT_CATEGORY('part',$,(#5122));
#5248 = SHAPE_DEFINITION_REPRESENTATION(#5249,#5255);
#5249 = PRODUCT_DEFINITION_SHAPE('','',#5250);
#5250 = PRODUCT_DEFINITION('design','',#5251,#5254);
#5251 = PRODUCT_DEFINITION_FORMATION('','',#5252);
#5252 = PRODUCT('TFi_15','TFi_15','',(#5253));
#5253 = PRODUCT_CONTEXT('',#2,'mechanical');
#5254 = PRODUCT_DEFINITION_CONTEXT('part definition',#2,'design');
#5255 = ADVANCED_BREP_SHAPE_REPRESENTATION('',(#11,#5256),#5314);
#5256 = MANIFOLD_SOLID_BREP('',#5257);
#5257 = CLOSED_SHELL('',(#5258));
#5258 = ADVANCED_FACE('',(#5259),#5272,.T.);
#5259 = FACE_BOUND('',#5260,.T.);
#5260 = EDGE_LOOP('',(#5261,#5290,#5312,#5313));
#5261 = ORIENTED_EDGE('',*,*,#5262,.F.);
#5262 = EDGE_CURVE('',#5263,#5263,#5265,.T.);
#5263 = VERTEX_POINT('',#5264);
#5264 = CARTESIAN_POINT('',(2.6E+03,-8.425569978134E-14,-344.));
#5265 = SEAM_CURVE('',#5266,(#5271,#5283),.PCURVE_S1.);
#5266 = CIRCLE('',#5267,344.);
#5267 = AXIS2_PLACEMENT_3D('',#5268,#5269,#5270);
#5268 = CARTESIAN_POINT('',(2.6E+03,0.,-2.392950689267E-30));
#5269 = DIRECTION('',(1.,-0.,2.22044604925E-16));
#5270 = DIRECTION('',(2.22044604925E-16,0.,-1.));
#5271 = PCURVE('',#5272,#5277);
#5272 = TOROIDAL_SURFACE('',#5273,300.,44.);
#5273 = AXIS2_PLACEMENT_3D('',#5274,#5275,#5276);
#5274 = CARTESIAN_POINT('',(2.6E+03,0.,0.));
#5275 = DIRECTION('',(1.,0.,2.22044604925E-16));
#5276 = DIRECTION('',(2.22044604925E-16,0.,-1.));
#5277 = DEFINITIONAL_REPRESENTATION('',(#5278),#5282);
#5278 = LINE('',#5279,#5280);
#5279 = CARTESIAN_POINT('',(0.,6.28318530718));
#5280 = VECTOR('',#5281,1.);
#5281 = DIRECTION('',(1.,0.));
#5282 = ( GEOMETRIC_REPRESENTATION_CONTEXT(2) 
PARAMETRIC_REPRESENTATION_CONTEXT() REPRESENTATION_CONTEXT('2D SPACE',''
  ) );
#5283 = PCURVE('',#5272,#5284);
#5284 = DEFINITIONAL_REPRESENTATION('',(#5285),#5289);
#5285 = LINE('',#5286,#5287);
#5286 = CARTESIAN_POINT('',(0.,0.));
#5287 = VECTOR('',#5288,1.);
#5288 = DIRECTION('',(1.,0.));
#5289 = ( GEOMETRIC_REPRESENTATION_CONTEXT(2) 
PARAMETRIC_REPRESENTATION_CONTEXT() REPRESENTATION_CONTEXT('2D SPACE',''
  ) );
#5290 = ORIENTED_EDGE('',*,*,#5291,.F.);
#5291 = EDGE_CURVE('',#5263,#5263,#5292,.T.);
#5292 = SEAM_CURVE('',#5293,(#5298,#5305),.PCURVE_S1.);
#5293 = CIRCLE('',#5294,44.);
#5294 = AXIS2_PLACEMENT_3D('',#5295,#5296,#5297);
#5295 = CARTESIAN_POINT('',(2.6E+03,-7.347880794884E-14,-300.));
#5296 = DIRECTION('',(-5.438524293788E-32,-1.,2.449293598295E-16));
#5297 = DIRECTION('',(2.22044604925E-16,-2.449293598295E-16,-1.));
#5298 = PCURVE('',#5272,#5299);
#5299 = DEFINITIONAL_REPRESENTATION('',(#5300),#5304);
#5300 = LINE('',#5301,#5302);
#5301 = CARTESIAN_POINT('',(6.28318530718,-0.));
#5302 = VECTOR('',#5303,1.);
#5303 = DIRECTION('',(0.,1.));
#5304 = ( GEOMETRIC_REPRESENTATION_CONTEXT(2) 
PARAMETRIC_REPRESENTATION_CONTEXT() REPRESENTATION_CONTEXT('2D SPACE',''
  ) );
#5305 = PCURVE('',#5272,#5306);
#5306 = DEFINITIONAL_REPRESENTATION('',(#5307),#5311);
#5307 = LINE('',#5308,#5309);
#5308 = CARTESIAN_POINT('',(0.,-0.));
#5309 = VECTOR('',#5310,1.);
#5310 = DIRECTION('',(0.,1.));
#5311 = ( GEOMETRIC_REPRESENTATION_CONTEXT(2) 
PARAMETRIC_REPRESENTATION_CONTEXT() REPRESENTATION_CONTEXT('2D SPACE',''
  ) );
#5312 = ORIENTED_EDGE('',*,*,#5262,.T.);
#5313 = ORIENTED_EDGE('',*,*,#5291,.T.);
#5314 = ( GEOMETRIC_REPRESENTATION_CONTEXT(3) 
GLOBAL_UNCERTAINTY_ASSIGNED_CONTEXT((#5318)) 
GLOBAL_UNIT_ASSIGNED_CONTEXT((#5315,#5316,#5317)) REPRESENTATION_CONTEXT
('Context #1','3D Context with UNIT and UNCERTAINTY') );
#5315 = ( LENGTH_UNIT() NAMED_UNIT(*) SI_UNIT($,.METRE.) );
#5316 = ( NAMED_UNIT(*) PLANE_ANGLE_UNIT() SI_UNIT($,.RADIAN.) );
#5317 = ( NAMED_UNIT(*) SI_UNIT($,.STERADIAN.) SOLID_ANGLE_UNIT() );
#5318 = UNCERTAINTY_MEASURE_WITH_UNIT(LENGTH_MEASURE(1.E-07),#5315,
  'distance_accuracy_value','confusion accuracy');
#5319 = PRODUCT_RELATED_PRODUCT_CATEGORY('part',$,(#5252));
#5320 = SHAPE_DEFINITION_REPRESENTATION(#5321,#5327);
#5321 = PRODUCT_DEFINITION_SHAPE('','',#5322);
#5322 = PRODUCT_DEFINITION('design','',#5323,#5326);
#5323 = PRODUCT_DEFINITION_FORMATION('','',#5324);
#5324 = PRODUCT('TFo_14','TFo_14','',(#5325));
#5325 = PRODUCT_CONTEXT('',#2,'mechanical');
#5326 = PRODUCT_DEFINITION_CONTEXT('part definition',#2,'design');
#5327 = ADVANCED_BREP_SHAPE_REPRESENTATION('',(#11,#5328),#5386);
#5328 = MANIFOLD_SOLID_BREP('',#5329);
#5329 = CLOSED_SHELL('',(#5330));
#5330 = ADVANCED_FACE('',(#5331),#5344,.T.);
#5331 = FACE_BOUND('',#5332,.T.);
#5332 = EDGE_LOOP('',(#5333,#5362,#5384,#5385));
#5333 = ORIENTED_EDGE('',*,*,#5334,.F.);
#5334 = EDGE_CURVE('',#5335,#5335,#5337,.T.);
#5335 = VERTEX_POINT('',#5336);
#5336 = CARTESIAN_POINT('',(2.6E+03,-8.817456953861E-14,-360.));
#5337 = SEAM_CURVE('',#5338,(#5343,#5355),.PCURVE_S1.);
#5338 = CIRCLE('',#5339,360.);
#5339 = AXIS2_PLACEMENT_3D('',#5340,#5341,#5342);
#5340 = CARTESIAN_POINT('',(2.6E+03,0.,-3.263114576273E-30));
#5341 = DIRECTION('',(1.,-0.,2.22044604925E-16));
#5342 = DIRECTION('',(2.22044604925E-16,0.,-1.));
#5343 = PCURVE('',#5344,#5349);
#5344 = TOROIDAL_SURFACE('',#5345,300.,60.);
#5345 = AXIS2_PLACEMENT_3D('',#5346,#5347,#5348);
#5346 = CARTESIAN_POINT('',(2.6E+03,0.,0.));
#5347 = DIRECTION('',(1.,0.,2.22044604925E-16));
#5348 = DIRECTION('',(2.22044604925E-16,0.,-1.));
#5349 = DEFINITIONAL_REPRESENTATION('',(#5350),#5354);
#5350 = LINE('',#5351,#5352);
#5351 = CARTESIAN_POINT('',(0.,6.28318530718));
#5352 = VECTOR('',#5353,1.);
#5353 = DIRECTION('',(1.,0.));
#5354 = ( GEOMETRIC_REPRESENTATION_CONTEXT(2) 
PARAMETRIC_REPRESENTATION_CONTEXT() REPRESENTATION_CONTEXT('2D SPACE',''
  ) );
#5355 = PCURVE('',#5344,#5356);
#5356 = DEFINITIONAL_REPRESENTATION('',(#5357),#5361);
#5357 = LINE('',#5358,#5359);
#5358 = CARTESIAN_POINT('',(0.,0.));
#5359 = VECTOR('',#5360,1.);
#5360 = DIRECTION('',(1.,0.));
#5361 = ( GEOMETRIC_REPRESENTATION_CONTEXT(2) 
PARAMETRIC_REPRESENTATION_CONTEXT() REPRESENTATION_CONTEXT('2D SPACE',''
  ) );
#5362 = ORIENTED_EDGE('',*,*,#5363,.F.);
#5363 = EDGE_CURVE('',#5335,#5335,#5364,.T.);
#5364 = SEAM_CURVE('',#5365,(#5370,#5377),.PCURVE_S1.);
#5365 = CIRCLE('',#5366,60.);
#5366 = AXIS2_PLACEMENT_3D('',#5367,#5368,#5369);
#5367 = CARTESIAN_POINT('',(2.6E+03,-7.347880794884E-14,-300.));
#5368 = DIRECTION('',(-5.438524293788E-32,-1.,2.449293598295E-16));
#5369 = DIRECTION('',(2.22044604925E-16,-2.449293598295E-16,-1.));
#5370 = PCURVE('',#5344,#5371);
#5371 = DEFINITIONAL_REPRESENTATION('',(#5372),#5376);
#5372 = LINE('',#5373,#5374);
#5373 = CARTESIAN_POINT('',(6.28318530718,-0.));
#5374 = VECTOR('',#5375,1.);
#5375 = DIRECTION('',(0.,1.));
#5376 = ( GEOMETRIC_REPRESENTATION_CONTEXT(2) 
PARAMETRIC_REPRESENTATION_CONTEXT() REPRESENTATION_CONTEXT('2D SPACE',''
  ) );
#5377 = PCURVE('',#5344,#5378);
#5378 = DEFINITIONAL_REPRESENTATION('',(#5379),#5383);
#5379 = LINE('',#5380,#5381);
#5380 = CARTESIAN_POINT('',(0.,-0.));
#5381 = VECTOR('',#5382,1.);
#5382 = DIRECTION('',(0.,1.));
#5383 = ( GEOMETRIC_REPRESENTATION_CONTEXT(2) 
PARAMETRIC_REPRESENTATION_CONTEXT() REPRESENTATION_CONTEXT('2D SPACE',''
  ) );
#5384 = ORIENTED_EDGE('',*,*,#5334,.T.);
#5385 = ORIENTED_EDGE('',*,*,#5363,.T.);
#5386 = ( GEOMETRIC_REPRESENTATION_CONTEXT(3) 
GLOBAL_UNCERTAINTY_ASSIGNED_CONTEXT((#5390)) 
GLOBAL_UNIT_ASSIGNED_CONTEXT((#5387,#5388,#5389)) REPRESENTATION_CONTEXT
('Context #1','3D Context with UNIT and UNCERTAINTY') );
#5387 = ( LENGTH_UNIT() NAMED_UNIT(*) SI_UNIT($,.METRE.) );
#5388 = ( NAMED_UNIT(*) PLANE_ANGLE_UNIT() SI_UNIT($,.RADIAN.) );
#5389 = ( NAMED_UNIT(*) SI_UNIT($,.STERADIAN.) SOLID_ANGLE_UNIT() );
#5390 = UNCERTAINTY_MEASURE_WITH_UNIT(LENGTH_MEASURE(1.E-07),#5387,
  'distance_accuracy_value','confusion accuracy');
#5391 = PRODUCT_RELATED_PRODUCT_CATEGORY('part',$,(#5324));
#5392 = SHAPE_DEFINITION_REPRESENTATION(#5393,#5399);
#5393 = PRODUCT_DEFINITION_SHAPE('','',#5394);
#5394 = PRODUCT_DEFINITION('design','',#5395,#5398);
#5395 = PRODUCT_DEFINITION_FORMATION('','',#5396);
#5396 = PRODUCT('TFi_14','TFi_14','',(#5397));
#5397 = PRODUCT_CONTEXT('',#2,'mechanical');
#5398 = PRODUCT_DEFINITION_CONTEXT('part definition',#2,'design');
#5399 = ADVANCED_BREP_SHAPE_REPRESENTATION('',(#11,#5400),#5458);
#5400 = MANIFOLD_SOLID_BREP('',#5401);
#5401 = CLOSED_SHELL('',(#5402));
#5402 = ADVANCED_FACE('',(#5403),#5416,.T.);
#5403 = FACE_BOUND('',#5404,.T.);
#5404 = EDGE_LOOP('',(#5405,#5434,#5456,#5457));
#5405 = ORIENTED_EDGE('',*,*,#5406,.F.);
#5406 = EDGE_CURVE('',#5407,#5407,#5409,.T.);
#5407 = VERTEX_POINT('',#5408);
#5408 = CARTESIAN_POINT('',(2.6E+03,-8.425569978134E-14,-344.));
#5409 = SEAM_CURVE('',#5410,(#5415,#5427),.PCURVE_S1.);
#5410 = CIRCLE('',#5411,344.);
#5411 = AXIS2_PLACEMENT_3D('',#5412,#5413,#5414);
#5412 = CARTESIAN_POINT('',(2.6E+03,0.,-2.392950689267E-30));
#5413 = DIRECTION('',(1.,-0.,2.22044604925E-16));
#5414 = DIRECTION('',(2.22044604925E-16,0.,-1.));
#5415 = PCURVE('',#5416,#5421);
#5416 = TOROIDAL_SURFACE('',#5417,300.,44.);
#5417 = AXIS2_PLACEMENT_3D('',#5418,#5419,#5420);
#5418 = CARTESIAN_POINT('',(2.6E+03,0.,0.));
#5419 = DIRECTION('',(1.,0.,2.22044604925E-16));
#5420 = DIRECTION('',(2.22044604925E-16,0.,-1.));
#5421 = DEFINITIONAL_REPRESENTATION('',(#5422),#5426);
#5422 = LINE('',#5423,#5424);
#5423 = CARTESIAN_POINT('',(0.,6.28318530718));
#5424 = VECTOR('',#5425,1.);
#5425 = DIRECTION('',(1.,0.));
#5426 = ( GEOMETRIC_REPRESENTATION_CONTEXT(2) 
PARAMETRIC_REPRESENTATION_CONTEXT() REPRESENTATION_CONTEXT('2D SPACE',''
  ) );
#5427 = PCURVE('',#5416,#5428);
#5428 = DEFINITIONAL_REPRESENTATION('',(#5429),#5433);
#5429 = LINE('',#5430,#5431);
#5430 = CARTESIAN_POINT('',(0.,0.));
#5431 = VECTOR('',#5432,1.);
#5432 = DIRECTION('',(1.,0.));
#5433 = ( GEOMETRIC_REPRESENTATION_CONTEXT(2) 
PARAMETRIC_REPRESENTATION_CONTEXT() REPRESENTATION_CONTEXT('2D SPACE',''
  ) );
#5434 = ORIENTED_EDGE('',*,*,#5435,.F.);
#5435 = EDGE_CURVE('',#5407,#5407,#5436,.T.);
#5436 = SEAM_CURVE('',#5437,(#5442,#5449),.PCURVE_S1.);
#5437 = CIRCLE('',#5438,44.);
#5438 = AXIS2_PLACEMENT_3D('',#5439,#5440,#5441);
#5439 = CARTESIAN_POINT('',(2.6E+03,-7.347880794884E-14,-300.));
#5440 = DIRECTION('',(-5.438524293788E-32,-1.,2.449293598295E-16));
#5441 = DIRECTION('',(2.22044604925E-16,-2.449293598295E-16,-1.));
#5442 = PCURVE('',#5416,#5443);
#5443 = DEFINITIONAL_REPRESENTATION('',(#5444),#5448);
#5444 = LINE('',#5445,#5446);
#5445 = CARTESIAN_POINT('',(6.28318530718,-0.));
#5446 = VECTOR('',#5447,1.);
#5447 = DIRECTION('',(0.,1.));
#5448 = ( GEOMETRIC_REPRESENTATION_CONTEXT(2) 
PARAMETRIC_REPRESENTATION_CONTEXT() REPRESENTATION_CONTEXT('2D SPACE',''
  ) );
#5449 = PCURVE('',#5416,#5450);
#5450 = DEFINITIONAL_REPRESENTATION('',(#5451),#5455);
#5451 = LINE('',#5452,#5453);
#5452 = CARTESIAN_POINT('',(0.,-0.));
#5453 = VECTOR('',#5454,1.);
#5454 = DIRECTION('',(0.,1.));
#5455 = ( GEOMETRIC_REPRESENTATION_CONTEXT(2) 
PARAMETRIC_REPRESENTATION_CONTEXT() REPRESENTATION_CONTEXT('2D SPACE',''
  ) );
#5456 = ORIENTED_EDGE('',*,*,#5406,.T.);
#5457 = ORIENTED_EDGE('',*,*,#5435,.T.);
#5458 = ( GEOMETRIC_REPRESENTATION_CONTEXT(3) 
GLOBAL_UNCERTAINTY_ASSIGNED_CONTEXT((#5462)) 
GLOBAL_UNIT_ASSIGNED_CONTEXT((#5459,#5460,#5461)) REPRESENTATION_CONTEXT
('Context #1','3D Context with UNIT and UNCERTAINTY') );
#5459 = ( LENGTH_UNIT() NAMED_UNIT(*) SI_UNIT($,.METRE.) );
#5460 = ( NAMED_UNIT(*) PLANE_ANGLE_UNIT() SI_UNIT($,.RADIAN.) );
#5461 = ( NAMED_UNIT(*) SI_UNIT($,.STERADIAN.) SOLID_ANGLE_UNIT() );
#5462 = UNCERTAINTY_MEASURE_WITH_UNIT(LENGTH_MEASURE(1.E-07),#5459,
  'distance_accuracy_value','confusion accuracy');
#5463 = PRODUCT_RELATED_PRODUCT_CATEGORY('part',$,(#5396));
#5464 = SHAPE_DEFINITION_REPRESENTATION(#5465,#5471);
#5465 = PRODUCT_DEFINITION_SHAPE('','',#5466);
#5466 = PRODUCT_DEFINITION('design','',#5467,#5470);
#5467 = PRODUCT_DEFINITION_FORMATION('','',#5468);
#5468 = PRODUCT('TFo_15','TFo_15','',(#5469));
#5469 = PRODUCT_CONTEXT('',#2,'mechanical');
#5470 = PRODUCT_DEFINITION_CONTEXT('part definition',#2,'design');
#5471 = ADVANCED_BREP_SHAPE_REPRESENTATION('',(#11,#5472),#5530);
#5472 = MANIFOLD_SOLID_BREP('',#5473);
#5473 = CLOSED_SHELL('',(#5474));
#5474 = ADVANCED_FACE('',(#5475),#5488,.T.);
#5475 = FACE_BOUND('',#5476,.T.);
#5476 = EDGE_LOOP('',(#5477,#5506,#5528,#5529));
#5477 = ORIENTED_EDGE('',*,*,#5478,.F.);
#5478 = EDGE_CURVE('',#5479,#5479,#5481,.T.);
#5479 = VERTEX_POINT('',#5480);
#5480 = CARTESIAN_POINT('',(2.6E+03,-8.817456953861E-14,-360.));
#5481 = SEAM_CURVE('',#5482,(#5487,#5499),.PCURVE_S1.);
#5482 = CIRCLE('',#5483,360.);
#5483 = AXIS2_PLACEMENT_3D('',#5484,#5485,#5486);
#5484 = CARTESIAN_POINT('',(2.6E+03,0.,-3.263114576273E-30));
#5485 = DIRECTION('',(1.,-0.,2.22044604925E-16));
#5486 = DIRECTION('',(2.22044604925E-16,0.,-1.));
#5487 = PCURVE('',#5488,#5493);
#5488 = TOROIDAL_SURFACE('',#5489,300.,60.);
#5489 = AXIS2_PLACEMENT_3D('',#5490,#5491,#5492);
#5490 = CARTESIAN_POINT('',(2.6E+03,0.,0.));
#5491 = DIRECTION('',(1.,0.,2.22044604925E-16));
#5492 = DIRECTION('',(2.22044604925E-16,0.,-1.));
#5493 = DEFINITIONAL_REPRESENTATION('',(#5494),#5498);
#5494 = LINE('',#5495,#5496);
#5495 = CARTESIAN_POINT('',(0.,6.28318530718));
#5496 = VECTOR('',#5497,1.);
#5497 = DIRECTION('',(1.,0.));
#5498 = ( GEOMETRIC_REPRESENTATION_CONTEXT(2) 
PARAMETRIC_REPRESENTATION_CONTEXT() REPRESENTATION_CONTEXT('2D SPACE',''
  ) );
#5499 = PCURVE('',#5488,#5500);
#5500 = DEFINITIONAL_REPRESENTATION('',(#5501),#5505);
#5501 = LINE('',#5502,#5503);
#5502 = CARTESIAN_POINT('',(0.,0.));
#5503 = VECTOR('',#5504,1.);
#5504 = DIRECTION('',(1.,0.));
#5505 = ( GEOMETRIC_REPRESENTATION_CONTEXT(2) 
PARAMETRIC_REPRESENTATION_CONTEXT() REPRESENTATION_CONTEXT('2D SPACE',''
  ) );
#5506 = ORIENTED_EDGE('',*,*,#5507,.F.);
#5507 = EDGE_CURVE('',#5479,#5479,#5508,.T.);
#5508 = SEAM_CURVE('',#5509,(#5514,#5521),.PCURVE_S1.);
#5509 = CIRCLE('',#5510,60.);
#5510 = AXIS2_PLACEMENT_3D('',#5511,#5512,#5513);
#5511 = CARTESIAN_POINT('',(2.6E+03,-7.347880794884E-14,-300.));
#5512 = DIRECTION('',(-5.438524293788E-32,-1.,2.449293598295E-16));
#5513 = DIRECTION('',(2.22044604925E-16,-2.449293598295E-16,-1.));
#5514 = PCURVE('',#5488,#5515);
#5515 = DEFINITIONAL_REPRESENTATION('',(#5516),#5520);
#5516 = LINE('',#5517,#5518);
#5517 = CARTESIAN_POINT('',(6.28318530718,-0.));
#5518 = VECTOR('',#5519,1.);
#5519 = DIRECTION('',(0.,1.));
#5520 = ( GEOMETRIC_REPRESENTATION_CONTEXT(2) 
PARAMETRIC_REPRESENTATION_CONTEXT() REPRESENTATION_CONTEXT('2D SPACE',''
  ) );
#5521 = PCURVE('',#5488,#5522);
#5522 = DEFINITIONAL_REPRESENTATION('',(#5523),#5527);
#5523 = LINE('',#5524,#5525);
#5524 = CARTESIAN_POINT('',(0.,-0.));
#5525 = VECTOR('',#5526,1.);
#5526 = DIRECTION('',(0.,1.));
#5527 = ( GEOMETRIC_REPRESENTATION_CONTEXT(2) 
PARAMETRIC_REPRESENTATION_CONTEXT() REPRESENTATION_CONTEXT('2D SPACE',''
  ) );
#5528 = ORIENTED_EDGE('',*,*,#5478,.T.);
#5529 = ORIENTED_EDGE('',*,*,#5507,.T.);
#5530 = ( GEOMETRIC_REPRESENTATION_CONTEXT(3) 
GLOBAL_UNCERTAINTY_ASSIGNED_CONTEXT((#5534)) 
GLOBAL_UNIT_ASSIGNED_CONTEXT((#5531,#5532,#5533)) REPRESENTATION_CONTEXT
('Context #1','3D Context with UNIT and UNCERTAINTY') );
#5531 = ( LENGTH_UNIT() NAMED_UNIT(*) SI_UNIT($,.METRE.) );
#5532 = ( NAMED_UNIT(*) PLANE_ANGLE_UNIT() SI_UNIT($,.RADIAN.) );
#5533 = ( NAMED_UNIT(*) SI_UNIT($,.STERADIAN.) SOLID_ANGLE_UNIT() );
#5534 = UNCERTAINTY_MEASURE_WITH_UNIT(LENGTH_MEASURE(1.E-07),#5531,
  'distance_accuracy_value','confusion accuracy');
#5535 = PRODUCT_RELATED_PRODUCT_CATEGORY('part',$,(#5468));
#5536 = SHAPE_DEFINITION_REPRESENTATION(#5537,#5543);
#5537 = PRODUCT_DEFINITION_SHAPE('','',#5538);
#5538 = PRODUCT_DEFINITION('design','',#5539,#5542);
#5539 = PRODUCT_DEFINITION_FORMATION('','',#5540);
#5540 = PRODUCT('TF_16','TF_16','',(#5541));
#5541 = PRODUCT_CONTEXT('',#2,'mechanical');
#5542 = PRODUCT_DEFINITION_CONTEXT('part definition',#2,'design');
#5543 = ADVANCED_BREP_SHAPE_REPRESENTATION('',(#11,#5544),#5660);
#5544 = BREP_WITH_VOIDS('',#5545,(#5602));
#5545 = CLOSED_SHELL('',(#5546));
#5546 = ADVANCED_FACE('',(#5547),#5560,.T.);
#5547 = FACE_BOUND('',#5548,.T.);
#5548 = EDGE_LOOP('',(#5549,#5578,#5600,#5601));
#5549 = ORIENTED_EDGE('',*,*,#5550,.F.);
#5550 = EDGE_CURVE('',#5551,#5551,#5553,.T.);
#5551 = VERTEX_POINT('',#5552);
#5552 = CARTESIAN_POINT('',(2.6E+03,-311.7691453623,180.));
#5553 = SEAM_CURVE('',#5554,(#5559,#5571),.PCURVE_S1.);
#5554 = CIRCLE('',#5555,360.);
#5555 = AXIS2_PLACEMENT_3D('',#5556,#5557,#5558);
#5556 = CARTESIAN_POINT('',(2.6E+03,-2.825940118511E-30,
    1.631557288136E-30));
#5557 = DIRECTION('',(1.,1.922962686384E-16,-1.110223024625E-16));
#5558 = DIRECTION('',(2.22044604925E-16,-0.866025403784,0.5));
#5559 = PCURVE('',#5560,#5565);
#5560 = TOROIDAL_SURFACE('',#5561,300.,60.);
#5561 = AXIS2_PLACEMENT_3D('',#5562,#5563,#5564);
#5562 = CARTESIAN_POINT('',(2.6E+03,0.,0.));
#5563 = DIRECTION('',(1.,1.922962686384E-16,-1.110223024625E-16));
#5564 = DIRECTION('',(2.22044604925E-16,-0.866025403784,0.5));
#5565 = DEFINITIONAL_REPRESENTATION('',(#5566),#5570);
#5566 = LINE('',#5567,#5568);
#5567 = CARTESIAN_POINT('',(0.,6.28318530718));
#5568 = VECTOR('',#5569,1.);
#5569 = DIRECTION('',(1.,0.));
#5570 = ( GEOMETRIC_REPRESENTATION_CONTEXT(2) 
PARAMETRIC_REPRESENTATION_CONTEXT() REPRESENTATION_CONTEXT('2D SPACE',''
  ) );
#5571 = PCURVE('',#5560,#5572);
#5572 = DEFINITIONAL_REPRESENTATION('',(#5573),#5577);
#5573 = LINE('',#5574,#5575);
#5574 = CARTESIAN_POINT('',(0.,0.));
#5575 = VECTOR('',#5576,1.);
#5576 = DIRECTION('',(1.,0.));
#5577 = ( GEOMETRIC_REPRESENTATION_CONTEXT(2) 
PARAMETRIC_REPRESENTATION_CONTEXT() REPRESENTATION_CONTEXT('2D SPACE',''
  ) );
#5578 = ORIENTED_EDGE('',*,*,#5579,.F.);
#5579 = EDGE_CURVE('',#5551,#5551,#5580,.T.);
#5580 = SEAM_CURVE('',#5581,(#5586,#5593),.PCURVE_S1.);
#5581 = CIRCLE('',#5582,60.);
#5582 = AXIS2_PLACEMENT_3D('',#5583,#5584,#5585);
#5583 = CARTESIAN_POINT('',(2.6E+03,-259.8076211353,150.));
#5584 = DIRECTION('',(-6.162975822039E-32,0.5,0.866025403784));
#5585 = DIRECTION('',(2.22044604925E-16,-0.866025403784,0.5));
#5586 = PCURVE('',#5560,#5587);
#5587 = DEFINITIONAL_REPRESENTATION('',(#5588),#5592);
#5588 = LINE('',#5589,#5590);
#5589 = CARTESIAN_POINT('',(6.28318530718,-0.));
#5590 = VECTOR('',#5591,1.);
#5591 = DIRECTION('',(0.,1.));
#5592 = ( GEOMETRIC_REPRESENTATION_CONTEXT(2) 
PARAMETRIC_REPRESENTATION_CONTEXT() REPRESENTATION_CONTEXT('2D SPACE',''
  ) );
#5593 = PCURVE('',#5560,#5594);
#5594 = DEFINITIONAL_REPRESENTATION('',(#5595),#5599);
#5595 = LINE('',#5596,#5597);
#5596 = CARTESIAN_POINT('',(0.,-0.));
#5597 = VECTOR('',#5598,1.);
#5598 = DIRECTION('',(0.,1.));
#5599 = ( GEOMETRIC_REPRESENTATION_CONTEXT(2) 
PARAMETRIC_REPRESENTATION_CONTEXT() REPRESENTATION_CONTEXT('2D SPACE',''
  ) );
#5600 = ORIENTED_EDGE('',*,*,#5550,.T.);
#5601 = ORIENTED_EDGE('',*,*,#5579,.T.);
#5602 = ORIENTED_CLOSED_SHELL('',*,#5603,.F.);
#5603 = CLOSED_SHELL('',(#5604));
#5604 = ADVANCED_FACE('',(#5605),#5618,.T.);
#5605 = FACE_BOUND('',#5606,.T.);
#5606 = EDGE_LOOP('',(#5607,#5636,#5658,#5659));
#5607 = ORIENTED_EDGE('',*,*,#5608,.F.);
#5608 = EDGE_CURVE('',#5609,#5609,#5611,.T.);
#5609 = VERTEX_POINT('',#5610);
#5610 = CARTESIAN_POINT('',(2.6E+03,-297.9127389018,172.));
#5611 = SEAM_CURVE('',#5612,(#5617,#5629),.PCURVE_S1.);
#5612 = CIRCLE('',#5613,344.);
#5613 = AXIS2_PLACEMENT_3D('',#5614,#5615,#5616);
#5614 = CARTESIAN_POINT('',(2.6E+03,-2.072356086908E-30,
    1.196475344633E-30));
#5615 = DIRECTION('',(1.,1.922962686384E-16,-1.110223024625E-16));
#5616 = DIRECTION('',(2.22044604925E-16,-0.866025403784,0.5));
#5617 = PCURVE('',#5618,#5623);
#5618 = TOROIDAL_SURFACE('',#5619,300.,44.);
#5619 = AXIS2_PLACEMENT_3D('',#5620,#5621,#5622);
#5620 = CARTESIAN_POINT('',(2.6E+03,0.,0.));
#5621 = DIRECTION('',(1.,1.922962686384E-16,-1.110223024625E-16));
#5622 = DIRECTION('',(2.22044604925E-16,-0.866025403784,0.5));
#5623 = DEFINITIONAL_REPRESENTATION('',(#5624),#5628);
#5624 = LINE('',#5625,#5626);
#5625 = CARTESIAN_POINT('',(0.,6.28318530718));
#5626 = VECTOR('',#5627,1.);
#5627 = DIRECTION('',(1.,0.));
#5628 = ( GEOMETRIC_REPRESENTATION_CONTEXT(2) 
PARAMETRIC_REPRESENTATION_CONTEXT() REPRESENTATION_CONTEXT('2D SPACE',''
  ) );
#5629 = PCURVE('',#5618,#5630);
#5630 = DEFINITIONAL_REPRESENTATION('',(#5631),#5635);
#5631 = LINE('',#5632,#5633);
#5632 = CARTESIAN_POINT('',(0.,0.));
#5633 = VECTOR('',#5634,1.);
#5634 = DIRECTION('',(1.,0.));
#5635 = ( GEOMETRIC_REPRESENTATION_CONTEXT(2) 
PARAMETRIC_REPRESENTATION_CONTEXT() REPRESENTATION_CONTEXT('2D SPACE',''
  ) );
#5636 = ORIENTED_EDGE('',*,*,#5637,.F.);
#5637 = EDGE_CURVE('',#5609,#5609,#5638,.T.);
#5638 = SEAM_CURVE('',#5639,(#5644,#5651),.PCURVE_S1.);
#5639 = CIRCLE('',#5640,44.);
#5640 = AXIS2_PLACEMENT_3D('',#5641,#5642,#5643);
#5641 = CARTESIAN_POINT('',(2.6E+03,-259.8076211353,150.));
#5642 = DIRECTION('',(-6.162975822039E-32,0.5,0.866025403784));
#5643 = DIRECTION('',(2.22044604925E-16,-0.866025403784,0.5));
#5644 = PCURVE('',#5618,#5645);
#5645 = DEFINITIONAL_REPRESENTATION('',(#5646),#5650);
#5646 = LINE('',#5647,#5648);
#5647 = CARTESIAN_POINT('',(6.28318530718,-0.));
#5648 = VECTOR('',#5649,1.);
#5649 = DIRECTION('',(0.,1.));
#5650 = ( GEOMETRIC_REPRESENTATION_CONTEXT(2) 
PARAMETRIC_REPRESENTATION_CONTEXT() REPRESENTATION_CONTEXT('2D SPACE',''
  ) );
#5651 = PCURVE('',#5618,#5652);
#5652 = DEFINITIONAL_REPRESENTATION('',(#5653),#5657);
#5653 = LINE('',#5654,#5655);
#5654 = CARTESIAN_POINT('',(0.,-0.));
#5655 = VECTOR('',#5656,1.);
#5656 = DIRECTION('',(0.,1.));
#5657 = ( GEOMETRIC_REPRESENTATION_CONTEXT(2) 
PARAMETRIC_REPRESENTATION_CONTEXT() REPRESENTATION_CONTEXT('2D SPACE',''
  ) );
#5658 = ORIENTED_EDGE('',*,*,#5608,.T.);
#5659 = ORIENTED_EDGE('',*,*,#5637,.T.);
#5660 = ( GEOMETRIC_REPRESENTATION_CONTEXT(3) 
GLOBAL_UNCERTAINTY_ASSIGNED_CONTEXT((#5664)) 
GLOBAL_UNIT_ASSIGNED_CONTEXT((#5661,#5662,#5663)) REPRESENTATION_CONTEXT
('Context #1','3D Context with UNIT and UNCERTAINTY') );
#5661 = ( LENGTH_UNIT() NAMED_UNIT(*) SI_UNIT($,.METRE.) );
#5662 = ( NAMED_UNIT(*) PLANE_ANGLE_UNIT() SI_UNIT($,.RADIAN.) );
#5663 = ( NAMED_UNIT(*) SI_UNIT($,.STERADIAN.) SOLID_ANGLE_UNIT() );
#5664 = UNCERTAINTY_MEASURE_WITH_UNIT(LENGTH_MEASURE(1.E-07),#5661,
  'distance_accuracy_value','confusion accuracy');
#5665 = PRODUCT_RELATED_PRODUCT_CATEGORY('part',$,(#5540));
#5666 = SHAPE_DEFINITION_REPRESENTATION(#5667,#5673);
#5667 = PRODUCT_DEFINITION_SHAPE('','',#5668);
#5668 = PRODUCT_DEFINITION('design','',#5669,#5672);
#5669 = PRODUCT_DEFINITION_FORMATION('','',#5670);
#5670 = PRODUCT('TFo_16','TFo_16','',(#5671));
#5671 = PRODUCT_CONTEXT('',#2,'mechanical');
#5672 = PRODUCT_DEFINITION_CONTEXT('part definition',#2,'design');
#5673 = ADVANCED_BREP_SHAPE_REPRESENTATION('',(#11,#5674),#5732);
#5674 = MANIFOLD_SOLID_BREP('',#5675);
#5675 = CLOSED_SHELL('',(#5676));
#5676 = ADVANCED_FACE('',(#5677),#5690,.T.);
#5677 = FACE_BOUND('',#5678,.T.);
#5678 = EDGE_LOOP('',(#5679,#5708,#5730,#5731));
#5679 = ORIENTED_EDGE('',*,*,#5680,.F.);
#5680 = EDGE_CURVE('',#5681,#5681,#5683,.T.);
#5681 = VERTEX_POINT('',#5682);
#5682 = CARTESIAN_POINT('',(2.6E+03,-8.817456953861E-14,-360.));
#5683 = SEAM_CURVE('',#5684,(#5689,#5701),.PCURVE_S1.);
#5684 = CIRCLE('',#5685,360.);
#5685 = AXIS2_PLACEMENT_3D('',#5686,#5687,#5688);
#5686 = CARTESIAN_POINT('',(2.6E+03,0.,-3.263114576273E-30));
#5687 = DIRECTION('',(1.,-0.,2.22044604925E-16));
#5688 = DIRECTION('',(2.22044604925E-16,0.,-1.));
#5689 = PCURVE('',#5690,#5695);
#5690 = TOROIDAL_SURFACE('',#5691,300.,60.);
#5691 = AXIS2_PLACEMENT_3D('',#5692,#5693,#5694);
#5692 = CARTESIAN_POINT('',(2.6E+03,0.,0.));
#5693 = DIRECTION('',(1.,0.,2.22044604925E-16));
#5694 = DIRECTION('',(2.22044604925E-16,0.,-1.));
#5695 = DEFINITIONAL_REPRESENTATION('',(#5696),#5700);
#5696 = LINE('',#5697,#5698);
#5697 = CARTESIAN_POINT('',(0.,6.28318530718));
#5698 = VECTOR('',#5699,1.);
#5699 = DIRECTION('',(1.,0.));
#5700 = ( GEOMETRIC_REPRESENTATION_CONTEXT(2) 
PARAMETRIC_REPRESENTATION_CONTEXT() REPRESENTATION_CONTEXT('2D SPACE',''
  ) );
#5701 = PCURVE('',#5690,#5702);
#5702 = DEFINITIONAL_REPRESENTATION('',(#5703),#5707);
#5703 = LINE('',#5704,#5705);
#5704 = CARTESIAN_POINT('',(0.,0.));
#5705 = VECTOR('',#5706,1.);
#5706 = DIRECTION('',(1.,0.));
#5707 = ( GEOMETRIC_REPRESENTATION_CONTEXT(2) 
PARAMETRIC_REPRESENTATION_CONTEXT() REPRESENTATION_CONTEXT('2D SPACE',''
  ) );
#5708 = ORIENTED_EDGE('',*,*,#5709,.F.);
#5709 = EDGE_CURVE('',#5681,#5681,#5710,.T.);
#5710 = SEAM_CURVE('',#5711,(#5716,#5723),.PCURVE_S1.);
#5711 = CIRCLE('',#5712,60.);
#5712 = AXIS2_PLACEMENT_3D('',#5713,#5714,#5715);
#5713 = CARTESIAN_POINT('',(2.6E+03,-7.347880794884E-14,-300.));
#5714 = DIRECTION('',(-5.438524293788E-32,-1.,2.449293598295E-16));
#5715 = DIRECTION('',(2.22044604925E-16,-2.449293598295E-16,-1.));
#5716 = PCURVE('',#5690,#5717);
#5717 = DEFINITIONAL_REPRESENTATION('',(#5718),#5722);
#5718 = LINE('',#5719,#5720);
#5719 = CARTESIAN_POINT('',(6.28318530718,-0.));
#5720 = VECTOR('',#5721,1.);
#5721 = DIRECTION('',(0.,1.));
#5722 = ( GEOMETRIC_REPRESENTATION_CONTEXT(2) 
PARAMETRIC_REPRESENTATION_CONTEXT() REPRESENTATION_CONTEXT('2D SPACE',''
  ) );
#5723 = PCURVE('',#5690,#5724);
#5724 = DEFINITIONAL_REPRESENTATION('',(#5725),#5729);
#5725 = LINE('',#5726,#5727);
#5726 = CARTESIAN_POINT('',(0.,-0.));
#5727 = VECTOR('',#5728,1.);
#5728 = DIRECTION('',(0.,1.));
#5729 = ( GEOMETRIC_REPRESENTATION_CONTEXT(2) 
PARAMETRIC_REPRESENTATION_CONTEXT() REPRESENTATION_CONTEXT('2D SPACE',''
  ) );
#5730 = ORIENTED_EDGE('',*,*,#5680,.T.);
#5731 = ORIENTED_EDGE('',*,*,#5709,.T.);
#5732 = ( GEOMETRIC_REPRESENTATION_CONTEXT(3) 
GLOBAL_UNCERTAINTY_ASSIGNED_CONTEXT((#5736)) 
GLOBAL_UNIT_ASSIGNED_CONTEXT((#5733,#5734,#5735)) REPRESENTATION_CONTEXT
('Context #1','3D Context with UNIT and UNCERTAINTY') );
#5733 = ( LENGTH_UNIT() NAMED_UNIT(*) SI_UNIT($,.METRE.) );
#5734 = ( NAMED_UNIT(*) PLANE_ANGLE_UNIT() SI_UNIT($,.RADIAN.) );
#5735 = ( NAMED_UNIT(*) SI_UNIT($,.STERADIAN.) SOLID_ANGLE_UNIT() );
#5736 = UNCERTAINTY_MEASURE_WITH_UNIT(LENGTH_MEASURE(1.E-07),#5733,
  'distance_accuracy_value','confusion accuracy');
#5737 = PRODUCT_RELATED_PRODUCT_CATEGORY('part',$,(#5670));
#5738 = SHAPE_DEFINITION_REPRESENTATION(#5739,#5745);
#5739 = PRODUCT_DEFINITION_SHAPE('','',#5740);
#5740 = PRODUCT_DEFINITION('design','',#5741,#5744);
#5741 = PRODUCT_DEFINITION_FORMATION('','',#5742);
#5742 = PRODUCT('TF_15','TF_15','',(#5743));
#5743 = PRODUCT_CONTEXT('',#2,'mechanical');
#5744 = PRODUCT_DEFINITION_CONTEXT('part definition',#2,'design');
#5745 = ADVANCED_BREP_SHAPE_REPRESENTATION('',(#11,#5746),#5862);
#5746 = BREP_WITH_VOIDS('',#5747,(#5804));
#5747 = CLOSED_SHELL('',(#5748));
#5748 = ADVANCED_FACE('',(#5749),#5762,.T.);
#5749 = FACE_BOUND('',#5750,.T.);
#5750 = EDGE_LOOP('',(#5751,#5780,#5802,#5803));
#5751 = ORIENTED_EDGE('',*,*,#5752,.F.);
#5752 = EDGE_CURVE('',#5753,#5753,#5755,.T.);
#5753 = VERTEX_POINT('',#5754);
#5754 = CARTESIAN_POINT('',(2.6E+03,-254.5584412271,254.55844122715));
#5755 = SEAM_CURVE('',#5756,(#5761,#5773),.PCURVE_S1.);
#5756 = CIRCLE('',#5757,360.);
#5757 = AXIS2_PLACEMENT_3D('',#5758,#5759,#5760);
#5758 = CARTESIAN_POINT('',(2.6E+03,-2.307370444671E-30,
    2.307370444671E-30));
#5759 = DIRECTION('',(1.,1.570092458684E-16,-1.570092458684E-16));
#5760 = DIRECTION('',(2.22044604925E-16,-0.707106781187,0.707106781187)
  );
#5761 = PCURVE('',#5762,#5767);
#5762 = TOROIDAL_SURFACE('',#5763,300.,60.);
#5763 = AXIS2_PLACEMENT_3D('',#5764,#5765,#5766);
#5764 = CARTESIAN_POINT('',(2.6E+03,0.,0.));
#5765 = DIRECTION('',(1.,1.570092458684E-16,-1.570092458684E-16));
#5766 = DIRECTION('',(2.22044604925E-16,-0.707106781187,0.707106781187)
  );
#5767 = DEFINITIONAL_REPRESENTATION('',(#5768),#5772);
#5768 = LINE('',#5769,#5770);
#5769 = CARTESIAN_POINT('',(0.,6.28318530718));
#5770 = VECTOR('',#5771,1.);
#5771 = DIRECTION('',(1.,0.));
#5772 = ( GEOMETRIC_REPRESENTATION_CONTEXT(2) 
PARAMETRIC_REPRESENTATION_CONTEXT() REPRESENTATION_CONTEXT('2D SPACE',''
  ) );
#5773 = PCURVE('',#5762,#5774);
#5774 = DEFINITIONAL_REPRESENTATION('',(#5775),#5779);
#5775 = LINE('',#5776,#5777);
#5776 = CARTESIAN_POINT('',(0.,0.));
#5777 = VECTOR('',#5778,1.);
#5778 = DIRECTION('',(1.,0.));
#5779 = ( GEOMETRIC_REPRESENTATION_CONTEXT(2) 
PARAMETRIC_REPRESENTATION_CONTEXT() REPRESENTATION_CONTEXT('2D SPACE',''
  ) );
#5780 = ORIENTED_EDGE('',*,*,#5781,.F.);
#5781 = EDGE_CURVE('',#5753,#5753,#5782,.T.);
#5782 = SEAM_CURVE('',#5783,(#5788,#5795),.PCURVE_S1.);
#5783 = CIRCLE('',#5784,60.);
#5784 = AXIS2_PLACEMENT_3D('',#5785,#5786,#5787);
#5785 = CARTESIAN_POINT('',(2.6E+03,-212.1320343559,212.13203435596));
#5786 = DIRECTION('',(-7.395570986447E-32,0.707106781187,0.707106781187)
  );
#5787 = DIRECTION('',(2.22044604925E-16,-0.707106781187,0.707106781187)
  );
#5788 = PCURVE('',#5762,#5789);
#5789 = DEFINITIONAL_REPRESENTATION('',(#5790),#5794);
#5790 = LINE('',#5791,#5792);
#5791 = CARTESIAN_POINT('',(6.28318530718,-0.));
#5792 = VECTOR('',#5793,1.);
#5793 = DIRECTION('',(0.,1.));
#5794 = ( GEOMETRIC_REPRESENTATION_CONTEXT(2) 
PARAMETRIC_REPRESENTATION_CONTEXT() REPRESENTATION_CONTEXT('2D SPACE',''
  ) );
#5795 = PCURVE('',#5762,#5796);
#5796 = DEFINITIONAL_REPRESENTATION('',(#5797),#5801);
#5797 = LINE('',#5798,#5799);
#5798 = CARTESIAN_POINT('',(0.,-0.));
#5799 = VECTOR('',#5800,1.);
#5800 = DIRECTION('',(0.,1.));
#5801 = ( GEOMETRIC_REPRESENTATION_CONTEXT(2) 
PARAMETRIC_REPRESENTATION_CONTEXT() REPRESENTATION_CONTEXT('2D SPACE',''
  ) );
#5802 = ORIENTED_EDGE('',*,*,#5752,.T.);
#5803 = ORIENTED_EDGE('',*,*,#5781,.T.);
#5804 = ORIENTED_CLOSED_SHELL('',*,#5805,.F.);
#5805 = CLOSED_SHELL('',(#5806));
#5806 = ADVANCED_FACE('',(#5807),#5820,.T.);
#5807 = FACE_BOUND('',#5808,.T.);
#5808 = EDGE_LOOP('',(#5809,#5838,#5860,#5861));
#5809 = ORIENTED_EDGE('',*,*,#5810,.F.);
#5810 = EDGE_CURVE('',#5811,#5811,#5813,.T.);
#5811 = VERTEX_POINT('',#5812);
#5812 = CARTESIAN_POINT('',(2.6E+03,-243.2447327281,243.24473272817));
#5813 = SEAM_CURVE('',#5814,(#5819,#5831),.PCURVE_S1.);
#5814 = CIRCLE('',#5815,344.);
#5815 = AXIS2_PLACEMENT_3D('',#5816,#5817,#5818);
#5816 = CARTESIAN_POINT('',(2.6E+03,-1.692071659425E-30,
    1.692071659425E-30));
#5817 = DIRECTION('',(1.,1.570092458684E-16,-1.570092458684E-16));
#5818 = DIRECTION('',(2.22044604925E-16,-0.707106781187,0.707106781187)
  );
#5819 = PCURVE('',#5820,#5825);
#5820 = TOROIDAL_SURFACE('',#5821,300.,44.);
#5821 = AXIS2_PLACEMENT_3D('',#5822,#5823,#5824);
#5822 = CARTESIAN_POINT('',(2.6E+03,0.,0.));
#5823 = DIRECTION('',(1.,1.570092458684E-16,-1.570092458684E-16));
#5824 = DIRECTION('',(2.22044604925E-16,-0.707106781187,0.707106781187)
  );
#5825 = DEFINITIONAL_REPRESENTATION('',(#5826),#5830);
#5826 = LINE('',#5827,#5828);
#5827 = CARTESIAN_POINT('',(0.,6.28318530718));
#5828 = VECTOR('',#5829,1.);
#5829 = DIRECTION('',(1.,0.));
#5830 = ( GEOMETRIC_REPRESENTATION_CONTEXT(2) 
PARAMETRIC_REPRESENTATION_CONTEXT() REPRESENTATION_CONTEXT('2D SPACE',''
  ) );
#5831 = PCURVE('',#5820,#5832);
#5832 = DEFINITIONAL_REPRESENTATION('',(#5833),#5837);
#5833 = LINE('',#5834,#5835);
#5834 = CARTESIAN_POINT('',(0.,0.));
#5835 = VECTOR('',#5836,1.);
#5836 = DIRECTION('',(1.,0.));
#5837 = ( GEOMETRIC_REPRESENTATION_CONTEXT(2) 
PARAMETRIC_REPRESENTATION_CONTEXT() REPRESENTATION_CONTEXT('2D SPACE',''
  ) );
#5838 = ORIENTED_EDGE('',*,*,#5839,.F.);
#5839 = EDGE_CURVE('',#5811,#5811,#5840,.T.);
#5840 = SEAM_CURVE('',#5841,(#5846,#5853),.PCURVE_S1.);
#5841 = CIRCLE('',#5842,44.);
#5842 = AXIS2_PLACEMENT_3D('',#5843,#5844,#5845);
#5843 = CARTESIAN_POINT('',(2.6E+03,-212.1320343559,212.13203435596));
#5844 = DIRECTION('',(-7.395570986447E-32,0.707106781187,0.707106781187)
  );
#5845 = DIRECTION('',(2.22044604925E-16,-0.707106781187,0.707106781187)
  );
#5846 = PCURVE('',#5820,#5847);
#5847 = DEFINITIONAL_REPRESENTATION('',(#5848),#5852);
#5848 = LINE('',#5849,#5850);
#5849 = CARTESIAN_POINT('',(6.28318530718,-0.));
#5850 = VECTOR('',#5851,1.);
#5851 = DIRECTION('',(0.,1.));
#5852 = ( GEOMETRIC_REPRESENTATION_CONTEXT(2) 
PARAMETRIC_REPRESENTATION_CONTEXT() REPRESENTATION_CONTEXT('2D SPACE',''
  ) );
#5853 = PCURVE('',#5820,#5854);
#5854 = DEFINITIONAL_REPRESENTATION('',(#5855),#5859);
#5855 = LINE('',#5856,#5857);
#5856 = CARTESIAN_POINT('',(0.,-0.));
#5857 = VECTOR('',#5858,1.);
#5858 = DIRECTION('',(0.,1.));
#5859 = ( GEOMETRIC_REPRESENTATION_CONTEXT(2) 
PARAMETRIC_REPRESENTATION_CONTEXT() REPRESENTATION_CONTEXT('2D SPACE',''
  ) );
#5860 = ORIENTED_EDGE('',*,*,#5810,.T.);
#5861 = ORIENTED_EDGE('',*,*,#5839,.T.);
#5862 = ( GEOMETRIC_REPRESENTATION_CONTEXT(3) 
GLOBAL_UNCERTAINTY_ASSIGNED_CONTEXT((#5866)) 
GLOBAL_UNIT_ASSIGNED_CONTEXT((#5863,#5864,#5865)) REPRESENTATION_CONTEXT
('Context #1','3D Context with UNIT and UNCERTAINTY') );
#5863 = ( LENGTH_UNIT() NAMED_UNIT(*) SI_UNIT($,.METRE.) );
#5864 = ( NAMED_UNIT(*) PLANE_ANGLE_UNIT() SI_UNIT($,.RADIAN.) );
#5865 = ( NAMED_UNIT(*) SI_UNIT($,.STERADIAN.) SOLID_ANGLE_UNIT() );
#5866 = UNCERTAINTY_MEASURE_WITH_UNIT(LENGTH_MEASURE(1.E-07),#5863,
  'distance_accuracy_value','confusion accuracy');
#5867 = PRODUCT_RELATED_PRODUCT_CATEGORY('part',$,(#5742));
#5868 = SHAPE_DEFINITION_REPRESENTATION(#5869,#5875);
#5869 = PRODUCT_DEFINITION_SHAPE('','',#5870);
#5870 = PRODUCT_DEFINITION('design','',#5871,#5874);
#5871 = PRODUCT_DEFINITION_FORMATION('','',#5872);
#5872 = PRODUCT('TFi_16','TFi_16','',(#5873));
#5873 = PRODUCT_CONTEXT('',#2,'mechanical');
#5874 = PRODUCT_DEFINITION_CONTEXT('part definition',#2,'design');
#5875 = ADVANCED_BREP_SHAPE_REPRESENTATION('',(#11,#5876),#5934);
#5876 = MANIFOLD_SOLID_BREP('',#5877);
#5877 = CLOSED_SHELL('',(#5878));
#5878 = ADVANCED_FACE('',(#5879),#5892,.T.);
#5879 = FACE_BOUND('',#5880,.T.);
#5880 = EDGE_LOOP('',(#5881,#5910,#5932,#5933));
#5881 = ORIENTED_EDGE('',*,*,#5882,.F.);
#5882 = EDGE_CURVE('',#5883,#5883,#5885,.T.);
#5883 = VERTEX_POINT('',#5884);
#5884 = CARTESIAN_POINT('',(2.6E+03,-8.425569978134E-14,-344.));
#5885 = SEAM_CURVE('',#5886,(#5891,#5903),.PCURVE_S1.);
#5886 = CIRCLE('',#5887,344.);
#5887 = AXIS2_PLACEMENT_3D('',#5888,#5889,#5890);
#5888 = CARTESIAN_POINT('',(2.6E+03,0.,-2.392950689267E-30));
#5889 = DIRECTION('',(1.,-0.,2.22044604925E-16));
#5890 = DIRECTION('',(2.22044604925E-16,0.,-1.));
#5891 = PCURVE('',#5892,#5897);
#5892 = TOROIDAL_SURFACE('',#5893,300.,44.);
#5893 = AXIS2_PLACEMENT_3D('',#5894,#5895,#5896);
#5894 = CARTESIAN_POINT('',(2.6E+03,0.,0.));
#5895 = DIRECTION('',(1.,0.,2.22044604925E-16));
#5896 = DIRECTION('',(2.22044604925E-16,0.,-1.));
#5897 = DEFINITIONAL_REPRESENTATION('',(#5898),#5902);
#5898 = LINE('',#5899,#5900);
#5899 = CARTESIAN_POINT('',(0.,6.28318530718));
#5900 = VECTOR('',#5901,1.);
#5901 = DIRECTION('',(1.,0.));
#5902 = ( GEOMETRIC_REPRESENTATION_CONTEXT(2) 
PARAMETRIC_REPRESENTATION_CONTEXT() REPRESENTATION_CONTEXT('2D SPACE',''
  ) );
#5903 = PCURVE('',#5892,#5904);
#5904 = DEFINITIONAL_REPRESENTATION('',(#5905),#5909);
#5905 = LINE('',#5906,#5907);
#5906 = CARTESIAN_POINT('',(0.,0.));
#5907 = VECTOR('',#5908,1.);
#5908 = DIRECTION('',(1.,0.));
#5909 = ( GEOMETRIC_REPRESENTATION_CONTEXT(2) 
PARAMETRIC_REPRESENTATION_CONTEXT() REPRESENTATION_CONTEXT('2D SPACE',''
  ) );
#5910 = ORIENTED_EDGE('',*,*,#5911,.F.);
#5911 = EDGE_CURVE('',#5883,#5883,#5912,.T.);
#5912 = SEAM_CURVE('',#5913,(#5918,#5925),.PCURVE_S1.);
#5913 = CIRCLE('',#5914,44.);
#5914 = AXIS2_PLACEMENT_3D('',#5915,#5916,#5917);
#5915 = CARTESIAN_POINT('',(2.6E+03,-7.347880794884E-14,-300.));
#5916 = DIRECTION('',(-5.438524293788E-32,-1.,2.449293598295E-16));
#5917 = DIRECTION('',(2.22044604925E-16,-2.449293598295E-16,-1.));
#5918 = PCURVE('',#5892,#5919);
#5919 = DEFINITIONAL_REPRESENTATION('',(#5920),#5924);
#5920 = LINE('',#5921,#5922);
#5921 = CARTESIAN_POINT('',(6.28318530718,-0.));
#5922 = VECTOR('',#5923,1.);
#5923 = DIRECTION('',(0.,1.));
#5924 = ( GEOMETRIC_REPRESENTATION_CONTEXT(2) 
PARAMETRIC_REPRESENTATION_CONTEXT() REPRESENTATION_CONTEXT('2D SPACE',''
  ) );
#5925 = PCURVE('',#5892,#5926);
#5926 = DEFINITIONAL_REPRESENTATION('',(#5927),#5931);
#5927 = LINE('',#5928,#5929);
#5928 = CARTESIAN_POINT('',(0.,-0.));
#5929 = VECTOR('',#5930,1.);
#5930 = DIRECTION('',(0.,1.));
#5931 = ( GEOMETRIC_REPRESENTATION_CONTEXT(2) 
PARAMETRIC_REPRESENTATION_CONTEXT() REPRESENTATION_CONTEXT('2D SPACE',''
  ) );
#5932 = ORIENTED_EDGE('',*,*,#5882,.T.);
#5933 = ORIENTED_EDGE('',*,*,#5911,.T.);
#5934 = ( GEOMETRIC_REPRESENTATION_CONTEXT(3) 
GLOBAL_UNCERTAINTY_ASSIGNED_CONTEXT((#5938)) 
GLOBAL_UNIT_ASSIGNED_CONTEXT((#5935,#5936,#5937)) REPRESENTATION_CONTEXT
('Context #1','3D Context with UNIT and UNCERTAINTY') );
#5935 = ( LENGTH_UNIT() NAMED_UNIT(*) SI_UNIT($,.METRE.) );
#5936 = ( NAMED_UNIT(*) PLANE_ANGLE_UNIT() SI_UNIT($,.RADIAN.) );
#5937 = ( NAMED_UNIT(*) SI_UNIT($,.STERADIAN.) SOLID_ANGLE_UNIT() );
#5938 = UNCERTAINTY_MEASURE_WITH_UNIT(LENGTH_MEASURE(1.E-07),#5935,
  'distance_accuracy_value','confusion accuracy');
#5939 = PRODUCT_RELATED_PRODUCT_CATEGORY('part',$,(#5872));
#5940 = SHAPE_DEFINITION_REPRESENTATION(#5941,#5947);
#5941 = PRODUCT_DEFINITION_SHAPE('','',#5942);
#5942 = PRODUCT_DEFINITION('design','',#5943,#5946);
#5943 = PRODUCT_DEFINITION_FORMATION('','',#5944);
#5944 = PRODUCT('TFo_17','TFo_17','',(#5945));
#5945 = PRODUCT_CONTEXT('',#2,'mechanical');
#5946 = PRODUCT_DEFINITION_CONTEXT('part definition',#2,'design');
#5947 = ADVANCED_BREP_SHAPE_REPRESENTATION('',(#11,#5948),#6006);
#5948 = MANIFOLD_SOLID_BREP('',#5949);
#5949 = CLOSED_SHELL('',(#5950));
#5950 = ADVANCED_FACE('',(#5951),#5964,.T.);
#5951 = FACE_BOUND('',#5952,.T.);
#5952 = EDGE_LOOP('',(#5953,#5982,#6004,#6005));
#5953 = ORIENTED_EDGE('',*,*,#5954,.F.);
#5954 = EDGE_CURVE('',#5955,#5955,#5957,.T.);
#5955 = VERTEX_POINT('',#5956);
#5956 = CARTESIAN_POINT('',(2.6E+03,-8.817456953861E-14,-360.));
#5957 = SEAM_CURVE('',#5958,(#5963,#5975),.PCURVE_S1.);
#5958 = CIRCLE('',#5959,360.);
#5959 = AXIS2_PLACEMENT_3D('',#5960,#5961,#5962);
#5960 = CARTESIAN_POINT('',(2.6E+03,0.,-3.263114576273E-30));
#5961 = DIRECTION('',(1.,-0.,2.22044604925E-16));
#5962 = DIRECTION('',(2.22044604925E-16,0.,-1.));
#5963 = PCURVE('',#5964,#5969);
#5964 = TOROIDAL_SURFACE('',#5965,300.,60.);
#5965 = AXIS2_PLACEMENT_3D('',#5966,#5967,#5968);
#5966 = CARTESIAN_POINT('',(2.6E+03,0.,0.));
#5967 = DIRECTION('',(1.,0.,2.22044604925E-16));
#5968 = DIRECTION('',(2.22044604925E-16,0.,-1.));
#5969 = DEFINITIONAL_REPRESENTATION('',(#5970),#5974);
#5970 = LINE('',#5971,#5972);
#5971 = CARTESIAN_POINT('',(0.,6.28318530718));
#5972 = VECTOR('',#5973,1.);
#5973 = DIRECTION('',(1.,0.));
#5974 = ( GEOMETRIC_REPRESENTATION_CONTEXT(2) 
PARAMETRIC_REPRESENTATION_CONTEXT() REPRESENTATION_CONTEXT('2D SPACE',''
  ) );
#5975 = PCURVE('',#5964,#5976);
#5976 = DEFINITIONAL_REPRESENTATION('',(#5977),#5981);
#5977 = LINE('',#5978,#5979);
#5978 = CARTESIAN_POINT('',(0.,0.));
#5979 = VECTOR('',#5980,1.);
#5980 = DIRECTION('',(1.,0.));
#5981 = ( GEOMETRIC_REPRESENTATION_CONTEXT(2) 
PARAMETRIC_REPRESENTATION_CONTEXT() REPRESENTATION_CONTEXT('2D SPACE',''
  ) );
#5982 = ORIENTED_EDGE('',*,*,#5983,.F.);
#5983 = EDGE_CURVE('',#5955,#5955,#5984,.T.);
#5984 = SEAM_CURVE('',#5985,(#5990,#5997),.PCURVE_S1.);
#5985 = CIRCLE('',#5986,60.);
#5986 = AXIS2_PLACEMENT_3D('',#5987,#5988,#5989);
#5987 = CARTESIAN_POINT('',(2.6E+03,-7.347880794884E-14,-300.));
#5988 = DIRECTION('',(-5.438524293788E-32,-1.,2.449293598295E-16));
#5989 = DIRECTION('',(2.22044604925E-16,-2.449293598295E-16,-1.));
#5990 = PCURVE('',#5964,#5991);
#5991 = DEFINITIONAL_REPRESENTATION('',(#5992),#5996);
#5992 = LINE('',#5993,#5994);
#5993 = CARTESIAN_POINT('',(6.28318530718,-0.));
#5994 = VECTOR('',#5995,1.);
#5995 = DIRECTION('',(0.,1.));
#5996 = ( GEOMETRIC_REPRESENTATION_CONTEXT(2) 
PARAMETRIC_REPRESENTATION_CONTEXT() REPRESENTATION_CONTEXT('2D SPACE',''
  ) );
#5997 = PCURVE('',#5964,#5998);
#5998 = DEFINITIONAL_REPRESENTATION('',(#5999),#6003);
#5999 = LINE('',#6000,#6001);
#6000 = CARTESIAN_POINT('',(0.,-0.));
#6001 = VECTOR('',#6002,1.);
#6002 = DIRECTION('',(0.,1.));
#6003 = ( GEOMETRIC_REPRESENTATION_CONTEXT(2) 
PARAMETRIC_REPRESENTATION_CONTEXT() REPRESENTATION_CONTEXT('2D SPACE',''
  ) );
#6004 = ORIENTED_EDGE('',*,*,#5954,.T.);
#6005 = ORIENTED_EDGE('',*,*,#5983,.T.);
#6006 = ( GEOMETRIC_REPRESENTATION_CONTEXT(3) 
GLOBAL_UNCERTAINTY_ASSIGNED_CONTEXT((#6010)) 
GLOBAL_UNIT_ASSIGNED_CONTEXT((#6007,#6008,#6009)) REPRESENTATION_CONTEXT
('Context #1','3D Context with UNIT and UNCERTAINTY') );
#6007 = ( LENGTH_UNIT() NAMED_UNIT(*) SI_UNIT($,.METRE.) );
#6008 = ( NAMED_UNIT(*) PLANE_ANGLE_UNIT() SI_UNIT($,.RADIAN.) );
#6009 = ( NAMED_UNIT(*) SI_UNIT($,.STERADIAN.) SOLID_ANGLE_UNIT() );
#6010 = UNCERTAINTY_MEASURE_WITH_UNIT(LENGTH_MEASURE(1.E-07),#6007,
  'distance_accuracy_value','confusion accuracy');
#6011 = PRODUCT_RELATED_PRODUCT_CATEGORY('part',$,(#5944));
#6012 = SHAPE_DEFINITION_REPRESENTATION(#6013,#6019);
#6013 = PRODUCT_DEFINITION_SHAPE('','',#6014);
#6014 = PRODUCT_DEFINITION('design','',#6015,#6018);
#6015 = PRODUCT_DEFINITION_FORMATION('','',#6016);
#6016 = PRODUCT('TFi_17','TFi_17','',(#6017));
#6017 = PRODUCT_CONTEXT('',#2,'mechanical');
#6018 = PRODUCT_DEFINITION_CONTEXT('part definition',#2,'design');
#6019 = ADVANCED_BREP_SHAPE_REPRESENTATION('',(#11,#6020),#6078);
#6020 = MANIFOLD_SOLID_BREP('',#6021);
#6021 = CLOSED_SHELL('',(#6022));
#6022 = ADVANCED_FACE('',(#6023),#6036,.T.);
#6023 = FACE_BOUND('',#6024,.T.);
#6024 = EDGE_LOOP('',(#6025,#6054,#6076,#6077));
#6025 = ORIENTED_EDGE('',*,*,#6026,.F.);
#6026 = EDGE_CURVE('',#6027,#6027,#6029,.T.);
#6027 = VERTEX_POINT('',#6028);
#6028 = CARTESIAN_POINT('',(2.6E+03,-8.425569978134E-14,-344.));
#6029 = SEAM_CURVE('',#6030,(#6035,#6047),.PCURVE_S1.);
#6030 = CIRCLE('',#6031,344.);
#6031 = AXIS2_PLACEMENT_3D('',#6032,#6033,#6034);
#6032 = CARTESIAN_POINT('',(2.6E+03,0.,-2.392950689267E-30));
#6033 = DIRECTION('',(1.,-0.,2.22044604925E-16));
#6034 = DIRECTION('',(2.22044604925E-16,0.,-1.));
#6035 = PCURVE('',#6036,#6041);
#6036 = TOROIDAL_SURFACE('',#6037,300.,44.);
#6037 = AXIS2_PLACEMENT_3D('',#6038,#6039,#6040);
#6038 = CARTESIAN_POINT('',(2.6E+03,0.,0.));
#6039 = DIRECTION('',(1.,0.,2.22044604925E-16));
#6040 = DIRECTION('',(2.22044604925E-16,0.,-1.));
#6041 = DEFINITIONAL_REPRESENTATION('',(#6042),#6046);
#6042 = LINE('',#6043,#6044);
#6043 = CARTESIAN_POINT('',(0.,6.28318530718));
#6044 = VECTOR('',#6045,1.);
#6045 = DIRECTION('',(1.,0.));
#6046 = ( GEOMETRIC_REPRESENTATION_CONTEXT(2) 
PARAMETRIC_REPRESENTATION_CONTEXT() REPRESENTATION_CONTEXT('2D SPACE',''
  ) );
#6047 = PCURVE('',#6036,#6048);
#6048 = DEFINITIONAL_REPRESENTATION('',(#6049),#6053);
#6049 = LINE('',#6050,#6051);
#6050 = CARTESIAN_POINT('',(0.,0.));
#6051 = VECTOR('',#6052,1.);
#6052 = DIRECTION('',(1.,0.));
#6053 = ( GEOMETRIC_REPRESENTATION_CONTEXT(2) 
PARAMETRIC_REPRESENTATION_CONTEXT() REPRESENTATION_CONTEXT('2D SPACE',''
  ) );
#6054 = ORIENTED_EDGE('',*,*,#6055,.F.);
#6055 = EDGE_CURVE('',#6027,#6027,#6056,.T.);
#6056 = SEAM_CURVE('',#6057,(#6062,#6069),.PCURVE_S1.);
#6057 = CIRCLE('',#6058,44.);
#6058 = AXIS2_PLACEMENT_3D('',#6059,#6060,#6061);
#6059 = CARTESIAN_POINT('',(2.6E+03,-7.347880794884E-14,-300.));
#6060 = DIRECTION('',(-5.438524293788E-32,-1.,2.449293598295E-16));
#6061 = DIRECTION('',(2.22044604925E-16,-2.449293598295E-16,-1.));
#6062 = PCURVE('',#6036,#6063);
#6063 = DEFINITIONAL_REPRESENTATION('',(#6064),#6068);
#6064 = LINE('',#6065,#6066);
#6065 = CARTESIAN_POINT('',(6.28318530718,-0.));
#6066 = VECTOR('',#6067,1.);
#6067 = DIRECTION('',(0.,1.));
#6068 = ( GEOMETRIC_REPRESENTATION_CONTEXT(2) 
PARAMETRIC_REPRESENTATION_CONTEXT() REPRESENTATION_CONTEXT('2D SPACE',''
  ) );
#6069 = PCURVE('',#6036,#6070);
#6070 = DEFINITIONAL_REPRESENTATION('',(#6071),#6075);
#6071 = LINE('',#6072,#6073);
#6072 = CARTESIAN_POINT('',(0.,-0.));
#6073 = VECTOR('',#6074,1.);
#6074 = DIRECTION('',(0.,1.));
#6075 = ( GEOMETRIC_REPRESENTATION_CONTEXT(2) 
PARAMETRIC_REPRESENTATION_CONTEXT() REPRESENTATION_CONTEXT('2D SPACE',''
  ) );
#6076 = ORIENTED_EDGE('',*,*,#6026,.T.);
#6077 = ORIENTED_EDGE('',*,*,#6055,.T.);
#6078 = ( GEOMETRIC_REPRESENTATION_CONTEXT(3) 
GLOBAL_UNCERTAINTY_ASSIGNED_CONTEXT((#6082)) 
GLOBAL_UNIT_ASSIGNED_CONTEXT((#6079,#6080,#6081)) REPRESENTATION_CONTEXT
('Context #1','3D Context with UNIT and UNCERTAINTY') );
#6079 = ( LENGTH_UNIT() NAMED_UNIT(*) SI_UNIT($,.METRE.) );
#6080 = ( NAMED_UNIT(*) PLANE_ANGLE_UNIT() SI_UNIT($,.RADIAN.) );
#6081 = ( NAMED_UNIT(*) SI_UNIT($,.STERADIAN.) SOLID_ANGLE_UNIT() );
#6082 = UNCERTAINTY_MEASURE_WITH_UNIT(LENGTH_MEASURE(1.E-07),#6079,
  'distance_accuracy_value','confusion accuracy');
#6083 = PRODUCT_RELATED_PRODUCT_CATEGORY('part',$,(#6016));
#6084 = SHAPE_DEFINITION_REPRESENTATION(#6085,#6091);
#6085 = PRODUCT_DEFINITION_SHAPE('','',#6086);
#6086 = PRODUCT_DEFINITION('design','',#6087,#6090);
#6087 = PRODUCT_DEFINITION_FORMATION('','',#6088);
#6088 = PRODUCT('TPS_Support','TPS_Support','',(#6089));
#6089 = PRODUCT_CONTEXT('',#2,'mechanical');
#6090 = PRODUCT_DEFINITION_CONTEXT('part definition',#2,'design');
#6091 = ADVANCED_BREP_SHAPE_REPRESENTATION('',(#11,#6092),#6190);
#6092 = MANIFOLD_SOLID_BREP('',#6093);
#6093 = CLOSED_SHELL('',(#6094,#6182,#6186));
#6094 = ADVANCED_FACE('',(#6095),#6108,.T.);
#6095 = FACE_BOUND('',#6096,.T.);
#6096 = EDGE_LOOP('',(#6097,#6131,#6154,#6181));
#6097 = ORIENTED_EDGE('',*,*,#6098,.F.);
#6098 = EDGE_CURVE('',#6099,#6099,#6101,.T.);
#6099 = VERTEX_POINT('',#6100);
#6100 = CARTESIAN_POINT('',(1.2E+03,-7.347880794884E-14,-300.));
#6101 = SURFACE_CURVE('',#6102,(#6107,#6119),.PCURVE_S1.);
#6102 = CIRCLE('',#6103,300.);
#6103 = AXIS2_PLACEMENT_3D('',#6104,#6105,#6106);
#6104 = CARTESIAN_POINT('',(1.2E+03,0.,6.217248937901E-14));
#6105 = DIRECTION('',(1.,-0.,2.22044604925E-16));
#6106 = DIRECTION('',(2.22044604925E-16,0.,-1.));
#6107 = PCURVE('',#6108,#6113);
#6108 = CONICAL_SURFACE('',#6109,450.,0.491809175989);
#6109 = AXIS2_PLACEMENT_3D('',#6110,#6111,#6112);
#6110 = CARTESIAN_POINT('',(920.,0.,0.));
#6111 = DIRECTION('',(-1.,-0.,-2.22044604925E-16));
#6112 = DIRECTION('',(2.22044604925E-16,0.,-1.));
#6113 = DEFINITIONAL_REPRESENTATION('',(#6114),#6118);
#6114 = LINE('',#6115,#6116);
#6115 = CARTESIAN_POINT('',(-0.,-280.));
#6116 = VECTOR('',#6117,1.);
#6117 = DIRECTION('',(-1.,-0.));
#6118 = ( GEOMETRIC_REPRESENTATION_CONTEXT(2) 
PARAMETRIC_REPRESENTATION_CONTEXT() REPRESENTATION_CONTEXT('2D SPACE',''
  ) );
#6119 = PCURVE('',#6120,#6125);
#6120 = PLANE('',#6121);
#6121 = AXIS2_PLACEMENT_3D('',#6122,#6123,#6124);
#6122 = CARTESIAN_POINT('',(1.2E+03,0.,6.217248937901E-14));
#6123 = DIRECTION('',(1.,0.,2.22044604925E-16));
#6124 = DIRECTION('',(2.22044604925E-16,0.,-1.));
#6125 = DEFINITIONAL_REPRESENTATION('',(#6126),#6130);
#6126 = CIRCLE('',#6127,300.);
#6127 = AXIS2_PLACEMENT_2D('',#6128,#6129);
#6128 = CARTESIAN_POINT('',(0.,0.));
#6129 = DIRECTION('',(1.,0.));
#6130 = ( GEOMETRIC_REPRESENTATION_CONTEXT(2) 
PARAMETRIC_REPRESENTATION_CONTEXT() REPRESENTATION_CONTEXT('2D SPACE',''
  ) );
#6131 = ORIENTED_EDGE('',*,*,#6132,.F.);
#6132 = EDGE_CURVE('',#6133,#6099,#6135,.T.);
#6133 = VERTEX_POINT('',#6134);
#6134 = CARTESIAN_POINT('',(920.,-1.102182119233E-13,-450.));
#6135 = SEAM_CURVE('',#6136,(#6140,#6147),.PCURVE_S1.);
#6136 = LINE('',#6137,#6138);
#6137 = CARTESIAN_POINT('',(920.,-1.102182119233E-13,-450.));
#6138 = VECTOR('',#6139,1.);
#6139 = DIRECTION('',(0.881479970029,1.156608882652E-16,0.472221412515)
  );
#6140 = PCURVE('',#6108,#6141);
#6141 = DEFINITIONAL_REPRESENTATION('',(#6142),#6146);
#6142 = LINE('',#6143,#6144);
#6143 = CARTESIAN_POINT('',(-6.28318530718,0.));
#6144 = VECTOR('',#6145,1.);
#6145 = DIRECTION('',(-0.,-1.));
#6146 = ( GEOMETRIC_REPRESENTATION_CONTEXT(2) 
PARAMETRIC_REPRESENTATION_CONTEXT() REPRESENTATION_CONTEXT('2D SPACE',''
  ) );
#6147 = PCURVE('',#6108,#6148);
#6148 = DEFINITIONAL_REPRESENTATION('',(#6149),#6153);
#6149 = LINE('',#6150,#6151);
#6150 = CARTESIAN_POINT('',(0.,-0.));
#6151 = VECTOR('',#6152,1.);
#6152 = DIRECTION('',(-0.,-1.));
#6153 = ( GEOMETRIC_REPRESENTATION_CONTEXT(2) 
PARAMETRIC_REPRESENTATION_CONTEXT() REPRESENTATION_CONTEXT('2D SPACE',''
  ) );
#6154 = ORIENTED_EDGE('',*,*,#6155,.T.);
#6155 = EDGE_CURVE('',#6133,#6133,#6156,.T.);
#6156 = SURFACE_CURVE('',#6157,(#6162,#6169),.PCURVE_S1.);
#6157 = CIRCLE('',#6158,450.);
#6158 = AXIS2_PLACEMENT_3D('',#6159,#6160,#6161);
#6159 = CARTESIAN_POINT('',(920.,0.,0.));
#6160 = DIRECTION('',(1.,-0.,2.22044604925E-16));
#6161 = DIRECTION('',(2.22044604925E-16,0.,-1.));
#6162 = PCURVE('',#6108,#6163);
#6163 = DEFINITIONAL_REPRESENTATION('',(#6164),#6168);
#6164 = LINE('',#6165,#6166);
#6165 = CARTESIAN_POINT('',(-0.,-0.));
#6166 = VECTOR('',#6167,1.);
#6167 = DIRECTION('',(-1.,-0.));
#6168 = ( GEOMETRIC_REPRESENTATION_CONTEXT(2) 
PARAMETRIC_REPRESENTATION_CONTEXT() REPRESENTATION_CONTEXT('2D SPACE',''
  ) );
#6169 = PCURVE('',#6170,#6175);
#6170 = PLANE('',#6171);
#6171 = AXIS2_PLACEMENT_3D('',#6172,#6173,#6174);
#6172 = CARTESIAN_POINT('',(920.,0.,0.));
#6173 = DIRECTION('',(1.,0.,2.22044604925E-16));
#6174 = DIRECTION('',(2.22044604925E-16,0.,-1.));
#6175 = DEFINITIONAL_REPRESENTATION('',(#6176),#6180);
#6176 = CIRCLE('',#6177,450.);
#6177 = AXIS2_PLACEMENT_2D('',#6178,#6179);
#6178 = CARTESIAN_POINT('',(0.,0.));
#6179 = DIRECTION('',(1.,0.));
#6180 = ( GEOMETRIC_REPRESENTATION_CONTEXT(2) 
PARAMETRIC_REPRESENTATION_CONTEXT() REPRESENTATION_CONTEXT('2D SPACE',''
  ) );
#6181 = ORIENTED_EDGE('',*,*,#6132,.T.);
#6182 = ADVANCED_FACE('',(#6183),#6120,.T.);
#6183 = FACE_BOUND('',#6184,.T.);
#6184 = EDGE_LOOP('',(#6185));
#6185 = ORIENTED_EDGE('',*,*,#6098,.T.);
#6186 = ADVANCED_FACE('',(#6187),#6170,.F.);
#6187 = FACE_BOUND('',#6188,.T.);
#6188 = EDGE_LOOP('',(#6189));
#6189 = ORIENTED_EDGE('',*,*,#6155,.F.);
#6190 = ( GEOMETRIC_REPRESENTATION_CONTEXT(3) 
GLOBAL_UNCERTAINTY_ASSIGNED_CONTEXT((#6194)) 
GLOBAL_UNIT_ASSIGNED_CONTEXT((#6191,#6192,#6193)) REPRESENTATION_CONTEXT
('Context #1','3D Context with UNIT and UNCERTAINTY') );
#6191 = ( LENGTH_UNIT() NAMED_UNIT(*) SI_UNIT($,.METRE.) );
#6192 = ( NAMED_UNIT(*) PLANE_ANGLE_UNIT() SI_UNIT($,.RADIAN.) );
#6193 = ( NAMED_UNIT(*) SI_UNIT($,.STERADIAN.) SOLID_ANGLE_UNIT() );
#6194 = UNCERTAINTY_MEASURE_WITH_UNIT(LENGTH_MEASURE(1.E-07),#6191,
  'distance_accuracy_value','confusion accuracy');
#6195 = PRODUCT_RELATED_PRODUCT_CATEGORY('part',$,(#6088));
#6196 = SHAPE_DEFINITION_REPRESENTATION(#6197,#6203);
#6197 = PRODUCT_DEFINITION_SHAPE('','',#6198);
#6198 = PRODUCT_DEFINITION('design','',#6199,#6202);
#6199 = PRODUCT_DEFINITION_FORMATION('','',#6200);
#6200 = PRODUCT('Rear','Rear','',(#6201));
#6201 = PRODUCT_CONTEXT('',#2,'mechanical');
#6202 = PRODUCT_DEFINITION_CONTEXT('part definition',#2,'design');
#6203 = ADVANCED_BREP_SHAPE_REPRESENTATION('',(#11,#6204),#6302);
#6204 = MANIFOLD_SOLID_BREP('',#6205);
#6205 = CLOSED_SHELL('',(#6206,#6294,#6298));
#6206 = ADVANCED_FACE('',(#6207),#6220,.T.);
#6207 = FACE_BOUND('',#6208,.T.);
#6208 = EDGE_LOOP('',(#6209,#6243,#6266,#6293));
#6209 = ORIENTED_EDGE('',*,*,#6210,.F.);
#6210 = EDGE_CURVE('',#6211,#6211,#6213,.T.);
#6211 = VERTEX_POINT('',#6212);
#6212 = CARTESIAN_POINT('',(3.E+03,-1.469576158977E-13,-600.));
#6213 = SURFACE_CURVE('',#6214,(#6219,#6231),.PCURVE_S1.);
#6214 = CIRCLE('',#6215,600.);
#6215 = AXIS2_PLACEMENT_3D('',#6216,#6217,#6218);
#6216 = CARTESIAN_POINT('',(3.E+03,0.,1.7763568394E-13));
#6217 = DIRECTION('',(1.,-0.,2.22044604925E-16));
#6218 = DIRECTION('',(2.22044604925E-16,0.,-1.));
#6219 = PCURVE('',#6220,#6225);
#6220 = CYLINDRICAL_SURFACE('',#6221,600.);
#6221 = AXIS2_PLACEMENT_3D('',#6222,#6223,#6224);
#6222 = CARTESIAN_POINT('',(2.2E+03,0.,0.));
#6223 = DIRECTION('',(1.,0.,2.22044604925E-16));
#6224 = DIRECTION('',(2.22044604925E-16,0.,-1.));
#6225 = DEFINITIONAL_REPRESENTATION('',(#6226),#6230);
#6226 = LINE('',#6227,#6228);
#6227 = CARTESIAN_POINT('',(0.,800.));
#6228 = VECTOR('',#6229,1.);
#6229 = DIRECTION('',(1.,0.));
#6230 = ( GEOMETRIC_REPRESENTATION_CONTEXT(2) 
PARAMETRIC_REPRESENTATION_CONTEXT() REPRESENTATION_CONTEXT('2D SPACE',''
  ) );
#6231 = PCURVE('',#6232,#6237);
#6232 = PLANE('',#6233);
#6233 = AXIS2_PLACEMENT_3D('',#6234,#6235,#6236);
#6234 = CARTESIAN_POINT('',(3.E+03,0.,1.7763568394E-13));
#6235 = DIRECTION('',(1.,0.,2.22044604925E-16));
#6236 = DIRECTION('',(2.22044604925E-16,0.,-1.));
#6237 = DEFINITIONAL_REPRESENTATION('',(#6238),#6242);
#6238 = CIRCLE('',#6239,600.);
#6239 = AXIS2_PLACEMENT_2D('',#6240,#6241);
#6240 = CARTESIAN_POINT('',(0.,0.));
#6241 = DIRECTION('',(1.,0.));
#6242 = ( GEOMETRIC_REPRESENTATION_CONTEXT(2) 
PARAMETRIC_REPRESENTATION_CONTEXT() REPRESENTATION_CONTEXT('2D SPACE',''
  ) );
#6243 = ORIENTED_EDGE('',*,*,#6244,.F.);
#6244 = EDGE_CURVE('',#6245,#6211,#6247,.T.);
#6245 = VERTEX_POINT('',#6246);
#6246 = CARTESIAN_POINT('',(2.2E+03,-1.469576158977E-13,-600.));
#6247 = SEAM_CURVE('',#6248,(#6252,#6259),.PCURVE_S1.);
#6248 = LINE('',#6249,#6250);
#6249 = CARTESIAN_POINT('',(2.2E+03,-1.469576158977E-13,-600.));
#6250 = VECTOR('',#6251,1.);
#6251 = DIRECTION('',(1.,0.,2.22044604925E-16));
#6252 = PCURVE('',#6220,#6253);
#6253 = DEFINITIONAL_REPRESENTATION('',(#6254),#6258);
#6254 = LINE('',#6255,#6256);
#6255 = CARTESIAN_POINT('',(6.28318530718,-0.));
#6256 = VECTOR('',#6257,1.);
#6257 = DIRECTION('',(0.,1.));
#6258 = ( GEOMETRIC_REPRESENTATION_CONTEXT(2) 
PARAMETRIC_REPRESENTATION_CONTEXT() REPRESENTATION_CONTEXT('2D SPACE',''
  ) );
#6259 = PCURVE('',#6220,#6260);
#6260 = DEFINITIONAL_REPRESENTATION('',(#6261),#6265);
#6261 = LINE('',#6262,#6263);
#6262 = CARTESIAN_POINT('',(0.,-0.));
#6263 = VECTOR('',#6264,1.);
#6264 = DIRECTION('',(0.,1.));
#6265 = ( GEOMETRIC_REPRESENTATION_CONTEXT(2) 
PARAMETRIC_REPRESENTATION_CONTEXT() REPRESENTATION_CONTEXT('2D SPACE',''
  ) );
#6266 = ORIENTED_EDGE('',*,*,#6267,.T.);
#6267 = EDGE_CURVE('',#6245,#6245,#6268,.T.);
#6268 = SURFACE_CURVE('',#6269,(#6274,#6281),.PCURVE_S1.);
#6269 = CIRCLE('',#6270,600.);
#6270 = AXIS2_PLACEMENT_3D('',#6271,#6272,#6273);
#6271 = CARTESIAN_POINT('',(2.2E+03,0.,0.));
#6272 = DIRECTION('',(1.,-0.,2.22044604925E-16));
#6273 = DIRECTION('',(2.22044604925E-16,0.,-1.));
#6274 = PCURVE('',#6220,#6275);
#6275 = DEFINITIONAL_REPRESENTATION('',(#6276),#6280);
#6276 = LINE('',#6277,#6278);
#6277 = CARTESIAN_POINT('',(0.,0.));
#6278 = VECTOR('',#6279,1.);
#6279 = DIRECTION('',(1.,0.));
#6280 = ( GEOMETRIC_REPRESENTATION_CONTEXT(2) 
PARAMETRIC_REPRESENTATION_CONTEXT() REPRESENTATION_CONTEXT('2D SPACE',''
  ) );
#6281 = PCURVE('',#6282,#6287);
#6282 = PLANE('',#6283);
#6283 = AXIS2_PLACEMENT_3D('',#6284,#6285,#6286);
#6284 = CARTESIAN_POINT('',(2.2E+03,0.,0.));
#6285 = DIRECTION('',(1.,0.,2.22044604925E-16));
#6286 = DIRECTION('',(2.22044604925E-16,0.,-1.));
#6287 = DEFINITIONAL_REPRESENTATION('',(#6288),#6292);
#6288 = CIRCLE('',#6289,600.);
#6289 = AXIS2_PLACEMENT_2D('',#6290,#6291);
#6290 = CARTESIAN_POINT('',(0.,0.));
#6291 = DIRECTION('',(1.,0.));
#6292 = ( GEOMETRIC_REPRESENTATION_CONTEXT(2) 
PARAMETRIC_REPRESENTATION_CONTEXT() REPRESENTATION_CONTEXT('2D SPACE',''
  ) );
#6293 = ORIENTED_EDGE('',*,*,#6244,.T.);
#6294 = ADVANCED_FACE('',(#6295),#6232,.T.);
#6295 = FACE_BOUND('',#6296,.T.);
#6296 = EDGE_LOOP('',(#6297));
#6297 = ORIENTED_EDGE('',*,*,#6210,.T.);
#6298 = ADVANCED_FACE('',(#6299),#6282,.F.);
#6299 = FACE_BOUND('',#6300,.T.);
#6300 = EDGE_LOOP('',(#6301));
#6301 = ORIENTED_EDGE('',*,*,#6267,.F.);
#6302 = ( GEOMETRIC_REPRESENTATION_CONTEXT(3) 
GLOBAL_UNCERTAINTY_ASSIGNED_CONTEXT((#6306)) 
GLOBAL_UNIT_ASSIGNED_CONTEXT((#6303,#6304,#6305)) REPRESENTATION_CONTEXT
('Context #1','3D Context with UNIT and UNCERTAINTY') );
#6303 = ( LENGTH_UNIT() NAMED_UNIT(*) SI_UNIT($,.METRE.) );
#6304 = ( NAMED_UNIT(*) PLANE_ANGLE_UNIT() SI_UNIT($,.RADIAN.) );
#6305 = ( NAMED_UNIT(*) SI_UNIT($,.STERADIAN.) SOLID_ANGLE_UNIT() );
#6306 = UNCERTAINTY_MEASURE_WITH_UNIT(LENGTH_MEASURE(1.E-07),#6303,
  'distance_accuracy_value','confusion accuracy');
#6307 = PRODUCT_RELATED_PRODUCT_CATEGORY('part',$,(#6200));
#6308 = SHAPE_DEFINITION_REPRESENTATION(#6309,#6315);
#6309 = PRODUCT_DEFINITION_SHAPE('','',#6310);
#6310 = PRODUCT_DEFINITION('design','',#6311,#6314);
#6311 = PRODUCT_DEFINITION_FORMATION('','',#6312);
#6312 = PRODUCT('Hull_Shell','Hull_Shell','',(#6313));
#6313 = PRODUCT_CONTEXT('',#2,'mechanical');
#6314 = PRODUCT_DEFINITION_CONTEXT('part definition',#2,'design');
#6315 = SHAPE_REPRESENTATION('',(#11,#6316,#6504),#6571);
#6316 = MANIFOLD_SOLID_BREP('',#6317);
#6317 = CLOSED_SHELL('',(#6318,#6406,#6441,#6445,#6500));
#6318 = ADVANCED_FACE('',(#6319),#6332,.T.);
#6319 = FACE_BOUND('',#6320,.T.);
#6320 = EDGE_LOOP('',(#6321,#6355,#6378,#6405));
#6321 = ORIENTED_EDGE('',*,*,#6322,.F.);
#6322 = EDGE_CURVE('',#6323,#6323,#6325,.T.);
#6323 = VERTEX_POINT('',#6324);
#6324 = CARTESIAN_POINT('',(2.2E+03,-1.102182119233E-13,-450.));
#6325 = SURFACE_CURVE('',#6326,(#6331,#6343),.PCURVE_S1.);
#6326 = CIRCLE('',#6327,450.);
#6327 = AXIS2_PLACEMENT_3D('',#6328,#6329,#6330);
#6328 = CARTESIAN_POINT('',(2.2E+03,0.,3.10862446895E-13));
#6329 = DIRECTION('',(1.,-0.,2.22044604925E-16));
#6330 = DIRECTION('',(2.22044604925E-16,0.,-1.));
#6331 = PCURVE('',#6332,#6337);
#6332 = CYLINDRICAL_SURFACE('',#6333,450.);
#6333 = AXIS2_PLACEMENT_3D('',#6334,#6335,#6336);
#6334 = CARTESIAN_POINT('',(800.,0.,0.));
#6335 = DIRECTION('',(1.,0.,2.22044604925E-16));
#6336 = DIRECTION('',(2.22044604925E-16,0.,-1.));
#6337 = DEFINITIONAL_REPRESENTATION('',(#6338),#6342);
#6338 = LINE('',#6339,#6340);
#6339 = CARTESIAN_POINT('',(0.,1.4E+03));
#6340 = VECTOR('',#6341,1.);
#6341 = DIRECTION('',(1.,0.));
#6342 = ( GEOMETRIC_REPRESENTATION_CONTEXT(2) 
PARAMETRIC_REPRESENTATION_CONTEXT() REPRESENTATION_CONTEXT('2D SPACE',''
  ) );
#6343 = PCURVE('',#6344,#6349);
#6344 = PLANE('',#6345);
#6345 = AXIS2_PLACEMENT_3D('',#6346,#6347,#6348);
#6346 = CARTESIAN_POINT('',(2.2E+03,0.,0.));
#6347 = DIRECTION('',(1.,0.,2.22044604925E-16));
#6348 = DIRECTION('',(2.22044604925E-16,0.,-1.));
#6349 = DEFINITIONAL_REPRESENTATION('',(#6350),#6354);
#6350 = CIRCLE('',#6351,450.);
#6351 = AXIS2_PLACEMENT_2D('',#6352,#6353);
#6352 = CARTESIAN_POINT('',(-3.10862446895E-13,0.));
#6353 = DIRECTION('',(1.,0.));
#6354 = ( GEOMETRIC_REPRESENTATION_CONTEXT(2) 
PARAMETRIC_REPRESENTATION_CONTEXT() REPRESENTATION_CONTEXT('2D SPACE',''
  ) );
#6355 = ORIENTED_EDGE('',*,*,#6356,.F.);
#6356 = EDGE_CURVE('',#6357,#6323,#6359,.T.);
#6357 = VERTEX_POINT('',#6358);
#6358 = CARTESIAN_POINT('',(800.,-1.102182119233E-13,-450.));
#6359 = SEAM_CURVE('',#6360,(#6364,#6371),.PCURVE_S1.);
#6360 = LINE('',#6361,#6362);
#6361 = CARTESIAN_POINT('',(800.,-1.102182119233E-13,-450.));
#6362 = VECTOR('',#6363,1.);
#6363 = DIRECTION('',(1.,0.,2.22044604925E-16));
#6364 = PCURVE('',#6332,#6365);
#6365 = DEFINITIONAL_REPRESENTATION('',(#6366),#6370);
#6366 = LINE('',#6367,#6368);
#6367 = CARTESIAN_POINT('',(6.28318530718,-0.));
#6368 = VECTOR('',#6369,1.);
#6369 = DIRECTION('',(0.,1.));
#6370 = ( GEOMETRIC_REPRESENTATION_CONTEXT(2) 
PARAMETRIC_REPRESENTATION_CONTEXT() REPRESENTATION_CONTEXT('2D SPACE',''
  ) );
#6371 = PCURVE('',#6332,#6372);
#6372 = DEFINITIONAL_REPRESENTATION('',(#6373),#6377);
#6373 = LINE('',#6374,#6375);
#6374 = CARTESIAN_POINT('',(0.,-0.));
#6375 = VECTOR('',#6376,1.);
#6376 = DIRECTION('',(0.,1.));
#6377 = ( GEOMETRIC_REPRESENTATION_CONTEXT(2) 
PARAMETRIC_REPRESENTATION_CONTEXT() REPRESENTATION_CONTEXT('2D SPACE',''
  ) );
#6378 = ORIENTED_EDGE('',*,*,#6379,.T.);
#6379 = EDGE_CURVE('',#6357,#6357,#6380,.T.);
#6380 = SURFACE_CURVE('',#6381,(#6386,#6393),.PCURVE_S1.);
#6381 = CIRCLE('',#6382,450.);
#6382 = AXIS2_PLACEMENT_3D('',#6383,#6384,#6385);
#6383 = CARTESIAN_POINT('',(800.,0.,0.));
#6384 = DIRECTION('',(1.,-0.,2.22044604925E-16));
#6385 = DIRECTION('',(2.22044604925E-16,0.,-1.));
#6386 = PCURVE('',#6332,#6387);
#6387 = DEFINITIONAL_REPRESENTATION('',(#6388),#6392);
#6388 = LINE('',#6389,#6390);
#6389 = CARTESIAN_POINT('',(0.,0.));
#6390 = VECTOR('',#6391,1.);
#6391 = DIRECTION('',(1.,0.));
#6392 = ( GEOMETRIC_REPRESENTATION_CONTEXT(2) 
PARAMETRIC_REPRESENTATION_CONTEXT() REPRESENTATION_CONTEXT('2D SPACE',''
  ) );
#6393 = PCURVE('',#6394,#6399);
#6394 = PLANE('',#6395);
#6395 = AXIS2_PLACEMENT_3D('',#6396,#6397,#6398);
#6396 = CARTESIAN_POINT('',(800.,0.,0.));
#6397 = DIRECTION('',(1.,0.,2.22044604925E-16));
#6398 = DIRECTION('',(2.22044604925E-16,0.,-1.));
#6399 = DEFINITIONAL_REPRESENTATION('',(#6400),#6404);
#6400 = CIRCLE('',#6401,450.);
#6401 = AXIS2_PLACEMENT_2D('',#6402,#6403);
#6402 = CARTESIAN_POINT('',(0.,0.));
#6403 = DIRECTION('',(1.,0.));
#6404 = ( GEOMETRIC_REPRESENTATION_CONTEXT(2) 
PARAMETRIC_REPRESENTATION_CONTEXT() REPRESENTATION_CONTEXT('2D SPACE',''
  ) );
#6405 = ORIENTED_EDGE('',*,*,#6356,.T.);
#6406 = ADVANCED_FACE('',(#6407,#6438),#6344,.F.);
#6407 = FACE_BOUND('',#6408,.F.);
#6408 = EDGE_LOOP('',(#6409));
#6409 = ORIENTED_EDGE('',*,*,#6410,.T.);
#6410 = EDGE_CURVE('',#6411,#6411,#6413,.T.);
#6411 = VERTEX_POINT('',#6412);
#6412 = CARTESIAN_POINT('',(2.2E+03,-1.469576158977E-13,-600.));
#6413 = SURFACE_CURVE('',#6414,(#6419,#6426),.PCURVE_S1.);
#6414 = CIRCLE('',#6415,600.);
#6415 = AXIS2_PLACEMENT_3D('',#6416,#6417,#6418);
#6416 = CARTESIAN_POINT('',(2.2E+03,0.,0.));
#6417 = DIRECTION('',(1.,-0.,2.22044604925E-16));
#6418 = DIRECTION('',(2.22044604925E-16,0.,-1.));
#6419 = PCURVE('',#6344,#6420);
#6420 = DEFINITIONAL_REPRESENTATION('',(#6421),#6425);
#6421 = CIRCLE('',#6422,600.);
#6422 = AXIS2_PLACEMENT_2D('',#6423,#6424);
#6423 = CARTESIAN_POINT('',(0.,0.));
#6424 = DIRECTION('',(1.,0.));
#6425 = ( GEOMETRIC_REPRESENTATION_CONTEXT(2) 
PARAMETRIC_REPRESENTATION_CONTEXT() REPRESENTATION_CONTEXT('2D SPACE',''
  ) );
#6426 = PCURVE('',#6427,#6432);
#6427 = CYLINDRICAL_SURFACE('',#6428,600.);
#6428 = AXIS2_PLACEMENT_3D('',#6429,#6430,#6431);
#6429 = CARTESIAN_POINT('',(2.2E+03,0.,0.));
#6430 = DIRECTION('',(1.,0.,2.22044604925E-16));
#6431 = DIRECTION('',(2.22044604925E-16,0.,-1.));
#6432 = DEFINITIONAL_REPRESENTATION('',(#6433),#6437);
#6433 = LINE('',#6434,#6435);
#6434 = CARTESIAN_POINT('',(0.,0.));
#6435 = VECTOR('',#6436,1.);
#6436 = DIRECTION('',(1.,0.));
#6437 = ( GEOMETRIC_REPRESENTATION_CONTEXT(2) 
PARAMETRIC_REPRESENTATION_CONTEXT() REPRESENTATION_CONTEXT('2D SPACE',''
  ) );
#6438 = FACE_BOUND('',#6439,.F.);
#6439 = EDGE_LOOP('',(#6440));
#6440 = ORIENTED_EDGE('',*,*,#6322,.F.);
#6441 = ADVANCED_FACE('',(#6442),#6394,.F.);
#6442 = FACE_BOUND('',#6443,.T.);
#6443 = EDGE_LOOP('',(#6444));
#6444 = ORIENTED_EDGE('',*,*,#6379,.F.);
#6445 = ADVANCED_FACE('',(#6446),#6427,.T.);
#6446 = FACE_BOUND('',#6447,.T.);
#6447 = EDGE_LOOP('',(#6448,#6477,#6498,#6499));
#6448 = ORIENTED_EDGE('',*,*,#6449,.F.);
#6449 = EDGE_CURVE('',#6450,#6450,#6452,.T.);
#6450 = VERTEX_POINT('',#6451);
#6451 = CARTESIAN_POINT('',(3.E+03,-1.469576158977E-13,-600.));
#6452 = SURFACE_CURVE('',#6453,(#6458,#6465),.PCURVE_S1.);
#6453 = CIRCLE('',#6454,600.);
#6454 = AXIS2_PLACEMENT_3D('',#6455,#6456,#6457);
#6455 = CARTESIAN_POINT('',(3.E+03,0.,1.7763568394E-13));
#6456 = DIRECTION('',(1.,-0.,2.22044604925E-16));
#6457 = DIRECTION('',(2.22044604925E-16,0.,-1.));
#6458 = PCURVE('',#6427,#6459);
#6459 = DEFINITIONAL_REPRESENTATION('',(#6460),#6464);
#6460 = LINE('',#6461,#6462);
#6461 = CARTESIAN_POINT('',(0.,800.));
#6462 = VECTOR('',#6463,1.);
#6463 = DIRECTION('',(1.,0.));
#6464 = ( GEOMETRIC_REPRESENTATION_CONTEXT(2) 
PARAMETRIC_REPRESENTATION_CONTEXT() REPRESENTATION_CONTEXT('2D SPACE',''
  ) );
#6465 = PCURVE('',#6466,#6471);
#6466 = PLANE('',#6467);
#6467 = AXIS2_PLACEMENT_3D('',#6468,#6469,#6470);
#6468 = CARTESIAN_POINT('',(3.E+03,0.,1.7763568394E-13));
#6469 = DIRECTION('',(1.,0.,2.22044604925E-16));
#6470 = DIRECTION('',(2.22044604925E-16,0.,-1.));
#6471 = DEFINITIONAL_REPRESENTATION('',(#6472),#6476);
#6472 = CIRCLE('',#6473,600.);
#6473 = AXIS2_PLACEMENT_2D('',#6474,#6475);
#6474 = CARTESIAN_POINT('',(0.,0.));
#6475 = DIRECTION('',(1.,0.));
#6476 = ( GEOMETRIC_REPRESENTATION_CONTEXT(2) 
PARAMETRIC_REPRESENTATION_CONTEXT() REPRESENTATION_CONTEXT('2D SPACE',''
  ) );
#6477 = ORIENTED_EDGE('',*,*,#6478,.F.);
#6478 = EDGE_CURVE('',#6411,#6450,#6479,.T.);
#6479 = SEAM_CURVE('',#6480,(#6484,#6491),.PCURVE_S1.);
#6480 = LINE('',#6481,#6482);
#6481 = CARTESIAN_POINT('',(2.2E+03,-1.469576158977E-13,-600.));
#6482 = VECTOR('',#6483,1.);
#6483 = DIRECTION('',(1.,0.,2.22044604925E-16));
#6484 = PCURVE('',#6427,#6485);
#6485 = DEFINITIONAL_REPRESENTATION('',(#6486),#6490);
#6486 = LINE('',#6487,#6488);
#6487 = CARTESIAN_POINT('',(6.28318530718,-0.));
#6488 = VECTOR('',#6489,1.);
#6489 = DIRECTION('',(0.,1.));
#6490 = ( GEOMETRIC_REPRESENTATION_CONTEXT(2) 
PARAMETRIC_REPRESENTATION_CONTEXT() REPRESENTATION_CONTEXT('2D SPACE',''
  ) );
#6491 = PCURVE('',#6427,#6492);
#6492 = DEFINITIONAL_REPRESENTATION('',(#6493),#6497);
#6493 = LINE('',#6494,#6495);
#6494 = CARTESIAN_POINT('',(0.,-0.));
#6495 = VECTOR('',#6496,1.);
#6496 = DIRECTION('',(0.,1.));
#6497 = ( GEOMETRIC_REPRESENTATION_CONTEXT(2) 
PARAMETRIC_REPRESENTATION_CONTEXT() REPRESENTATION_CONTEXT('2D SPACE',''
  ) );
#6498 = ORIENTED_EDGE('',*,*,#6410,.T.);
#6499 = ORIENTED_EDGE('',*,*,#6478,.T.);
#6500 = ADVANCED_FACE('',(#6501),#6466,.T.);
#6501 = FACE_BOUND('',#6502,.T.);
#6502 = EDGE_LOOP('',(#6503));
#6503 = ORIENTED_EDGE('',*,*,#6449,.T.);
#6504 = MANIFOLD_SOLID_BREP('',#6505);
#6505 = CLOSED_SHELL('',(#6506,#6567));
#6506 = ADVANCED_FACE('',(#6507),#6521,.T.);
#6507 = FACE_BOUND('',#6508,.T.);
#6508 = EDGE_LOOP('',(#6509,#6539,#6566));
#6509 = ORIENTED_EDGE('',*,*,#6510,.F.);
#6510 = EDGE_CURVE('',#6511,#6513,#6515,.T.);
#6511 = VERTEX_POINT('',#6512);
#6512 = CARTESIAN_POINT('',(6.661338147751E-14,-7.347880794884E-14,-300.
    ));
#6513 = VERTEX_POINT('',#6514);
#6514 = CARTESIAN_POINT('',(800.,-1.39226221921E-29,1.207922650792E-13)
  );
#6515 = SEAM_CURVE('',#6516,(#6520,#6532),.PCURVE_S1.);
#6516 = LINE('',#6517,#6518);
#6517 = CARTESIAN_POINT('',(6.661338147751E-14,-7.347880794884E-14,-300.
    ));
#6518 = VECTOR('',#6519,1.);
#6519 = DIRECTION('',(0.936329177569,8.600043976937E-17,0.351123441588)
  );
#6520 = PCURVE('',#6521,#6526);
#6521 = CONICAL_SURFACE('',#6522,300.,0.358770670271);
#6522 = AXIS2_PLACEMENT_3D('',#6523,#6524,#6525);
#6523 = CARTESIAN_POINT('',(0.,0.,0.));
#6524 = DIRECTION('',(-1.,-0.,-2.22044604925E-16));
#6525 = DIRECTION('',(2.22044604925E-16,0.,-1.));
#6526 = DEFINITIONAL_REPRESENTATION('',(#6527),#6531);
#6527 = LINE('',#6528,#6529);
#6528 = CARTESIAN_POINT('',(-6.28318530718,0.));
#6529 = VECTOR('',#6530,1.);
#6530 = DIRECTION('',(-0.,-1.));
#6531 = ( GEOMETRIC_REPRESENTATION_CONTEXT(2) 
PARAMETRIC_REPRESENTATION_CONTEXT() REPRESENTATION_CONTEXT('2D SPACE',''
  ) );
#6532 = PCURVE('',#6521,#6533);
#6533 = DEFINITIONAL_REPRESENTATION('',(#6534),#6538);
#6534 = LINE('',#6535,#6536);
#6535 = CARTESIAN_POINT('',(0.,-0.));
#6536 = VECTOR('',#6537,1.);
#6537 = DIRECTION('',(-0.,-1.));
#6538 = ( GEOMETRIC_REPRESENTATION_CONTEXT(2) 
PARAMETRIC_REPRESENTATION_CONTEXT() REPRESENTATION_CONTEXT('2D SPACE',''
  ) );
#6539 = ORIENTED_EDGE('',*,*,#6540,.T.);
#6540 = EDGE_CURVE('',#6511,#6511,#6541,.T.);
#6541 = SURFACE_CURVE('',#6542,(#6547,#6554),.PCURVE_S1.);
#6542 = CIRCLE('',#6543,300.);
#6543 = AXIS2_PLACEMENT_3D('',#6544,#6545,#6546);
#6544 = CARTESIAN_POINT('',(0.,0.,0.));
#6545 = DIRECTION('',(1.,-0.,2.22044604925E-16));
#6546 = DIRECTION('',(2.22044604925E-16,0.,-1.));
#6547 = PCURVE('',#6521,#6548);
#6548 = DEFINITIONAL_REPRESENTATION('',(#6549),#6553);
#6549 = LINE('',#6550,#6551);
#6550 = CARTESIAN_POINT('',(-0.,-0.));
#6551 = VECTOR('',#6552,1.);
#6552 = DIRECTION('',(-1.,-0.));
#6553 = ( GEOMETRIC_REPRESENTATION_CONTEXT(2) 
PARAMETRIC_REPRESENTATION_CONTEXT() REPRESENTATION_CONTEXT('2D SPACE',''
  ) );
#6554 = PCURVE('',#6555,#6560);
#6555 = PLANE('',#6556);
#6556 = AXIS2_PLACEMENT_3D('',#6557,#6558,#6559);
#6557 = CARTESIAN_POINT('',(0.,0.,0.));
#6558 = DIRECTION('',(1.,0.,2.22044604925E-16));
#6559 = DIRECTION('',(2.22044604925E-16,0.,-1.));
#6560 = DEFINITIONAL_REPRESENTATION('',(#6561),#6565);
#6561 = CIRCLE('',#6562,300.);
#6562 = AXIS2_PLACEMENT_2D('',#6563,#6564);
#6563 = CARTESIAN_POINT('',(0.,0.));
#6564 = DIRECTION('',(1.,0.));
#6565 = ( GEOMETRIC_REPRESENTATION_CONTEXT(2) 
PARAMETRIC_REPRESENTATION_CONTEXT() REPRESENTATION_CONTEXT('2D SPACE',''
  ) );
#6566 = ORIENTED_EDGE('',*,*,#6510,.T.);
#6567 = ADVANCED_FACE('',(#6568),#6555,.F.);
#6568 = FACE_BOUND('',#6569,.T.);
#6569 = EDGE_LOOP('',(#6570));
#6570 = ORIENTED_EDGE('',*,*,#6540,.F.);
#6571 = ( GEOMETRIC_REPRESENTATION_CONTEXT(3) 
GLOBAL_UNCERTAINTY_ASSIGNED_CONTEXT((#6575)) 
GLOBAL_UNIT_ASSIGNED_CONTEXT((#6572,#6573,#6574)) REPRESENTATION_CONTEXT
('Context #1','3D Context with UNIT and UNCERTAINTY') );
#6572 = ( LENGTH_UNIT() NAMED_UNIT(*) SI_UNIT($,.METRE.) );
#6573 = ( NAMED_UNIT(*) PLANE_ANGLE_UNIT() SI_UNIT($,.RADIAN.) );
#6574 = ( NAMED_UNIT(*) SI_UNIT($,.STERADIAN.) SOLID_ANGLE_UNIT() );
#6575 = UNCERTAINTY_MEASURE_WITH_UNIT(LENGTH_MEASURE(1.E-07),#6572,
  'distance_accuracy_value','confusion accuracy');
#6576 = PRODUCT_RELATED_PRODUCT_CATEGORY('part',$,(#6312));
#6577 = SHAPE_DEFINITION_REPRESENTATION(#6578,#6584);
#6578 = PRODUCT_DEFINITION_SHAPE('','',#6579);
#6579 = PRODUCT_DEFINITION('design','',#6580,#6583);
#6580 = PRODUCT_DEFINITION_FORMATION('','',#6581);
#6581 = PRODUCT('Toro_Duct','Toro_Duct','',(#6582));
#6582 = PRODUCT_CONTEXT('',#2,'mechanical');
#6583 = PRODUCT_DEFINITION_CONTEXT('part definition',#2,'design');
#6584 = ADVANCED_BREP_SHAPE_REPRESENTATION('',(#11,#6585),#6643);
#6585 = MANIFOLD_SOLID_BREP('',#6586);
#6586 = CLOSED_SHELL('',(#6587));
#6587 = ADVANCED_FACE('',(#6588),#6601,.T.);
#6588 = FACE_BOUND('',#6589,.T.);
#6589 = EDGE_LOOP('',(#6590,#6619,#6641,#6642));
#6590 = ORIENTED_EDGE('',*,*,#6591,.F.);
#6591 = EDGE_CURVE('',#6592,#6592,#6594,.T.);
#6592 = VERTEX_POINT('',#6593);
#6593 = CARTESIAN_POINT('',(2.6E+03,-9.552245033349E-14,-390.));
#6594 = SEAM_CURVE('',#6595,(#6600,#6612),.PCURVE_S1.);
#6595 = CIRCLE('',#6596,390.);
#6596 = AXIS2_PLACEMENT_3D('',#6597,#6598,#6599);
#6597 = CARTESIAN_POINT('',(2.6E+03,0.,-4.894671864409E-30));
#6598 = DIRECTION('',(1.,-0.,2.22044604925E-16));
#6599 = DIRECTION('',(2.22044604925E-16,0.,-1.));
#6600 = PCURVE('',#6601,#6606);
#6601 = TOROIDAL_SURFACE('',#6602,300.,90.);
#6602 = AXIS2_PLACEMENT_3D('',#6603,#6604,#6605);
#6603 = CARTESIAN_POINT('',(2.6E+03,0.,0.));
#6604 = DIRECTION('',(1.,0.,2.22044604925E-16));
#6605 = DIRECTION('',(2.22044604925E-16,0.,-1.));
#6606 = DEFINITIONAL_REPRESENTATION('',(#6607),#6611);
#6607 = LINE('',#6608,#6609);
#6608 = CARTESIAN_POINT('',(0.,6.28318530718));
#6609 = VECTOR('',#6610,1.);
#6610 = DIRECTION('',(1.,0.));
#6611 = ( GEOMETRIC_REPRESENTATION_CONTEXT(2) 
PARAMETRIC_REPRESENTATION_CONTEXT() REPRESENTATION_CONTEXT('2D SPACE',''
  ) );
#6612 = PCURVE('',#6601,#6613);
#6613 = DEFINITIONAL_REPRESENTATION('',(#6614),#6618);
#6614 = LINE('',#6615,#6616);
#6615 = CARTESIAN_POINT('',(0.,0.));
#6616 = VECTOR('',#6617,1.);
#6617 = DIRECTION('',(1.,0.));
#6618 = ( GEOMETRIC_REPRESENTATION_CONTEXT(2) 
PARAMETRIC_REPRESENTATION_CONTEXT() REPRESENTATION_CONTEXT('2D SPACE',''
  ) );
#6619 = ORIENTED_EDGE('',*,*,#6620,.F.);
#6620 = EDGE_CURVE('',#6592,#6592,#6621,.T.);
#6621 = SEAM_CURVE('',#6622,(#6627,#6634),.PCURVE_S1.);
#6622 = CIRCLE('',#6623,90.);
#6623 = AXIS2_PLACEMENT_3D('',#6624,#6625,#6626);
#6624 = CARTESIAN_POINT('',(2.6E+03,-7.347880794884E-14,-300.));
#6625 = DIRECTION('',(-5.438524293788E-32,-1.,2.449293598295E-16));
#6626 = DIRECTION('',(2.22044604925E-16,-2.449293598295E-16,-1.));
#6627 = PCURVE('',#6601,#6628);
#6628 = DEFINITIONAL_REPRESENTATION('',(#6629),#6633);
#6629 = LINE('',#6630,#6631);
#6630 = CARTESIAN_POINT('',(6.28318530718,-0.));
#6631 = VECTOR('',#6632,1.);
#6632 = DIRECTION('',(0.,1.));
#6633 = ( GEOMETRIC_REPRESENTATION_CONTEXT(2) 
PARAMETRIC_REPRESENTATION_CONTEXT() REPRESENTATION_CONTEXT('2D SPACE',''
  ) );
#6634 = PCURVE('',#6601,#6635);
#6635 = DEFINITIONAL_REPRESENTATION('',(#6636),#6640);
#6636 = LINE('',#6637,#6638);
#6637 = CARTESIAN_POINT('',(0.,-0.));
#6638 = VECTOR('',#6639,1.);
#6639 = DIRECTION('',(0.,1.));
#6640 = ( GEOMETRIC_REPRESENTATION_CONTEXT(2) 
PARAMETRIC_REPRESENTATION_CONTEXT() REPRESENTATION_CONTEXT('2D SPACE',''
  ) );
#6641 = ORIENTED_EDGE('',*,*,#6591,.T.);
#6642 = ORIENTED_EDGE('',*,*,#6620,.T.);
#6643 = ( GEOMETRIC_REPRESENTATION_CONTEXT(3) 
GLOBAL_UNCERTAINTY_ASSIGNED_CONTEXT((#6647)) 
GLOBAL_UNIT_ASSIGNED_CONTEXT((#6644,#6645,#6646)) REPRESENTATION_CONTEXT
('Context #1','3D Context with UNIT and UNCERTAINTY') );
#6644 = ( LENGTH_UNIT() NAMED_UNIT(*) SI_UNIT($,.METRE.) );
#6645 = ( NAMED_UNIT(*) PLANE_ANGLE_UNIT() SI_UNIT($,.RADIAN.) );
#6646 = ( NAMED_UNIT(*) SI_UNIT($,.STERADIAN.) SOLID_ANGLE_UNIT() );
#6647 = UNCERTAINTY_MEASURE_WITH_UNIT(LENGTH_MEASURE(1.E-07),#6644,
  'distance_accuracy_value','confusion accuracy');
#6648 = PRODUCT_RELATED_PRODUCT_CATEGORY('part',$,(#6581));
#6649 = SHAPE_DEFINITION_REPRESENTATION(#6650,#6656);
#6650 = PRODUCT_DEFINITION_SHAPE('','',#6651);
#6651 = PRODUCT_DEFINITION('design','',#6652,#6655);
#6652 = PRODUCT_DEFINITION_FORMATION('','',#6653);
#6653 = PRODUCT('Toro_Solid','Toro_Solid','',(#6654));
#6654 = PRODUCT_CONTEXT('',#2,'mechanical');
#6655 = PRODUCT_DEFINITION_CONTEXT('part definition',#2,'design');
#6656 = ADVANCED_BREP_SHAPE_REPRESENTATION('',(#11,#6657),#6715);
#6657 = MANIFOLD_SOLID_BREP('',#6658);
#6658 = CLOSED_SHELL('',(#6659));
#6659 = ADVANCED_FACE('',(#6660),#6673,.T.);
#6660 = FACE_BOUND('',#6661,.T.);
#6661 = EDGE_LOOP('',(#6662,#6691,#6713,#6714));
#6662 = ORIENTED_EDGE('',*,*,#6663,.F.);
#6663 = EDGE_CURVE('',#6664,#6664,#6666,.T.);
#6664 = VERTEX_POINT('',#6665);
#6665 = CARTESIAN_POINT('',(2.6E+03,-9.552245033349E-14,-390.));
#6666 = SEAM_CURVE('',#6667,(#6672,#6684),.PCURVE_S1.);
#6667 = CIRCLE('',#6668,390.);
#6668 = AXIS2_PLACEMENT_3D('',#6669,#6670,#6671);
#6669 = CARTESIAN_POINT('',(2.6E+03,0.,-4.894671864409E-30));
#6670 = DIRECTION('',(1.,-0.,2.22044604925E-16));
#6671 = DIRECTION('',(2.22044604925E-16,0.,-1.));
#6672 = PCURVE('',#6673,#6678);
#6673 = TOROIDAL_SURFACE('',#6674,300.,90.);
#6674 = AXIS2_PLACEMENT_3D('',#6675,#6676,#6677);
#6675 = CARTESIAN_POINT('',(2.6E+03,0.,0.));
#6676 = DIRECTION('',(1.,0.,2.22044604925E-16));
#6677 = DIRECTION('',(2.22044604925E-16,0.,-1.));
#6678 = DEFINITIONAL_REPRESENTATION('',(#6679),#6683);
#6679 = LINE('',#6680,#6681);
#6680 = CARTESIAN_POINT('',(0.,6.28318530718));
#6681 = VECTOR('',#6682,1.);
#6682 = DIRECTION('',(1.,0.));
#6683 = ( GEOMETRIC_REPRESENTATION_CONTEXT(2) 
PARAMETRIC_REPRESENTATION_CONTEXT() REPRESENTATION_CONTEXT('2D SPACE',''
  ) );
#6684 = PCURVE('',#6673,#6685);
#6685 = DEFINITIONAL_REPRESENTATION('',(#6686),#6690);
#6686 = LINE('',#6687,#6688);
#6687 = CARTESIAN_POINT('',(0.,0.));
#6688 = VECTOR('',#6689,1.);
#6689 = DIRECTION('',(1.,0.));
#6690 = ( GEOMETRIC_REPRESENTATION_CONTEXT(2) 
PARAMETRIC_REPRESENTATION_CONTEXT() REPRESENTATION_CONTEXT('2D SPACE',''
  ) );
#6691 = ORIENTED_EDGE('',*,*,#6692,.F.);
#6692 = EDGE_CURVE('',#6664,#6664,#6693,.T.);
#6693 = SEAM_CURVE('',#6694,(#6699,#6706),.PCURVE_S1.);
#6694 = CIRCLE('',#6695,90.);
#6695 = AXIS2_PLACEMENT_3D('',#6696,#6697,#6698);
#6696 = CARTESIAN_POINT('',(2.6E+03,-7.347880794884E-14,-300.));
#6697 = DIRECTION('',(-5.438524293788E-32,-1.,2.449293598295E-16));
#6698 = DIRECTION('',(2.22044604925E-16,-2.449293598295E-16,-1.));
#6699 = PCURVE('',#6673,#6700);
#6700 = DEFINITIONAL_REPRESENTATION('',(#6701),#6705);
#6701 = LINE('',#6702,#6703);
#6702 = CARTESIAN_POINT('',(6.28318530718,-0.));
#6703 = VECTOR('',#6704,1.);
#6704 = DIRECTION('',(0.,1.));
#6705 = ( GEOMETRIC_REPRESENTATION_CONTEXT(2) 
PARAMETRIC_REPRESENTATION_CONTEXT() REPRESENTATION_CONTEXT('2D SPACE',''
  ) );
#6706 = PCURVE('',#6673,#6707);
#6707 = DEFINITIONAL_REPRESENTATION('',(#6708),#6712);
#6708 = LINE('',#6709,#6710);
#6709 = CARTESIAN_POINT('',(0.,-0.));
#6710 = VECTOR('',#6711,1.);
#6711 = DIRECTION('',(0.,1.));
#6712 = ( GEOMETRIC_REPRESENTATION_CONTEXT(2) 
PARAMETRIC_REPRESENTATION_CONTEXT() REPRESENTATION_CONTEXT('2D SPACE',''
  ) );
#6713 = ORIENTED_EDGE('',*,*,#6663,.T.);
#6714 = ORIENTED_EDGE('',*,*,#6692,.T.);
#6715 = ( GEOMETRIC_REPRESENTATION_CONTEXT(3) 
GLOBAL_UNCERTAINTY_ASSIGNED_CONTEXT((#6719)) 
GLOBAL_UNIT_ASSIGNED_CONTEXT((#6716,#6717,#6718)) REPRESENTATION_CONTEXT
('Context #1','3D Context with UNIT and UNCERTAINTY') );
#6716 = ( LENGTH_UNIT() NAMED_UNIT(*) SI_UNIT($,.METRE.) );
#6717 = ( NAMED_UNIT(*) PLANE_ANGLE_UNIT() SI_UNIT($,.RADIAN.) );
#6718 = ( NAMED_UNIT(*) SI_UNIT($,.STERADIAN.) SOLID_ANGLE_UNIT() );
#6719 = UNCERTAINTY_MEASURE_WITH_UNIT(LENGTH_MEASURE(1.E-07),#6716,
  'distance_accuracy_value','confusion accuracy');
#6720 = PRODUCT_RELATED_PRODUCT_CATEGORY('part',$,(#6653));
#6721 = SHAPE_DEFINITION_REPRESENTATION(#6722,#6728);
#6722 = PRODUCT_DEFINITION_SHAPE('','',#6723);
#6723 = PRODUCT_DEFINITION('design','',#6724,#6727);
#6724 = PRODUCT_DEFINITION_FORMATION('','',#6725);
#6725 = PRODUCT('TPS_Shield','TPS_Shield','',(#6726));
#6726 = PRODUCT_CONTEXT('',#2,'mechanical');
#6727 = PRODUCT_DEFINITION_CONTEXT('part definition',#2,'design');
#6728 = ADVANCED_BREP_SHAPE_REPRESENTATION('',(#11,#6729),#6827);
#6729 = MANIFOLD_SOLID_BREP('',#6730);
#6730 = CLOSED_SHELL('',(#6731,#6819,#6823));
#6731 = ADVANCED_FACE('',(#6732),#6745,.T.);
#6732 = FACE_BOUND('',#6733,.T.);
#6733 = EDGE_LOOP('',(#6734,#6768,#6791,#6818));
#6734 = ORIENTED_EDGE('',*,*,#6735,.F.);
#6735 = EDGE_CURVE('',#6736,#6736,#6738,.T.);
#6736 = VERTEX_POINT('',#6737);
#6737 = CARTESIAN_POINT('',(1.3E+03,-2.939152317954E-13,-1.2E+03));
#6738 = SURFACE_CURVE('',#6739,(#6744,#6756),.PCURVE_S1.);
#6739 = CIRCLE('',#6740,1.2E+03);
#6740 = AXIS2_PLACEMENT_3D('',#6741,#6742,#6743);
#6741 = CARTESIAN_POINT('',(1.3E+03,0.,2.22044604925E-14));
#6742 = DIRECTION('',(1.,-0.,2.22044604925E-16));
#6743 = DIRECTION('',(2.22044604925E-16,0.,-1.));
#6744 = PCURVE('',#6745,#6750);
#6745 = CYLINDRICAL_SURFACE('',#6746,1.2E+03);
#6746 = AXIS2_PLACEMENT_3D('',#6747,#6748,#6749);
#6747 = CARTESIAN_POINT('',(1.2E+03,0.,0.));
#6748 = DIRECTION('',(1.,0.,2.22044604925E-16));
#6749 = DIRECTION('',(2.22044604925E-16,0.,-1.));
#6750 = DEFINITIONAL_REPRESENTATION('',(#6751),#6755);
#6751 = LINE('',#6752,#6753);
#6752 = CARTESIAN_POINT('',(0.,100.));
#6753 = VECTOR('',#6754,1.);
#6754 = DIRECTION('',(1.,0.));
#6755 = ( GEOMETRIC_REPRESENTATION_CONTEXT(2) 
PARAMETRIC_REPRESENTATION_CONTEXT() REPRESENTATION_CONTEXT('2D SPACE',''
  ) );
#6756 = PCURVE('',#6757,#6762);
#6757 = PLANE('',#6758);
#6758 = AXIS2_PLACEMENT_3D('',#6759,#6760,#6761);
#6759 = CARTESIAN_POINT('',(1.3E+03,0.,2.22044604925E-14));
#6760 = DIRECTION('',(1.,0.,2.22044604925E-16));
#6761 = DIRECTION('',(2.22044604925E-16,0.,-1.));
#6762 = DEFINITIONAL_REPRESENTATION('',(#6763),#6767);
#6763 = CIRCLE('',#6764,1.2E+03);
#6764 = AXIS2_PLACEMENT_2D('',#6765,#6766);
#6765 = CARTESIAN_POINT('',(0.,0.));
#6766 = DIRECTION('',(1.,0.));
#6767 = ( GEOMETRIC_REPRESENTATION_CONTEXT(2) 
PARAMETRIC_REPRESENTATION_CONTEXT() REPRESENTATION_CONTEXT('2D SPACE',''
  ) );
#6768 = ORIENTED_EDGE('',*,*,#6769,.F.);
#6769 = EDGE_CURVE('',#6770,#6736,#6772,.T.);
#6770 = VERTEX_POINT('',#6771);
#6771 = CARTESIAN_POINT('',(1.2E+03,-2.939152317954E-13,-1.2E+03));
#6772 = SEAM_CURVE('',#6773,(#6777,#6784),.PCURVE_S1.);
#6773 = LINE('',#6774,#6775);
#6774 = CARTESIAN_POINT('',(1.2E+03,-2.939152317954E-13,-1.2E+03));
#6775 = VECTOR('',#6776,1.);
#6776 = DIRECTION('',(1.,0.,2.22044604925E-16));
#6777 = PCURVE('',#6745,#6778);
#6778 = DEFINITIONAL_REPRESENTATION('',(#6779),#6783);
#6779 = LINE('',#6780,#6781);
#6780 = CARTESIAN_POINT('',(6.28318530718,-0.));
#6781 = VECTOR('',#6782,1.);
#6782 = DIRECTION('',(0.,1.));
#6783 = ( GEOMETRIC_REPRESENTATION_CONTEXT(2) 
PARAMETRIC_REPRESENTATION_CONTEXT() REPRESENTATION_CONTEXT('2D SPACE',''
  ) );
#6784 = PCURVE('',#6745,#6785);
#6785 = DEFINITIONAL_REPRESENTATION('',(#6786),#6790);
#6786 = LINE('',#6787,#6788);
#6787 = CARTESIAN_POINT('',(0.,-0.));
#6788 = VECTOR('',#6789,1.);
#6789 = DIRECTION('',(0.,1.));
#6790 = ( GEOMETRIC_REPRESENTATION_CONTEXT(2) 
PARAMETRIC_REPRESENTATION_CONTEXT() REPRESENTATION_CONTEXT('2D SPACE',''
  ) );
#6791 = ORIENTED_EDGE('',*,*,#6792,.T.);
#6792 = EDGE_CURVE('',#6770,#6770,#6793,.T.);
#6793 = SURFACE_CURVE('',#6794,(#6799,#6806),.PCURVE_S1.);
#6794 = CIRCLE('',#6795,1.2E+03);
#6795 = AXIS2_PLACEMENT_3D('',#6796,#6797,#6798);
#6796 = CARTESIAN_POINT('',(1.2E+03,0.,0.));
#6797 = DIRECTION('',(1.,-0.,2.22044604925E-16));
#6798 = DIRECTION('',(2.22044604925E-16,0.,-1.));
#6799 = PCURVE('',#6745,#6800);
#6800 = DEFINITIONAL_REPRESENTATION('',(#6801),#6805);
#6801 = LINE('',#6802,#6803);
#6802 = CARTESIAN_POINT('',(0.,0.));
#6803 = VECTOR('',#6804,1.);
#6804 = DIRECTION('',(1.,0.));
#6805 = ( GEOMETRIC_REPRESENTATION_CONTEXT(2) 
PARAMETRIC_REPRESENTATION_CONTEXT() REPRESENTATION_CONTEXT('2D SPACE',''
  ) );
#6806 = PCURVE('',#6807,#6812);
#6807 = PLANE('',#6808);
#6808 = AXIS2_PLACEMENT_3D('',#6809,#6810,#6811);
#6809 = CARTESIAN_POINT('',(1.2E+03,0.,0.));
#6810 = DIRECTION('',(1.,0.,2.22044604925E-16));
#6811 = DIRECTION('',(2.22044604925E-16,0.,-1.));
#6812 = DEFINITIONAL_REPRESENTATION('',(#6813),#6817);
#6813 = CIRCLE('',#6814,1.2E+03);
#6814 = AXIS2_PLACEMENT_2D('',#6815,#6816);
#6815 = CARTESIAN_POINT('',(0.,0.));
#6816 = DIRECTION('',(1.,0.));
#6817 = ( GEOMETRIC_REPRESENTATION_CONTEXT(2) 
PARAMETRIC_REPRESENTATION_CONTEXT() REPRESENTATION_CONTEXT('2D SPACE',''
  ) );
#6818 = ORIENTED_EDGE('',*,*,#6769,.T.);
#6819 = ADVANCED_FACE('',(#6820),#6757,.T.);
#6820 = FACE_BOUND('',#6821,.T.);
#6821 = EDGE_LOOP('',(#6822));
#6822 = ORIENTED_EDGE('',*,*,#6735,.T.);
#6823 = ADVANCED_FACE('',(#6824),#6807,.F.);
#6824 = FACE_BOUND('',#6825,.T.);
#6825 = EDGE_LOOP('',(#6826));
#6826 = ORIENTED_EDGE('',*,*,#6792,.F.);
#6827 = ( GEOMETRIC_REPRESENTATION_CONTEXT(3) 
GLOBAL_UNCERTAINTY_ASSIGNED_CONTEXT((#6831)) 
GLOBAL_UNIT_ASSIGNED_CONTEXT((#6828,#6829,#6830)) REPRESENTATION_CONTEXT
('Context #1','3D Context with UNIT and UNCERTAINTY') );
#6828 = ( LENGTH_UNIT() NAMED_UNIT(*) SI_UNIT($,.METRE.) );
#6829 = ( NAMED_UNIT(*) PLANE_ANGLE_UNIT() SI_UNIT($,.RADIAN.) );
#6830 = ( NAMED_UNIT(*) SI_UNIT($,.STERADIAN.) SOLID_ANGLE_UNIT() );
#6831 = UNCERTAINTY_MEASURE_WITH_UNIT(LENGTH_MEASURE(1.E-07),#6828,
  'distance_accuracy_value','confusion accuracy');
#6832 = PRODUCT_RELATED_PRODUCT_CATEGORY('part',$,(#6725));
#6833 = SHAPE_DEFINITION_REPRESENTATION(#6834,#6840);
#6834 = PRODUCT_DEFINITION_SHAPE('','',#6835);
#6835 = PRODUCT_DEFINITION('design','',#6836,#6839);
#6836 = PRODUCT_DEFINITION_FORMATION('','',#6837);
#6837 = PRODUCT('Cryostat_I','Cryostat_I','',(#6838));
#6838 = PRODUCT_CONTEXT('',#2,'mechanical');
#6839 = PRODUCT_DEFINITION_CONTEXT('part definition',#2,'design');
#6840 = ADVANCED_BREP_SHAPE_REPRESENTATION('',(#11,#6841),#6899);
#6841 = MANIFOLD_SOLID_BREP('',#6842);
#6842 = CLOSED_SHELL('',(#6843));
#6843 = ADVANCED_FACE('',(#6844),#6857,.T.);
#6844 = FACE_BOUND('',#6845,.T.);
#6845 = EDGE_LOOP('',(#6846,#6875,#6897,#6898));
#6846 = ORIENTED_EDGE('',*,*,#6847,.F.);
#6847 = EDGE_CURVE('',#6848,#6848,#6850,.T.);
#6848 = VERTEX_POINT('',#6849);
#6849 = CARTESIAN_POINT('',(2.6E+03,-1.021355430489E-13,-417.));
#6850 = SEAM_CURVE('',#6851,(#6856,#6868),.PCURVE_S1.);
#6851 = CIRCLE('',#6852,417.);
#6852 = AXIS2_PLACEMENT_3D('',#6853,#6854,#6855);
#6853 = CARTESIAN_POINT('',(2.6E+03,0.,-4.459589920906E-30));
#6854 = DIRECTION('',(1.,-0.,2.22044604925E-16));
#6855 = DIRECTION('',(2.22044604925E-16,0.,-1.));
#6856 = PCURVE('',#6857,#6862);
#6857 = TOROIDAL_SURFACE('',#6858,335.,82.);
#6858 = AXIS2_PLACEMENT_3D('',#6859,#6860,#6861);
#6859 = CARTESIAN_POINT('',(2.6E+03,0.,0.));
#6860 = DIRECTION('',(1.,0.,2.22044604925E-16));
#6861 = DIRECTION('',(2.22044604925E-16,0.,-1.));
#6862 = DEFINITIONAL_REPRESENTATION('',(#6863),#6867);
#6863 = LINE('',#6864,#6865);
#6864 = CARTESIAN_POINT('',(0.,6.28318530718));
#6865 = VECTOR('',#6866,1.);
#6866 = DIRECTION('',(1.,0.));
#6867 = ( GEOMETRIC_REPRESENTATION_CONTEXT(2) 
PARAMETRIC_REPRESENTATION_CONTEXT() REPRESENTATION_CONTEXT('2D SPACE',''
  ) );
#6868 = PCURVE('',#6857,#6869);
#6869 = DEFINITIONAL_REPRESENTATION('',(#6870),#6874);
#6870 = LINE('',#6871,#6872);
#6871 = CARTESIAN_POINT('',(0.,0.));
#6872 = VECTOR('',#6873,1.);
#6873 = DIRECTION('',(1.,0.));
#6874 = ( GEOMETRIC_REPRESENTATION_CONTEXT(2) 
PARAMETRIC_REPRESENTATION_CONTEXT() REPRESENTATION_CONTEXT('2D SPACE',''
  ) );
#6875 = ORIENTED_EDGE('',*,*,#6876,.F.);
#6876 = EDGE_CURVE('',#6848,#6848,#6877,.T.);
#6877 = SEAM_CURVE('',#6878,(#6883,#6890),.PCURVE_S1.);
#6878 = CIRCLE('',#6879,82.);
#6879 = AXIS2_PLACEMENT_3D('',#6880,#6881,#6882);
#6880 = CARTESIAN_POINT('',(2.6E+03,-8.205133554287E-14,-335.));
#6881 = DIRECTION('',(-5.438524293788E-32,-1.,2.449293598295E-16));
#6882 = DIRECTION('',(2.22044604925E-16,-2.449293598295E-16,-1.));
#6883 = PCURVE('',#6857,#6884);
#6884 = DEFINITIONAL_REPRESENTATION('',(#6885),#6889);
#6885 = LINE('',#6886,#6887);
#6886 = CARTESIAN_POINT('',(6.28318530718,-0.));
#6887 = VECTOR('',#6888,1.);
#6888 = DIRECTION('',(0.,1.));
#6889 = ( GEOMETRIC_REPRESENTATION_CONTEXT(2) 
PARAMETRIC_REPRESENTATION_CONTEXT() REPRESENTATION_CONTEXT('2D SPACE',''
  ) );
#6890 = PCURVE('',#6857,#6891);
#6891 = DEFINITIONAL_REPRESENTATION('',(#6892),#6896);
#6892 = LINE('',#6893,#6894);
#6893 = CARTESIAN_POINT('',(0.,-0.));
#6894 = VECTOR('',#6895,1.);
#6895 = DIRECTION('',(0.,1.));
#6896 = ( GEOMETRIC_REPRESENTATION_CONTEXT(2) 
PARAMETRIC_REPRESENTATION_CONTEXT() REPRESENTATION_CONTEXT('2D SPACE',''
  ) );
#6897 = ORIENTED_EDGE('',*,*,#6847,.T.);
#6898 = ORIENTED_EDGE('',*,*,#6876,.T.);
#6899 = ( GEOMETRIC_REPRESENTATION_CONTEXT(3) 
GLOBAL_UNCERTAINTY_ASSIGNED_CONTEXT((#6903)) 
GLOBAL_UNIT_ASSIGNED_CONTEXT((#6900,#6901,#6902)) REPRESENTATION_CONTEXT
('Context #1','3D Context with UNIT and UNCERTAINTY') );
#6900 = ( LENGTH_UNIT() NAMED_UNIT(*) SI_UNIT($,.METRE.) );
#6901 = ( NAMED_UNIT(*) PLANE_ANGLE_UNIT() SI_UNIT($,.RADIAN.) );
#6902 = ( NAMED_UNIT(*) SI_UNIT($,.STERADIAN.) SOLID_ANGLE_UNIT() );
#6903 = UNCERTAINTY_MEASURE_WITH_UNIT(LENGTH_MEASURE(1.E-07),#6900,
  'distance_accuracy_value','confusion accuracy');
#6904 = PRODUCT_RELATED_PRODUCT_CATEGORY('part',$,(#6837));
#6905 = SHAPE_DEFINITION_REPRESENTATION(#6906,#6912);
#6906 = PRODUCT_DEFINITION_SHAPE('','',#6907);
#6907 = PRODUCT_DEFINITION('design','',#6908,#6911);
#6908 = PRODUCT_DEFINITION_FORMATION('','',#6909);
#6909 = PRODUCT('TFo_00','TFo_00','',(#6910));
#6910 = PRODUCT_CONTEXT('',#2,'mechanical');
#6911 = PRODUCT_DEFINITION_CONTEXT('part definition',#2,'design');
#6912 = ADVANCED_BREP_SHAPE_REPRESENTATION('',(#11,#6913),#6971);
#6913 = MANIFOLD_SOLID_BREP('',#6914);
#6914 = CLOSED_SHELL('',(#6915));
#6915 = ADVANCED_FACE('',(#6916),#6929,.T.);
#6916 = FACE_BOUND('',#6917,.T.);
#6917 = EDGE_LOOP('',(#6918,#6947,#6969,#6970));
#6918 = ORIENTED_EDGE('',*,*,#6919,.F.);
#6919 = EDGE_CURVE('',#6920,#6920,#6922,.T.);
#6920 = VERTEX_POINT('',#6921);
#6921 = CARTESIAN_POINT('',(2.6E+03,-8.817456953861E-14,-360.));
#6922 = SEAM_CURVE('',#6923,(#6928,#6940),.PCURVE_S1.);
#6923 = CIRCLE('',#6924,360.);
#6924 = AXIS2_PLACEMENT_3D('',#6925,#6926,#6927);
#6925 = CARTESIAN_POINT('',(2.6E+03,0.,-3.263114576273E-30));
#6926 = DIRECTION('',(1.,-0.,2.22044604925E-16));
#6927 = DIRECTION('',(2.22044604925E-16,0.,-1.));
#6928 = PCURVE('',#6929,#6934);
#6929 = TOROIDAL_SURFACE('',#6930,300.,60.);
#6930 = AXIS2_PLACEMENT_3D('',#6931,#6932,#6933);
#6931 = CARTESIAN_POINT('',(2.6E+03,0.,0.));
#6932 = DIRECTION('',(1.,0.,2.22044604925E-16));
#6933 = DIRECTION('',(2.22044604925E-16,0.,-1.));
#6934 = DEFINITIONAL_REPRESENTATION('',(#6935),#6939);
#6935 = LINE('',#6936,#6937);
#6936 = CARTESIAN_POINT('',(0.,6.28318530718));
#6937 = VECTOR('',#6938,1.);
#6938 = DIRECTION('',(1.,0.));
#6939 = ( GEOMETRIC_REPRESENTATION_CONTEXT(2) 
PARAMETRIC_REPRESENTATION_CONTEXT() REPRESENTATION_CONTEXT('2D SPACE',''
  ) );
#6940 = PCURVE('',#6929,#6941);
#6941 = DEFINITIONAL_REPRESENTATION('',(#6942),#6946);
#6942 = LINE('',#6943,#6944);
#6943 = CARTESIAN_POINT('',(0.,0.));
#6944 = VECTOR('',#6945,1.);
#6945 = DIRECTION('',(1.,0.));
#6946 = ( GEOMETRIC_REPRESENTATION_CONTEXT(2) 
PARAMETRIC_REPRESENTATION_CONTEXT() REPRESENTATION_CONTEXT('2D SPACE',''
  ) );
#6947 = ORIENTED_EDGE('',*,*,#6948,.F.);
#6948 = EDGE_CURVE('',#6920,#6920,#6949,.T.);
#6949 = SEAM_CURVE('',#6950,(#6955,#6962),.PCURVE_S1.);
#6950 = CIRCLE('',#6951,60.);
#6951 = AXIS2_PLACEMENT_3D('',#6952,#6953,#6954);
#6952 = CARTESIAN_POINT('',(2.6E+03,-7.347880794884E-14,-300.));
#6953 = DIRECTION('',(-5.438524293788E-32,-1.,2.449293598295E-16));
#6954 = DIRECTION('',(2.22044604925E-16,-2.449293598295E-16,-1.));
#6955 = PCURVE('',#6929,#6956);
#6956 = DEFINITIONAL_REPRESENTATION('',(#6957),#6961);
#6957 = LINE('',#6958,#6959);
#6958 = CARTESIAN_POINT('',(6.28318530718,-0.));
#6959 = VECTOR('',#6960,1.);
#6960 = DIRECTION('',(0.,1.));
#6961 = ( GEOMETRIC_REPRESENTATION_CONTEXT(2) 
PARAMETRIC_REPRESENTATION_CONTEXT() REPRESENTATION_CONTEXT('2D SPACE',''
  ) );
#6962 = PCURVE('',#6929,#6963);
#6963 = DEFINITIONAL_REPRESENTATION('',(#6964),#6968);
#6964 = LINE('',#6965,#6966);
#6965 = CARTESIAN_POINT('',(0.,-0.));
#6966 = VECTOR('',#6967,1.);
#6967 = DIRECTION('',(0.,1.));
#6968 = ( GEOMETRIC_REPRESENTATION_CONTEXT(2) 
PARAMETRIC_REPRESENTATION_CONTEXT() REPRESENTATION_CONTEXT('2D SPACE',''
  ) );
#6969 = ORIENTED_EDGE('',*,*,#6919,.T.);
#6970 = ORIENTED_EDGE('',*,*,#6948,.T.);
#6971 = ( GEOMETRIC_REPRESENTATION_CONTEXT(3) 
GLOBAL_UNCERTAINTY_ASSIGNED_CONTEXT((#6975)) 
GLOBAL_UNIT_ASSIGNED_CONTEXT((#6972,#6973,#6974)) REPRESENTATION_CONTEXT
('Context #1','3D Context with UNIT and UNCERTAINTY') );
#6972 = ( LENGTH_UNIT() NAMED_UNIT(*) SI_UNIT($,.METRE.) );
#6973 = ( NAMED_UNIT(*) PLANE_ANGLE_UNIT() SI_UNIT($,.RADIAN.) );
#6974 = ( NAMED_UNIT(*) SI_UNIT($,.STERADIAN.) SOLID_ANGLE_UNIT() );
#6975 = UNCERTAINTY_MEASURE_WITH_UNIT(LENGTH_MEASURE(1.E-07),#6972,
  'distance_accuracy_value','confusion accuracy');
#6976 = PRODUCT_RELATED_PRODUCT_CATEGORY('part',$,(#6909));
#6977 = SHAPE_DEFINITION_REPRESENTATION(#6978,#6984);
#6978 = PRODUCT_DEFINITION_SHAPE('','',#6979);
#6979 = PRODUCT_DEFINITION('design','',#6980,#6983);
#6980 = PRODUCT_DEFINITION_FORMATION('','',#6981);
#6981 = PRODUCT('TF_00','TF_00','',(#6982));
#6982 = PRODUCT_CONTEXT('',#2,'mechanical');
#6983 = PRODUCT_DEFINITION_CONTEXT('part definition',#2,'design');
#6984 = ADVANCED_BREP_SHAPE_REPRESENTATION('',(#11,#6985),#7101);
#6985 = BREP_WITH_VOIDS('',#6986,(#7043));
#6986 = CLOSED_SHELL('',(#6987));
#6987 = ADVANCED_FACE('',(#6988),#7001,.T.);
#6988 = FACE_BOUND('',#6989,.T.);
#6989 = EDGE_LOOP('',(#6990,#7019,#7041,#7042));
#6990 = ORIENTED_EDGE('',*,*,#6991,.F.);
#6991 = EDGE_CURVE('',#6992,#6992,#6994,.T.);
#6992 = VERTEX_POINT('',#6993);
#6993 = CARTESIAN_POINT('',(2.6E+03,-8.817456953861E-14,-360.));
#6994 = SEAM_CURVE('',#6995,(#7000,#7012),.PCURVE_S1.);
#6995 = CIRCLE('',#6996,360.);
#6996 = AXIS2_PLACEMENT_3D('',#6997,#6998,#6999);
#6997 = CARTESIAN_POINT('',(2.6E+03,0.,-3.263114576273E-30));
#6998 = DIRECTION('',(1.,-0.,2.22044604925E-16));
#6999 = DIRECTION('',(2.22044604925E-16,0.,-1.));
#7000 = PCURVE('',#7001,#7006);
#7001 = TOROIDAL_SURFACE('',#7002,300.,60.);
#7002 = AXIS2_PLACEMENT_3D('',#7003,#7004,#7005);
#7003 = CARTESIAN_POINT('',(2.6E+03,0.,0.));
#7004 = DIRECTION('',(1.,0.,2.22044604925E-16));
#7005 = DIRECTION('',(2.22044604925E-16,0.,-1.));
#7006 = DEFINITIONAL_REPRESENTATION('',(#7007),#7011);
#7007 = LINE('',#7008,#7009);
#7008 = CARTESIAN_POINT('',(0.,6.28318530718));
#7009 = VECTOR('',#7010,1.);
#7010 = DIRECTION('',(1.,0.));
#7011 = ( GEOMETRIC_REPRESENTATION_CONTEXT(2) 
PARAMETRIC_REPRESENTATION_CONTEXT() REPRESENTATION_CONTEXT('2D SPACE',''
  ) );
#7012 = PCURVE('',#7001,#7013);
#7013 = DEFINITIONAL_REPRESENTATION('',(#7014),#7018);
#7014 = LINE('',#7015,#7016);
#7015 = CARTESIAN_POINT('',(0.,0.));
#7016 = VECTOR('',#7017,1.);
#7017 = DIRECTION('',(1.,0.));
#7018 = ( GEOMETRIC_REPRESENTATION_CONTEXT(2) 
PARAMETRIC_REPRESENTATION_CONTEXT() REPRESENTATION_CONTEXT('2D SPACE',''
  ) );
#7019 = ORIENTED_EDGE('',*,*,#7020,.F.);
#7020 = EDGE_CURVE('',#6992,#6992,#7021,.T.);
#7021 = SEAM_CURVE('',#7022,(#7027,#7034),.PCURVE_S1.);
#7022 = CIRCLE('',#7023,60.);
#7023 = AXIS2_PLACEMENT_3D('',#7024,#7025,#7026);
#7024 = CARTESIAN_POINT('',(2.6E+03,-7.347880794884E-14,-300.));
#7025 = DIRECTION('',(-5.438524293788E-32,-1.,2.449293598295E-16));
#7026 = DIRECTION('',(2.22044604925E-16,-2.449293598295E-16,-1.));
#7027 = PCURVE('',#7001,#7028);
#7028 = DEFINITIONAL_REPRESENTATION('',(#7029),#7033);
#7029 = LINE('',#7030,#7031);
#7030 = CARTESIAN_POINT('',(6.28318530718,-0.));
#7031 = VECTOR('',#7032,1.);
#7032 = DIRECTION('',(0.,1.));
#7033 = ( GEOMETRIC_REPRESENTATION_CONTEXT(2) 
PARAMETRIC_REPRESENTATION_CONTEXT() REPRESENTATION_CONTEXT('2D SPACE',''
  ) );
#7034 = PCURVE('',#7001,#7035);
#7035 = DEFINITIONAL_REPRESENTATION('',(#7036),#7040);
#7036 = LINE('',#7037,#7038);
#7037 = CARTESIAN_POINT('',(0.,-0.));
#7038 = VECTOR('',#7039,1.);
#7039 = DIRECTION('',(0.,1.));
#7040 = ( GEOMETRIC_REPRESENTATION_CONTEXT(2) 
PARAMETRIC_REPRESENTATION_CONTEXT() REPRESENTATION_CONTEXT('2D SPACE',''
  ) );
#7041 = ORIENTED_EDGE('',*,*,#6991,.T.);
#7042 = ORIENTED_EDGE('',*,*,#7020,.T.);
#7043 = ORIENTED_CLOSED_SHELL('',*,#7044,.F.);
#7044 = CLOSED_SHELL('',(#7045));
#7045 = ADVANCED_FACE('',(#7046),#7059,.T.);
#7046 = FACE_BOUND('',#7047,.T.);
#7047 = EDGE_LOOP('',(#7048,#7077,#7099,#7100));
#7048 = ORIENTED_EDGE('',*,*,#7049,.F.);
#7049 = EDGE_CURVE('',#7050,#7050,#7052,.T.);
#7050 = VERTEX_POINT('',#7051);
#7051 = CARTESIAN_POINT('',(2.6E+03,-8.425569978134E-14,-344.));
#7052 = SEAM_CURVE('',#7053,(#7058,#7070),.PCURVE_S1.);
#7053 = CIRCLE('',#7054,344.);
#7054 = AXIS2_PLACEMENT_3D('',#7055,#7056,#7057);
#7055 = CARTESIAN_POINT('',(2.6E+03,0.,-2.392950689267E-30));
#7056 = DIRECTION('',(1.,-0.,2.22044604925E-16));
#7057 = DIRECTION('',(2.22044604925E-16,0.,-1.));
#7058 = PCURVE('',#7059,#7064);
#7059 = TOROIDAL_SURFACE('',#7060,300.,44.);
#7060 = AXIS2_PLACEMENT_3D('',#7061,#7062,#7063);
#7061 = CARTESIAN_POINT('',(2.6E+03,0.,0.));
#7062 = DIRECTION('',(1.,0.,2.22044604925E-16));
#7063 = DIRECTION('',(2.22044604925E-16,0.,-1.));
#7064 = DEFINITIONAL_REPRESENTATION('',(#7065),#7069);
#7065 = LINE('',#7066,#7067);
#7066 = CARTESIAN_POINT('',(0.,6.28318530718));
#7067 = VECTOR('',#7068,1.);
#7068 = DIRECTION('',(1.,0.));
#7069 = ( GEOMETRIC_REPRESENTATION_CONTEXT(2) 
PARAMETRIC_REPRESENTATION_CONTEXT() REPRESENTATION_CONTEXT('2D SPACE',''
  ) );
#7070 = PCURVE('',#7059,#7071);
#7071 = DEFINITIONAL_REPRESENTATION('',(#7072),#7076);
#7072 = LINE('',#7073,#7074);
#7073 = CARTESIAN_POINT('',(0.,0.));
#7074 = VECTOR('',#7075,1.);
#7075 = DIRECTION('',(1.,0.));
#7076 = ( GEOMETRIC_REPRESENTATION_CONTEXT(2) 
PARAMETRIC_REPRESENTATION_CONTEXT() REPRESENTATION_CONTEXT('2D SPACE',''
  ) );
#7077 = ORIENTED_EDGE('',*,*,#7078,.F.);
#7078 = EDGE_CURVE('',#7050,#7050,#7079,.T.);
#7079 = SEAM_CURVE('',#7080,(#7085,#7092),.PCURVE_S1.);
#7080 = CIRCLE('',#7081,44.);
#7081 = AXIS2_PLACEMENT_3D('',#7082,#7083,#7084);
#7082 = CARTESIAN_POINT('',(2.6E+03,-7.347880794884E-14,-300.));
#7083 = DIRECTION('',(-5.438524293788E-32,-1.,2.449293598295E-16));
#7084 = DIRECTION('',(2.22044604925E-16,-2.449293598295E-16,-1.));
#7085 = PCURVE('',#7059,#7086);
#7086 = DEFINITIONAL_REPRESENTATION('',(#7087),#7091);
#7087 = LINE('',#7088,#7089);
#7088 = CARTESIAN_POINT('',(6.28318530718,-0.));
#7089 = VECTOR('',#7090,1.);
#7090 = DIRECTION('',(0.,1.));
#7091 = ( GEOMETRIC_REPRESENTATION_CONTEXT(2) 
PARAMETRIC_REPRESENTATION_CONTEXT() REPRESENTATION_CONTEXT('2D SPACE',''
  ) );
#7092 = PCURVE('',#7059,#7093);
#7093 = DEFINITIONAL_REPRESENTATION('',(#7094),#7098);
#7094 = LINE('',#7095,#7096);
#7095 = CARTESIAN_POINT('',(0.,-0.));
#7096 = VECTOR('',#7097,1.);
#7097 = DIRECTION('',(0.,1.));
#7098 = ( GEOMETRIC_REPRESENTATION_CONTEXT(2) 
PARAMETRIC_REPRESENTATION_CONTEXT() REPRESENTATION_CONTEXT('2D SPACE',''
  ) );
#7099 = ORIENTED_EDGE('',*,*,#7049,.T.);
#7100 = ORIENTED_EDGE('',*,*,#7078,.T.);
#7101 = ( GEOMETRIC_REPRESENTATION_CONTEXT(3) 
GLOBAL_UNCERTAINTY_ASSIGNED_CONTEXT((#7105)) 
GLOBAL_UNIT_ASSIGNED_CONTEXT((#7102,#7103,#7104)) REPRESENTATION_CONTEXT
('Context #1','3D Context with UNIT and UNCERTAINTY') );
#7102 = ( LENGTH_UNIT() NAMED_UNIT(*) SI_UNIT($,.METRE.) );
#7103 = ( NAMED_UNIT(*) PLANE_ANGLE_UNIT() SI_UNIT($,.RADIAN.) );
#7104 = ( NAMED_UNIT(*) SI_UNIT($,.STERADIAN.) SOLID_ANGLE_UNIT() );
#7105 = UNCERTAINTY_MEASURE_WITH_UNIT(LENGTH_MEASURE(1.E-07),#7102,
  'distance_accuracy_value','confusion accuracy');
#7106 = PRODUCT_RELATED_PRODUCT_CATEGORY('part',$,(#6981));
#7107 = SHAPE_DEFINITION_REPRESENTATION(#7108,#7114);
#7108 = PRODUCT_DEFINITION_SHAPE('','',#7109);
#7109 = PRODUCT_DEFINITION('design','',#7110,#7113);
#7110 = PRODUCT_DEFINITION_FORMATION('','',#7111);
#7111 = PRODUCT('Cryostat_O','Cryostat_O','',(#7112));
#7112 = PRODUCT_CONTEXT('',#2,'mechanical');
#7113 = PRODUCT_DEFINITION_CONTEXT('part definition',#2,'design');
#7114 = ADVANCED_BREP_SHAPE_REPRESENTATION('',(#11,#7115),#7173);
#7115 = MANIFOLD_SOLID_BREP('',#7116);
#7116 = CLOSED_SHELL('',(#7117));
#7117 = ADVANCED_FACE('',(#7118),#7131,.T.);
#7118 = FACE_BOUND('',#7119,.T.);
#7119 = EDGE_LOOP('',(#7120,#7149,#7171,#7172));
#7120 = ORIENTED_EDGE('',*,*,#7121,.F.);
#7121 = EDGE_CURVE('',#7122,#7122,#7124,.T.);
#7122 = VERTEX_POINT('',#7123);
#7123 = CARTESIAN_POINT('',(2.6E+03,-1.080138476848E-13,-441.));
#7124 = SEAM_CURVE('',#7125,(#7130,#7142),.PCURVE_S1.);
#7125 = CIRCLE('',#7126,441.);
#7126 = AXIS2_PLACEMENT_3D('',#7127,#7128,#7129);
#7127 = CARTESIAN_POINT('',(2.6E+03,0.,-4.894671864409E-30));
#7128 = DIRECTION('',(1.,-0.,2.22044604925E-16));
#7129 = DIRECTION('',(2.22044604925E-16,0.,-1.));
#7130 = PCURVE('',#7131,#7136);
#7131 = TOROIDAL_SURFACE('',#7132,351.,90.);
#7132 = AXIS2_PLACEMENT_3D('',#7133,#7134,#7135);
#7133 = CARTESIAN_POINT('',(2.6E+03,0.,0.));
#7134 = DIRECTION('',(1.,0.,2.22044604925E-16));
#7135 = DIRECTION('',(2.22044604925E-16,0.,-1.));
#7136 = DEFINITIONAL_REPRESENTATION('',(#7137),#7141);
#7137 = LINE('',#7138,#7139);
#7138 = CARTESIAN_POINT('',(0.,6.28318530718));
#7139 = VECTOR('',#7140,1.);
#7140 = DIRECTION('',(1.,0.));
#7141 = ( GEOMETRIC_REPRESENTATION_CONTEXT(2) 
PARAMETRIC_REPRESENTATION_CONTEXT() REPRESENTATION_CONTEXT('2D SPACE',''
  ) );
#7142 = PCURVE('',#7131,#7143);
#7143 = DEFINITIONAL_REPRESENTATION('',(#7144),#7148);
#7144 = LINE('',#7145,#7146);
#7145 = CARTESIAN_POINT('',(0.,0.));
#7146 = VECTOR('',#7147,1.);
#7147 = DIRECTION('',(1.,0.));
#7148 = ( GEOMETRIC_REPRESENTATION_CONTEXT(2) 
PARAMETRIC_REPRESENTATION_CONTEXT() REPRESENTATION_CONTEXT('2D SPACE',''
  ) );
#7149 = ORIENTED_EDGE('',*,*,#7150,.F.);
#7150 = EDGE_CURVE('',#7122,#7122,#7151,.T.);
#7151 = SEAM_CURVE('',#7152,(#7157,#7164),.PCURVE_S1.);
#7152 = CIRCLE('',#7153,90.);
#7153 = AXIS2_PLACEMENT_3D('',#7154,#7155,#7156);
#7154 = CARTESIAN_POINT('',(2.6E+03,-8.597020530014E-14,-351.));
#7155 = DIRECTION('',(-5.438524293788E-32,-1.,2.449293598295E-16));
#7156 = DIRECTION('',(2.22044604925E-16,-2.449293598295E-16,-1.));
#7157 = PCURVE('',#7131,#7158);
#7158 = DEFINITIONAL_REPRESENTATION('',(#7159),#7163);
#7159 = LINE('',#7160,#7161);
#7160 = CARTESIAN_POINT('',(6.28318530718,-0.));
#7161 = VECTOR('',#7162,1.);
#7162 = DIRECTION('',(0.,1.));
#7163 = ( GEOMETRIC_REPRESENTATION_CONTEXT(2) 
PARAMETRIC_REPRESENTATION_CONTEXT() REPRESENTATION_CONTEXT('2D SPACE',''
  ) );
#7164 = PCURVE('',#7131,#7165);
#7165 = DEFINITIONAL_REPRESENTATION('',(#7166),#7170);
#7166 = LINE('',#7167,#7168);
#7167 = CARTESIAN_POINT('',(0.,-0.));
#7168 = VECTOR('',#7169,1.);
#7169 = DIRECTION('',(0.,1.));
#7170 = ( GEOMETRIC_REPRESENTATION_CONTEXT(2) 
PARAMETRIC_REPRESENTATION_CONTEXT() REPRESENTATION_CONTEXT('2D SPACE',''
  ) );
#7171 = ORIENTED_EDGE('',*,*,#7121,.T.);
#7172 = ORIENTED_EDGE('',*,*,#7150,.T.);
#7173 = ( GEOMETRIC_REPRESENTATION_CONTEXT(3) 
GLOBAL_UNCERTAINTY_ASSIGNED_CONTEXT((#7177)) 
GLOBAL_UNIT_ASSIGNED_CONTEXT((#7174,#7175,#7176)) REPRESENTATION_CONTEXT
('Context #1','3D Context with UNIT and UNCERTAINTY') );
#7174 = ( LENGTH_UNIT() NAMED_UNIT(*) SI_UNIT($,.METRE.) );
#7175 = ( NAMED_UNIT(*) PLANE_ANGLE_UNIT() SI_UNIT($,.RADIAN.) );
#7176 = ( NAMED_UNIT(*) SI_UNIT($,.STERADIAN.) SOLID_ANGLE_UNIT() );
#7177 = UNCERTAINTY_MEASURE_WITH_UNIT(LENGTH_MEASURE(1.E-07),#7174,
  'distance_accuracy_value','confusion accuracy');
#7178 = PRODUCT_RELATED_PRODUCT_CATEGORY('part',$,(#7111));
#7179 = SHAPE_DEFINITION_REPRESENTATION(#7180,#7186);
#7180 = PRODUCT_DEFINITION_SHAPE('','',#7181);
#7181 = PRODUCT_DEFINITION('design','',#7182,#7185);
#7182 = PRODUCT_DEFINITION_FORMATION('','',#7183);
#7183 = PRODUCT('Cryostat','Cryostat','',(#7184));
#7184 = PRODUCT_CONTEXT('',#2,'mechanical');
#7185 = PRODUCT_DEFINITION_CONTEXT('part definition',#2,'design');
#7186 = ADVANCED_BREP_SHAPE_REPRESENTATION('',(#11,#7187),#7413);
#7187 = MANIFOLD_SOLID_BREP('',#7188);
#7188 = CLOSED_SHELL('',(#7189,#7278,#7334,#7385));
#7189 = ADVANCED_FACE('',(#7190),#7205,.T.);
#7190 = FACE_BOUND('',#7191,.T.);
#7191 = EDGE_LOOP('',(#7192,#7223,#7250,#7251));
#7192 = ORIENTED_EDGE('',*,*,#7193,.F.);
#7193 = EDGE_CURVE('',#7194,#7196,#7198,.T.);
#7194 = VERTEX_POINT('',#7195);
#7195 = CARTESIAN_POINT('',(2.6E+03,-1.080138476848E-13,-441.));
#7196 = VERTEX_POINT('',#7197);
#7197 = CARTESIAN_POINT('',(2.674155242566E+03,-7.347880794884E-14,-300.
    ));
#7198 = SEAM_CURVE('',#7199,(#7204,#7216),.PCURVE_S1.);
#7199 = CIRCLE('',#7200,90.);
#7200 = AXIS2_PLACEMENT_3D('',#7201,#7202,#7203);
#7201 = CARTESIAN_POINT('',(2.6E+03,-8.597020530014E-14,-351.));
#7202 = DIRECTION('',(-5.438524293788E-32,-1.,2.449293598295E-16));
#7203 = DIRECTION('',(2.22044604925E-16,-2.449293598295E-16,-1.));
#7204 = PCURVE('',#7205,#7210);
#7205 = TOROIDAL_SURFACE('',#7206,351.,90.);
#7206 = AXIS2_PLACEMENT_3D('',#7207,#7208,#7209);
#7207 = CARTESIAN_POINT('',(2.6E+03,0.,0.));
#7208 = DIRECTION('',(1.,0.,2.22044604925E-16));
#7209 = DIRECTION('',(2.22044604925E-16,0.,-1.));
#7210 = DEFINITIONAL_REPRESENTATION('',(#7211),#7215);
#7211 = LINE('',#7212,#7213);
#7212 = CARTESIAN_POINT('',(0.,-0.));
#7213 = VECTOR('',#7214,1.);
#7214 = DIRECTION('',(0.,1.));
#7215 = ( GEOMETRIC_REPRESENTATION_CONTEXT(2) 
PARAMETRIC_REPRESENTATION_CONTEXT() REPRESENTATION_CONTEXT('2D SPACE',''
  ) );
#7216 = PCURVE('',#7205,#7217);
#7217 = DEFINITIONAL_REPRESENTATION('',(#7218),#7222);
#7218 = LINE('',#7219,#7220);
#7219 = CARTESIAN_POINT('',(6.28318530718,-0.));
#7220 = VECTOR('',#7221,1.);
#7221 = DIRECTION('',(0.,1.));
#7222 = ( GEOMETRIC_REPRESENTATION_CONTEXT(2) 
PARAMETRIC_REPRESENTATION_CONTEXT() REPRESENTATION_CONTEXT('2D SPACE',''
  ) );
#7223 = ORIENTED_EDGE('',*,*,#7224,.T.);
#7224 = EDGE_CURVE('',#7194,#7194,#7225,.T.);
#7225 = SURFACE_CURVE('',#7226,(#7231,#7238),.PCURVE_S1.);
#7226 = CIRCLE('',#7227,441.);
#7227 = AXIS2_PLACEMENT_3D('',#7228,#7229,#7230);
#7228 = CARTESIAN_POINT('',(2.6E+03,0.,-4.894671864409E-30));
#7229 = DIRECTION('',(1.,-0.,2.22044604925E-16));
#7230 = DIRECTION('',(2.22044604925E-16,0.,-1.));
#7231 = PCURVE('',#7205,#7232);
#7232 = DEFINITIONAL_REPRESENTATION('',(#7233),#7237);
#7233 = LINE('',#7234,#7235);
#7234 = CARTESIAN_POINT('',(0.,0.));
#7235 = VECTOR('',#7236,1.);
#7236 = DIRECTION('',(1.,0.));
#7237 = ( GEOMETRIC_REPRESENTATION_CONTEXT(2) 
PARAMETRIC_REPRESENTATION_CONTEXT() REPRESENTATION_CONTEXT('2D SPACE',''
  ) );
#7238 = PCURVE('',#7239,#7244);
#7239 = TOROIDAL_SURFACE('',#7240,351.,90.);
#7240 = AXIS2_PLACEMENT_3D('',#7241,#7242,#7243);
#7241 = CARTESIAN_POINT('',(2.6E+03,0.,0.));
#7242 = DIRECTION('',(1.,0.,2.22044604925E-16));
#7243 = DIRECTION('',(2.22044604925E-16,0.,-1.));
#7244 = DEFINITIONAL_REPRESENTATION('',(#7245),#7249);
#7245 = LINE('',#7246,#7247);
#7246 = CARTESIAN_POINT('',(0.,6.28318530718));
#7247 = VECTOR('',#7248,1.);
#7248 = DIRECTION('',(1.,0.));
#7249 = ( GEOMETRIC_REPRESENTATION_CONTEXT(2) 
PARAMETRIC_REPRESENTATION_CONTEXT() REPRESENTATION_CONTEXT('2D SPACE',''
  ) );
#7250 = ORIENTED_EDGE('',*,*,#7193,.T.);
#7251 = ORIENTED_EDGE('',*,*,#7252,.F.);
#7252 = EDGE_CURVE('',#7196,#7196,#7253,.T.);
#7253 = SURFACE_CURVE('',#7254,(#7259,#7266),.PCURVE_S1.);
#7254 = CIRCLE('',#7255,300.);
#7255 = AXIS2_PLACEMENT_3D('',#7256,#7257,#7258);
#7256 = CARTESIAN_POINT('',(2.674155242566E+03,0.,0.));
#7257 = DIRECTION('',(1.,-0.,2.22044604925E-16));
#7258 = DIRECTION('',(2.22044604925E-16,0.,-1.));
#7259 = PCURVE('',#7205,#7260);
#7260 = DEFINITIONAL_REPRESENTATION('',(#7261),#7265);
#7261 = LINE('',#7262,#7263);
#7262 = CARTESIAN_POINT('',(0.,2.17325096018));
#7263 = VECTOR('',#7264,1.);
#7264 = DIRECTION('',(1.,0.));
#7265 = ( GEOMETRIC_REPRESENTATION_CONTEXT(2) 
PARAMETRIC_REPRESENTATION_CONTEXT() REPRESENTATION_CONTEXT('2D SPACE',''
  ) );
#7266 = PCURVE('',#7267,#7272);
#7267 = TOROIDAL_SURFACE('',#7268,335.,82.);
#7268 = AXIS2_PLACEMENT_3D('',#7269,#7270,#7271);
#7269 = CARTESIAN_POINT('',(2.6E+03,0.,0.));
#7270 = DIRECTION('',(1.,0.,2.22044604925E-16));
#7271 = DIRECTION('',(2.22044604925E-16,0.,-1.));
#7272 = DEFINITIONAL_REPRESENTATION('',(#7273),#7277);
#7273 = LINE('',#7274,#7275);
#7274 = CARTESIAN_POINT('',(0.,2.011780032592));
#7275 = VECTOR('',#7276,1.);
#7276 = DIRECTION('',(1.,0.));
#7277 = ( GEOMETRIC_REPRESENTATION_CONTEXT(2) 
PARAMETRIC_REPRESENTATION_CONTEXT() REPRESENTATION_CONTEXT('2D SPACE',''
  ) );
#7278 = ADVANCED_FACE('',(#7279),#7267,.F.);
#7279 = FACE_BOUND('',#7280,.F.);
#7280 = EDGE_LOOP('',(#7281,#7305,#7332,#7333));
#7281 = ORIENTED_EDGE('',*,*,#7282,.F.);
#7282 = EDGE_CURVE('',#7283,#7196,#7285,.T.);
#7283 = VERTEX_POINT('',#7284);
#7284 = CARTESIAN_POINT('',(2.6E+03,-1.021355430489E-13,-417.));
#7285 = SEAM_CURVE('',#7286,(#7291,#7298),.PCURVE_S1.);
#7286 = CIRCLE('',#7287,82.);
#7287 = AXIS2_PLACEMENT_3D('',#7288,#7289,#7290);
#7288 = CARTESIAN_POINT('',(2.6E+03,-8.205133554287E-14,-335.));
#7289 = DIRECTION('',(-5.438524293788E-32,-1.,2.449293598295E-16));
#7290 = DIRECTION('',(2.22044604925E-16,-2.449293598295E-16,-1.));
#7291 = PCURVE('',#7267,#7292);
#7292 = DEFINITIONAL_REPRESENTATION('',(#7293),#7297);
#7293 = LINE('',#7294,#7295);
#7294 = CARTESIAN_POINT('',(0.,-0.));
#7295 = VECTOR('',#7296,1.);
#7296 = DIRECTION('',(0.,1.));
#7297 = ( GEOMETRIC_REPRESENTATION_CONTEXT(2) 
PARAMETRIC_REPRESENTATION_CONTEXT() REPRESENTATION_CONTEXT('2D SPACE',''
  ) );
#7298 = PCURVE('',#7267,#7299);
#7299 = DEFINITIONAL_REPRESENTATION('',(#7300),#7304);
#7300 = LINE('',#7301,#7302);
#7301 = CARTESIAN_POINT('',(6.28318530718,-0.));
#7302 = VECTOR('',#7303,1.);
#7303 = DIRECTION('',(0.,1.));
#7304 = ( GEOMETRIC_REPRESENTATION_CONTEXT(2) 
PARAMETRIC_REPRESENTATION_CONTEXT() REPRESENTATION_CONTEXT('2D SPACE',''
  ) );
#7305 = ORIENTED_EDGE('',*,*,#7306,.T.);
#7306 = EDGE_CURVE('',#7283,#7283,#7307,.T.);
#7307 = SURFACE_CURVE('',#7308,(#7313,#7320),.PCURVE_S1.);
#7308 = CIRCLE('',#7309,417.);
#7309 = AXIS2_PLACEMENT_3D('',#7310,#7311,#7312);
#7310 = CARTESIAN_POINT('',(2.6E+03,0.,-4.459589920906E-30));
#7311 = DIRECTION('',(1.,-0.,2.22044604925E-16));
#7312 = DIRECTION('',(2.22044604925E-16,0.,-1.));
#7313 = PCURVE('',#7267,#7314);
#7314 = DEFINITIONAL_REPRESENTATION('',(#7315),#7319);
#7315 = LINE('',#7316,#7317);
#7316 = CARTESIAN_POINT('',(0.,0.));
#7317 = VECTOR('',#7318,1.);
#7318 = DIRECTION('',(1.,0.));
#7319 = ( GEOMETRIC_REPRESENTATION_CONTEXT(2) 
PARAMETRIC_REPRESENTATION_CONTEXT() REPRESENTATION_CONTEXT('2D SPACE',''
  ) );
#7320 = PCURVE('',#7321,#7326);
#7321 = TOROIDAL_SURFACE('',#7322,335.,82.);
#7322 = AXIS2_PLACEMENT_3D('',#7323,#7324,#7325);
#7323 = CARTESIAN_POINT('',(2.6E+03,0.,0.));
#7324 = DIRECTION('',(1.,0.,2.22044604925E-16));
#7325 = DIRECTION('',(2.22044604925E-16,0.,-1.));
#7326 = DEFINITIONAL_REPRESENTATION('',(#7327),#7331);
#7327 = LINE('',#7328,#7329);
#7328 = CARTESIAN_POINT('',(0.,6.28318530718));
#7329 = VECTOR('',#7330,1.);
#7330 = DIRECTION('',(1.,0.));
#7331 = ( GEOMETRIC_REPRESENTATION_CONTEXT(2) 
PARAMETRIC_REPRESENTATION_CONTEXT() REPRESENTATION_CONTEXT('2D SPACE',''
  ) );
#7332 = ORIENTED_EDGE('',*,*,#7282,.T.);
#7333 = ORIENTED_EDGE('',*,*,#7252,.F.);
#7334 = ADVANCED_FACE('',(#7335),#7239,.T.);
#7335 = FACE_BOUND('',#7336,.T.);
#7336 = EDGE_LOOP('',(#7337,#7361,#7362,#7363));
#7337 = ORIENTED_EDGE('',*,*,#7338,.T.);
#7338 = EDGE_CURVE('',#7339,#7194,#7341,.T.);
#7339 = VERTEX_POINT('',#7340);
#7340 = CARTESIAN_POINT('',(2.525844757434E+03,-7.347880794884E-14,
    -299.9999999999));
#7341 = SEAM_CURVE('',#7342,(#7347,#7354),.PCURVE_S1.);
#7342 = CIRCLE('',#7343,90.);
#7343 = AXIS2_PLACEMENT_3D('',#7344,#7345,#7346);
#7344 = CARTESIAN_POINT('',(2.6E+03,-8.597020530014E-14,-351.));
#7345 = DIRECTION('',(-5.438524293788E-32,-1.,2.449293598295E-16));
#7346 = DIRECTION('',(2.22044604925E-16,-2.449293598295E-16,-1.));
#7347 = PCURVE('',#7239,#7348);
#7348 = DEFINITIONAL_REPRESENTATION('',(#7349),#7353);
#7349 = LINE('',#7350,#7351);
#7350 = CARTESIAN_POINT('',(6.28318530718,-0.));
#7351 = VECTOR('',#7352,1.);
#7352 = DIRECTION('',(0.,1.));
#7353 = ( GEOMETRIC_REPRESENTATION_CONTEXT(2) 
PARAMETRIC_REPRESENTATION_CONTEXT() REPRESENTATION_CONTEXT('2D SPACE',''
  ) );
#7354 = PCURVE('',#7239,#7355);
#7355 = DEFINITIONAL_REPRESENTATION('',(#7356),#7360);
#7356 = LINE('',#7357,#7358);
#7357 = CARTESIAN_POINT('',(0.,-0.));
#7358 = VECTOR('',#7359,1.);
#7359 = DIRECTION('',(0.,1.));
#7360 = ( GEOMETRIC_REPRESENTATION_CONTEXT(2) 
PARAMETRIC_REPRESENTATION_CONTEXT() REPRESENTATION_CONTEXT('2D SPACE',''
  ) );
#7361 = ORIENTED_EDGE('',*,*,#7224,.F.);
#7362 = ORIENTED_EDGE('',*,*,#7338,.F.);
#7363 = ORIENTED_EDGE('',*,*,#7364,.T.);
#7364 = EDGE_CURVE('',#7339,#7339,#7365,.T.);
#7365 = SURFACE_CURVE('',#7366,(#7371,#7378),.PCURVE_S1.);
#7366 = CIRCLE('',#7367,300.);
#7367 = AXIS2_PLACEMENT_3D('',#7368,#7369,#7370);
#7368 = CARTESIAN_POINT('',(2.525844757434E+03,0.,0.));
#7369 = DIRECTION('',(1.,-0.,2.22044604925E-16));
#7370 = DIRECTION('',(2.22044604925E-16,0.,-1.));
#7371 = PCURVE('',#7239,#7372);
#7372 = DEFINITIONAL_REPRESENTATION('',(#7373),#7377);
#7373 = LINE('',#7374,#7375);
#7374 = CARTESIAN_POINT('',(0.,4.109934347));
#7375 = VECTOR('',#7376,1.);
#7376 = DIRECTION('',(1.,0.));
#7377 = ( GEOMETRIC_REPRESENTATION_CONTEXT(2) 
PARAMETRIC_REPRESENTATION_CONTEXT() REPRESENTATION_CONTEXT('2D SPACE',''
  ) );
#7378 = PCURVE('',#7321,#7379);
#7379 = DEFINITIONAL_REPRESENTATION('',(#7380),#7384);
#7380 = LINE('',#7381,#7382);
#7381 = CARTESIAN_POINT('',(0.,4.271405274587));
#7382 = VECTOR('',#7383,1.);
#7383 = DIRECTION('',(1.,0.));
#7384 = ( GEOMETRIC_REPRESENTATION_CONTEXT(2) 
PARAMETRIC_REPRESENTATION_CONTEXT() REPRESENTATION_CONTEXT('2D SPACE',''
  ) );
#7385 = ADVANCED_FACE('',(#7386),#7321,.F.);
#7386 = FACE_BOUND('',#7387,.F.);
#7387 = EDGE_LOOP('',(#7388,#7410,#7411,#7412));
#7388 = ORIENTED_EDGE('',*,*,#7389,.T.);
#7389 = EDGE_CURVE('',#7339,#7283,#7390,.T.);
#7390 = SEAM_CURVE('',#7391,(#7396,#7403),.PCURVE_S1.);
#7391 = CIRCLE('',#7392,82.);
#7392 = AXIS2_PLACEMENT_3D('',#7393,#7394,#7395);
#7393 = CARTESIAN_POINT('',(2.6E+03,-8.205133554287E-14,-335.));
#7394 = DIRECTION('',(-5.438524293788E-32,-1.,2.449293598295E-16));
#7395 = DIRECTION('',(2.22044604925E-16,-2.449293598295E-16,-1.));
#7396 = PCURVE('',#7321,#7397);
#7397 = DEFINITIONAL_REPRESENTATION('',(#7398),#7402);
#7398 = LINE('',#7399,#7400);
#7399 = CARTESIAN_POINT('',(6.28318530718,-0.));
#7400 = VECTOR('',#7401,1.);
#7401 = DIRECTION('',(0.,1.));
#7402 = ( GEOMETRIC_REPRESENTATION_CONTEXT(2) 
PARAMETRIC_REPRESENTATION_CONTEXT() REPRESENTATION_CONTEXT('2D SPACE',''
  ) );
#7403 = PCURVE('',#7321,#7404);
#7404 = DEFINITIONAL_REPRESENTATION('',(#7405),#7409);
#7405 = LINE('',#7406,#7407);
#7406 = CARTESIAN_POINT('',(0.,-0.));
#7407 = VECTOR('',#7408,1.);
#7408 = DIRECTION('',(0.,1.));
#7409 = ( GEOMETRIC_REPRESENTATION_CONTEXT(2) 
PARAMETRIC_REPRESENTATION_CONTEXT() REPRESENTATION_CONTEXT('2D SPACE',''
  ) );
#7410 = ORIENTED_EDGE('',*,*,#7306,.F.);
#7411 = ORIENTED_EDGE('',*,*,#7389,.F.);
#7412 = ORIENTED_EDGE('',*,*,#7364,.T.);
#7413 = ( GEOMETRIC_REPRESENTATION_CONTEXT(3) 
GLOBAL_UNCERTAINTY_ASSIGNED_CONTEXT((#7417)) 
GLOBAL_UNIT_ASSIGNED_CONTEXT((#7414,#7415,#7416)) REPRESENTATION_CONTEXT
('Context #1','3D Context with UNIT and UNCERTAINTY') );
#7414 = ( LENGTH_UNIT() NAMED_UNIT(*) SI_UNIT($,.METRE.) );
#7415 = ( NAMED_UNIT(*) PLANE_ANGLE_UNIT() SI_UNIT($,.RADIAN.) );
#7416 = ( NAMED_UNIT(*) SI_UNIT($,.STERADIAN.) SOLID_ANGLE_UNIT() );
#7417 = UNCERTAINTY_MEASURE_WITH_UNIT(LENGTH_MEASURE(1.E-07),#7414,
  'distance_accuracy_value','confusion accuracy');
#7418 = PRODUCT_RELATED_PRODUCT_CATEGORY('part',$,(#7183));
#7419 = SHAPE_DEFINITION_REPRESENTATION(#7420,#7426);
#7420 = PRODUCT_DEFINITION_SHAPE('','',#7421);
#7421 = PRODUCT_DEFINITION('design','',#7422,#7425);
#7422 = PRODUCT_DEFINITION_FORMATION('','',#7423);
#7423 = PRODUCT('TFi_00','TFi_00','',(#7424));
#7424 = PRODUCT_CONTEXT('',#2,'mechanical');
#7425 = PRODUCT_DEFINITION_CONTEXT('part definition',#2,'design');
#7426 = ADVANCED_BREP_SHAPE_REPRESENTATION('',(#11,#7427),#7485);
#7427 = MANIFOLD_SOLID_BREP('',#7428);
#7428 = CLOSED_SHELL('',(#7429));
#7429 = ADVANCED_FACE('',(#7430),#7443,.T.);
#7430 = FACE_BOUND('',#7431,.T.);
#7431 = EDGE_LOOP('',(#7432,#7461,#7483,#7484));
#7432 = ORIENTED_EDGE('',*,*,#7433,.F.);
#7433 = EDGE_CURVE('',#7434,#7434,#7436,.T.);
#7434 = VERTEX_POINT('',#7435);
#7435 = CARTESIAN_POINT('',(2.6E+03,-8.425569978134E-14,-344.));
#7436 = SEAM_CURVE('',#7437,(#7442,#7454),.PCURVE_S1.);
#7437 = CIRCLE('',#7438,344.);
#7438 = AXIS2_PLACEMENT_3D('',#7439,#7440,#7441);
#7439 = CARTESIAN_POINT('',(2.6E+03,0.,-2.392950689267E-30));
#7440 = DIRECTION('',(1.,-0.,2.22044604925E-16));
#7441 = DIRECTION('',(2.22044604925E-16,0.,-1.));
#7442 = PCURVE('',#7443,#7448);
#7443 = TOROIDAL_SURFACE('',#7444,300.,44.);
#7444 = AXIS2_PLACEMENT_3D('',#7445,#7446,#7447);
#7445 = CARTESIAN_POINT('',(2.6E+03,0.,0.));
#7446 = DIRECTION('',(1.,0.,2.22044604925E-16));
#7447 = DIRECTION('',(2.22044604925E-16,0.,-1.));
#7448 = DEFINITIONAL_REPRESENTATION('',(#7449),#7453);
#7449 = LINE('',#7450,#7451);
#7450 = CARTESIAN_POINT('',(0.,6.28318530718));
#7451 = VECTOR('',#7452,1.);
#7452 = DIRECTION('',(1.,0.));
#7453 = ( GEOMETRIC_REPRESENTATION_CONTEXT(2) 
PARAMETRIC_REPRESENTATION_CONTEXT() REPRESENTATION_CONTEXT('2D SPACE',''
  ) );
#7454 = PCURVE('',#7443,#7455);
#7455 = DEFINITIONAL_REPRESENTATION('',(#7456),#7460);
#7456 = LINE('',#7457,#7458);
#7457 = CARTESIAN_POINT('',(0.,0.));
#7458 = VECTOR('',#7459,1.);
#7459 = DIRECTION('',(1.,0.));
#7460 = ( GEOMETRIC_REPRESENTATION_CONTEXT(2) 
PARAMETRIC_REPRESENTATION_CONTEXT() REPRESENTATION_CONTEXT('2D SPACE',''
  ) );
#7461 = ORIENTED_EDGE('',*,*,#7462,.F.);
#7462 = EDGE_CURVE('',#7434,#7434,#7463,.T.);
#7463 = SEAM_CURVE('',#7464,(#7469,#7476),.PCURVE_S1.);
#7464 = CIRCLE('',#7465,44.);
#7465 = AXIS2_PLACEMENT_3D('',#7466,#7467,#7468);
#7466 = CARTESIAN_POINT('',(2.6E+03,-7.347880794884E-14,-300.));
#7467 = DIRECTION('',(-5.438524293788E-32,-1.,2.449293598295E-16));
#7468 = DIRECTION('',(2.22044604925E-16,-2.449293598295E-16,-1.));
#7469 = PCURVE('',#7443,#7470);
#7470 = DEFINITIONAL_REPRESENTATION('',(#7471),#7475);
#7471 = LINE('',#7472,#7473);
#7472 = CARTESIAN_POINT('',(6.28318530718,-0.));
#7473 = VECTOR('',#7474,1.);
#7474 = DIRECTION('',(0.,1.));
#7475 = ( GEOMETRIC_REPRESENTATION_CONTEXT(2) 
PARAMETRIC_REPRESENTATION_CONTEXT() REPRESENTATION_CONTEXT('2D SPACE',''
  ) );
#7476 = PCURVE('',#7443,#7477);
#7477 = DEFINITIONAL_REPRESENTATION('',(#7478),#7482);
#7478 = LINE('',#7479,#7480);
#7479 = CARTESIAN_POINT('',(0.,-0.));
#7480 = VECTOR('',#7481,1.);
#7481 = DIRECTION('',(0.,1.));
#7482 = ( GEOMETRIC_REPRESENTATION_CONTEXT(2) 
PARAMETRIC_REPRESENTATION_CONTEXT() REPRESENTATION_CONTEXT('2D SPACE',''
  ) );
#7483 = ORIENTED_EDGE('',*,*,#7433,.T.);
#7484 = ORIENTED_EDGE('',*,*,#7462,.T.);
#7485 = ( GEOMETRIC_REPRESENTATION_CONTEXT(3) 
GLOBAL_UNCERTAINTY_ASSIGNED_CONTEXT((#7489)) 
GLOBAL_UNIT_ASSIGNED_CONTEXT((#7486,#7487,#7488)) REPRESENTATION_CONTEXT
('Context #1','3D Context with UNIT and UNCERTAINTY') );
#7486 = ( LENGTH_UNIT() NAMED_UNIT(*) SI_UNIT($,.METRE.) );
#7487 = ( NAMED_UNIT(*) PLANE_ANGLE_UNIT() SI_UNIT($,.RADIAN.) );
#7488 = ( NAMED_UNIT(*) SI_UNIT($,.STERADIAN.) SOLID_ANGLE_UNIT() );
#7489 = UNCERTAINTY_MEASURE_WITH_UNIT(LENGTH_MEASURE(1.E-07),#7486,
  'distance_accuracy_value','confusion accuracy');
#7490 = PRODUCT_RELATED_PRODUCT_CATEGORY('part',$,(#7423));
#7491 = SHAPE_DEFINITION_REPRESENTATION(#7492,#7498);
#7492 = PRODUCT_DEFINITION_SHAPE('','',#7493);
#7493 = PRODUCT_DEFINITION('design','',#7494,#7497);
#7494 = PRODUCT_DEFINITION_FORMATION('','',#7495);
#7495 = PRODUCT('TFo_01','TFo_01','',(#7496));
#7496 = PRODUCT_CONTEXT('',#2,'mechanical');
#7497 = PRODUCT_DEFINITION_CONTEXT('part definition',#2,'design');
#7498 = ADVANCED_BREP_SHAPE_REPRESENTATION('',(#11,#7499),#7557);
#7499 = MANIFOLD_SOLID_BREP('',#7500);
#7500 = CLOSED_SHELL('',(#7501));
#7501 = ADVANCED_FACE('',(#7502),#7515,.T.);
#7502 = FACE_BOUND('',#7503,.T.);
#7503 = EDGE_LOOP('',(#7504,#7533,#7555,#7556));
#7504 = ORIENTED_EDGE('',*,*,#7505,.F.);
#7505 = EDGE_CURVE('',#7506,#7506,#7508,.T.);
#7506 = VERTEX_POINT('',#7507);
#7507 = CARTESIAN_POINT('',(2.6E+03,-8.817456953861E-14,-360.));
#7508 = SEAM_CURVE('',#7509,(#7514,#7526),.PCURVE_S1.);
#7509 = CIRCLE('',#7510,360.);
#7510 = AXIS2_PLACEMENT_3D('',#7511,#7512,#7513);
#7511 = CARTESIAN_POINT('',(2.6E+03,0.,-3.263114576273E-30));
#7512 = DIRECTION('',(1.,-0.,2.22044604925E-16));
#7513 = DIRECTION('',(2.22044604925E-16,0.,-1.));
#7514 = PCURVE('',#7515,#7520);
#7515 = TOROIDAL_SURFACE('',#7516,300.,60.);
#7516 = AXIS2_PLACEMENT_3D('',#7517,#7518,#7519);
#7517 = CARTESIAN_POINT('',(2.6E+03,0.,0.));
#7518 = DIRECTION('',(1.,0.,2.22044604925E-16));
#7519 = DIRECTION('',(2.22044604925E-16,0.,-1.));
#7520 = DEFINITIONAL_REPRESENTATION('',(#7521),#7525);
#7521 = LINE('',#7522,#7523);
#7522 = CARTESIAN_POINT('',(0.,6.28318530718));
#7523 = VECTOR('',#7524,1.);
#7524 = DIRECTION('',(1.,0.));
#7525 = ( GEOMETRIC_REPRESENTATION_CONTEXT(2) 
PARAMETRIC_REPRESENTATION_CONTEXT() REPRESENTATION_CONTEXT('2D SPACE',''
  ) );
#7526 = PCURVE('',#7515,#7527);
#7527 = DEFINITIONAL_REPRESENTATION('',(#7528),#7532);
#7528 = LINE('',#7529,#7530);
#7529 = CARTESIAN_POINT('',(0.,0.));
#7530 = VECTOR('',#7531,1.);
#7531 = DIRECTION('',(1.,0.));
#7532 = ( GEOMETRIC_REPRESENTATION_CONTEXT(2) 
PARAMETRIC_REPRESENTATION_CONTEXT() REPRESENTATION_CONTEXT('2D SPACE',''
  ) );
#7533 = ORIENTED_EDGE('',*,*,#7534,.F.);
#7534 = EDGE_CURVE('',#7506,#7506,#7535,.T.);
#7535 = SEAM_CURVE('',#7536,(#7541,#7548),.PCURVE_S1.);
#7536 = CIRCLE('',#7537,60.);
#7537 = AXIS2_PLACEMENT_3D('',#7538,#7539,#7540);
#7538 = CARTESIAN_POINT('',(2.6E+03,-7.347880794884E-14,-300.));
#7539 = DIRECTION('',(-5.438524293788E-32,-1.,2.449293598295E-16));
#7540 = DIRECTION('',(2.22044604925E-16,-2.449293598295E-16,-1.));
#7541 = PCURVE('',#7515,#7542);
#7542 = DEFINITIONAL_REPRESENTATION('',(#7543),#7547);
#7543 = LINE('',#7544,#7545);
#7544 = CARTESIAN_POINT('',(6.28318530718,-0.));
#7545 = VECTOR('',#7546,1.);
#7546 = DIRECTION('',(0.,1.));
#7547 = ( GEOMETRIC_REPRESENTATION_CONTEXT(2) 
PARAMETRIC_REPRESENTATION_CONTEXT() REPRESENTATION_CONTEXT('2D SPACE',''
  ) );
#7548 = PCURVE('',#7515,#7549);
#7549 = DEFINITIONAL_REPRESENTATION('',(#7550),#7554);
#7550 = LINE('',#7551,#7552);
#7551 = CARTESIAN_POINT('',(0.,-0.));
#7552 = VECTOR('',#7553,1.);
#7553 = DIRECTION('',(0.,1.));
#7554 = ( GEOMETRIC_REPRESENTATION_CONTEXT(2) 
PARAMETRIC_REPRESENTATION_CONTEXT() REPRESENTATION_CONTEXT('2D SPACE',''
  ) );
#7555 = ORIENTED_EDGE('',*,*,#7505,.T.);
#7556 = ORIENTED_EDGE('',*,*,#7534,.T.);
#7557 = ( GEOMETRIC_REPRESENTATION_CONTEXT(3) 
GLOBAL_UNCERTAINTY_ASSIGNED_CONTEXT((#7561)) 
GLOBAL_UNIT_ASSIGNED_CONTEXT((#7558,#7559,#7560)) REPRESENTATION_CONTEXT
('Context #1','3D Context with UNIT and UNCERTAINTY') );
#7558 = ( LENGTH_UNIT() NAMED_UNIT(*) SI_UNIT($,.METRE.) );
#7559 = ( NAMED_UNIT(*) PLANE_ANGLE_UNIT() SI_UNIT($,.RADIAN.) );
#7560 = ( NAMED_UNIT(*) SI_UNIT($,.STERADIAN.) SOLID_ANGLE_UNIT() );
#7561 = UNCERTAINTY_MEASURE_WITH_UNIT(LENGTH_MEASURE(1.E-07),#7558,
  'distance_accuracy_value','confusion accuracy');
#7562 = PRODUCT_RELATED_PRODUCT_CATEGORY('part',$,(#7495));
#7563 = SHAPE_DEFINITION_REPRESENTATION(#7564,#7570);
#7564 = PRODUCT_DEFINITION_SHAPE('','',#7565);
#7565 = PRODUCT_DEFINITION('design','',#7566,#7569);
#7566 = PRODUCT_DEFINITION_FORMATION('','',#7567);
#7567 = PRODUCT('TFi_01','TFi_01','',(#7568));
#7568 = PRODUCT_CONTEXT('',#2,'mechanical');
#7569 = PRODUCT_DEFINITION_CONTEXT('part definition',#2,'design');
#7570 = ADVANCED_BREP_SHAPE_REPRESENTATION('',(#11,#7571),#7629);
#7571 = MANIFOLD_SOLID_BREP('',#7572);
#7572 = CLOSED_SHELL('',(#7573));
#7573 = ADVANCED_FACE('',(#7574),#7587,.T.);
#7574 = FACE_BOUND('',#7575,.T.);
#7575 = EDGE_LOOP('',(#7576,#7605,#7627,#7628));
#7576 = ORIENTED_EDGE('',*,*,#7577,.F.);
#7577 = EDGE_CURVE('',#7578,#7578,#7580,.T.);
#7578 = VERTEX_POINT('',#7579);
#7579 = CARTESIAN_POINT('',(2.6E+03,-8.425569978134E-14,-344.));
#7580 = SEAM_CURVE('',#7581,(#7586,#7598),.PCURVE_S1.);
#7581 = CIRCLE('',#7582,344.);
#7582 = AXIS2_PLACEMENT_3D('',#7583,#7584,#7585);
#7583 = CARTESIAN_POINT('',(2.6E+03,0.,-2.392950689267E-30));
#7584 = DIRECTION('',(1.,-0.,2.22044604925E-16));
#7585 = DIRECTION('',(2.22044604925E-16,0.,-1.));
#7586 = PCURVE('',#7587,#7592);
#7587 = TOROIDAL_SURFACE('',#7588,300.,44.);
#7588 = AXIS2_PLACEMENT_3D('',#7589,#7590,#7591);
#7589 = CARTESIAN_POINT('',(2.6E+03,0.,0.));
#7590 = DIRECTION('',(1.,0.,2.22044604925E-16));
#7591 = DIRECTION('',(2.22044604925E-16,0.,-1.));
#7592 = DEFINITIONAL_REPRESENTATION('',(#7593),#7597);
#7593 = LINE('',#7594,#7595);
#7594 = CARTESIAN_POINT('',(0.,6.28318530718));
#7595 = VECTOR('',#7596,1.);
#7596 = DIRECTION('',(1.,0.));
#7597 = ( GEOMETRIC_REPRESENTATION_CONTEXT(2) 
PARAMETRIC_REPRESENTATION_CONTEXT() REPRESENTATION_CONTEXT('2D SPACE',''
  ) );
#7598 = PCURVE('',#7587,#7599);
#7599 = DEFINITIONAL_REPRESENTATION('',(#7600),#7604);
#7600 = LINE('',#7601,#7602);
#7601 = CARTESIAN_POINT('',(0.,0.));
#7602 = VECTOR('',#7603,1.);
#7603 = DIRECTION('',(1.,0.));
#7604 = ( GEOMETRIC_REPRESENTATION_CONTEXT(2) 
PARAMETRIC_REPRESENTATION_CONTEXT() REPRESENTATION_CONTEXT('2D SPACE',''
  ) );
#7605 = ORIENTED_EDGE('',*,*,#7606,.F.);
#7606 = EDGE_CURVE('',#7578,#7578,#7607,.T.);
#7607 = SEAM_CURVE('',#7608,(#7613,#7620),.PCURVE_S1.);
#7608 = CIRCLE('',#7609,44.);
#7609 = AXIS2_PLACEMENT_3D('',#7610,#7611,#7612);
#7610 = CARTESIAN_POINT('',(2.6E+03,-7.347880794884E-14,-300.));
#7611 = DIRECTION('',(-5.438524293788E-32,-1.,2.449293598295E-16));
#7612 = DIRECTION('',(2.22044604925E-16,-2.449293598295E-16,-1.));
#7613 = PCURVE('',#7587,#7614);
#7614 = DEFINITIONAL_REPRESENTATION('',(#7615),#7619);
#7615 = LINE('',#7616,#7617);
#7616 = CARTESIAN_POINT('',(6.28318530718,-0.));
#7617 = VECTOR('',#7618,1.);
#7618 = DIRECTION('',(0.,1.));
#7619 = ( GEOMETRIC_REPRESENTATION_CONTEXT(2) 
PARAMETRIC_REPRESENTATION_CONTEXT() REPRESENTATION_CONTEXT('2D SPACE',''
  ) );
#7620 = PCURVE('',#7587,#7621);
#7621 = DEFINITIONAL_REPRESENTATION('',(#7622),#7626);
#7622 = LINE('',#7623,#7624);
#7623 = CARTESIAN_POINT('',(0.,-0.));
#7624 = VECTOR('',#7625,1.);
#7625 = DIRECTION('',(0.,1.));
#7626 = ( GEOMETRIC_REPRESENTATION_CONTEXT(2) 
PARAMETRIC_REPRESENTATION_CONTEXT() REPRESENTATION_CONTEXT('2D SPACE',''
  ) );
#7627 = ORIENTED_EDGE('',*,*,#7577,.T.);
#7628 = ORIENTED_EDGE('',*,*,#7606,.T.);
#7629 = ( GEOMETRIC_REPRESENTATION_CONTEXT(3) 
GLOBAL_UNCERTAINTY_ASSIGNED_CONTEXT((#7633)) 
GLOBAL_UNIT_ASSIGNED_CONTEXT((#7630,#7631,#7632)) REPRESENTATION_CONTEXT
('Context #1','3D Context with UNIT and UNCERTAINTY') );
#7630 = ( LENGTH_UNIT() NAMED_UNIT(*) SI_UNIT($,.METRE.) );
#7631 = ( NAMED_UNIT(*) PLANE_ANGLE_UNIT() SI_UNIT($,.RADIAN.) );
#7632 = ( NAMED_UNIT(*) SI_UNIT($,.STERADIAN.) SOLID_ANGLE_UNIT() );
#7633 = UNCERTAINTY_MEASURE_WITH_UNIT(LENGTH_MEASURE(1.E-07),#7630,
  'distance_accuracy_value','confusion accuracy');
#7634 = PRODUCT_RELATED_PRODUCT_CATEGORY('part',$,(#7567));
#7635 = SHAPE_DEFINITION_REPRESENTATION(#7636,#7642);
#7636 = PRODUCT_DEFINITION_SHAPE('','',#7637);
#7637 = PRODUCT_DEFINITION('design','',#7638,#7641);
#7638 = PRODUCT_DEFINITION_FORMATION('','',#7639);
#7639 = PRODUCT('Port_04','Port_04','',(#7640));
#7640 = PRODUCT_CONTEXT('',#2,'mechanical');
#7641 = PRODUCT_DEFINITION_CONTEXT('part definition',#2,'design');
#7642 = ADVANCED_BREP_SHAPE_REPRESENTATION('',(#11,#7643),#7741);
#7643 = MANIFOLD_SOLID_BREP('',#7644);
#7644 = CLOSED_SHELL('',(#7645,#7733,#7737));
#7645 = ADVANCED_FACE('',(#7646),#7659,.T.);
#7646 = FACE_BOUND('',#7647,.T.);
#7647 = EDGE_LOOP('',(#7648,#7682,#7705,#7732));
#7648 = ORIENTED_EDGE('',*,*,#7649,.F.);
#7649 = EDGE_CURVE('',#7650,#7650,#7652,.T.);
#7650 = VERTEX_POINT('',#7651);
#7651 = CARTESIAN_POINT('',(2.36E+03,-505.,3.429011037613E-14));
#7652 = SURFACE_CURVE('',#7653,(#7658,#7670),.PCURVE_S1.);
#7653 = CIRCLE('',#7654,75.);
#7654 = AXIS2_PLACEMENT_3D('',#7655,#7656,#7657);
#7655 = CARTESIAN_POINT('',(2.36E+03,-430.,5.265981236334E-14));
#7656 = DIRECTION('',(-1.,1.224646799147E-16,0.));
#7657 = DIRECTION('',(-1.224646799147E-16,-1.,0.));
#7658 = PCURVE('',#7659,#7664);
#7659 = CYLINDRICAL_SURFACE('',#7660,75.);
#7660 = AXIS2_PLACEMENT_3D('',#7661,#7662,#7663);
#7661 = CARTESIAN_POINT('',(2.6E+03,-430.,5.265981236334E-14));
#7662 = DIRECTION('',(-1.,1.224646799147E-16,0.));
#7663 = DIRECTION('',(-1.224646799147E-16,-1.,0.));
#7664 = DEFINITIONAL_REPRESENTATION('',(#7665),#7669);
#7665 = LINE('',#7666,#7667);
#7666 = CARTESIAN_POINT('',(0.,240.));
#7667 = VECTOR('',#7668,1.);
#7668 = DIRECTION('',(1.,0.));
#7669 = ( GEOMETRIC_REPRESENTATION_CONTEXT(2) 
PARAMETRIC_REPRESENTATION_CONTEXT() REPRESENTATION_CONTEXT('2D SPACE',''
  ) );
#7670 = PCURVE('',#7671,#7676);
#7671 = PLANE('',#7672);
#7672 = AXIS2_PLACEMENT_3D('',#7673,#7674,#7675);
#7673 = CARTESIAN_POINT('',(2.36E+03,-430.,5.265981236334E-14));
#7674 = DIRECTION('',(-1.,1.224646799147E-16,0.));
#7675 = DIRECTION('',(-1.224646799147E-16,-1.,0.));
#7676 = DEFINITIONAL_REPRESENTATION('',(#7677),#7681);
#7677 = CIRCLE('',#7678,75.);
#7678 = AXIS2_PLACEMENT_2D('',#7679,#7680);
#7679 = CARTESIAN_POINT('',(0.,0.));
#7680 = DIRECTION('',(1.,0.));
#7681 = ( GEOMETRIC_REPRESENTATION_CONTEXT(2) 
PARAMETRIC_REPRESENTATION_CONTEXT() REPRESENTATION_CONTEXT('2D SPACE',''
  ) );
#7682 = ORIENTED_EDGE('',*,*,#7683,.F.);
#7683 = EDGE_CURVE('',#7684,#7650,#7686,.T.);
#7684 = VERTEX_POINT('',#7685);
#7685 = CARTESIAN_POINT('',(2.6E+03,-505.,3.429011037613E-14));
#7686 = SEAM_CURVE('',#7687,(#7691,#7698),.PCURVE_S1.);
#7687 = LINE('',#7688,#7689);
#7688 = CARTESIAN_POINT('',(2.6E+03,-505.,3.429011037613E-14));
#7689 = VECTOR('',#7690,1.);
#7690 = DIRECTION('',(-1.,1.224646799147E-16,0.));
#7691 = PCURVE('',#7659,#7692);
#7692 = DEFINITIONAL_REPRESENTATION('',(#7693),#7697);
#7693 = LINE('',#7694,#7695);
#7694 = CARTESIAN_POINT('',(6.28318530718,-0.));
#7695 = VECTOR('',#7696,1.);
#7696 = DIRECTION('',(0.,1.));
#7697 = ( GEOMETRIC_REPRESENTATION_CONTEXT(2) 
PARAMETRIC_REPRESENTATION_CONTEXT() REPRESENTATION_CONTEXT('2D SPACE',''
  ) );
#7698 = PCURVE('',#7659,#7699);
#7699 = DEFINITIONAL_REPRESENTATION('',(#7700),#7704);
#7700 = LINE('',#7701,#7702);
#7701 = CARTESIAN_POINT('',(0.,-0.));
#7702 = VECTOR('',#7703,1.);
#7703 = DIRECTION('',(0.,1.));
#7704 = ( GEOMETRIC_REPRESENTATION_CONTEXT(2) 
PARAMETRIC_REPRESENTATION_CONTEXT() REPRESENTATION_CONTEXT('2D SPACE',''
  ) );
#7705 = ORIENTED_EDGE('',*,*,#7706,.T.);
#7706 = EDGE_CURVE('',#7684,#7684,#7707,.T.);
#7707 = SURFACE_CURVE('',#7708,(#7713,#7720),.PCURVE_S1.);
#7708 = CIRCLE('',#7709,75.);
#7709 = AXIS2_PLACEMENT_3D('',#7710,#7711,#7712);
#7710 = CARTESIAN_POINT('',(2.6E+03,-430.,5.265981236334E-14));
#7711 = DIRECTION('',(-1.,1.224646799147E-16,0.));
#7712 = DIRECTION('',(-1.224646799147E-16,-1.,0.));
#7713 = PCURVE('',#7659,#7714);
#7714 = DEFINITIONAL_REPRESENTATION('',(#7715),#7719);
#7715 = LINE('',#7716,#7717);
#7716 = CARTESIAN_POINT('',(0.,0.));
#7717 = VECTOR('',#7718,1.);
#7718 = DIRECTION('',(1.,0.));
#7719 = ( GEOMETRIC_REPRESENTATION_CONTEXT(2) 
PARAMETRIC_REPRESENTATION_CONTEXT() REPRESENTATION_CONTEXT('2D SPACE',''
  ) );
#7720 = PCURVE('',#7721,#7726);
#7721 = PLANE('',#7722);
#7722 = AXIS2_PLACEMENT_3D('',#7723,#7724,#7725);
#7723 = CARTESIAN_POINT('',(2.6E+03,-430.,5.265981236334E-14));
#7724 = DIRECTION('',(-1.,1.224646799147E-16,0.));
#7725 = DIRECTION('',(-1.224646799147E-16,-1.,0.));
#7726 = DEFINITIONAL_REPRESENTATION('',(#7727),#7731);
#7727 = CIRCLE('',#7728,75.);
#7728 = AXIS2_PLACEMENT_2D('',#7729,#7730);
#7729 = CARTESIAN_POINT('',(0.,0.));
#7730 = DIRECTION('',(1.,0.));
#7731 = ( GEOMETRIC_REPRESENTATION_CONTEXT(2) 
PARAMETRIC_REPRESENTATION_CONTEXT() REPRESENTATION_CONTEXT('2D SPACE',''
  ) );
#7732 = ORIENTED_EDGE('',*,*,#7683,.T.);
#7733 = ADVANCED_FACE('',(#7734),#7671,.T.);
#7734 = FACE_BOUND('',#7735,.T.);
#7735 = EDGE_LOOP('',(#7736));
#7736 = ORIENTED_EDGE('',*,*,#7649,.T.);
#7737 = ADVANCED_FACE('',(#7738),#7721,.F.);
#7738 = FACE_BOUND('',#7739,.T.);
#7739 = EDGE_LOOP('',(#7740));
#7740 = ORIENTED_EDGE('',*,*,#7706,.F.);
#7741 = ( GEOMETRIC_REPRESENTATION_CONTEXT(3) 
GLOBAL_UNCERTAINTY_ASSIGNED_CONTEXT((#7745)) 
GLOBAL_UNIT_ASSIGNED_CONTEXT((#7742,#7743,#7744)) REPRESENTATION_CONTEXT
('Context #1','3D Context with UNIT and UNCERTAINTY') );
#7742 = ( LENGTH_UNIT() NAMED_UNIT(*) SI_UNIT($,.METRE.) );
#7743 = ( NAMED_UNIT(*) PLANE_ANGLE_UNIT() SI_UNIT($,.RADIAN.) );
#7744 = ( NAMED_UNIT(*) SI_UNIT($,.STERADIAN.) SOLID_ANGLE_UNIT() );
#7745 = UNCERTAINTY_MEASURE_WITH_UNIT(LENGTH_MEASURE(1.E-07),#7742,
  'distance_accuracy_value','confusion accuracy');
#7746 = PRODUCT_RELATED_PRODUCT_CATEGORY('part',$,(#7639));
#7747 = SHAPE_DEFINITION_REPRESENTATION(#7748,#7754);
#7748 = PRODUCT_DEFINITION_SHAPE('','',#7749);
#7749 = PRODUCT_DEFINITION('design','',#7750,#7753);
#7750 = PRODUCT_DEFINITION_FORMATION('','',#7751);
#7751 = PRODUCT('Port_05','Port_05','',(#7752));
#7752 = PRODUCT_CONTEXT('',#2,'mechanical');
#7753 = PRODUCT_DEFINITION_CONTEXT('part definition',#2,'design');
#7754 = ADVANCED_BREP_SHAPE_REPRESENTATION('',(#11,#7755),#7853);
#7755 = MANIFOLD_SOLID_BREP('',#7756);
#7756 = CLOSED_SHELL('',(#7757,#7845,#7849));
#7757 = ADVANCED_FACE('',(#7758),#7771,.T.);
#7758 = FACE_BOUND('',#7759,.T.);
#7759 = EDGE_LOOP('',(#7760,#7794,#7817,#7844));
#7760 = ORIENTED_EDGE('',*,*,#7761,.F.);
#7761 = EDGE_CURVE('',#7762,#7762,#7764,.T.);
#7762 = VERTEX_POINT('',#7763);
#7763 = CARTESIAN_POINT('',(2.483327381104E+03,-526.7945519839,
    -304.0559159102));
#7764 = SURFACE_CURVE('',#7765,(#7770,#7782),.PCURVE_S1.);
#7765 = CIRCLE('',#7766,75.);
#7766 = AXIS2_PLACEMENT_3D('',#7767,#7768,#7769);
#7767 = CARTESIAN_POINT('',(2.430294372515E+03,-473.7615433949,
    -304.0559159102));
#7768 = DIRECTION('',(-0.707106781187,-0.707106781187,0.));
#7769 = DIRECTION('',(0.707106781187,-0.707106781187,0.));
#7770 = PCURVE('',#7771,#7776);
#7771 = CYLINDRICAL_SURFACE('',#7772,75.);
#7772 = AXIS2_PLACEMENT_3D('',#7773,#7774,#7775);
#7773 = CARTESIAN_POINT('',(2.6E+03,-304.0559159102,-304.0559159102));
#7774 = DIRECTION('',(-0.707106781187,-0.707106781187,0.));
#7775 = DIRECTION('',(0.707106781187,-0.707106781187,0.));
#7776 = DEFINITIONAL_REPRESENTATION('',(#7777),#7781);
#7777 = LINE('',#7778,#7779);
#7778 = CARTESIAN_POINT('',(0.,240.));
#7779 = VECTOR('',#7780,1.);
#7780 = DIRECTION('',(1.,0.));
#7781 = ( GEOMETRIC_REPRESENTATION_CONTEXT(2) 
PARAMETRIC_REPRESENTATION_CONTEXT() REPRESENTATION_CONTEXT('2D SPACE',''
  ) );
#7782 = PCURVE('',#7783,#7788);
#7783 = PLANE('',#7784);
#7784 = AXIS2_PLACEMENT_3D('',#7785,#7786,#7787);
#7785 = CARTESIAN_POINT('',(2.430294372515E+03,-473.7615433949,
    -304.0559159102));
#7786 = DIRECTION('',(-0.707106781187,-0.707106781187,0.));
#7787 = DIRECTION('',(0.707106781187,-0.707106781187,0.));
#7788 = DEFINITIONAL_REPRESENTATION('',(#7789),#7793);
#7789 = CIRCLE('',#7790,75.);
#7790 = AXIS2_PLACEMENT_2D('',#7791,#7792);
#7791 = CARTESIAN_POINT('',(0.,0.));
#7792 = DIRECTION('',(1.,0.));
#7793 = ( GEOMETRIC_REPRESENTATION_CONTEXT(2) 
PARAMETRIC_REPRESENTATION_CONTEXT() REPRESENTATION_CONTEXT('2D SPACE',''
  ) );
#7794 = ORIENTED_EDGE('',*,*,#7795,.F.);
#7795 = EDGE_CURVE('',#7796,#7762,#7798,.T.);
#7796 = VERTEX_POINT('',#7797);
#7797 = CARTESIAN_POINT('',(2.653033008589E+03,-357.0889244992,
    -304.0559159102));
#7798 = SEAM_CURVE('',#7799,(#7803,#7810),.PCURVE_S1.);
#7799 = LINE('',#7800,#7801);
#7800 = CARTESIAN_POINT('',(2.653033008589E+03,-357.0889244992,
    -304.0559159102));
#7801 = VECTOR('',#7802,1.);
#7802 = DIRECTION('',(-0.707106781187,-0.707106781187,
    -2.465190328816E-32));
#7803 = PCURVE('',#7771,#7804);
#7804 = DEFINITIONAL_REPRESENTATION('',(#7805),#7809);
#7805 = LINE('',#7806,#7807);
#7806 = CARTESIAN_POINT('',(6.28318530718,-0.));
#7807 = VECTOR('',#7808,1.);
#7808 = DIRECTION('',(0.,1.));
#7809 = ( GEOMETRIC_REPRESENTATION_CONTEXT(2) 
PARAMETRIC_REPRESENTATION_CONTEXT() REPRESENTATION_CONTEXT('2D SPACE',''
  ) );
#7810 = PCURVE('',#7771,#7811);
#7811 = DEFINITIONAL_REPRESENTATION('',(#7812),#7816);
#7812 = LINE('',#7813,#7814);
#7813 = CARTESIAN_POINT('',(0.,-0.));
#7814 = VECTOR('',#7815,1.);
#7815 = DIRECTION('',(0.,1.));
#7816 = ( GEOMETRIC_REPRESENTATION_CONTEXT(2) 
PARAMETRIC_REPRESENTATION_CONTEXT() REPRESENTATION_CONTEXT('2D SPACE',''
  ) );
#7817 = ORIENTED_EDGE('',*,*,#7818,.T.);
#7818 = EDGE_CURVE('',#7796,#7796,#7819,.T.);
#7819 = SURFACE_CURVE('',#7820,(#7825,#7832),.PCURVE_S1.);
#7820 = CIRCLE('',#7821,75.);
#7821 = AXIS2_PLACEMENT_3D('',#7822,#7823,#7824);
#7822 = CARTESIAN_POINT('',(2.6E+03,-304.0559159102,-304.0559159102));
#7823 = DIRECTION('',(-0.707106781187,-0.707106781187,0.));
#7824 = DIRECTION('',(0.707106781187,-0.707106781187,0.));
#7825 = PCURVE('',#7771,#7826);
#7826 = DEFINITIONAL_REPRESENTATION('',(#7827),#7831);
#7827 = LINE('',#7828,#7829);
#7828 = CARTESIAN_POINT('',(0.,0.));
#7829 = VECTOR('',#7830,1.);
#7830 = DIRECTION('',(1.,0.));
#7831 = ( GEOMETRIC_REPRESENTATION_CONTEXT(2) 
PARAMETRIC_REPRESENTATION_CONTEXT() REPRESENTATION_CONTEXT('2D SPACE',''
  ) );
#7832 = PCURVE('',#7833,#7838);
#7833 = PLANE('',#7834);
#7834 = AXIS2_PLACEMENT_3D('',#7835,#7836,#7837);
#7835 = CARTESIAN_POINT('',(2.6E+03,-304.0559159102,-304.0559159102));
#7836 = DIRECTION('',(-0.707106781187,-0.707106781187,0.));
#7837 = DIRECTION('',(0.707106781187,-0.707106781187,0.));
#7838 = DEFINITIONAL_REPRESENTATION('',(#7839),#7843);
#7839 = CIRCLE('',#7840,75.);
#7840 = AXIS2_PLACEMENT_2D('',#7841,#7842);
#7841 = CARTESIAN_POINT('',(0.,0.));
#7842 = DIRECTION('',(1.,0.));
#7843 = ( GEOMETRIC_REPRESENTATION_CONTEXT(2) 
PARAMETRIC_REPRESENTATION_CONTEXT() REPRESENTATION_CONTEXT('2D SPACE',''
  ) );
#7844 = ORIENTED_EDGE('',*,*,#7795,.T.);
#7845 = ADVANCED_FACE('',(#7846),#7783,.T.);
#7846 = FACE_BOUND('',#7847,.T.);
#7847 = EDGE_LOOP('',(#7848));
#7848 = ORIENTED_EDGE('',*,*,#7761,.T.);
#7849 = ADVANCED_FACE('',(#7850),#7833,.F.);
#7850 = FACE_BOUND('',#7851,.T.);
#7851 = EDGE_LOOP('',(#7852));
#7852 = ORIENTED_EDGE('',*,*,#7818,.F.);
#7853 = ( GEOMETRIC_REPRESENTATION_CONTEXT(3) 
GLOBAL_UNCERTAINTY_ASSIGNED_CONTEXT((#7857)) 
GLOBAL_UNIT_ASSIGNED_CONTEXT((#7854,#7855,#7856)) REPRESENTATION_CONTEXT
('Context #1','3D Context with UNIT and UNCERTAINTY') );
#7854 = ( LENGTH_UNIT() NAMED_UNIT(*) SI_UNIT($,.METRE.) );
#7855 = ( NAMED_UNIT(*) PLANE_ANGLE_UNIT() SI_UNIT($,.RADIAN.) );
#7856 = ( NAMED_UNIT(*) SI_UNIT($,.STERADIAN.) SOLID_ANGLE_UNIT() );
#7857 = UNCERTAINTY_MEASURE_WITH_UNIT(LENGTH_MEASURE(1.E-07),#7854,
  'distance_accuracy_value','confusion accuracy');
#7858 = PRODUCT_RELATED_PRODUCT_CATEGORY('part',$,(#7751));
#7859 = SHAPE_DEFINITION_REPRESENTATION(#7860,#7866);
#7860 = PRODUCT_DEFINITION_SHAPE('','',#7861);
#7861 = PRODUCT_DEFINITION('design','',#7862,#7865);
#7862 = PRODUCT_DEFINITION_FORMATION('','',#7863);
#7863 = PRODUCT('Port_03','Port_03','',(#7864));
#7864 = PRODUCT_CONTEXT('',#2,'mechanical');
#7865 = PRODUCT_DEFINITION_CONTEXT('part definition',#2,'design');
#7866 = ADVANCED_BREP_SHAPE_REPRESENTATION('',(#11,#7867),#7965);
#7867 = MANIFOLD_SOLID_BREP('',#7868);
#7868 = CLOSED_SHELL('',(#7869,#7957,#7961));
#7869 = ADVANCED_FACE('',(#7870),#7883,.T.);
#7870 = FACE_BOUND('',#7871,.T.);
#7871 = EDGE_LOOP('',(#7872,#7906,#7929,#7956));
#7872 = ORIENTED_EDGE('',*,*,#7873,.F.);
#7873 = EDGE_CURVE('',#7874,#7874,#7876,.T.);
#7874 = VERTEX_POINT('',#7875);
#7875 = CARTESIAN_POINT('',(2.483327381104E+03,-81.31727983645,
    304.05591591021));
#7876 = SURFACE_CURVE('',#7877,(#7882,#7894),.PCURVE_S1.);
#7877 = CIRCLE('',#7878,75.);
#7878 = AXIS2_PLACEMENT_3D('',#7879,#7880,#7881);
#7879 = CARTESIAN_POINT('',(2.430294372515E+03,-134.3502884254,
    304.05591591021));
#7880 = DIRECTION('',(-0.707106781187,0.707106781187,0.));
#7881 = DIRECTION('',(0.707106781187,0.707106781187,0.));
#7882 = PCURVE('',#7883,#7888);
#7883 = CYLINDRICAL_SURFACE('',#7884,75.);
#7884 = AXIS2_PLACEMENT_3D('',#7885,#7886,#7887);
#7885 = CARTESIAN_POINT('',(2.6E+03,-304.0559159102,304.05591591021));
#7886 = DIRECTION('',(-0.707106781187,0.707106781187,0.));
#7887 = DIRECTION('',(0.707106781187,0.707106781187,0.));
#7888 = DEFINITIONAL_REPRESENTATION('',(#7889),#7893);
#7889 = LINE('',#7890,#7891);
#7890 = CARTESIAN_POINT('',(0.,240.));
#7891 = VECTOR('',#7892,1.);
#7892 = DIRECTION('',(1.,0.));
#7893 = ( GEOMETRIC_REPRESENTATION_CONTEXT(2) 
PARAMETRIC_REPRESENTATION_CONTEXT() REPRESENTATION_CONTEXT('2D SPACE',''
  ) );
#7894 = PCURVE('',#7895,#7900);
#7895 = PLANE('',#7896);
#7896 = AXIS2_PLACEMENT_3D('',#7897,#7898,#7899);
#7897 = CARTESIAN_POINT('',(2.430294372515E+03,-134.3502884254,
    304.05591591021));
#7898 = DIRECTION('',(-0.707106781187,0.707106781187,0.));
#7899 = DIRECTION('',(0.707106781187,0.707106781187,0.));
#7900 = DEFINITIONAL_REPRESENTATION('',(#7901),#7905);
#7901 = CIRCLE('',#7902,75.);
#7902 = AXIS2_PLACEMENT_2D('',#7903,#7904);
#7903 = CARTESIAN_POINT('',(0.,0.));
#7904 = DIRECTION('',(1.,0.));
#7905 = ( GEOMETRIC_REPRESENTATION_CONTEXT(2) 
PARAMETRIC_REPRESENTATION_CONTEXT() REPRESENTATION_CONTEXT('2D SPACE',''
  ) );
#7906 = ORIENTED_EDGE('',*,*,#7907,.F.);
#7907 = EDGE_CURVE('',#7908,#7874,#7910,.T.);
#7908 = VERTEX_POINT('',#7909);
#7909 = CARTESIAN_POINT('',(2.653033008589E+03,-251.0229073212,
    304.05591591021));
#7910 = SEAM_CURVE('',#7911,(#7915,#7922),.PCURVE_S1.);
#7911 = LINE('',#7912,#7913);
#7912 = CARTESIAN_POINT('',(2.653033008589E+03,-251.0229073212,
    304.05591591021));
#7913 = VECTOR('',#7914,1.);
#7914 = DIRECTION('',(-0.707106781187,0.707106781187,0.));
#7915 = PCURVE('',#7883,#7916);
#7916 = DEFINITIONAL_REPRESENTATION('',(#7917),#7921);
#7917 = LINE('',#7918,#7919);
#7918 = CARTESIAN_POINT('',(6.28318530718,-0.));
#7919 = VECTOR('',#7920,1.);
#7920 = DIRECTION('',(0.,1.));
#7921 = ( GEOMETRIC_REPRESENTATION_CONTEXT(2) 
PARAMETRIC_REPRESENTATION_CONTEXT() REPRESENTATION_CONTEXT('2D SPACE',''
  ) );
#7922 = PCURVE('',#7883,#7923);
#7923 = DEFINITIONAL_REPRESENTATION('',(#7924),#7928);
#7924 = LINE('',#7925,#7926);
#7925 = CARTESIAN_POINT('',(0.,-0.));
#7926 = VECTOR('',#7927,1.);
#7927 = DIRECTION('',(0.,1.));
#7928 = ( GEOMETRIC_REPRESENTATION_CONTEXT(2) 
PARAMETRIC_REPRESENTATION_CONTEXT() REPRESENTATION_CONTEXT('2D SPACE',''
  ) );
#7929 = ORIENTED_EDGE('',*,*,#7930,.T.);
#7930 = EDGE_CURVE('',#7908,#7908,#7931,.T.);
#7931 = SURFACE_CURVE('',#7932,(#7937,#7944),.PCURVE_S1.);
#7932 = CIRCLE('',#7933,75.);
#7933 = AXIS2_PLACEMENT_3D('',#7934,#7935,#7936);
#7934 = CARTESIAN_POINT('',(2.6E+03,-304.0559159102,304.05591591021));
#7935 = DIRECTION('',(-0.707106781187,0.707106781187,0.));
#7936 = DIRECTION('',(0.707106781187,0.707106781187,0.));
#7937 = PCURVE('',#7883,#7938);
#7938 = DEFINITIONAL_REPRESENTATION('',(#7939),#7943);
#7939 = LINE('',#7940,#7941);
#7940 = CARTESIAN_POINT('',(0.,0.));
#7941 = VECTOR('',#7942,1.);
#7942 = DIRECTION('',(1.,0.));
#7943 = ( GEOMETRIC_REPRESENTATION_CONTEXT(2) 
PARAMETRIC_REPRESENTATION_CONTEXT() REPRESENTATION_CONTEXT('2D SPACE',''
  ) );
#7944 = PCURVE('',#7945,#7950);
#7945 = PLANE('',#7946);
#7946 = AXIS2_PLACEMENT_3D('',#7947,#7948,#7949);
#7947 = CARTESIAN_POINT('',(2.6E+03,-304.0559159102,304.05591591021));
#7948 = DIRECTION('',(-0.707106781187,0.707106781187,0.));
#7949 = DIRECTION('',(0.707106781187,0.707106781187,0.));
#7950 = DEFINITIONAL_REPRESENTATION('',(#7951),#7955);
#7951 = CIRCLE('',#7952,75.);
#7952 = AXIS2_PLACEMENT_2D('',#7953,#7954);
#7953 = CARTESIAN_POINT('',(0.,0.));
#7954 = DIRECTION('',(1.,0.));
#7955 = ( GEOMETRIC_REPRESENTATION_CONTEXT(2) 
PARAMETRIC_REPRESENTATION_CONTEXT() REPRESENTATION_CONTEXT('2D SPACE',''
  ) );
#7956 = ORIENTED_EDGE('',*,*,#7907,.T.);
#7957 = ADVANCED_FACE('',(#7958),#7895,.T.);
#7958 = FACE_BOUND('',#7959,.T.);
#7959 = EDGE_LOOP('',(#7960));
#7960 = ORIENTED_EDGE('',*,*,#7873,.T.);
#7961 = ADVANCED_FACE('',(#7962),#7945,.F.);
#7962 = FACE_BOUND('',#7963,.T.);
#7963 = EDGE_LOOP('',(#7964));
#7964 = ORIENTED_EDGE('',*,*,#7930,.F.);
#7965 = ( GEOMETRIC_REPRESENTATION_CONTEXT(3) 
GLOBAL_UNCERTAINTY_ASSIGNED_CONTEXT((#7969)) 
GLOBAL_UNIT_ASSIGNED_CONTEXT((#7966,#7967,#7968)) REPRESENTATION_CONTEXT
('Context #1','3D Context with UNIT and UNCERTAINTY') );
#7966 = ( LENGTH_UNIT() NAMED_UNIT(*) SI_UNIT($,.METRE.) );
#7967 = ( NAMED_UNIT(*) PLANE_ANGLE_UNIT() SI_UNIT($,.RADIAN.) );
#7968 = ( NAMED_UNIT(*) SI_UNIT($,.STERADIAN.) SOLID_ANGLE_UNIT() );
#7969 = UNCERTAINTY_MEASURE_WITH_UNIT(LENGTH_MEASURE(1.E-07),#7966,
  'distance_accuracy_value','confusion accuracy');
#7970 = PRODUCT_RELATED_PRODUCT_CATEGORY('part',$,(#7863));
#7971 = SHAPE_DEFINITION_REPRESENTATION(#7972,#7978);
#7972 = PRODUCT_DEFINITION_SHAPE('','',#7973);
#7973 = PRODUCT_DEFINITION('design','',#7974,#7977);
#7974 = PRODUCT_DEFINITION_FORMATION('','',#7975);
#7975 = PRODUCT('Port_02','Port_02','',(#7976));
#7976 = PRODUCT_CONTEXT('',#2,'mechanical');
#7977 = PRODUCT_DEFINITION_CONTEXT('part definition',#2,'design');
#7978 = ADVANCED_BREP_SHAPE_REPRESENTATION('',(#11,#7979),#8077);
#7979 = MANIFOLD_SOLID_BREP('',#7980);
#7980 = CLOSED_SHELL('',(#7981,#8069,#8073));
#7981 = ADVANCED_FACE('',(#7982),#7995,.T.);
#7982 = FACE_BOUND('',#7983,.T.);
#7983 = EDGE_LOOP('',(#7984,#8018,#8041,#8068));
#7984 = ORIENTED_EDGE('',*,*,#7985,.F.);
#7985 = EDGE_CURVE('',#7986,#7986,#7988,.T.);
#7986 = VERTEX_POINT('',#7987);
#7987 = CARTESIAN_POINT('',(2.675E+03,240.,430.));
#7988 = SURFACE_CURVE('',#7989,(#7994,#8006),.PCURVE_S1.);
#7989 = CIRCLE('',#7990,75.);
#7990 = AXIS2_PLACEMENT_3D('',#7991,#7992,#7993);
#7991 = CARTESIAN_POINT('',(2.6E+03,240.,430.));
#7992 = DIRECTION('',(6.123233995737E-17,1.,0.));
#7993 = DIRECTION('',(1.,-6.123233995737E-17,0.));
#7994 = PCURVE('',#7995,#8000);
#7995 = CYLINDRICAL_SURFACE('',#7996,75.);
#7996 = AXIS2_PLACEMENT_3D('',#7997,#7998,#7999);
#7997 = CARTESIAN_POINT('',(2.6E+03,2.632990618167E-14,430.));
#7998 = DIRECTION('',(6.123233995737E-17,1.,0.));
#7999 = DIRECTION('',(1.,-6.123233995737E-17,0.));
#8000 = DEFINITIONAL_REPRESENTATION('',(#8001),#8005);
#8001 = LINE('',#8002,#8003);
#8002 = CARTESIAN_POINT('',(0.,240.));
#8003 = VECTOR('',#8004,1.);
#8004 = DIRECTION('',(1.,0.));
#8005 = ( GEOMETRIC_REPRESENTATION_CONTEXT(2) 
PARAMETRIC_REPRESENTATION_CONTEXT() REPRESENTATION_CONTEXT('2D SPACE',''
  ) );
#8006 = PCURVE('',#8007,#8012);
#8007 = PLANE('',#8008);
#8008 = AXIS2_PLACEMENT_3D('',#8009,#8010,#8011);
#8009 = CARTESIAN_POINT('',(2.6E+03,240.,430.));
#8010 = DIRECTION('',(6.123233995737E-17,1.,0.));
#8011 = DIRECTION('',(1.,-6.123233995737E-17,0.));
#8012 = DEFINITIONAL_REPRESENTATION('',(#8013),#8017);
#8013 = CIRCLE('',#8014,75.);
#8014 = AXIS2_PLACEMENT_2D('',#8015,#8016);
#8015 = CARTESIAN_POINT('',(0.,0.));
#8016 = DIRECTION('',(1.,0.));
#8017 = ( GEOMETRIC_REPRESENTATION_CONTEXT(2) 
PARAMETRIC_REPRESENTATION_CONTEXT() REPRESENTATION_CONTEXT('2D SPACE',''
  ) );
#8018 = ORIENTED_EDGE('',*,*,#8019,.F.);
#8019 = EDGE_CURVE('',#8020,#7986,#8022,.T.);
#8020 = VERTEX_POINT('',#8021);
#8021 = CARTESIAN_POINT('',(2.675E+03,2.173748068487E-14,430.));
#8022 = SEAM_CURVE('',#8023,(#8027,#8034),.PCURVE_S1.);
#8023 = LINE('',#8024,#8025);
#8024 = CARTESIAN_POINT('',(2.675E+03,2.173748068487E-14,430.));
#8025 = VECTOR('',#8026,1.);
#8026 = DIRECTION('',(6.123233995737E-17,1.,0.));
#8027 = PCURVE('',#7995,#8028);
#8028 = DEFINITIONAL_REPRESENTATION('',(#8029),#8033);
#8029 = LINE('',#8030,#8031);
#8030 = CARTESIAN_POINT('',(6.28318530718,-0.));
#8031 = VECTOR('',#8032,1.);
#8032 = DIRECTION('',(0.,1.));
#8033 = ( GEOMETRIC_REPRESENTATION_CONTEXT(2) 
PARAMETRIC_REPRESENTATION_CONTEXT() REPRESENTATION_CONTEXT('2D SPACE',''
  ) );
#8034 = PCURVE('',#7995,#8035);
#8035 = DEFINITIONAL_REPRESENTATION('',(#8036),#8040);
#8036 = LINE('',#8037,#8038);
#8037 = CARTESIAN_POINT('',(0.,-0.));
#8038 = VECTOR('',#8039,1.);
#8039 = DIRECTION('',(0.,1.));
#8040 = ( GEOMETRIC_REPRESENTATION_CONTEXT(2) 
PARAMETRIC_REPRESENTATION_CONTEXT() REPRESENTATION_CONTEXT('2D SPACE',''
  ) );
#8041 = ORIENTED_EDGE('',*,*,#8042,.T.);
#8042 = EDGE_CURVE('',#8020,#8020,#8043,.T.);
#8043 = SURFACE_CURVE('',#8044,(#8049,#8056),.PCURVE_S1.);
#8044 = CIRCLE('',#8045,75.);
#8045 = AXIS2_PLACEMENT_3D('',#8046,#8047,#8048);
#8046 = CARTESIAN_POINT('',(2.6E+03,2.632990618167E-14,430.));
#8047 = DIRECTION('',(6.123233995737E-17,1.,0.));
#8048 = DIRECTION('',(1.,-6.123233995737E-17,0.));
#8049 = PCURVE('',#7995,#8050);
#8050 = DEFINITIONAL_REPRESENTATION('',(#8051),#8055);
#8051 = LINE('',#8052,#8053);
#8052 = CARTESIAN_POINT('',(0.,0.));
#8053 = VECTOR('',#8054,1.);
#8054 = DIRECTION('',(1.,0.));
#8055 = ( GEOMETRIC_REPRESENTATION_CONTEXT(2) 
PARAMETRIC_REPRESENTATION_CONTEXT() REPRESENTATION_CONTEXT('2D SPACE',''
  ) );
#8056 = PCURVE('',#8057,#8062);
#8057 = PLANE('',#8058);
#8058 = AXIS2_PLACEMENT_3D('',#8059,#8060,#8061);
#8059 = CARTESIAN_POINT('',(2.6E+03,2.632990618167E-14,430.));
#8060 = DIRECTION('',(6.123233995737E-17,1.,0.));
#8061 = DIRECTION('',(1.,-6.123233995737E-17,0.));
#8062 = DEFINITIONAL_REPRESENTATION('',(#8063),#8067);
#8063 = CIRCLE('',#8064,75.);
#8064 = AXIS2_PLACEMENT_2D('',#8065,#8066);
#8065 = CARTESIAN_POINT('',(0.,0.));
#8066 = DIRECTION('',(1.,0.));
#8067 = ( GEOMETRIC_REPRESENTATION_CONTEXT(2) 
PARAMETRIC_REPRESENTATION_CONTEXT() REPRESENTATION_CONTEXT('2D SPACE',''
  ) );
#8068 = ORIENTED_EDGE('',*,*,#8019,.T.);
#8069 = ADVANCED_FACE('',(#8070),#8007,.T.);
#8070 = FACE_BOUND('',#8071,.T.);
#8071 = EDGE_LOOP('',(#8072));
#8072 = ORIENTED_EDGE('',*,*,#7985,.T.);
#8073 = ADVANCED_FACE('',(#8074),#8057,.F.);
#8074 = FACE_BOUND('',#8075,.T.);
#8075 = EDGE_LOOP('',(#8076));
#8076 = ORIENTED_EDGE('',*,*,#8042,.F.);
#8077 = ( GEOMETRIC_REPRESENTATION_CONTEXT(3) 
GLOBAL_UNCERTAINTY_ASSIGNED_CONTEXT((#8081)) 
GLOBAL_UNIT_ASSIGNED_CONTEXT((#8078,#8079,#8080)) REPRESENTATION_CONTEXT
('Context #1','3D Context with UNIT and UNCERTAINTY') );
#8078 = ( LENGTH_UNIT() NAMED_UNIT(*) SI_UNIT($,.METRE.) );
#8079 = ( NAMED_UNIT(*) PLANE_ANGLE_UNIT() SI_UNIT($,.RADIAN.) );
#8080 = ( NAMED_UNIT(*) SI_UNIT($,.STERADIAN.) SOLID_ANGLE_UNIT() );
#8081 = UNCERTAINTY_MEASURE_WITH_UNIT(LENGTH_MEASURE(1.E-07),#8078,
  'distance_accuracy_value','confusion accuracy');
#8082 = PRODUCT_RELATED_PRODUCT_CATEGORY('part',$,(#7975));
#8083 = SHAPE_DEFINITION_REPRESENTATION(#8084,#8090);
#8084 = PRODUCT_DEFINITION_SHAPE('','',#8085);
#8085 = PRODUCT_DEFINITION('design','',#8086,#8089);
#8086 = PRODUCT_DEFINITION_FORMATION('','',#8087);
#8087 = PRODUCT('Port_06','Port_06','',(#8088));
#8088 = PRODUCT_CONTEXT('',#2,'mechanical');
#8089 = PRODUCT_DEFINITION_CONTEXT('part definition',#2,'design');
#8090 = ADVANCED_BREP_SHAPE_REPRESENTATION('',(#11,#8091),#8189);
#8091 = MANIFOLD_SOLID_BREP('',#8092);
#8092 = CLOSED_SHELL('',(#8093,#8181,#8185));
#8093 = ADVANCED_FACE('',(#8094),#8107,.T.);
#8094 = FACE_BOUND('',#8095,.T.);
#8095 = EDGE_LOOP('',(#8096,#8130,#8153,#8180));
#8096 = ORIENTED_EDGE('',*,*,#8097,.F.);
#8097 = EDGE_CURVE('',#8098,#8098,#8100,.T.);
#8098 = VERTEX_POINT('',#8099);
#8099 = CARTESIAN_POINT('',(2.525E+03,-240.,-430.));
#8100 = SURFACE_CURVE('',#8101,(#8106,#8118),.PCURVE_S1.);
#8101 = CIRCLE('',#8102,75.);
#8102 = AXIS2_PLACEMENT_3D('',#8103,#8104,#8105);
#8103 = CARTESIAN_POINT('',(2.6E+03,-240.,-430.));
#8104 = DIRECTION('',(-1.836970198721E-16,-1.,-0.));
#8105 = DIRECTION('',(-1.,1.836970198721E-16,0.));
#8106 = PCURVE('',#8107,#8112);
#8107 = CYLINDRICAL_SURFACE('',#8108,75.);
#8108 = AXIS2_PLACEMENT_3D('',#8109,#8110,#8111);
#8109 = CARTESIAN_POINT('',(2.6E+03,-7.8989718545E-14,-430.));
#8110 = DIRECTION('',(-1.836970198721E-16,-1.,0.));
#8111 = DIRECTION('',(-1.,1.836970198721E-16,0.));
#8112 = DEFINITIONAL_REPRESENTATION('',(#8113),#8117);
#8113 = LINE('',#8114,#8115);
#8114 = CARTESIAN_POINT('',(0.,240.));
#8115 = VECTOR('',#8116,1.);
#8116 = DIRECTION('',(1.,0.));
#8117 = ( GEOMETRIC_REPRESENTATION_CONTEXT(2) 
PARAMETRIC_REPRESENTATION_CONTEXT() REPRESENTATION_CONTEXT('2D SPACE',''
  ) );
#8118 = PCURVE('',#8119,#8124);
#8119 = PLANE('',#8120);
#8120 = AXIS2_PLACEMENT_3D('',#8121,#8122,#8123);
#8121 = CARTESIAN_POINT('',(2.6E+03,-240.,-430.));
#8122 = DIRECTION('',(-1.836970198721E-16,-1.,0.));
#8123 = DIRECTION('',(-1.,1.836970198721E-16,0.));
#8124 = DEFINITIONAL_REPRESENTATION('',(#8125),#8129);
#8125 = CIRCLE('',#8126,75.);
#8126 = AXIS2_PLACEMENT_2D('',#8127,#8128);
#8127 = CARTESIAN_POINT('',(0.,0.));
#8128 = DIRECTION('',(1.,0.));
#8129 = ( GEOMETRIC_REPRESENTATION_CONTEXT(2) 
PARAMETRIC_REPRESENTATION_CONTEXT() REPRESENTATION_CONTEXT('2D SPACE',''
  ) );
#8130 = ORIENTED_EDGE('',*,*,#8131,.F.);
#8131 = EDGE_CURVE('',#8132,#8098,#8134,.T.);
#8132 = VERTEX_POINT('',#8133);
#8133 = CARTESIAN_POINT('',(2.525E+03,-6.52124420546E-14,-430.));
#8134 = SEAM_CURVE('',#8135,(#8139,#8146),.PCURVE_S1.);
#8135 = LINE('',#8136,#8137);
#8136 = CARTESIAN_POINT('',(2.525E+03,-6.52124420546E-14,-430.));
#8137 = VECTOR('',#8138,1.);
#8138 = DIRECTION('',(-1.836970198721E-16,-1.,0.));
#8139 = PCURVE('',#8107,#8140);
#8140 = DEFINITIONAL_REPRESENTATION('',(#8141),#8145);
#8141 = LINE('',#8142,#8143);
#8142 = CARTESIAN_POINT('',(6.28318530718,-0.));
#8143 = VECTOR('',#8144,1.);
#8144 = DIRECTION('',(0.,1.));
#8145 = ( GEOMETRIC_REPRESENTATION_CONTEXT(2) 
PARAMETRIC_REPRESENTATION_CONTEXT() REPRESENTATION_CONTEXT('2D SPACE',''
  ) );
#8146 = PCURVE('',#8107,#8147);
#8147 = DEFINITIONAL_REPRESENTATION('',(#8148),#8152);
#8148 = LINE('',#8149,#8150);
#8149 = CARTESIAN_POINT('',(0.,-0.));
#8150 = VECTOR('',#8151,1.);
#8151 = DIRECTION('',(0.,1.));
#8152 = ( GEOMETRIC_REPRESENTATION_CONTEXT(2) 
PARAMETRIC_REPRESENTATION_CONTEXT() REPRESENTATION_CONTEXT('2D SPACE',''
  ) );
#8153 = ORIENTED_EDGE('',*,*,#8154,.T.);
#8154 = EDGE_CURVE('',#8132,#8132,#8155,.T.);
#8155 = SURFACE_CURVE('',#8156,(#8161,#8168),.PCURVE_S1.);
#8156 = CIRCLE('',#8157,75.);
#8157 = AXIS2_PLACEMENT_3D('',#8158,#8159,#8160);
#8158 = CARTESIAN_POINT('',(2.6E+03,-7.8989718545E-14,-430.));
#8159 = DIRECTION('',(-1.836970198721E-16,-1.,-0.));
#8160 = DIRECTION('',(-1.,1.836970198721E-16,0.));
#8161 = PCURVE('',#8107,#8162);
#8162 = DEFINITIONAL_REPRESENTATION('',(#8163),#8167);
#8163 = LINE('',#8164,#8165);
#8164 = CARTESIAN_POINT('',(0.,0.));
#8165 = VECTOR('',#8166,1.);
#8166 = DIRECTION('',(1.,0.));
#8167 = ( GEOMETRIC_REPRESENTATION_CONTEXT(2) 
PARAMETRIC_REPRESENTATION_CONTEXT() REPRESENTATION_CONTEXT('2D SPACE',''
  ) );
#8168 = PCURVE('',#8169,#8174);
#8169 = PLANE('',#8170);
#8170 = AXIS2_PLACEMENT_3D('',#8171,#8172,#8173);
#8171 = CARTESIAN_POINT('',(2.6E+03,-7.8989718545E-14,-430.));
#8172 = DIRECTION('',(-1.836970198721E-16,-1.,0.));
#8173 = DIRECTION('',(-1.,1.836970198721E-16,0.));
#8174 = DEFINITIONAL_REPRESENTATION('',(#8175),#8179);
#8175 = CIRCLE('',#8176,75.);
#8176 = AXIS2_PLACEMENT_2D('',#8177,#8178);
#8177 = CARTESIAN_POINT('',(0.,0.));
#8178 = DIRECTION('',(1.,0.));
#8179 = ( GEOMETRIC_REPRESENTATION_CONTEXT(2) 
PARAMETRIC_REPRESENTATION_CONTEXT() REPRESENTATION_CONTEXT('2D SPACE',''
  ) );
#8180 = ORIENTED_EDGE('',*,*,#8131,.T.);
#8181 = ADVANCED_FACE('',(#8182),#8119,.T.);
#8182 = FACE_BOUND('',#8183,.T.);
#8183 = EDGE_LOOP('',(#8184));
#8184 = ORIENTED_EDGE('',*,*,#8097,.T.);
#8185 = ADVANCED_FACE('',(#8186),#8169,.F.);
#8186 = FACE_BOUND('',#8187,.T.);
#8187 = EDGE_LOOP('',(#8188));
#8188 = ORIENTED_EDGE('',*,*,#8154,.F.);
#8189 = ( GEOMETRIC_REPRESENTATION_CONTEXT(3) 
GLOBAL_UNCERTAINTY_ASSIGNED_CONTEXT((#8193)) 
GLOBAL_UNIT_ASSIGNED_CONTEXT((#8190,#8191,#8192)) REPRESENTATION_CONTEXT
('Context #1','3D Context with UNIT and UNCERTAINTY') );
#8190 = ( LENGTH_UNIT() NAMED_UNIT(*) SI_UNIT($,.METRE.) );
#8191 = ( NAMED_UNIT(*) PLANE_ANGLE_UNIT() SI_UNIT($,.RADIAN.) );
#8192 = ( NAMED_UNIT(*) SI_UNIT($,.STERADIAN.) SOLID_ANGLE_UNIT() );
#8193 = UNCERTAINTY_MEASURE_WITH_UNIT(LENGTH_MEASURE(1.E-07),#8190,
  'distance_accuracy_value','confusion accuracy');
#8194 = PRODUCT_RELATED_PRODUCT_CATEGORY('part',$,(#8087));
#8195 = SHAPE_DEFINITION_REPRESENTATION(#8196,#8202);
#8196 = PRODUCT_DEFINITION_SHAPE('','',#8197);
#8197 = PRODUCT_DEFINITION('design','',#8198,#8201);
#8198 = PRODUCT_DEFINITION_FORMATION('','',#8199);
#8199 = PRODUCT('Port_07','Port_07','',(#8200));
#8200 = PRODUCT_CONTEXT('',#2,'mechanical');
#8201 = PRODUCT_DEFINITION_CONTEXT('part definition',#2,'design');
#8202 = ADVANCED_BREP_SHAPE_REPRESENTATION('',(#11,#8203),#8301);
#8203 = MANIFOLD_SOLID_BREP('',#8204);
#8204 = CLOSED_SHELL('',(#8205,#8293,#8297));
#8205 = ADVANCED_FACE('',(#8206),#8219,.T.);
#8206 = FACE_BOUND('',#8207,.T.);
#8207 = EDGE_LOOP('',(#8208,#8242,#8265,#8292));
#8208 = ORIENTED_EDGE('',*,*,#8209,.F.);
#8209 = EDGE_CURVE('',#8210,#8210,#8212,.T.);
#8210 = VERTEX_POINT('',#8211);
#8211 = CARTESIAN_POINT('',(2.716672618896E+03,81.317279836453,
    -304.0559159102));
#8212 = SURFACE_CURVE('',#8213,(#8218,#8230),.PCURVE_S1.);
#8213 = CIRCLE('',#8214,75.);
#8214 = AXIS2_PLACEMENT_3D('',#8215,#8216,#8217);
#8215 = CARTESIAN_POINT('',(2.769705627485E+03,134.35028842544,
    -304.0559159102));
#8216 = DIRECTION('',(0.707106781187,-0.707106781187,0.));
#8217 = DIRECTION('',(-0.707106781187,-0.707106781187,0.));
#8218 = PCURVE('',#8219,#8224);
#8219 = CYLINDRICAL_SURFACE('',#8220,75.);
#8220 = AXIS2_PLACEMENT_3D('',#8221,#8222,#8223);
#8221 = CARTESIAN_POINT('',(2.6E+03,304.05591591021,-304.0559159102));
#8222 = DIRECTION('',(0.707106781187,-0.707106781187,0.));
#8223 = DIRECTION('',(-0.707106781187,-0.707106781187,0.));
#8224 = DEFINITIONAL_REPRESENTATION('',(#8225),#8229);
#8225 = LINE('',#8226,#8227);
#8226 = CARTESIAN_POINT('',(0.,240.));
#8227 = VECTOR('',#8228,1.);
#8228 = DIRECTION('',(1.,0.));
#8229 = ( GEOMETRIC_REPRESENTATION_CONTEXT(2) 
PARAMETRIC_REPRESENTATION_CONTEXT() REPRESENTATION_CONTEXT('2D SPACE',''
  ) );
#8230 = PCURVE('',#8231,#8236);
#8231 = PLANE('',#8232);
#8232 = AXIS2_PLACEMENT_3D('',#8233,#8234,#8235);
#8233 = CARTESIAN_POINT('',(2.769705627485E+03,134.35028842544,
    -304.0559159102));
#8234 = DIRECTION('',(0.707106781187,-0.707106781187,0.));
#8235 = DIRECTION('',(-0.707106781187,-0.707106781187,0.));
#8236 = DEFINITIONAL_REPRESENTATION('',(#8237),#8241);
#8237 = CIRCLE('',#8238,75.);
#8238 = AXIS2_PLACEMENT_2D('',#8239,#8240);
#8239 = CARTESIAN_POINT('',(0.,0.));
#8240 = DIRECTION('',(1.,0.));
#8241 = ( GEOMETRIC_REPRESENTATION_CONTEXT(2) 
PARAMETRIC_REPRESENTATION_CONTEXT() REPRESENTATION_CONTEXT('2D SPACE',''
  ) );
#8242 = ORIENTED_EDGE('',*,*,#8243,.F.);
#8243 = EDGE_CURVE('',#8244,#8210,#8246,.T.);
#8244 = VERTEX_POINT('',#8245);
#8245 = CARTESIAN_POINT('',(2.546966991411E+03,251.02290732122,
    -304.0559159102));
#8246 = SEAM_CURVE('',#8247,(#8251,#8258),.PCURVE_S1.);
#8247 = LINE('',#8248,#8249);
#8248 = CARTESIAN_POINT('',(2.546966991411E+03,251.02290732122,
    -304.0559159102));
#8249 = VECTOR('',#8250,1.);
#8250 = DIRECTION('',(0.707106781187,-0.707106781187,0.));
#8251 = PCURVE('',#8219,#8252);
#8252 = DEFINITIONAL_REPRESENTATION('',(#8253),#8257);
#8253 = LINE('',#8254,#8255);
#8254 = CARTESIAN_POINT('',(6.28318530718,-0.));
#8255 = VECTOR('',#8256,1.);
#8256 = DIRECTION('',(0.,1.));
#8257 = ( GEOMETRIC_REPRESENTATION_CONTEXT(2) 
PARAMETRIC_REPRESENTATION_CONTEXT() REPRESENTATION_CONTEXT('2D SPACE',''
  ) );
#8258 = PCURVE('',#8219,#8259);
#8259 = DEFINITIONAL_REPRESENTATION('',(#8260),#8264);
#8260 = LINE('',#8261,#8262);
#8261 = CARTESIAN_POINT('',(0.,-0.));
#8262 = VECTOR('',#8263,1.);
#8263 = DIRECTION('',(0.,1.));
#8264 = ( GEOMETRIC_REPRESENTATION_CONTEXT(2) 
PARAMETRIC_REPRESENTATION_CONTEXT() REPRESENTATION_CONTEXT('2D SPACE',''
  ) );
#8265 = ORIENTED_EDGE('',*,*,#8266,.T.);
#8266 = EDGE_CURVE('',#8244,#8244,#8267,.T.);
#8267 = SURFACE_CURVE('',#8268,(#8273,#8280),.PCURVE_S1.);
#8268 = CIRCLE('',#8269,75.);
#8269 = AXIS2_PLACEMENT_3D('',#8270,#8271,#8272);
#8270 = CARTESIAN_POINT('',(2.6E+03,304.05591591021,-304.0559159102));
#8271 = DIRECTION('',(0.707106781187,-0.707106781187,0.));
#8272 = DIRECTION('',(-0.707106781187,-0.707106781187,0.));
#8273 = PCURVE('',#8219,#8274);
#8274 = DEFINITIONAL_REPRESENTATION('',(#8275),#8279);
#8275 = LINE('',#8276,#8277);
#8276 = CARTESIAN_POINT('',(0.,0.));
#8277 = VECTOR('',#8278,1.);
#8278 = DIRECTION('',(1.,0.));
#8279 = ( GEOMETRIC_REPRESENTATION_CONTEXT(2) 
PARAMETRIC_REPRESENTATION_CONTEXT() REPRESENTATION_CONTEXT('2D SPACE',''
  ) );
#8280 = PCURVE('',#8281,#8286);
#8281 = PLANE('',#8282);
#8282 = AXIS2_PLACEMENT_3D('',#8283,#8284,#8285);
#8283 = CARTESIAN_POINT('',(2.6E+03,304.05591591021,-304.0559159102));
#8284 = DIRECTION('',(0.707106781187,-0.707106781187,0.));
#8285 = DIRECTION('',(-0.707106781187,-0.707106781187,0.));
#8286 = DEFINITIONAL_REPRESENTATION('',(#8287),#8291);
#8287 = CIRCLE('',#8288,75.);
#8288 = AXIS2_PLACEMENT_2D('',#8289,#8290);
#8289 = CARTESIAN_POINT('',(0.,0.));
#8290 = DIRECTION('',(1.,0.));
#8291 = ( GEOMETRIC_REPRESENTATION_CONTEXT(2) 
PARAMETRIC_REPRESENTATION_CONTEXT() REPRESENTATION_CONTEXT('2D SPACE',''
  ) );
#8292 = ORIENTED_EDGE('',*,*,#8243,.T.);
#8293 = ADVANCED_FACE('',(#8294),#8231,.T.);
#8294 = FACE_BOUND('',#8295,.T.);
#8295 = EDGE_LOOP('',(#8296));
#8296 = ORIENTED_EDGE('',*,*,#8209,.T.);
#8297 = ADVANCED_FACE('',(#8298),#8281,.F.);
#8298 = FACE_BOUND('',#8299,.T.);
#8299 = EDGE_LOOP('',(#8300));
#8300 = ORIENTED_EDGE('',*,*,#8266,.F.);
#8301 = ( GEOMETRIC_REPRESENTATION_CONTEXT(3) 
GLOBAL_UNCERTAINTY_ASSIGNED_CONTEXT((#8305)) 
GLOBAL_UNIT_ASSIGNED_CONTEXT((#8302,#8303,#8304)) REPRESENTATION_CONTEXT
('Context #1','3D Context with UNIT and UNCERTAINTY') );
#8302 = ( LENGTH_UNIT() NAMED_UNIT(*) SI_UNIT($,.METRE.) );
#8303 = ( NAMED_UNIT(*) PLANE_ANGLE_UNIT() SI_UNIT($,.RADIAN.) );
#8304 = ( NAMED_UNIT(*) SI_UNIT($,.STERADIAN.) SOLID_ANGLE_UNIT() );
#8305 = UNCERTAINTY_MEASURE_WITH_UNIT(LENGTH_MEASURE(1.E-07),#8302,
  'distance_accuracy_value','confusion accuracy');
#8306 = PRODUCT_RELATED_PRODUCT_CATEGORY('part',$,(#8199));
#8307 = SHAPE_DEFINITION_REPRESENTATION(#8308,#8314);
#8308 = PRODUCT_DEFINITION_SHAPE('','',#8309);
#8309 = PRODUCT_DEFINITION('design','',#8310,#8313);
#8310 = PRODUCT_DEFINITION_FORMATION('','',#8311);
#8311 = PRODUCT('RF_00','RF_00','',(#8312));
#8312 = PRODUCT_CONTEXT('',#2,'mechanical');
#8313 = PRODUCT_DEFINITION_CONTEXT('part definition',#2,'design');
#8314 = ADVANCED_BREP_SHAPE_REPRESENTATION('',(#11,#8315),#8373);
#8315 = MANIFOLD_SOLID_BREP('',#8316);
#8316 = CLOSED_SHELL('',(#8317));
#8317 = ADVANCED_FACE('',(#8318),#8331,.T.);
#8318 = FACE_BOUND('',#8319,.T.);
#8319 = EDGE_LOOP('',(#8320,#8349,#8371,#8372));
#8320 = ORIENTED_EDGE('',*,*,#8321,.F.);
#8321 = EDGE_CURVE('',#8322,#8322,#8324,.T.);
#8322 = VERTEX_POINT('',#8323);
#8323 = CARTESIAN_POINT('',(2.926E+03,-7.226929599145E-14,
    -3.417667660205E-14));
#8324 = SEAM_CURVE('',#8325,(#8330,#8342),.PCURVE_S1.);
#8325 = CIRCLE('',#8326,326.);
#8326 = AXIS2_PLACEMENT_3D('',#8327,#8328,#8329);
#8327 = CARTESIAN_POINT('',(2.6E+03,1.499686529704E-15,
    -3.620563559321E-15));
#8328 = DIRECTION('',(0.,-0.382683432365,0.923879532511));
#8329 = DIRECTION('',(1.,0.,0.));
#8330 = PCURVE('',#8331,#8336);
#8331 = TOROIDAL_SURFACE('',#8332,310.,16.);
#8332 = AXIS2_PLACEMENT_3D('',#8333,#8334,#8335);
#8333 = CARTESIAN_POINT('',(2.6E+03,0.,0.));
#8334 = DIRECTION('',(0.,-0.382683432365,0.923879532511));
#8335 = DIRECTION('',(1.,0.,0.));
#8336 = DEFINITIONAL_REPRESENTATION('',(#8337),#8341);
#8337 = LINE('',#8338,#8339);
#8338 = CARTESIAN_POINT('',(0.,6.28318530718));
#8339 = VECTOR('',#8340,1.);
#8340 = DIRECTION('',(1.,0.));
#8341 = ( GEOMETRIC_REPRESENTATION_CONTEXT(2) 
PARAMETRIC_REPRESENTATION_CONTEXT() REPRESENTATION_CONTEXT('2D SPACE',''
  ) );
#8342 = PCURVE('',#8331,#8343);
#8343 = DEFINITIONAL_REPRESENTATION('',(#8344),#8348);
#8344 = LINE('',#8345,#8346);
#8345 = CARTESIAN_POINT('',(0.,0.));
#8346 = VECTOR('',#8347,1.);
#8347 = DIRECTION('',(1.,0.));
#8348 = ( GEOMETRIC_REPRESENTATION_CONTEXT(2) 
PARAMETRIC_REPRESENTATION_CONTEXT() REPRESENTATION_CONTEXT('2D SPACE',''
  ) );
#8349 = ORIENTED_EDGE('',*,*,#8350,.F.);
#8350 = EDGE_CURVE('',#8322,#8322,#8351,.T.);
#8351 = SEAM_CURVE('',#8352,(#8357,#8364),.PCURVE_S1.);
#8352 = CIRCLE('',#8353,16.);
#8353 = AXIS2_PLACEMENT_3D('',#8354,#8355,#8356);
#8354 = CARTESIAN_POINT('',(2.91E+03,-7.014841896184E-14,
    -2.905642651302E-14));
#8355 = DIRECTION('',(-2.449293598295E-16,-0.923879532511,
    -0.382683432365));
#8356 = DIRECTION('',(1.,-2.262852224575E-16,-9.373040810653E-17));
#8357 = PCURVE('',#8331,#8358);
#8358 = DEFINITIONAL_REPRESENTATION('',(#8359),#8363);
#8359 = LINE('',#8360,#8361);
#8360 = CARTESIAN_POINT('',(6.28318530718,-0.));
#8361 = VECTOR('',#8362,1.);
#8362 = DIRECTION('',(0.,1.));
#8363 = ( GEOMETRIC_REPRESENTATION_CONTEXT(2) 
PARAMETRIC_REPRESENTATION_CONTEXT() REPRESENTATION_CONTEXT('2D SPACE',''
  ) );
#8364 = PCURVE('',#8331,#8365);
#8365 = DEFINITIONAL_REPRESENTATION('',(#8366),#8370);
#8366 = LINE('',#8367,#8368);
#8367 = CARTESIAN_POINT('',(0.,-0.));
#8368 = VECTOR('',#8369,1.);
#8369 = DIRECTION('',(0.,1.));
#8370 = ( GEOMETRIC_REPRESENTATION_CONTEXT(2) 
PARAMETRIC_REPRESENTATION_CONTEXT() REPRESENTATION_CONTEXT('2D SPACE',''
  ) );
#8371 = ORIENTED_EDGE('',*,*,#8321,.T.);
#8372 = ORIENTED_EDGE('',*,*,#8350,.T.);
#8373 = ( GEOMETRIC_REPRESENTATION_CONTEXT(3) 
GLOBAL_UNCERTAINTY_ASSIGNED_CONTEXT((#8377)) 
GLOBAL_UNIT_ASSIGNED_CONTEXT((#8374,#8375,#8376)) REPRESENTATION_CONTEXT
('Context #1','3D Context with UNIT and UNCERTAINTY') );
#8374 = ( LENGTH_UNIT() NAMED_UNIT(*) SI_UNIT($,.METRE.) );
#8375 = ( NAMED_UNIT(*) PLANE_ANGLE_UNIT() SI_UNIT($,.RADIAN.) );
#8376 = ( NAMED_UNIT(*) SI_UNIT($,.STERADIAN.) SOLID_ANGLE_UNIT() );
#8377 = UNCERTAINTY_MEASURE_WITH_UNIT(LENGTH_MEASURE(1.E-07),#8374,
  'distance_accuracy_value','confusion accuracy');
#8378 = PRODUCT_RELATED_PRODUCT_CATEGORY('part',$,(#8311));
#8379 = SHAPE_DEFINITION_REPRESENTATION(#8380,#8386);
#8380 = PRODUCT_DEFINITION_SHAPE('','',#8381);
#8381 = PRODUCT_DEFINITION('design','',#8382,#8385);
#8382 = PRODUCT_DEFINITION_FORMATION('','',#8383);
#8383 = PRODUCT('Manifold','Manifold','',(#8384));
#8384 = PRODUCT_CONTEXT('',#2,'mechanical');
#8385 = PRODUCT_DEFINITION_CONTEXT('part definition',#2,'design');
#8386 = ADVANCED_BREP_SHAPE_REPRESENTATION('',(#11,#8387),#8485);
#8387 = MANIFOLD_SOLID_BREP('',#8388);
#8388 = CLOSED_SHELL('',(#8389,#8477,#8481));
#8389 = ADVANCED_FACE('',(#8390),#8403,.T.);
#8390 = FACE_BOUND('',#8391,.T.);
#8391 = EDGE_LOOP('',(#8392,#8426,#8449,#8476));
#8392 = ORIENTED_EDGE('',*,*,#8393,.F.);
#8393 = EDGE_CURVE('',#8394,#8394,#8396,.T.);
#8394 = VERTEX_POINT('',#8395);
#8395 = CARTESIAN_POINT('',(3.29E+03,-2.694222958124E-14,-177.5));
#8396 = SURFACE_CURVE('',#8397,(#8402,#8414),.PCURVE_S1.);
#8397 = CIRCLE('',#8398,110.);
#8398 = AXIS2_PLACEMENT_3D('',#8399,#8400,#8401);
#8399 = CARTESIAN_POINT('',(3.29E+03,0.,-67.5));
#8400 = DIRECTION('',(1.,-0.,2.22044604925E-16));
#8401 = DIRECTION('',(2.22044604925E-16,0.,-1.));
#8402 = PCURVE('',#8403,#8408);
#8403 = CYLINDRICAL_SURFACE('',#8404,110.);
#8404 = AXIS2_PLACEMENT_3D('',#8405,#8406,#8407);
#8405 = CARTESIAN_POINT('',(3.01E+03,0.,-67.5));
#8406 = DIRECTION('',(1.,0.,2.22044604925E-16));
#8407 = DIRECTION('',(2.22044604925E-16,0.,-1.));
#8408 = DEFINITIONAL_REPRESENTATION('',(#8409),#8413);
#8409 = LINE('',#8410,#8411);
#8410 = CARTESIAN_POINT('',(0.,280.));
#8411 = VECTOR('',#8412,1.);
#8412 = DIRECTION('',(1.,0.));
#8413 = ( GEOMETRIC_REPRESENTATION_CONTEXT(2) 
PARAMETRIC_REPRESENTATION_CONTEXT() REPRESENTATION_CONTEXT('2D SPACE',''
  ) );
#8414 = PCURVE('',#8415,#8420);
#8415 = PLANE('',#8416);
#8416 = AXIS2_PLACEMENT_3D('',#8417,#8418,#8419);
#8417 = CARTESIAN_POINT('',(3.29E+03,0.,-67.5));
#8418 = DIRECTION('',(1.,0.,2.22044604925E-16));
#8419 = DIRECTION('',(2.22044604925E-16,0.,-1.));
#8420 = DEFINITIONAL_REPRESENTATION('',(#8421),#8425);
#8421 = CIRCLE('',#8422,110.);
#8422 = AXIS2_PLACEMENT_2D('',#8423,#8424);
#8423 = CARTESIAN_POINT('',(0.,0.));
#8424 = DIRECTION('',(1.,0.));
#8425 = ( GEOMETRIC_REPRESENTATION_CONTEXT(2) 
PARAMETRIC_REPRESENTATION_CONTEXT() REPRESENTATION_CONTEXT('2D SPACE',''
  ) );
#8426 = ORIENTED_EDGE('',*,*,#8427,.F.);
#8427 = EDGE_CURVE('',#8428,#8394,#8430,.T.);
#8428 = VERTEX_POINT('',#8429);
#8429 = CARTESIAN_POINT('',(3.01E+03,-2.694222958124E-14,-177.5));
#8430 = SEAM_CURVE('',#8431,(#8435,#8442),.PCURVE_S1.);
#8431 = LINE('',#8432,#8433);
#8432 = CARTESIAN_POINT('',(3.01E+03,-2.694222958124E-14,-177.5));
#8433 = VECTOR('',#8434,1.);
#8434 = DIRECTION('',(1.,0.,2.22044604925E-16));
#8435 = PCURVE('',#8403,#8436);
#8436 = DEFINITIONAL_REPRESENTATION('',(#8437),#8441);
#8437 = LINE('',#8438,#8439);
#8438 = CARTESIAN_POINT('',(6.28318530718,-0.));
#8439 = VECTOR('',#8440,1.);
#8440 = DIRECTION('',(0.,1.));
#8441 = ( GEOMETRIC_REPRESENTATION_CONTEXT(2) 
PARAMETRIC_REPRESENTATION_CONTEXT() REPRESENTATION_CONTEXT('2D SPACE',''
  ) );
#8442 = PCURVE('',#8403,#8443);
#8443 = DEFINITIONAL_REPRESENTATION('',(#8444),#8448);
#8444 = LINE('',#8445,#8446);
#8445 = CARTESIAN_POINT('',(0.,-0.));
#8446 = VECTOR('',#8447,1.);
#8447 = DIRECTION('',(0.,1.));
#8448 = ( GEOMETRIC_REPRESENTATION_CONTEXT(2) 
PARAMETRIC_REPRESENTATION_CONTEXT() REPRESENTATION_CONTEXT('2D SPACE',''
  ) );
#8449 = ORIENTED_EDGE('',*,*,#8450,.T.);
#8450 = EDGE_CURVE('',#8428,#8428,#8451,.T.);
#8451 = SURFACE_CURVE('',#8452,(#8457,#8464),.PCURVE_S1.);
#8452 = CIRCLE('',#8453,110.);
#8453 = AXIS2_PLACEMENT_3D('',#8454,#8455,#8456);
#8454 = CARTESIAN_POINT('',(3.01E+03,0.,-67.5));
#8455 = DIRECTION('',(1.,-0.,2.22044604925E-16));
#8456 = DIRECTION('',(2.22044604925E-16,0.,-1.));
#8457 = PCURVE('',#8403,#8458);
#8458 = DEFINITIONAL_REPRESENTATION('',(#8459),#8463);
#8459 = LINE('',#8460,#8461);
#8460 = CARTESIAN_POINT('',(0.,0.));
#8461 = VECTOR('',#8462,1.);
#8462 = DIRECTION('',(1.,0.));
#8463 = ( GEOMETRIC_REPRESENTATION_CONTEXT(2) 
PARAMETRIC_REPRESENTATION_CONTEXT() REPRESENTATION_CONTEXT('2D SPACE',''
  ) );
#8464 = PCURVE('',#8465,#8470);
#8465 = PLANE('',#8466);
#8466 = AXIS2_PLACEMENT_3D('',#8467,#8468,#8469);
#8467 = CARTESIAN_POINT('',(3.01E+03,0.,-67.5));
#8468 = DIRECTION('',(1.,0.,2.22044604925E-16));
#8469 = DIRECTION('',(2.22044604925E-16,0.,-1.));
#8470 = DEFINITIONAL_REPRESENTATION('',(#8471),#8475);
#8471 = CIRCLE('',#8472,110.);
#8472 = AXIS2_PLACEMENT_2D('',#8473,#8474);
#8473 = CARTESIAN_POINT('',(0.,0.));
#8474 = DIRECTION('',(1.,0.));
#8475 = ( GEOMETRIC_REPRESENTATION_CONTEXT(2) 
PARAMETRIC_REPRESENTATION_CONTEXT() REPRESENTATION_CONTEXT('2D SPACE',''
  ) );
#8476 = ORIENTED_EDGE('',*,*,#8427,.T.);
#8477 = ADVANCED_FACE('',(#8478),#8415,.T.);
#8478 = FACE_BOUND('',#8479,.T.);
#8479 = EDGE_LOOP('',(#8480));
#8480 = ORIENTED_EDGE('',*,*,#8393,.T.);
#8481 = ADVANCED_FACE('',(#8482),#8465,.F.);
#8482 = FACE_BOUND('',#8483,.T.);
#8483 = EDGE_LOOP('',(#8484));
#8484 = ORIENTED_EDGE('',*,*,#8450,.F.);
#8485 = ( GEOMETRIC_REPRESENTATION_CONTEXT(3) 
GLOBAL_UNCERTAINTY_ASSIGNED_CONTEXT((#8489)) 
GLOBAL_UNIT_ASSIGNED_CONTEXT((#8486,#8487,#8488)) REPRESENTATION_CONTEXT
('Context #1','3D Context with UNIT and UNCERTAINTY') );
#8486 = ( LENGTH_UNIT() NAMED_UNIT(*) SI_UNIT($,.METRE.) );
#8487 = ( NAMED_UNIT(*) PLANE_ANGLE_UNIT() SI_UNIT($,.RADIAN.) );
#8488 = ( NAMED_UNIT(*) SI_UNIT($,.STERADIAN.) SOLID_ANGLE_UNIT() );
#8489 = UNCERTAINTY_MEASURE_WITH_UNIT(LENGTH_MEASURE(1.E-07),#8486,
  'distance_accuracy_value','confusion accuracy');
#8490 = PRODUCT_RELATED_PRODUCT_CATEGORY('part',$,(#8383));
#8491 = SHAPE_DEFINITION_REPRESENTATION(#8492,#8498);
#8492 = PRODUCT_DEFINITION_SHAPE('','',#8493);
#8493 = PRODUCT_DEFINITION('design','',#8494,#8497);
#8494 = PRODUCT_DEFINITION_FORMATION('','',#8495);
#8495 = PRODUCT('RF_02','RF_02','',(#8496));
#8496 = PRODUCT_CONTEXT('',#2,'mechanical');
#8497 = PRODUCT_DEFINITION_CONTEXT('part definition',#2,'design');
#8498 = ADVANCED_BREP_SHAPE_REPRESENTATION('',(#11,#8499),#8557);
#8499 = MANIFOLD_SOLID_BREP('',#8500);
#8500 = CLOSED_SHELL('',(#8501));
#8501 = ADVANCED_FACE('',(#8502),#8515,.T.);
#8502 = FACE_BOUND('',#8503,.T.);
#8503 = EDGE_LOOP('',(#8504,#8533,#8555,#8556));
#8504 = ORIENTED_EDGE('',*,*,#8505,.F.);
#8505 = EDGE_CURVE('',#8506,#8506,#8508,.T.);
#8506 = VERTEX_POINT('',#8507);
#8507 = CARTESIAN_POINT('',(2.926E+03,7.226929599145E-14,
    3.417667660205E-14));
#8508 = SEAM_CURVE('',#8509,(#8514,#8526),.PCURVE_S1.);
#8509 = CIRCLE('',#8510,326.);
#8510 = AXIS2_PLACEMENT_3D('',#8511,#8512,#8513);
#8511 = CARTESIAN_POINT('',(2.6E+03,-1.499686529704E-15,
    3.620563559321E-15));
#8512 = DIRECTION('',(0.,0.382683432365,-0.923879532511));
#8513 = DIRECTION('',(1.,0.,0.));
#8514 = PCURVE('',#8515,#8520);
#8515 = TOROIDAL_SURFACE('',#8516,310.,16.);
#8516 = AXIS2_PLACEMENT_3D('',#8517,#8518,#8519);
#8517 = CARTESIAN_POINT('',(2.6E+03,0.,0.));
#8518 = DIRECTION('',(0.,0.382683432365,-0.923879532511));
#8519 = DIRECTION('',(1.,0.,0.));
#8520 = DEFINITIONAL_REPRESENTATION('',(#8521),#8525);
#8521 = LINE('',#8522,#8523);
#8522 = CARTESIAN_POINT('',(0.,6.28318530718));
#8523 = VECTOR('',#8524,1.);
#8524 = DIRECTION('',(1.,0.));
#8525 = ( GEOMETRIC_REPRESENTATION_CONTEXT(2) 
PARAMETRIC_REPRESENTATION_CONTEXT() REPRESENTATION_CONTEXT('2D SPACE',''
  ) );
#8526 = PCURVE('',#8515,#8527);
#8527 = DEFINITIONAL_REPRESENTATION('',(#8528),#8532);
#8528 = LINE('',#8529,#8530);
#8529 = CARTESIAN_POINT('',(0.,0.));
#8530 = VECTOR('',#8531,1.);
#8531 = DIRECTION('',(1.,0.));
#8532 = ( GEOMETRIC_REPRESENTATION_CONTEXT(2) 
PARAMETRIC_REPRESENTATION_CONTEXT() REPRESENTATION_CONTEXT('2D SPACE',''
  ) );
#8533 = ORIENTED_EDGE('',*,*,#8534,.F.);
#8534 = EDGE_CURVE('',#8506,#8506,#8535,.T.);
#8535 = SEAM_CURVE('',#8536,(#8541,#8548),.PCURVE_S1.);
#8536 = CIRCLE('',#8537,16.);
#8537 = AXIS2_PLACEMENT_3D('',#8538,#8539,#8540);
#8538 = CARTESIAN_POINT('',(2.91E+03,7.014841896184E-14,
    2.905642651302E-14));
#8539 = DIRECTION('',(-2.449293598295E-16,0.923879532511,0.382683432365)
  );
#8540 = DIRECTION('',(1.,2.262852224575E-16,9.373040810653E-17));
#8541 = PCURVE('',#8515,#8542);
#8542 = DEFINITIONAL_REPRESENTATION('',(#8543),#8547);
#8543 = LINE('',#8544,#8545);
#8544 = CARTESIAN_POINT('',(6.28318530718,-0.));
#8545 = VECTOR('',#8546,1.);
#8546 = DIRECTION('',(0.,1.));
#8547 = ( GEOMETRIC_REPRESENTATION_CONTEXT(2) 
PARAMETRIC_REPRESENTATION_CONTEXT() REPRESENTATION_CONTEXT('2D SPACE',''
  ) );
#8548 = PCURVE('',#8515,#8549);
#8549 = DEFINITIONAL_REPRESENTATION('',(#8550),#8554);
#8550 = LINE('',#8551,#8552);
#8551 = CARTESIAN_POINT('',(0.,-0.));
#8552 = VECTOR('',#8553,1.);
#8553 = DIRECTION('',(0.,1.));
#8554 = ( GEOMETRIC_REPRESENTATION_CONTEXT(2) 
PARAMETRIC_REPRESENTATION_CONTEXT() REPRESENTATION_CONTEXT('2D SPACE',''
  ) );
#8555 = ORIENTED_EDGE('',*,*,#8505,.T.);
#8556 = ORIENTED_EDGE('',*,*,#8534,.T.);
#8557 = ( GEOMETRIC_REPRESENTATION_CONTEXT(3) 
GLOBAL_UNCERTAINTY_ASSIGNED_CONTEXT((#8561)) 
GLOBAL_UNIT_ASSIGNED_CONTEXT((#8558,#8559,#8560)) REPRESENTATION_CONTEXT
('Context #1','3D Context with UNIT and UNCERTAINTY') );
#8558 = ( LENGTH_UNIT() NAMED_UNIT(*) SI_UNIT($,.METRE.) );
#8559 = ( NAMED_UNIT(*) PLANE_ANGLE_UNIT() SI_UNIT($,.RADIAN.) );
#8560 = ( NAMED_UNIT(*) SI_UNIT($,.STERADIAN.) SOLID_ANGLE_UNIT() );
#8561 = UNCERTAINTY_MEASURE_WITH_UNIT(LENGTH_MEASURE(1.E-07),#8558,
  'distance_accuracy_value','confusion accuracy');
#8562 = PRODUCT_RELATED_PRODUCT_CATEGORY('part',$,(#8495));
#8563 = SHAPE_DEFINITION_REPRESENTATION(#8564,#8570);
#8564 = PRODUCT_DEFINITION_SHAPE('','',#8565);
#8565 = PRODUCT_DEFINITION('design','',#8566,#8569);
#8566 = PRODUCT_DEFINITION_FORMATION('','',#8567);
#8567 = PRODUCT('RF_03','RF_03','',(#8568));
#8568 = PRODUCT_CONTEXT('',#2,'mechanical');
#8569 = PRODUCT_DEFINITION_CONTEXT('part definition',#2,'design');
#8570 = ADVANCED_BREP_SHAPE_REPRESENTATION('',(#11,#8571),#8629);
#8571 = MANIFOLD_SOLID_BREP('',#8572);
#8572 = CLOSED_SHELL('',(#8573));
#8573 = ADVANCED_FACE('',(#8574),#8587,.T.);
#8574 = FACE_BOUND('',#8575,.T.);
#8575 = EDGE_LOOP('',(#8576,#8605,#8627,#8628));
#8576 = ORIENTED_EDGE('',*,*,#8577,.F.);
#8577 = EDGE_CURVE('',#8578,#8578,#8580,.T.);
#8578 = VERTEX_POINT('',#8579);
#8579 = CARTESIAN_POINT('',(2.926E+03,-3.417667660205E-14,
    7.226929599145E-14));
#8580 = SEAM_CURVE('',#8581,(#8586,#8598),.PCURVE_S1.);
#8581 = CIRCLE('',#8582,326.);
#8582 = AXIS2_PLACEMENT_3D('',#8583,#8584,#8585);
#8583 = CARTESIAN_POINT('',(2.6E+03,-3.620563559321E-15,
    -1.499686529704E-15));
#8584 = DIRECTION('',(-0.,0.923879532511,0.382683432365));
#8585 = DIRECTION('',(1.,0.,0.));
#8586 = PCURVE('',#8587,#8592);
#8587 = TOROIDAL_SURFACE('',#8588,310.,16.);
#8588 = AXIS2_PLACEMENT_3D('',#8589,#8590,#8591);
#8589 = CARTESIAN_POINT('',(2.6E+03,0.,0.));
#8590 = DIRECTION('',(0.,0.923879532511,0.382683432365));
#8591 = DIRECTION('',(1.,0.,0.));
#8592 = DEFINITIONAL_REPRESENTATION('',(#8593),#8597);
#8593 = LINE('',#8594,#8595);
#8594 = CARTESIAN_POINT('',(0.,6.28318530718));
#8595 = VECTOR('',#8596,1.);
#8596 = DIRECTION('',(1.,0.));
#8597 = ( GEOMETRIC_REPRESENTATION_CONTEXT(2) 
PARAMETRIC_REPRESENTATION_CONTEXT() REPRESENTATION_CONTEXT('2D SPACE',''
  ) );
#8598 = PCURVE('',#8587,#8599);
#8599 = DEFINITIONAL_REPRESENTATION('',(#8600),#8604);
#8600 = LINE('',#8601,#8602);
#8601 = CARTESIAN_POINT('',(0.,0.));
#8602 = VECTOR('',#8603,1.);
#8603 = DIRECTION('',(1.,0.));
#8604 = ( GEOMETRIC_REPRESENTATION_CONTEXT(2) 
PARAMETRIC_REPRESENTATION_CONTEXT() REPRESENTATION_CONTEXT('2D SPACE',''
  ) );
#8605 = ORIENTED_EDGE('',*,*,#8606,.F.);
#8606 = EDGE_CURVE('',#8578,#8578,#8607,.T.);
#8607 = SEAM_CURVE('',#8608,(#8613,#8620),.PCURVE_S1.);
#8608 = CIRCLE('',#8609,16.);
#8609 = AXIS2_PLACEMENT_3D('',#8610,#8611,#8612);
#8610 = CARTESIAN_POINT('',(2.91E+03,-2.905642651302E-14,
    7.014841896184E-14));
#8611 = DIRECTION('',(-2.449293598295E-16,-0.382683432365,0.923879532511
    ));
#8612 = DIRECTION('',(1.,-9.373040810653E-17,2.262852224575E-16));
#8613 = PCURVE('',#8587,#8614);
#8614 = DEFINITIONAL_REPRESENTATION('',(#8615),#8619);
#8615 = LINE('',#8616,#8617);
#8616 = CARTESIAN_POINT('',(6.28318530718,-0.));
#8617 = VECTOR('',#8618,1.);
#8618 = DIRECTION('',(0.,1.));
#8619 = ( GEOMETRIC_REPRESENTATION_CONTEXT(2) 
PARAMETRIC_REPRESENTATION_CONTEXT() REPRESENTATION_CONTEXT('2D SPACE',''
  ) );
#8620 = PCURVE('',#8587,#8621);
#8621 = DEFINITIONAL_REPRESENTATION('',(#8622),#8626);
#8622 = LINE('',#8623,#8624);
#8623 = CARTESIAN_POINT('',(0.,-0.));
#8624 = VECTOR('',#8625,1.);
#8625 = DIRECTION('',(0.,1.));
#8626 = ( GEOMETRIC_REPRESENTATION_CONTEXT(2) 
PARAMETRIC_REPRESENTATION_CONTEXT() REPRESENTATION_CONTEXT('2D SPACE',''
  ) );
#8627 = ORIENTED_EDGE('',*,*,#8577,.T.);
#8628 = ORIENTED_EDGE('',*,*,#8606,.T.);
#8629 = ( GEOMETRIC_REPRESENTATION_CONTEXT(3) 
GLOBAL_UNCERTAINTY_ASSIGNED_CONTEXT((#8633)) 
GLOBAL_UNIT_ASSIGNED_CONTEXT((#8630,#8631,#8632)) REPRESENTATION_CONTEXT
('Context #1','3D Context with UNIT and UNCERTAINTY') );
#8630 = ( LENGTH_UNIT() NAMED_UNIT(*) SI_UNIT($,.METRE.) );
#8631 = ( NAMED_UNIT(*) PLANE_ANGLE_UNIT() SI_UNIT($,.RADIAN.) );
#8632 = ( NAMED_UNIT(*) SI_UNIT($,.STERADIAN.) SOLID_ANGLE_UNIT() );
#8633 = UNCERTAINTY_MEASURE_WITH_UNIT(LENGTH_MEASURE(1.E-07),#8630,
  'distance_accuracy_value','confusion accuracy');
#8634 = PRODUCT_RELATED_PRODUCT_CATEGORY('part',$,(#8567));
#8635 = SHAPE_DEFINITION_REPRESENTATION(#8636,#8642);
#8636 = PRODUCT_DEFINITION_SHAPE('','',#8637);
#8637 = PRODUCT_DEFINITION('design','',#8638,#8641);
#8638 = PRODUCT_DEFINITION_FORMATION('','',#8639);
#8639 = PRODUCT('RF_01','RF_01','',(#8640));
#8640 = PRODUCT_CONTEXT('',#2,'mechanical');
#8641 = PRODUCT_DEFINITION_CONTEXT('part definition',#2,'design');
#8642 = ADVANCED_BREP_SHAPE_REPRESENTATION('',(#11,#8643),#8701);
#8643 = MANIFOLD_SOLID_BREP('',#8644);
#8644 = CLOSED_SHELL('',(#8645));
#8645 = ADVANCED_FACE('',(#8646),#8659,.T.);
#8646 = FACE_BOUND('',#8647,.T.);
#8647 = EDGE_LOOP('',(#8648,#8677,#8699,#8700));
#8648 = ORIENTED_EDGE('',*,*,#8649,.F.);
#8649 = EDGE_CURVE('',#8650,#8650,#8652,.T.);
#8650 = VERTEX_POINT('',#8651);
#8651 = CARTESIAN_POINT('',(2.926E+03,3.417667660205E-14,
    -7.226929599145E-14));
#8652 = SEAM_CURVE('',#8653,(#8658,#8670),.PCURVE_S1.);
#8653 = CIRCLE('',#8654,326.);
#8654 = AXIS2_PLACEMENT_3D('',#8655,#8656,#8657);
#8655 = CARTESIAN_POINT('',(2.6E+03,3.620563559321E-15,
    1.499686529704E-15));
#8656 = DIRECTION('',(0.,-0.923879532511,-0.382683432365));
#8657 = DIRECTION('',(1.,0.,0.));
#8658 = PCURVE('',#8659,#8664);
#8659 = TOROIDAL_SURFACE('',#8660,310.,16.);
#8660 = AXIS2_PLACEMENT_3D('',#8661,#8662,#8663);
#8661 = CARTESIAN_POINT('',(2.6E+03,0.,0.));
#8662 = DIRECTION('',(0.,-0.923879532511,-0.382683432365));
#8663 = DIRECTION('',(1.,0.,0.));
#8664 = DEFINITIONAL_REPRESENTATION('',(#8665),#8669);
#8665 = LINE('',#8666,#8667);
#8666 = CARTESIAN_POINT('',(0.,6.28318530718));
#8667 = VECTOR('',#8668,1.);
#8668 = DIRECTION('',(1.,0.));
#8669 = ( GEOMETRIC_REPRESENTATION_CONTEXT(2) 
PARAMETRIC_REPRESENTATION_CONTEXT() REPRESENTATION_CONTEXT('2D SPACE',''
  ) );
#8670 = PCURVE('',#8659,#8671);
#8671 = DEFINITIONAL_REPRESENTATION('',(#8672),#8676);
#8672 = LINE('',#8673,#8674);
#8673 = CARTESIAN_POINT('',(0.,0.));
#8674 = VECTOR('',#8675,1.);
#8675 = DIRECTION('',(1.,0.));
#8676 = ( GEOMETRIC_REPRESENTATION_CONTEXT(2) 
PARAMETRIC_REPRESENTATION_CONTEXT() REPRESENTATION_CONTEXT('2D SPACE',''
  ) );
#8677 = ORIENTED_EDGE('',*,*,#8678,.F.);
#8678 = EDGE_CURVE('',#8650,#8650,#8679,.T.);
#8679 = SEAM_CURVE('',#8680,(#8685,#8692),.PCURVE_S1.);
#8680 = CIRCLE('',#8681,16.);
#8681 = AXIS2_PLACEMENT_3D('',#8682,#8683,#8684);
#8682 = CARTESIAN_POINT('',(2.91E+03,2.905642651302E-14,
    -7.014841896184E-14));
#8683 = DIRECTION('',(-2.449293598295E-16,0.382683432365,-0.923879532511
    ));
#8684 = DIRECTION('',(1.,9.373040810653E-17,-2.262852224575E-16));
#8685 = PCURVE('',#8659,#8686);
#8686 = DEFINITIONAL_REPRESENTATION('',(#8687),#8691);
#8687 = LINE('',#8688,#8689);
#8688 = CARTESIAN_POINT('',(6.28318530718,-0.));
#8689 = VECTOR('',#8690,1.);
#8690 = DIRECTION('',(0.,1.));
#8691 = ( GEOMETRIC_REPRESENTATION_CONTEXT(2) 
PARAMETRIC_REPRESENTATION_CONTEXT() REPRESENTATION_CONTEXT('2D SPACE',''
  ) );
#8692 = PCURVE('',#8659,#8693);
#8693 = DEFINITIONAL_REPRESENTATION('',(#8694),#8698);
#8694 = LINE('',#8695,#8696);
#8695 = CARTESIAN_POINT('',(0.,-0.));
#8696 = VECTOR('',#8697,1.);
#8697 = DIRECTION('',(0.,1.));
#8698 = ( GEOMETRIC_REPRESENTATION_CONTEXT(2) 
PARAMETRIC_REPRESENTATION_CONTEXT() REPRESENTATION_CONTEXT('2D SPACE',''
  ) );
#8699 = ORIENTED_EDGE('',*,*,#8649,.T.);
#8700 = ORIENTED_EDGE('',*,*,#8678,.T.);
#8701 = ( GEOMETRIC_REPRESENTATION_CONTEXT(3) 
GLOBAL_UNCERTAINTY_ASSIGNED_CONTEXT((#8705)) 
GLOBAL_UNIT_ASSIGNED_CONTEXT((#8702,#8703,#8704)) REPRESENTATION_CONTEXT
('Context #1','3D Context with UNIT and UNCERTAINTY') );
#8702 = ( LENGTH_UNIT() NAMED_UNIT(*) SI_UNIT($,.METRE.) );
#8703 = ( NAMED_UNIT(*) PLANE_ANGLE_UNIT() SI_UNIT($,.RADIAN.) );
#8704 = ( NAMED_UNIT(*) SI_UNIT($,.STERADIAN.) SOLID_ANGLE_UNIT() );
#8705 = UNCERTAINTY_MEASURE_WITH_UNIT(LENGTH_MEASURE(1.E-07),#8702,
  'distance_accuracy_value','confusion accuracy');
#8706 = PRODUCT_RELATED_PRODUCT_CATEGORY('part',$,(#8639));
#8707 = SHAPE_DEFINITION_REPRESENTATION(#8708,#8714);
#8708 = PRODUCT_DEFINITION_SHAPE('','',#8709);
#8709 = PRODUCT_DEFINITION('design','',#8710,#8713);
#8710 = PRODUCT_DEFINITION_FORMATION('','',#8711);
#8711 = PRODUCT('Nozzle_Annulus','Nozzle_Annulus','',(#8712));
#8712 = PRODUCT_CONTEXT('',#2,'mechanical');
#8713 = PRODUCT_DEFINITION_CONTEXT('part definition',#2,'design');
#8714 = ADVANCED_BREP_SHAPE_REPRESENTATION('',(#11,#8715),#8903);
#8715 = MANIFOLD_SOLID_BREP('',#8716);
#8716 = CLOSED_SHELL('',(#8717,#8805,#8840,#8844,#8899));
#8717 = ADVANCED_FACE('',(#8718),#8731,.T.);
#8718 = FACE_BOUND('',#8719,.T.);
#8719 = EDGE_LOOP('',(#8720,#8754,#8777,#8804));
#8720 = ORIENTED_EDGE('',*,*,#8721,.F.);
#8721 = EDGE_CURVE('',#8722,#8722,#8724,.T.);
#8722 = VERTEX_POINT('',#8723);
#8723 = CARTESIAN_POINT('',(3.62E+03,-1.102182119233E-13,-450.));
#8724 = SURFACE_CURVE('',#8725,(#8730,#8742),.PCURVE_S1.);
#8725 = CIRCLE('',#8726,450.);
#8726 = AXIS2_PLACEMENT_3D('',#8727,#8728,#8729);
#8727 = CARTESIAN_POINT('',(3.62E+03,0.,1.554312234475E-14));
#8728 = DIRECTION('',(1.,-0.,2.22044604925E-16));
#8729 = DIRECTION('',(2.22044604925E-16,0.,-1.));
#8730 = PCURVE('',#8731,#8736);
#8731 = CYLINDRICAL_SURFACE('',#8732,450.);
#8732 = AXIS2_PLACEMENT_3D('',#8733,#8734,#8735);
#8733 = CARTESIAN_POINT('',(3.55E+03,0.,0.));
#8734 = DIRECTION('',(1.,0.,2.22044604925E-16));
#8735 = DIRECTION('',(2.22044604925E-16,0.,-1.));
#8736 = DEFINITIONAL_REPRESENTATION('',(#8737),#8741);
#8737 = LINE('',#8738,#8739);
#8738 = CARTESIAN_POINT('',(0.,70.));
#8739 = VECTOR('',#8740,1.);
#8740 = DIRECTION('',(1.,0.));
#8741 = ( GEOMETRIC_REPRESENTATION_CONTEXT(2) 
PARAMETRIC_REPRESENTATION_CONTEXT() REPRESENTATION_CONTEXT('2D SPACE',''
  ) );
#8742 = PCURVE('',#8743,#8748);
#8743 = PLANE('',#8744);
#8744 = AXIS2_PLACEMENT_3D('',#8745,#8746,#8747);
#8745 = CARTESIAN_POINT('',(3.62E+03,0.,1.554312234475E-14));
#8746 = DIRECTION('',(1.,0.,2.22044604925E-16));
#8747 = DIRECTION('',(2.22044604925E-16,0.,-1.));
#8748 = DEFINITIONAL_REPRESENTATION('',(#8749),#8753);
#8749 = CIRCLE('',#8750,450.);
#8750 = AXIS2_PLACEMENT_2D('',#8751,#8752);
#8751 = CARTESIAN_POINT('',(0.,0.));
#8752 = DIRECTION('',(1.,0.));
#8753 = ( GEOMETRIC_REPRESENTATION_CONTEXT(2) 
PARAMETRIC_REPRESENTATION_CONTEXT() REPRESENTATION_CONTEXT('2D SPACE',''
  ) );
#8754 = ORIENTED_EDGE('',*,*,#8755,.F.);
#8755 = EDGE_CURVE('',#8756,#8722,#8758,.T.);
#8756 = VERTEX_POINT('',#8757);
#8757 = CARTESIAN_POINT('',(3.55E+03,-1.102182119233E-13,-450.));
#8758 = SEAM_CURVE('',#8759,(#8763,#8770),.PCURVE_S1.);
#8759 = LINE('',#8760,#8761);
#8760 = CARTESIAN_POINT('',(3.55E+03,-1.102182119233E-13,-450.));
#8761 = VECTOR('',#8762,1.);
#8762 = DIRECTION('',(1.,0.,2.22044604925E-16));
#8763 = PCURVE('',#8731,#8764);
#8764 = DEFINITIONAL_REPRESENTATION('',(#8765),#8769);
#8765 = LINE('',#8766,#8767);
#8766 = CARTESIAN_POINT('',(6.28318530718,-0.));
#8767 = VECTOR('',#8768,1.);
#8768 = DIRECTION('',(0.,1.));
#8769 = ( GEOMETRIC_REPRESENTATION_CONTEXT(2) 
PARAMETRIC_REPRESENTATION_CONTEXT() REPRESENTATION_CONTEXT('2D SPACE',''
  ) );
#8770 = PCURVE('',#8731,#8771);
#8771 = DEFINITIONAL_REPRESENTATION('',(#8772),#8776);
#8772 = LINE('',#8773,#8774);
#8773 = CARTESIAN_POINT('',(0.,-0.));
#8774 = VECTOR('',#8775,1.);
#8775 = DIRECTION('',(0.,1.));
#8776 = ( GEOMETRIC_REPRESENTATION_CONTEXT(2) 
PARAMETRIC_REPRESENTATION_CONTEXT() REPRESENTATION_CONTEXT('2D SPACE',''
  ) );
#8777 = ORIENTED_EDGE('',*,*,#8778,.T.);
#8778 = EDGE_CURVE('',#8756,#8756,#8779,.T.);
#8779 = SURFACE_CURVE('',#8780,(#8785,#8792),.PCURVE_S1.);
#8780 = CIRCLE('',#8781,450.);
#8781 = AXIS2_PLACEMENT_3D('',#8782,#8783,#8784);
#8782 = CARTESIAN_POINT('',(3.55E+03,0.,0.));
#8783 = DIRECTION('',(1.,-0.,2.22044604925E-16));
#8784 = DIRECTION('',(2.22044604925E-16,0.,-1.));
#8785 = PCURVE('',#8731,#8786);
#8786 = DEFINITIONAL_REPRESENTATION('',(#8787),#8791);
#8787 = LINE('',#8788,#8789);
#8788 = CARTESIAN_POINT('',(0.,0.));
#8789 = VECTOR('',#8790,1.);
#8790 = DIRECTION('',(1.,0.));
#8791 = ( GEOMETRIC_REPRESENTATION_CONTEXT(2) 
PARAMETRIC_REPRESENTATION_CONTEXT() REPRESENTATION_CONTEXT('2D SPACE',''
  ) );
#8792 = PCURVE('',#8793,#8798);
#8793 = PLANE('',#8794);
#8794 = AXIS2_PLACEMENT_3D('',#8795,#8796,#8797);
#8795 = CARTESIAN_POINT('',(3.55E+03,0.,0.));
#8796 = DIRECTION('',(1.,0.,2.22044604925E-16));
#8797 = DIRECTION('',(2.22044604925E-16,0.,-1.));
#8798 = DEFINITIONAL_REPRESENTATION('',(#8799),#8803);
#8799 = CIRCLE('',#8800,450.);
#8800 = AXIS2_PLACEMENT_2D('',#8801,#8802);
#8801 = CARTESIAN_POINT('',(0.,0.));
#8802 = DIRECTION('',(1.,0.));
#8803 = ( GEOMETRIC_REPRESENTATION_CONTEXT(2) 
PARAMETRIC_REPRESENTATION_CONTEXT() REPRESENTATION_CONTEXT('2D SPACE',''
  ) );
#8804 = ORIENTED_EDGE('',*,*,#8755,.T.);
#8805 = ADVANCED_FACE('',(#8806,#8809),#8743,.T.);
#8806 = FACE_BOUND('',#8807,.T.);
#8807 = EDGE_LOOP('',(#8808));
#8808 = ORIENTED_EDGE('',*,*,#8721,.T.);
#8809 = FACE_BOUND('',#8810,.T.);
#8810 = EDGE_LOOP('',(#8811));
#8811 = ORIENTED_EDGE('',*,*,#8812,.F.);
#8812 = EDGE_CURVE('',#8813,#8813,#8815,.T.);
#8813 = VERTEX_POINT('',#8814);
#8814 = CARTESIAN_POINT('',(3.62E+03,-1.058094834463E-13,-432.));
#8815 = SURFACE_CURVE('',#8816,(#8821,#8828),.PCURVE_S1.);
#8816 = CIRCLE('',#8817,432.);
#8817 = AXIS2_PLACEMENT_3D('',#8818,#8819,#8820);
#8818 = CARTESIAN_POINT('',(3.62E+03,0.,1.492139745096E-14));
#8819 = DIRECTION('',(1.,-0.,2.22044604925E-16));
#8820 = DIRECTION('',(2.22044604925E-16,0.,-1.));
#8821 = PCURVE('',#8743,#8822);
#8822 = DEFINITIONAL_REPRESENTATION('',(#8823),#8827);
#8823 = CIRCLE('',#8824,432.);
#8824 = AXIS2_PLACEMENT_2D('',#8825,#8826);
#8825 = CARTESIAN_POINT('',(6.217248937901E-16,0.));
#8826 = DIRECTION('',(1.,0.));
#8827 = ( GEOMETRIC_REPRESENTATION_CONTEXT(2) 
PARAMETRIC_REPRESENTATION_CONTEXT() REPRESENTATION_CONTEXT('2D SPACE',''
  ) );
#8828 = PCURVE('',#8829,#8834);
#8829 = CYLINDRICAL_SURFACE('',#8830,432.);
#8830 = AXIS2_PLACEMENT_3D('',#8831,#8832,#8833);
#8831 = CARTESIAN_POINT('',(3.5528E+03,0.,0.));
#8832 = DIRECTION('',(1.,0.,2.22044604925E-16));
#8833 = DIRECTION('',(2.22044604925E-16,0.,-1.));
#8834 = DEFINITIONAL_REPRESENTATION('',(#8835),#8839);
#8835 = LINE('',#8836,#8837);
#8836 = CARTESIAN_POINT('',(0.,67.2));
#8837 = VECTOR('',#8838,1.);
#8838 = DIRECTION('',(1.,0.));
#8839 = ( GEOMETRIC_REPRESENTATION_CONTEXT(2) 
PARAMETRIC_REPRESENTATION_CONTEXT() REPRESENTATION_CONTEXT('2D SPACE',''
  ) );
#8840 = ADVANCED_FACE('',(#8841),#8793,.F.);
#8841 = FACE_BOUND('',#8842,.T.);
#8842 = EDGE_LOOP('',(#8843));
#8843 = ORIENTED_EDGE('',*,*,#8778,.F.);
#8844 = ADVANCED_FACE('',(#8845),#8829,.F.);
#8845 = FACE_BOUND('',#8846,.F.);
#8846 = EDGE_LOOP('',(#8847,#8848,#8871,#8898));
#8847 = ORIENTED_EDGE('',*,*,#8812,.F.);
#8848 = ORIENTED_EDGE('',*,*,#8849,.F.);
#8849 = EDGE_CURVE('',#8850,#8813,#8852,.T.);
#8850 = VERTEX_POINT('',#8851);
#8851 = CARTESIAN_POINT('',(3.5528E+03,-1.058094834463E-13,-432.));
#8852 = SEAM_CURVE('',#8853,(#8857,#8864),.PCURVE_S1.);
#8853 = LINE('',#8854,#8855);
#8854 = CARTESIAN_POINT('',(3.5528E+03,-1.058094834463E-13,-432.));
#8855 = VECTOR('',#8856,1.);
#8856 = DIRECTION('',(1.,0.,2.22044604925E-16));
#8857 = PCURVE('',#8829,#8858);
#8858 = DEFINITIONAL_REPRESENTATION('',(#8859),#8863);
#8859 = LINE('',#8860,#8861);
#8860 = CARTESIAN_POINT('',(6.28318530718,-0.));
#8861 = VECTOR('',#8862,1.);
#8862 = DIRECTION('',(0.,1.));
#8863 = ( GEOMETRIC_REPRESENTATION_CONTEXT(2) 
PARAMETRIC_REPRESENTATION_CONTEXT() REPRESENTATION_CONTEXT('2D SPACE',''
  ) );
#8864 = PCURVE('',#8829,#8865);
#8865 = DEFINITIONAL_REPRESENTATION('',(#8866),#8870);
#8866 = LINE('',#8867,#8868);
#8867 = CARTESIAN_POINT('',(0.,-0.));
#8868 = VECTOR('',#8869,1.);
#8869 = DIRECTION('',(0.,1.));
#8870 = ( GEOMETRIC_REPRESENTATION_CONTEXT(2) 
PARAMETRIC_REPRESENTATION_CONTEXT() REPRESENTATION_CONTEXT('2D SPACE',''
  ) );
#8871 = ORIENTED_EDGE('',*,*,#8872,.T.);
#8872 = EDGE_CURVE('',#8850,#8850,#8873,.T.);
#8873 = SURFACE_CURVE('',#8874,(#8879,#8886),.PCURVE_S1.);
#8874 = CIRCLE('',#8875,432.);
#8875 = AXIS2_PLACEMENT_3D('',#8876,#8877,#8878);
#8876 = CARTESIAN_POINT('',(3.5528E+03,0.,0.));
#8877 = DIRECTION('',(1.,-0.,2.22044604925E-16));
#8878 = DIRECTION('',(2.22044604925E-16,0.,-1.));
#8879 = PCURVE('',#8829,#8880);
#8880 = DEFINITIONAL_REPRESENTATION('',(#8881),#8885);
#8881 = LINE('',#8882,#8883);
#8882 = CARTESIAN_POINT('',(0.,0.));
#8883 = VECTOR('',#8884,1.);
#8884 = DIRECTION('',(1.,0.));
#8885 = ( GEOMETRIC_REPRESENTATION_CONTEXT(2) 
PARAMETRIC_REPRESENTATION_CONTEXT() REPRESENTATION_CONTEXT('2D SPACE',''
  ) );
#8886 = PCURVE('',#8887,#8892);
#8887 = PLANE('',#8888);
#8888 = AXIS2_PLACEMENT_3D('',#8889,#8890,#8891);
#8889 = CARTESIAN_POINT('',(3.5528E+03,0.,0.));
#8890 = DIRECTION('',(1.,0.,2.22044604925E-16));
#8891 = DIRECTION('',(2.22044604925E-16,0.,-1.));
#8892 = DEFINITIONAL_REPRESENTATION('',(#8893),#8897);
#8893 = CIRCLE('',#8894,432.);
#8894 = AXIS2_PLACEMENT_2D('',#8895,#8896);
#8895 = CARTESIAN_POINT('',(0.,0.));
#8896 = DIRECTION('',(1.,0.));
#8897 = ( GEOMETRIC_REPRESENTATION_CONTEXT(2) 
PARAMETRIC_REPRESENTATION_CONTEXT() REPRESENTATION_CONTEXT('2D SPACE',''
  ) );
#8898 = ORIENTED_EDGE('',*,*,#8849,.T.);
#8899 = ADVANCED_FACE('',(#8900),#8887,.T.);
#8900 = FACE_BOUND('',#8901,.F.);
#8901 = EDGE_LOOP('',(#8902));
#8902 = ORIENTED_EDGE('',*,*,#8872,.F.);
#8903 = ( GEOMETRIC_REPRESENTATION_CONTEXT(3) 
GLOBAL_UNCERTAINTY_ASSIGNED_CONTEXT((#8907)) 
GLOBAL_UNIT_ASSIGNED_CONTEXT((#8904,#8905,#8906)) REPRESENTATION_CONTEXT
('Context #1','3D Context with UNIT and UNCERTAINTY') );
#8904 = ( LENGTH_UNIT() NAMED_UNIT(*) SI_UNIT($,.METRE.) );
#8905 = ( NAMED_UNIT(*) PLANE_ANGLE_UNIT() SI_UNIT($,.RADIAN.) );
#8906 = ( NAMED_UNIT(*) SI_UNIT($,.STERADIAN.) SOLID_ANGLE_UNIT() );
#8907 = UNCERTAINTY_MEASURE_WITH_UNIT(LENGTH_MEASURE(1.E-07),#8904,
  'distance_accuracy_value','confusion accuracy');
#8908 = PRODUCT_RELATED_PRODUCT_CATEGORY('part',$,(#8711));
#8909 = SHAPE_DEFINITION_REPRESENTATION(#8910,#8916);
#8910 = PRODUCT_DEFINITION_SHAPE('','',#8911);
#8911 = PRODUCT_DEFINITION('design','',#8912,#8915);
#8912 = PRODUCT_DEFINITION_FORMATION('','',#8913);
#8913 = PRODUCT('Nozzle_Aerospike','Nozzle_Aerospike','',(#8914));
#8914 = PRODUCT_CONTEXT('',#2,'mechanical');
#8915 = PRODUCT_DEFINITION_CONTEXT('part definition',#2,'design');
#8916 = ADVANCED_BREP_SHAPE_REPRESENTATION('',(#11,#8917),#9015);
#8917 = MANIFOLD_SOLID_BREP('',#8918);
#8918 = CLOSED_SHELL('',(#8919,#9007,#9011));
#8919 = ADVANCED_FACE('',(#8920),#8933,.T.);
#8920 = FACE_BOUND('',#8921,.T.);
#8921 = EDGE_LOOP('',(#8922,#8956,#8979,#9006));
#8922 = ORIENTED_EDGE('',*,*,#8923,.F.);
#8923 = EDGE_CURVE('',#8924,#8924,#8926,.T.);
#8924 = VERTEX_POINT('',#8925);
#8925 = CARTESIAN_POINT('',(3.2E+03,-1.102182119233E-13,-450.));
#8926 = SURFACE_CURVE('',#8927,(#8932,#8944),.PCURVE_S1.);
#8927 = CIRCLE('',#8928,450.);
#8928 = AXIS2_PLACEMENT_3D('',#8929,#8930,#8931);
#8929 = CARTESIAN_POINT('',(3.2E+03,0.,1.554312234475E-13));
#8930 = DIRECTION('',(1.,-0.,2.22044604925E-16));
#8931 = DIRECTION('',(2.22044604925E-16,0.,-1.));
#8932 = PCURVE('',#8933,#8938);
#8933 = CONICAL_SURFACE('',#8934,150.,0.404891786285);
#8934 = AXIS2_PLACEMENT_3D('',#8935,#8936,#8937);
#8935 = CARTESIAN_POINT('',(2.5E+03,0.,0.));
#8936 = DIRECTION('',(1.,0.,2.22044604925E-16));
#8937 = DIRECTION('',(2.22044604925E-16,0.,-1.));
#8938 = DEFINITIONAL_REPRESENTATION('',(#8939),#8943);
#8939 = LINE('',#8940,#8941);
#8940 = CARTESIAN_POINT('',(0.,700.));
#8941 = VECTOR('',#8942,1.);
#8942 = DIRECTION('',(1.,0.));
#8943 = ( GEOMETRIC_REPRESENTATION_CONTEXT(2) 
PARAMETRIC_REPRESENTATION_CONTEXT() REPRESENTATION_CONTEXT('2D SPACE',''
  ) );
#8944 = PCURVE('',#8945,#8950);
#8945 = PLANE('',#8946);
#8946 = AXIS2_PLACEMENT_3D('',#8947,#8948,#8949);
#8947 = CARTESIAN_POINT('',(3.2E+03,0.,1.554312234475E-13));
#8948 = DIRECTION('',(1.,0.,2.22044604925E-16));
#8949 = DIRECTION('',(2.22044604925E-16,0.,-1.));
#8950 = DEFINITIONAL_REPRESENTATION('',(#8951),#8955);
#8951 = CIRCLE('',#8952,450.);
#8952 = AXIS2_PLACEMENT_2D('',#8953,#8954);
#8953 = CARTESIAN_POINT('',(0.,0.));
#8954 = DIRECTION('',(1.,0.));
#8955 = ( GEOMETRIC_REPRESENTATION_CONTEXT(2) 
PARAMETRIC_REPRESENTATION_CONTEXT() REPRESENTATION_CONTEXT('2D SPACE',''
  ) );
#8956 = ORIENTED_EDGE('',*,*,#8957,.F.);
#8957 = EDGE_CURVE('',#8958,#8924,#8960,.T.);
#8958 = VERTEX_POINT('',#8959);
#8959 = CARTESIAN_POINT('',(2.5E+03,-3.673940397442E-14,-150.));
#8960 = SEAM_CURVE('',#8961,(#8965,#8972),.PCURVE_S1.);
#8961 = LINE('',#8962,#8963);
#8962 = CARTESIAN_POINT('',(2.5E+03,-3.673940397442E-14,-150.));
#8963 = VECTOR('',#8964,1.);
#8964 = DIRECTION('',(0.919145030018,-9.648240162547E-17,-0.393919298579
    ));
#8965 = PCURVE('',#8933,#8966);
#8966 = DEFINITIONAL_REPRESENTATION('',(#8967),#8971);
#8967 = LINE('',#8968,#8969);
#8968 = CARTESIAN_POINT('',(6.28318530718,-0.));
#8969 = VECTOR('',#8970,1.);
#8970 = DIRECTION('',(0.,1.));
#8971 = ( GEOMETRIC_REPRESENTATION_CONTEXT(2) 
PARAMETRIC_REPRESENTATION_CONTEXT() REPRESENTATION_CONTEXT('2D SPACE',''
  ) );
#8972 = PCURVE('',#8933,#8973);
#8973 = DEFINITIONAL_REPRESENTATION('',(#8974),#8978);
#8974 = LINE('',#8975,#8976);
#8975 = CARTESIAN_POINT('',(0.,-0.));
#8976 = VECTOR('',#8977,1.);
#8977 = DIRECTION('',(0.,1.));
#8978 = ( GEOMETRIC_REPRESENTATION_CONTEXT(2) 
PARAMETRIC_REPRESENTATION_CONTEXT() REPRESENTATION_CONTEXT('2D SPACE',''
  ) );
#8979 = ORIENTED_EDGE('',*,*,#8980,.T.);
#8980 = EDGE_CURVE('',#8958,#8958,#8981,.T.);
#8981 = SURFACE_CURVE('',#8982,(#8987,#8994),.PCURVE_S1.);
#8982 = CIRCLE('',#8983,150.);
#8983 = AXIS2_PLACEMENT_3D('',#8984,#8985,#8986);
#8984 = CARTESIAN_POINT('',(2.5E+03,0.,0.));
#8985 = DIRECTION('',(1.,-0.,2.22044604925E-16));
#8986 = DIRECTION('',(2.22044604925E-16,0.,-1.));
#8987 = PCURVE('',#8933,#8988);
#8988 = DEFINITIONAL_REPRESENTATION('',(#8989),#8993);
#8989 = LINE('',#8990,#8991);
#8990 = CARTESIAN_POINT('',(0.,0.));
#8991 = VECTOR('',#8992,1.);
#8992 = DIRECTION('',(1.,0.));
#8993 = ( GEOMETRIC_REPRESENTATION_CONTEXT(2) 
PARAMETRIC_REPRESENTATION_CONTEXT() REPRESENTATION_CONTEXT('2D SPACE',''
  ) );
#8994 = PCURVE('',#8995,#9000);
#8995 = PLANE('',#8996);
#8996 = AXIS2_PLACEMENT_3D('',#8997,#8998,#8999);
#8997 = CARTESIAN_POINT('',(2.5E+03,0.,0.));
#8998 = DIRECTION('',(1.,0.,2.22044604925E-16));
#8999 = DIRECTION('',(2.22044604925E-16,0.,-1.));
#9000 = DEFINITIONAL_REPRESENTATION('',(#9001),#9005);
#9001 = CIRCLE('',#9002,150.);
#9002 = AXIS2_PLACEMENT_2D('',#9003,#9004);
#9003 = CARTESIAN_POINT('',(0.,0.));
#9004 = DIRECTION('',(1.,0.));
#9005 = ( GEOMETRIC_REPRESENTATION_CONTEXT(2) 
PARAMETRIC_REPRESENTATION_CONTEXT() REPRESENTATION_CONTEXT('2D SPACE',''
  ) );
#9006 = ORIENTED_EDGE('',*,*,#8957,.T.);
#9007 = ADVANCED_FACE('',(#9008),#8945,.T.);
#9008 = FACE_BOUND('',#9009,.T.);
#9009 = EDGE_LOOP('',(#9010));
#9010 = ORIENTED_EDGE('',*,*,#8923,.T.);
#9011 = ADVANCED_FACE('',(#9012),#8995,.F.);
#9012 = FACE_BOUND('',#9013,.T.);
#9013 = EDGE_LOOP('',(#9014));
#9014 = ORIENTED_EDGE('',*,*,#8980,.F.);
#9015 = ( GEOMETRIC_REPRESENTATION_CONTEXT(3) 
GLOBAL_UNCERTAINTY_ASSIGNED_CONTEXT((#9019)) 
GLOBAL_UNIT_ASSIGNED_CONTEXT((#9016,#9017,#9018)) REPRESENTATION_CONTEXT
('Context #1','3D Context with UNIT and UNCERTAINTY') );
#9016 = ( LENGTH_UNIT() NAMED_UNIT(*) SI_UNIT($,.METRE.) );
#9017 = ( NAMED_UNIT(*) PLANE_ANGLE_UNIT() SI_UNIT($,.RADIAN.) );
#9018 = ( NAMED_UNIT(*) SI_UNIT($,.STERADIAN.) SOLID_ANGLE_UNIT() );
#9019 = UNCERTAINTY_MEASURE_WITH_UNIT(LENGTH_MEASURE(1.E-07),#9016,
  'distance_accuracy_value','confusion accuracy');
#9020 = PRODUCT_RELATED_PRODUCT_CATEGORY('part',$,(#8913));
#9021 = SHAPE_DEFINITION_REPRESENTATION(#9022,#9028);
#9022 = PRODUCT_DEFINITION_SHAPE('','',#9023);
#9023 = PRODUCT_DEFINITION('design','',#9024,#9027);
#9024 = PRODUCT_DEFINITION_FORMATION('','',#9025);
#9025 = PRODUCT('Nozzle_Ann_O','Nozzle_Ann_O','',(#9026));
#9026 = PRODUCT_CONTEXT('',#2,'mechanical');
#9027 = PRODUCT_DEFINITION_CONTEXT('part definition',#2,'design');
#9028 = ADVANCED_BREP_SHAPE_REPRESENTATION('',(#11,#9029),#9127);
#9029 = MANIFOLD_SOLID_BREP('',#9030);
#9030 = CLOSED_SHELL('',(#9031,#9119,#9123));
#9031 = ADVANCED_FACE('',(#9032),#9045,.T.);
#9032 = FACE_BOUND('',#9033,.T.);
#9033 = EDGE_LOOP('',(#9034,#9068,#9091,#9118));
#9034 = ORIENTED_EDGE('',*,*,#9035,.F.);
#9035 = EDGE_CURVE('',#9036,#9036,#9038,.T.);
#9036 = VERTEX_POINT('',#9037);
#9037 = CARTESIAN_POINT('',(3.62E+03,-1.102182119233E-13,-450.));
#9038 = SURFACE_CURVE('',#9039,(#9044,#9056),.PCURVE_S1.);
#9039 = CIRCLE('',#9040,450.);
#9040 = AXIS2_PLACEMENT_3D('',#9041,#9042,#9043);
#9041 = CARTESIAN_POINT('',(3.62E+03,0.,1.554312234475E-14));
#9042 = DIRECTION('',(1.,-0.,2.22044604925E-16));
#9043 = DIRECTION('',(2.22044604925E-16,0.,-1.));
#9044 = PCURVE('',#9045,#9050);
#9045 = CYLINDRICAL_SURFACE('',#9046,450.);
#9046 = AXIS2_PLACEMENT_3D('',#9047,#9048,#9049);
#9047 = CARTESIAN_POINT('',(3.55E+03,0.,0.));
#9048 = DIRECTION('',(1.,0.,2.22044604925E-16));
#9049 = DIRECTION('',(2.22044604925E-16,0.,-1.));
#9050 = DEFINITIONAL_REPRESENTATION('',(#9051),#9055);
#9051 = LINE('',#9052,#9053);
#9052 = CARTESIAN_POINT('',(0.,70.));
#9053 = VECTOR('',#9054,1.);
#9054 = DIRECTION('',(1.,0.));
#9055 = ( GEOMETRIC_REPRESENTATION_CONTEXT(2) 
PARAMETRIC_REPRESENTATION_CONTEXT() REPRESENTATION_CONTEXT('2D SPACE',''
  ) );
#9056 = PCURVE('',#9057,#9062);
#9057 = PLANE('',#9058);
#9058 = AXIS2_PLACEMENT_3D('',#9059,#9060,#9061);
#9059 = CARTESIAN_POINT('',(3.62E+03,0.,1.554312234475E-14));
#9060 = DIRECTION('',(1.,0.,2.22044604925E-16));
#9061 = DIRECTION('',(2.22044604925E-16,0.,-1.));
#9062 = DEFINITIONAL_REPRESENTATION('',(#9063),#9067);
#9063 = CIRCLE('',#9064,450.);
#9064 = AXIS2_PLACEMENT_2D('',#9065,#9066);
#9065 = CARTESIAN_POINT('',(0.,0.));
#9066 = DIRECTION('',(1.,0.));
#9067 = ( GEOMETRIC_REPRESENTATION_CONTEXT(2) 
PARAMETRIC_REPRESENTATION_CONTEXT() REPRESENTATION_CONTEXT('2D SPACE',''
  ) );
#9068 = ORIENTED_EDGE('',*,*,#9069,.F.);
#9069 = EDGE_CURVE('',#9070,#9036,#9072,.T.);
#9070 = VERTEX_POINT('',#9071);
#9071 = CARTESIAN_POINT('',(3.55E+03,-1.102182119233E-13,-450.));
#9072 = SEAM_CURVE('',#9073,(#9077,#9084),.PCURVE_S1.);
#9073 = LINE('',#9074,#9075);
#9074 = CARTESIAN_POINT('',(3.55E+03,-1.102182119233E-13,-450.));
#9075 = VECTOR('',#9076,1.);
#9076 = DIRECTION('',(1.,0.,2.22044604925E-16));
#9077 = PCURVE('',#9045,#9078);
#9078 = DEFINITIONAL_REPRESENTATION('',(#9079),#9083);
#9079 = LINE('',#9080,#9081);
#9080 = CARTESIAN_POINT('',(6.28318530718,-0.));
#9081 = VECTOR('',#9082,1.);
#9082 = DIRECTION('',(0.,1.));
#9083 = ( GEOMETRIC_REPRESENTATION_CONTEXT(2) 
PARAMETRIC_REPRESENTATION_CONTEXT() REPRESENTATION_CONTEXT('2D SPACE',''
  ) );
#9084 = PCURVE('',#9045,#9085);
#9085 = DEFINITIONAL_REPRESENTATION('',(#9086),#9090);
#9086 = LINE('',#9087,#9088);
#9087 = CARTESIAN_POINT('',(0.,-0.));
#9088 = VECTOR('',#9089,1.);
#9089 = DIRECTION('',(0.,1.));
#9090 = ( GEOMETRIC_REPRESENTATION_CONTEXT(2) 
PARAMETRIC_REPRESENTATION_CONTEXT() REPRESENTATION_CONTEXT('2D SPACE',''
  ) );
#9091 = ORIENTED_EDGE('',*,*,#9092,.T.);
#9092 = EDGE_CURVE('',#9070,#9070,#9093,.T.);
#9093 = SURFACE_CURVE('',#9094,(#9099,#9106),.PCURVE_S1.);
#9094 = CIRCLE('',#9095,450.);
#9095 = AXIS2_PLACEMENT_3D('',#9096,#9097,#9098);
#9096 = CARTESIAN_POINT('',(3.55E+03,0.,0.));
#9097 = DIRECTION('',(1.,-0.,2.22044604925E-16));
#9098 = DIRECTION('',(2.22044604925E-16,0.,-1.));
#9099 = PCURVE('',#9045,#9100);
#9100 = DEFINITIONAL_REPRESENTATION('',(#9101),#9105);
#9101 = LINE('',#9102,#9103);
#9102 = CARTESIAN_POINT('',(0.,0.));
#9103 = VECTOR('',#9104,1.);
#9104 = DIRECTION('',(1.,0.));
#9105 = ( GEOMETRIC_REPRESENTATION_CONTEXT(2) 
PARAMETRIC_REPRESENTATION_CONTEXT() REPRESENTATION_CONTEXT('2D SPACE',''
  ) );
#9106 = PCURVE('',#9107,#9112);
#9107 = PLANE('',#9108);
#9108 = AXIS2_PLACEMENT_3D('',#9109,#9110,#9111);
#9109 = CARTESIAN_POINT('',(3.55E+03,0.,0.));
#9110 = DIRECTION('',(1.,0.,2.22044604925E-16));
#9111 = DIRECTION('',(2.22044604925E-16,0.,-1.));
#9112 = DEFINITIONAL_REPRESENTATION('',(#9113),#9117);
#9113 = CIRCLE('',#9114,450.);
#9114 = AXIS2_PLACEMENT_2D('',#9115,#9116);
#9115 = CARTESIAN_POINT('',(0.,0.));
#9116 = DIRECTION('',(1.,0.));
#9117 = ( GEOMETRIC_REPRESENTATION_CONTEXT(2) 
PARAMETRIC_REPRESENTATION_CONTEXT() REPRESENTATION_CONTEXT('2D SPACE',''
  ) );
#9118 = ORIENTED_EDGE('',*,*,#9069,.T.);
#9119 = ADVANCED_FACE('',(#9120),#9057,.T.);
#9120 = FACE_BOUND('',#9121,.T.);
#9121 = EDGE_LOOP('',(#9122));
#9122 = ORIENTED_EDGE('',*,*,#9035,.T.);
#9123 = ADVANCED_FACE('',(#9124),#9107,.F.);
#9124 = FACE_BOUND('',#9125,.T.);
#9125 = EDGE_LOOP('',(#9126));
#9126 = ORIENTED_EDGE('',*,*,#9092,.F.);
#9127 = ( GEOMETRIC_REPRESENTATION_CONTEXT(3) 
GLOBAL_UNCERTAINTY_ASSIGNED_CONTEXT((#9131)) 
GLOBAL_UNIT_ASSIGNED_CONTEXT((#9128,#9129,#9130)) REPRESENTATION_CONTEXT
('Context #1','3D Context with UNIT and UNCERTAINTY') );
#9128 = ( LENGTH_UNIT() NAMED_UNIT(*) SI_UNIT($,.METRE.) );
#9129 = ( NAMED_UNIT(*) PLANE_ANGLE_UNIT() SI_UNIT($,.RADIAN.) );
#9130 = ( NAMED_UNIT(*) SI_UNIT($,.STERADIAN.) SOLID_ANGLE_UNIT() );
#9131 = UNCERTAINTY_MEASURE_WITH_UNIT(LENGTH_MEASURE(1.E-07),#9128,
  'distance_accuracy_value','confusion accuracy');
#9132 = PRODUCT_RELATED_PRODUCT_CATEGORY('part',$,(#9025));
#9133 = SHAPE_DEFINITION_REPRESENTATION(#9134,#9140);
#9134 = PRODUCT_DEFINITION_SHAPE('','',#9135);
#9135 = PRODUCT_DEFINITION('design','',#9136,#9139);
#9136 = PRODUCT_DEFINITION_FORMATION('','',#9137);
#9137 = PRODUCT('Nozzle_Ann_I','Nozzle_Ann_I','',(#9138));
#9138 = PRODUCT_CONTEXT('',#2,'mechanical');
#9139 = PRODUCT_DEFINITION_CONTEXT('part definition',#2,'design');
#9140 = ADVANCED_BREP_SHAPE_REPRESENTATION('',(#11,#9141),#9239);
#9141 = MANIFOLD_SOLID_BREP('',#9142);
#9142 = CLOSED_SHELL('',(#9143,#9231,#9235));
#9143 = ADVANCED_FACE('',(#9144),#9157,.T.);
#9144 = FACE_BOUND('',#9145,.T.);
#9145 = EDGE_LOOP('',(#9146,#9180,#9203,#9230));
#9146 = ORIENTED_EDGE('',*,*,#9147,.F.);
#9147 = EDGE_CURVE('',#9148,#9148,#9150,.T.);
#9148 = VERTEX_POINT('',#9149);
#9149 = CARTESIAN_POINT('',(3.62E+03,-1.058094834463E-13,-432.));
#9150 = SURFACE_CURVE('',#9151,(#9156,#9168),.PCURVE_S1.);
#9151 = CIRCLE('',#9152,432.);
#9152 = AXIS2_PLACEMENT_3D('',#9153,#9154,#9155);
#9153 = CARTESIAN_POINT('',(3.62E+03,0.,1.492139745096E-14));
#9154 = DIRECTION('',(1.,-0.,2.22044604925E-16));
#9155 = DIRECTION('',(2.22044604925E-16,0.,-1.));
#9156 = PCURVE('',#9157,#9162);
#9157 = CYLINDRICAL_SURFACE('',#9158,432.);
#9158 = AXIS2_PLACEMENT_3D('',#9159,#9160,#9161);
#9159 = CARTESIAN_POINT('',(3.5528E+03,0.,0.));
#9160 = DIRECTION('',(1.,0.,2.22044604925E-16));
#9161 = DIRECTION('',(2.22044604925E-16,0.,-1.));
#9162 = DEFINITIONAL_REPRESENTATION('',(#9163),#9167);
#9163 = LINE('',#9164,#9165);
#9164 = CARTESIAN_POINT('',(0.,67.2));
#9165 = VECTOR('',#9166,1.);
#9166 = DIRECTION('',(1.,0.));
#9167 = ( GEOMETRIC_REPRESENTATION_CONTEXT(2) 
PARAMETRIC_REPRESENTATION_CONTEXT() REPRESENTATION_CONTEXT('2D SPACE',''
  ) );
#9168 = PCURVE('',#9169,#9174);
#9169 = PLANE('',#9170);
#9170 = AXIS2_PLACEMENT_3D('',#9171,#9172,#9173);
#9171 = CARTESIAN_POINT('',(3.62E+03,0.,1.492139745096E-14));
#9172 = DIRECTION('',(1.,0.,2.22044604925E-16));
#9173 = DIRECTION('',(2.22044604925E-16,0.,-1.));
#9174 = DEFINITIONAL_REPRESENTATION('',(#9175),#9179);
#9175 = CIRCLE('',#9176,432.);
#9176 = AXIS2_PLACEMENT_2D('',#9177,#9178);
#9177 = CARTESIAN_POINT('',(0.,0.));
#9178 = DIRECTION('',(1.,0.));
#9179 = ( GEOMETRIC_REPRESENTATION_CONTEXT(2) 
PARAMETRIC_REPRESENTATION_CONTEXT() REPRESENTATION_CONTEXT('2D SPACE',''
  ) );
#9180 = ORIENTED_EDGE('',*,*,#9181,.F.);
#9181 = EDGE_CURVE('',#9182,#9148,#9184,.T.);
#9182 = VERTEX_POINT('',#9183);
#9183 = CARTESIAN_POINT('',(3.5528E+03,-1.058094834463E-13,-432.));
#9184 = SEAM_CURVE('',#9185,(#9189,#9196),.PCURVE_S1.);
#9185 = LINE('',#9186,#9187);
#9186 = CARTESIAN_POINT('',(3.5528E+03,-1.058094834463E-13,-432.));
#9187 = VECTOR('',#9188,1.);
#9188 = DIRECTION('',(1.,0.,2.22044604925E-16));
#9189 = PCURVE('',#9157,#9190);
#9190 = DEFINITIONAL_REPRESENTATION('',(#9191),#9195);
#9191 = LINE('',#9192,#9193);
#9192 = CARTESIAN_POINT('',(6.28318530718,-0.));
#9193 = VECTOR('',#9194,1.);
#9194 = DIRECTION('',(0.,1.));
#9195 = ( GEOMETRIC_REPRESENTATION_CONTEXT(2) 
PARAMETRIC_REPRESENTATION_CONTEXT() REPRESENTATION_CONTEXT('2D SPACE',''
  ) );
#9196 = PCURVE('',#9157,#9197);
#9197 = DEFINITIONAL_REPRESENTATION('',(#9198),#9202);
#9198 = LINE('',#9199,#9200);
#9199 = CARTESIAN_POINT('',(0.,-0.));
#9200 = VECTOR('',#9201,1.);
#9201 = DIRECTION('',(0.,1.));
#9202 = ( GEOMETRIC_REPRESENTATION_CONTEXT(2) 
PARAMETRIC_REPRESENTATION_CONTEXT() REPRESENTATION_CONTEXT('2D SPACE',''
  ) );
#9203 = ORIENTED_EDGE('',*,*,#9204,.T.);
#9204 = EDGE_CURVE('',#9182,#9182,#9205,.T.);
#9205 = SURFACE_CURVE('',#9206,(#9211,#9218),.PCURVE_S1.);
#9206 = CIRCLE('',#9207,432.);
#9207 = AXIS2_PLACEMENT_3D('',#9208,#9209,#9210);
#9208 = CARTESIAN_POINT('',(3.5528E+03,0.,0.));
#9209 = DIRECTION('',(1.,-0.,2.22044604925E-16));
#9210 = DIRECTION('',(2.22044604925E-16,0.,-1.));
#9211 = PCURVE('',#9157,#9212);
#9212 = DEFINITIONAL_REPRESENTATION('',(#9213),#9217);
#9213 = LINE('',#9214,#9215);
#9214 = CARTESIAN_POINT('',(0.,0.));
#9215 = VECTOR('',#9216,1.);
#9216 = DIRECTION('',(1.,0.));
#9217 = ( GEOMETRIC_REPRESENTATION_CONTEXT(2) 
PARAMETRIC_REPRESENTATION_CONTEXT() REPRESENTATION_CONTEXT('2D SPACE',''
  ) );
#9218 = PCURVE('',#9219,#9224);
#9219 = PLANE('',#9220);
#9220 = AXIS2_PLACEMENT_3D('',#9221,#9222,#9223);
#9221 = CARTESIAN_POINT('',(3.5528E+03,0.,0.));
#9222 = DIRECTION('',(1.,0.,2.22044604925E-16));
#9223 = DIRECTION('',(2.22044604925E-16,0.,-1.));
#9224 = DEFINITIONAL_REPRESENTATION('',(#9225),#9229);
#9225 = CIRCLE('',#9226,432.);
#9226 = AXIS2_PLACEMENT_2D('',#9227,#9228);
#9227 = CARTESIAN_POINT('',(0.,0.));
#9228 = DIRECTION('',(1.,0.));
#9229 = ( GEOMETRIC_REPRESENTATION_CONTEXT(2) 
PARAMETRIC_REPRESENTATION_CONTEXT() REPRESENTATION_CONTEXT('2D SPACE',''
  ) );
#9230 = ORIENTED_EDGE('',*,*,#9181,.T.);
#9231 = ADVANCED_FACE('',(#9232),#9169,.T.);
#9232 = FACE_BOUND('',#9233,.T.);
#9233 = EDGE_LOOP('',(#9234));
#9234 = ORIENTED_EDGE('',*,*,#9147,.T.);
#9235 = ADVANCED_FACE('',(#9236),#9219,.F.);
#9236 = FACE_BOUND('',#9237,.T.);
#9237 = EDGE_LOOP('',(#9238));
#9238 = ORIENTED_EDGE('',*,*,#9204,.F.);
#9239 = ( GEOMETRIC_REPRESENTATION_CONTEXT(3) 
GLOBAL_UNCERTAINTY_ASSIGNED_CONTEXT((#9243)) 
GLOBAL_UNIT_ASSIGNED_CONTEXT((#9240,#9241,#9242)) REPRESENTATION_CONTEXT
('Context #1','3D Context with UNIT and UNCERTAINTY') );
#9240 = ( LENGTH_UNIT() NAMED_UNIT(*) SI_UNIT($,.METRE.) );
#9241 = ( NAMED_UNIT(*) PLANE_ANGLE_UNIT() SI_UNIT($,.RADIAN.) );
#9242 = ( NAMED_UNIT(*) SI_UNIT($,.STERADIAN.) SOLID_ANGLE_UNIT() );
#9243 = UNCERTAINTY_MEASURE_WITH_UNIT(LENGTH_MEASURE(1.E-07),#9240,
  'distance_accuracy_value','confusion accuracy');
#9244 = PRODUCT_RELATED_PRODUCT_CATEGORY('part',$,(#9137));
#9245 = SHAPE_DEFINITION_REPRESENTATION(#9246,#9252);
#9246 = PRODUCT_DEFINITION_SHAPE('','',#9247);
#9247 = PRODUCT_DEFINITION('design','',#9248,#9251);
#9248 = PRODUCT_DEFINITION_FORMATION('','',#9249);
#9249 = PRODUCT('Rad_0__1','Rad_0__1','',(#9250));
#9250 = PRODUCT_CONTEXT('',#2,'mechanical');
#9251 = PRODUCT_DEFINITION_CONTEXT('part definition',#2,'design');
#9252 = ADVANCED_BREP_SHAPE_REPRESENTATION('',(#11,#9253),#9583);
#9253 = MANIFOLD_SOLID_BREP('',#9254);
#9254 = CLOSED_SHELL('',(#9255,#9375,#9475,#9522,#9569,#9576));
#9255 = ADVANCED_FACE('',(#9256),#9270,.F.);
#9256 = FACE_BOUND('',#9257,.F.);
#9257 = EDGE_LOOP('',(#9258,#9293,#9321,#9349));
#9258 = ORIENTED_EDGE('',*,*,#9259,.F.);
#9259 = EDGE_CURVE('',#9260,#9262,#9264,.T.);
#9260 = VERTEX_POINT('',#9261);
#9261 = CARTESIAN_POINT('',(2.42E+03,-480.,-300.));
#9262 = VERTEX_POINT('',#9263);
#9263 = CARTESIAN_POINT('',(2.42E+03,-480.,300.));
#9264 = SURFACE_CURVE('',#9265,(#9269,#9281),.PCURVE_S1.);
#9265 = LINE('',#9266,#9267);
#9266 = CARTESIAN_POINT('',(2.42E+03,-480.,-300.));
#9267 = VECTOR('',#9268,1.);
#9268 = DIRECTION('',(0.,0.,1.));
#9269 = PCURVE('',#9270,#9275);
#9270 = PLANE('',#9271);
#9271 = AXIS2_PLACEMENT_3D('',#9272,#9273,#9274);
#9272 = CARTESIAN_POINT('',(2.42E+03,-480.,-300.));
#9273 = DIRECTION('',(1.,0.,0.));
#9274 = DIRECTION('',(0.,0.,1.));
#9275 = DEFINITIONAL_REPRESENTATION('',(#9276),#9280);
#9276 = LINE('',#9277,#9278);
#9277 = CARTESIAN_POINT('',(0.,0.));
#9278 = VECTOR('',#9279,1.);
#9279 = DIRECTION('',(1.,0.));
#9280 = ( GEOMETRIC_REPRESENTATION_CONTEXT(2) 
PARAMETRIC_REPRESENTATION_CONTEXT() REPRESENTATION_CONTEXT('2D SPACE',''
  ) );
#9281 = PCURVE('',#9282,#9287);
#9282 = PLANE('',#9283);
#9283 = AXIS2_PLACEMENT_3D('',#9284,#9285,#9286);
#9284 = CARTESIAN_POINT('',(2.42E+03,-480.,-300.));
#9285 = DIRECTION('',(0.,1.,0.));
#9286 = DIRECTION('',(0.,0.,1.));
#9287 = DEFINITIONAL_REPRESENTATION('',(#9288),#9292);
#9288 = LINE('',#9289,#9290);
#9289 = CARTESIAN_POINT('',(0.,0.));
#9290 = VECTOR('',#9291,1.);
#9291 = DIRECTION('',(1.,0.));
#9292 = ( GEOMETRIC_REPRESENTATION_CONTEXT(2) 
PARAMETRIC_REPRESENTATION_CONTEXT() REPRESENTATION_CONTEXT('2D SPACE',''
  ) );
#9293 = ORIENTED_EDGE('',*,*,#9294,.T.);
#9294 = EDGE_CURVE('',#9260,#9295,#9297,.T.);
#9295 = VERTEX_POINT('',#9296);
#9296 = CARTESIAN_POINT('',(2.42E+03,-476.,-300.));
#9297 = SURFACE_CURVE('',#9298,(#9302,#9309),.PCURVE_S1.);
#9298 = LINE('',#9299,#9300);
#9299 = CARTESIAN_POINT('',(2.42E+03,-480.,-300.));
#9300 = VECTOR('',#9301,1.);
#9301 = DIRECTION('',(0.,1.,0.));
#9302 = PCURVE('',#9270,#9303);
#9303 = DEFINITIONAL_REPRESENTATION('',(#9304),#9308);
#9304 = LINE('',#9305,#9306);
#9305 = CARTESIAN_POINT('',(0.,0.));
#9306 = VECTOR('',#9307,1.);
#9307 = DIRECTION('',(0.,-1.));
#9308 = ( GEOMETRIC_REPRESENTATION_CONTEXT(2) 
PARAMETRIC_REPRESENTATION_CONTEXT() REPRESENTATION_CONTEXT('2D SPACE',''
  ) );
#9309 = PCURVE('',#9310,#9315);
#9310 = PLANE('',#9311);
#9311 = AXIS2_PLACEMENT_3D('',#9312,#9313,#9314);
#9312 = CARTESIAN_POINT('',(2.42E+03,-480.,-300.));
#9313 = DIRECTION('',(0.,0.,1.));
#9314 = DIRECTION('',(1.,0.,0.));
#9315 = DEFINITIONAL_REPRESENTATION('',(#9316),#9320);
#9316 = LINE('',#9317,#9318);
#9317 = CARTESIAN_POINT('',(0.,0.));
#9318 = VECTOR('',#9319,1.);
#9319 = DIRECTION('',(0.,1.));
#9320 = ( GEOMETRIC_REPRESENTATION_CONTEXT(2) 
PARAMETRIC_REPRESENTATION_CONTEXT() REPRESENTATION_CONTEXT('2D SPACE',''
  ) );
#9321 = ORIENTED_EDGE('',*,*,#9322,.T.);
#9322 = EDGE_CURVE('',#9295,#9323,#9325,.T.);
#9323 = VERTEX_POINT('',#9324);
#9324 = CARTESIAN_POINT('',(2.42E+03,-476.,300.));
#9325 = SURFACE_CURVE('',#9326,(#9330,#9337),.PCURVE_S1.);
#9326 = LINE('',#9327,#9328);
#9327 = CARTESIAN_POINT('',(2.42E+03,-476.,-300.));
#9328 = VECTOR('',#9329,1.);
#9329 = DIRECTION('',(0.,0.,1.));
#9330 = PCURVE('',#9270,#9331);
#9331 = DEFINITIONAL_REPRESENTATION('',(#9332),#9336);
#9332 = LINE('',#9333,#9334);
#9333 = CARTESIAN_POINT('',(0.,-4.));
#9334 = VECTOR('',#9335,1.);
#9335 = DIRECTION('',(1.,0.));
#9336 = ( GEOMETRIC_REPRESENTATION_CONTEXT(2) 
PARAMETRIC_REPRESENTATION_CONTEXT() REPRESENTATION_CONTEXT('2D SPACE',''
  ) );
#9337 = PCURVE('',#9338,#9343);
#9338 = PLANE('',#9339);
#9339 = AXIS2_PLACEMENT_3D('',#9340,#9341,#9342);
#9340 = CARTESIAN_POINT('',(2.42E+03,-476.,-300.));
#9341 = DIRECTION('',(0.,1.,0.));
#9342 = DIRECTION('',(0.,0.,1.));
#9343 = DEFINITIONAL_REPRESENTATION('',(#9344),#9348);
#9344 = LINE('',#9345,#9346);
#9345 = CARTESIAN_POINT('',(0.,0.));
#9346 = VECTOR('',#9347,1.);
#9347 = DIRECTION('',(1.,0.));
#9348 = ( GEOMETRIC_REPRESENTATION_CONTEXT(2) 
PARAMETRIC_REPRESENTATION_CONTEXT() REPRESENTATION_CONTEXT('2D SPACE',''
  ) );
#9349 = ORIENTED_EDGE('',*,*,#9350,.F.);
#9350 = EDGE_CURVE('',#9262,#9323,#9351,.T.);
#9351 = SURFACE_CURVE('',#9352,(#9356,#9363),.PCURVE_S1.);
#9352 = LINE('',#9353,#9354);
#9353 = CARTESIAN_POINT('',(2.42E+03,-480.,300.));
#9354 = VECTOR('',#9355,1.);
#9355 = DIRECTION('',(0.,1.,0.));
#9356 = PCURVE('',#9270,#9357);
#9357 = DEFINITIONAL_REPRESENTATION('',(#9358),#9362);
#9358 = LINE('',#9359,#9360);
#9359 = CARTESIAN_POINT('',(600.,0.));
#9360 = VECTOR('',#9361,1.);
#9361 = DIRECTION('',(0.,-1.));
#9362 = ( GEOMETRIC_REPRESENTATION_CONTEXT(2) 
PARAMETRIC_REPRESENTATION_CONTEXT() REPRESENTATION_CONTEXT('2D SPACE',''
  ) );
#9363 = PCURVE('',#9364,#9369);
#9364 = PLANE('',#9365);
#9365 = AXIS2_PLACEMENT_3D('',#9366,#9367,#9368);
#9366 = CARTESIAN_POINT('',(2.42E+03,-480.,300.));
#9367 = DIRECTION('',(0.,0.,1.));
#9368 = DIRECTION('',(1.,0.,0.));
#9369 = DEFINITIONAL_REPRESENTATION('',(#9370),#9374);
#9370 = LINE('',#9371,#9372);
#9371 = CARTESIAN_POINT('',(0.,0.));
#9372 = VECTOR('',#9373,1.);
#9373 = DIRECTION('',(0.,1.));
#9374 = ( GEOMETRIC_REPRESENTATION_CONTEXT(2) 
PARAMETRIC_REPRESENTATION_CONTEXT() REPRESENTATION_CONTEXT('2D SPACE',''
  ) );
#9375 = ADVANCED_FACE('',(#9376),#9390,.T.);
#9376 = FACE_BOUND('',#9377,.T.);
#9377 = EDGE_LOOP('',(#9378,#9408,#9431,#9454));
#9378 = ORIENTED_EDGE('',*,*,#9379,.F.);
#9379 = EDGE_CURVE('',#9380,#9382,#9384,.T.);
#9380 = VERTEX_POINT('',#9381);
#9381 = CARTESIAN_POINT('',(3.22E+03,-480.,-300.));
#9382 = VERTEX_POINT('',#9383);
#9383 = CARTESIAN_POINT('',(3.22E+03,-480.,300.));
#9384 = SURFACE_CURVE('',#9385,(#9389,#9401),.PCURVE_S1.);
#9385 = LINE('',#9386,#9387);
#9386 = CARTESIAN_POINT('',(3.22E+03,-480.,-300.));
#9387 = VECTOR('',#9388,1.);
#9388 = DIRECTION('',(0.,0.,1.));
#9389 = PCURVE('',#9390,#9395);
#9390 = PLANE('',#9391);
#9391 = AXIS2_PLACEMENT_3D('',#9392,#9393,#9394);
#9392 = CARTESIAN_POINT('',(3.22E+03,-480.,-300.));
#9393 = DIRECTION('',(1.,0.,0.));
#9394 = DIRECTION('',(0.,0.,1.));
#9395 = DEFINITIONAL_REPRESENTATION('',(#9396),#9400);
#9396 = LINE('',#9397,#9398);
#9397 = CARTESIAN_POINT('',(0.,0.));
#9398 = VECTOR('',#9399,1.);
#9399 = DIRECTION('',(1.,0.));
#9400 = ( GEOMETRIC_REPRESENTATION_CONTEXT(2) 
PARAMETRIC_REPRESENTATION_CONTEXT() REPRESENTATION_CONTEXT('2D SPACE',''
  ) );
#9401 = PCURVE('',#9282,#9402);
#9402 = DEFINITIONAL_REPRESENTATION('',(#9403),#9407);
#9403 = LINE('',#9404,#9405);
#9404 = CARTESIAN_POINT('',(0.,800.));
#9405 = VECTOR('',#9406,1.);
#9406 = DIRECTION('',(1.,0.));
#9407 = ( GEOMETRIC_REPRESENTATION_CONTEXT(2) 
PARAMETRIC_REPRESENTATION_CONTEXT() REPRESENTATION_CONTEXT('2D SPACE',''
  ) );
#9408 = ORIENTED_EDGE('',*,*,#9409,.T.);
#9409 = EDGE_CURVE('',#9380,#9410,#9412,.T.);
#9410 = VERTEX_POINT('',#9411);
#9411 = CARTESIAN_POINT('',(3.22E+03,-476.,-300.));
#9412 = SURFACE_CURVE('',#9413,(#9417,#9424),.PCURVE_S1.);
#9413 = LINE('',#9414,#9415);
#9414 = CARTESIAN_POINT('',(3.22E+03,-480.,-300.));
#9415 = VECTOR('',#9416,1.);
#9416 = DIRECTION('',(0.,1.,0.));
#9417 = PCURVE('',#9390,#9418);
#9418 = DEFINITIONAL_REPRESENTATION('',(#9419),#9423);
#9419 = LINE('',#9420,#9421);
#9420 = CARTESIAN_POINT('',(0.,0.));
#9421 = VECTOR('',#9422,1.);
#9422 = DIRECTION('',(0.,-1.));
#9423 = ( GEOMETRIC_REPRESENTATION_CONTEXT(2) 
PARAMETRIC_REPRESENTATION_CONTEXT() REPRESENTATION_CONTEXT('2D SPACE',''
  ) );
#9424 = PCURVE('',#9310,#9425);
#9425 = DEFINITIONAL_REPRESENTATION('',(#9426),#9430);
#9426 = LINE('',#9427,#9428);
#9427 = CARTESIAN_POINT('',(800.,0.));
#9428 = VECTOR('',#9429,1.);
#9429 = DIRECTION('',(0.,1.));
#9430 = ( GEOMETRIC_REPRESENTATION_CONTEXT(2) 
PARAMETRIC_REPRESENTATION_CONTEXT() REPRESENTATION_CONTEXT('2D SPACE',''
  ) );
#9431 = ORIENTED_EDGE('',*,*,#9432,.T.);
#9432 = EDGE_CURVE('',#9410,#9433,#9435,.T.);
#9433 = VERTEX_POINT('',#9434);
#9434 = CARTESIAN_POINT('',(3.22E+03,-476.,300.));
#9435 = SURFACE_CURVE('',#9436,(#9440,#9447),.PCURVE_S1.);
#9436 = LINE('',#9437,#9438);
#9437 = CARTESIAN_POINT('',(3.22E+03,-476.,-300.));
#9438 = VECTOR('',#9439,1.);
#9439 = DIRECTION('',(0.,0.,1.));
#9440 = PCURVE('',#9390,#9441);
#9441 = DEFINITIONAL_REPRESENTATION('',(#9442),#9446);
#9442 = LINE('',#9443,#9444);
#9443 = CARTESIAN_POINT('',(0.,-4.));
#9444 = VECTOR('',#9445,1.);
#9445 = DIRECTION('',(1.,0.));
#9446 = ( GEOMETRIC_REPRESENTATION_CONTEXT(2) 
PARAMETRIC_REPRESENTATION_CONTEXT() REPRESENTATION_CONTEXT('2D SPACE',''
  ) );
#9447 = PCURVE('',#9338,#9448);
#9448 = DEFINITIONAL_REPRESENTATION('',(#9449),#9453);
#9449 = LINE('',#9450,#9451);
#9450 = CARTESIAN_POINT('',(0.,800.));
#9451 = VECTOR('',#9452,1.);
#9452 = DIRECTION('',(1.,0.));
#9453 = ( GEOMETRIC_REPRESENTATION_CONTEXT(2) 
PARAMETRIC_REPRESENTATION_CONTEXT() REPRESENTATION_CONTEXT('2D SPACE',''
  ) );
#9454 = ORIENTED_EDGE('',*,*,#9455,.F.);
#9455 = EDGE_CURVE('',#9382,#9433,#9456,.T.);
#9456 = SURFACE_CURVE('',#9457,(#9461,#9468),.PCURVE_S1.);
#9457 = LINE('',#9458,#9459);
#9458 = CARTESIAN_POINT('',(3.22E+03,-480.,300.));
#9459 = VECTOR('',#9460,1.);
#9460 = DIRECTION('',(0.,1.,0.));
#9461 = PCURVE('',#9390,#9462);
#9462 = DEFINITIONAL_REPRESENTATION('',(#9463),#9467);
#9463 = LINE('',#9464,#9465);
#9464 = CARTESIAN_POINT('',(600.,0.));
#9465 = VECTOR('',#9466,1.);
#9466 = DIRECTION('',(0.,-1.));
#9467 = ( GEOMETRIC_REPRESENTATION_CONTEXT(2) 
PARAMETRIC_REPRESENTATION_CONTEXT() REPRESENTATION_CONTEXT('2D SPACE',''
  ) );
#9468 = PCURVE('',#9364,#9469);
#9469 = DEFINITIONAL_REPRESENTATION('',(#9470),#9474);
#9470 = LINE('',#9471,#9472);
#9471 = CARTESIAN_POINT('',(800.,0.));
#9472 = VECTOR('',#9473,1.);
#9473 = DIRECTION('',(0.,1.));
#9474 = ( GEOMETRIC_REPRESENTATION_CONTEXT(2) 
PARAMETRIC_REPRESENTATION_CONTEXT() REPRESENTATION_CONTEXT('2D SPACE',''
  ) );
#9475 = ADVANCED_FACE('',(#9476),#9282,.F.);
#9476 = FACE_BOUND('',#9477,.F.);
#9477 = EDGE_LOOP('',(#9478,#9499,#9500,#9521));
#9478 = ORIENTED_EDGE('',*,*,#9479,.F.);
#9479 = EDGE_CURVE('',#9260,#9380,#9480,.T.);
#9480 = SURFACE_CURVE('',#9481,(#9485,#9492),.PCURVE_S1.);
#9481 = LINE('',#9482,#9483);
#9482 = CARTESIAN_POINT('',(2.42E+03,-480.,-300.));
#9483 = VECTOR('',#9484,1.);
#9484 = DIRECTION('',(1.,0.,0.));
#9485 = PCURVE('',#9282,#9486);
#9486 = DEFINITIONAL_REPRESENTATION('',(#9487),#9491);
#9487 = LINE('',#9488,#9489);
#9488 = CARTESIAN_POINT('',(0.,0.));
#9489 = VECTOR('',#9490,1.);
#9490 = DIRECTION('',(0.,1.));
#9491 = ( GEOMETRIC_REPRESENTATION_CONTEXT(2) 
PARAMETRIC_REPRESENTATION_CONTEXT() REPRESENTATION_CONTEXT('2D SPACE',''
  ) );
#9492 = PCURVE('',#9310,#9493);
#9493 = DEFINITIONAL_REPRESENTATION('',(#9494),#9498);
#9494 = LINE('',#9495,#9496);
#9495 = CARTESIAN_POINT('',(0.,0.));
#9496 = VECTOR('',#9497,1.);
#9497 = DIRECTION('',(1.,0.));
#9498 = ( GEOMETRIC_REPRESENTATION_CONTEXT(2) 
PARAMETRIC_REPRESENTATION_CONTEXT() REPRESENTATION_CONTEXT('2D SPACE',''
  ) );
#9499 = ORIENTED_EDGE('',*,*,#9259,.T.);
#9500 = ORIENTED_EDGE('',*,*,#9501,.T.);
#9501 = EDGE_CURVE('',#9262,#9382,#9502,.T.);
#9502 = SURFACE_CURVE('',#9503,(#9507,#9514),.PCURVE_S1.);
#9503 = LINE('',#9504,#9505);
#9504 = CARTESIAN_POINT('',(2.42E+03,-480.,300.));
#9505 = VECTOR('',#9506,1.);
#9506 = DIRECTION('',(1.,0.,0.));
#9507 = PCURVE('',#9282,#9508);
#9508 = DEFINITIONAL_REPRESENTATION('',(#9509),#9513);
#9509 = LINE('',#9510,#9511);
#9510 = CARTESIAN_POINT('',(600.,0.));
#9511 = VECTOR('',#9512,1.);
#9512 = DIRECTION('',(0.,1.));
#9513 = ( GEOMETRIC_REPRESENTATION_CONTEXT(2) 
PARAMETRIC_REPRESENTATION_CONTEXT() REPRESENTATION_CONTEXT('2D SPACE',''
  ) );
#9514 = PCURVE('',#9364,#9515);
#9515 = DEFINITIONAL_REPRESENTATION('',(#9516),#9520);
#9516 = LINE('',#9517,#9518);
#9517 = CARTESIAN_POINT('',(0.,0.));
#9518 = VECTOR('',#9519,1.);
#9519 = DIRECTION('',(1.,0.));
#9520 = ( GEOMETRIC_REPRESENTATION_CONTEXT(2) 
PARAMETRIC_REPRESENTATION_CONTEXT() REPRESENTATION_CONTEXT('2D SPACE',''
  ) );
#9521 = ORIENTED_EDGE('',*,*,#9379,.F.);
#9522 = ADVANCED_FACE('',(#9523),#9338,.T.);
#9523 = FACE_BOUND('',#9524,.T.);
#9524 = EDGE_LOOP('',(#9525,#9546,#9547,#9568));
#9525 = ORIENTED_EDGE('',*,*,#9526,.F.);
#9526 = EDGE_CURVE('',#9295,#9410,#9527,.T.);
#9527 = SURFACE_CURVE('',#9528,(#9532,#9539),.PCURVE_S1.);
#9528 = LINE('',#9529,#9530);
#9529 = CARTESIAN_POINT('',(2.42E+03,-476.,-300.));
#9530 = VECTOR('',#9531,1.);
#9531 = DIRECTION('',(1.,0.,0.));
#9532 = PCURVE('',#9338,#9533);
#9533 = DEFINITIONAL_REPRESENTATION('',(#9534),#9538);
#9534 = LINE('',#9535,#9536);
#9535 = CARTESIAN_POINT('',(0.,0.));
#9536 = VECTOR('',#9537,1.);
#9537 = DIRECTION('',(0.,1.));
#9538 = ( GEOMETRIC_REPRESENTATION_CONTEXT(2) 
PARAMETRIC_REPRESENTATION_CONTEXT() REPRESENTATION_CONTEXT('2D SPACE',''
  ) );
#9539 = PCURVE('',#9310,#9540);
#9540 = DEFINITIONAL_REPRESENTATION('',(#9541),#9545);
#9541 = LINE('',#9542,#9543);
#9542 = CARTESIAN_POINT('',(0.,4.));
#9543 = VECTOR('',#9544,1.);
#9544 = DIRECTION('',(1.,0.));
#9545 = ( GEOMETRIC_REPRESENTATION_CONTEXT(2) 
PARAMETRIC_REPRESENTATION_CONTEXT() REPRESENTATION_CONTEXT('2D SPACE',''
  ) );
#9546 = ORIENTED_EDGE('',*,*,#9322,.T.);
#9547 = ORIENTED_EDGE('',*,*,#9548,.T.);
#9548 = EDGE_CURVE('',#9323,#9433,#9549,.T.);
#9549 = SURFACE_CURVE('',#9550,(#9554,#9561),.PCURVE_S1.);
#9550 = LINE('',#9551,#9552);
#9551 = CARTESIAN_POINT('',(2.42E+03,-476.,300.));
#9552 = VECTOR('',#9553,1.);
#9553 = DIRECTION('',(1.,0.,0.));
#9554 = PCURVE('',#9338,#9555);
#9555 = DEFINITIONAL_REPRESENTATION('',(#9556),#9560);
#9556 = LINE('',#9557,#9558);
#9557 = CARTESIAN_POINT('',(600.,0.));
#9558 = VECTOR('',#9559,1.);
#9559 = DIRECTION('',(0.,1.));
#9560 = ( GEOMETRIC_REPRESENTATION_CONTEXT(2) 
PARAMETRIC_REPRESENTATION_CONTEXT() REPRESENTATION_CONTEXT('2D SPACE',''
  ) );
#9561 = PCURVE('',#9364,#9562);
#9562 = DEFINITIONAL_REPRESENTATION('',(#9563),#9567);
#9563 = LINE('',#9564,#9565);
#9564 = CARTESIAN_POINT('',(0.,4.));
#9565 = VECTOR('',#9566,1.);
#9566 = DIRECTION('',(1.,0.));
#9567 = ( GEOMETRIC_REPRESENTATION_CONTEXT(2) 
PARAMETRIC_REPRESENTATION_CONTEXT() REPRESENTATION_CONTEXT('2D SPACE',''
  ) );
#9568 = ORIENTED_EDGE('',*,*,#9432,.F.);
#9569 = ADVANCED_FACE('',(#9570),#9310,.F.);
#9570 = FACE_BOUND('',#9571,.F.);
#9571 = EDGE_LOOP('',(#9572,#9573,#9574,#9575));
#9572 = ORIENTED_EDGE('',*,*,#9294,.F.);
#9573 = ORIENTED_EDGE('',*,*,#9479,.T.);
#9574 = ORIENTED_EDGE('',*,*,#9409,.T.);
#9575 = ORIENTED_EDGE('',*,*,#9526,.F.);
#9576 = ADVANCED_FACE('',(#9577),#9364,.T.);
#9577 = FACE_BOUND('',#9578,.T.);
#9578 = EDGE_LOOP('',(#9579,#9580,#9581,#9582));
#9579 = ORIENTED_EDGE('',*,*,#9350,.F.);
#9580 = ORIENTED_EDGE('',*,*,#9501,.T.);
#9581 = ORIENTED_EDGE('',*,*,#9455,.T.);
#9582 = ORIENTED_EDGE('',*,*,#9548,.F.);
#9583 = ( GEOMETRIC_REPRESENTATION_CONTEXT(3) 
GLOBAL_UNCERTAINTY_ASSIGNED_CONTEXT((#9587)) 
GLOBAL_UNIT_ASSIGNED_CONTEXT((#9584,#9585,#9586)) REPRESENTATION_CONTEXT
('Context #1','3D Context with UNIT and UNCERTAINTY') );
#9584 = ( LENGTH_UNIT() NAMED_UNIT(*) SI_UNIT($,.METRE.) );
#9585 = ( NAMED_UNIT(*) PLANE_ANGLE_UNIT() SI_UNIT($,.RADIAN.) );
#9586 = ( NAMED_UNIT(*) SI_UNIT($,.STERADIAN.) SOLID_ANGLE_UNIT() );
#9587 = UNCERTAINTY_MEASURE_WITH_UNIT(LENGTH_MEASURE(1.E-07),#9584,
  'distance_accuracy_value','confusion accuracy');
#9588 = PRODUCT_RELATED_PRODUCT_CATEGORY('part',$,(#9249));
#9589 = SHAPE_DEFINITION_REPRESENTATION(#9590,#9596);
#9590 = PRODUCT_DEFINITION_SHAPE('','',#9591);
#9591 = PRODUCT_DEFINITION('design','',#9592,#9595);
#9592 = PRODUCT_DEFINITION_FORMATION('','',#9593);
#9593 = PRODUCT('TF_23','TF_23','',(#9594));
#9594 = PRODUCT_CONTEXT('',#2,'mechanical');
#9595 = PRODUCT_DEFINITION_CONTEXT('part definition',#2,'design');
#9596 = ADVANCED_BREP_SHAPE_REPRESENTATION('',(#11,#9597),#9713);
#9597 = BREP_WITH_VOIDS('',#9598,(#9655));
#9598 = CLOSED_SHELL('',(#9599));
#9599 = ADVANCED_FACE('',(#9600),#9613,.T.);
#9600 = FACE_BOUND('',#9601,.T.);
#9601 = EDGE_LOOP('',(#9602,#9631,#9653,#9654));
#9602 = ORIENTED_EDGE('',*,*,#9603,.F.);
#9603 = EDGE_CURVE('',#9604,#9604,#9606,.T.);
#9604 = VERTEX_POINT('',#9605);
#9605 = CARTESIAN_POINT('',(2.6E+03,-93.1748562369,-347.733297464));
#9606 = SEAM_CURVE('',#9607,(#9612,#9624),.PCURVE_S1.);
#9607 = CIRCLE('',#9608,360.);
#9608 = AXIS2_PLACEMENT_3D('',#9609,#9610,#9611);
#9609 = CARTESIAN_POINT('',(2.6E+03,-8.44556198691E-31,
    -3.151926643362E-30));
#9610 = DIRECTION('',(1.,5.746937261686E-17,2.144786184852E-16));
#9611 = DIRECTION('',(2.22044604925E-16,-0.258819045103,-0.965925826289)
  );
#9612 = PCURVE('',#9613,#9618);
#9613 = TOROIDAL_SURFACE('',#9614,300.,60.);
#9614 = AXIS2_PLACEMENT_3D('',#9615,#9616,#9617);
#9615 = CARTESIAN_POINT('',(2.6E+03,0.,0.));
#9616 = DIRECTION('',(1.,5.746937261686E-17,2.144786184852E-16));
#9617 = DIRECTION('',(2.22044604925E-16,-0.258819045103,-0.965925826289)
  );
#9618 = DEFINITIONAL_REPRESENTATION('',(#9619),#9623);
#9619 = LINE('',#9620,#9621);
#9620 = CARTESIAN_POINT('',(0.,6.28318530718));
#9621 = VECTOR('',#9622,1.);
#9622 = DIRECTION('',(1.,0.));
#9623 = ( GEOMETRIC_REPRESENTATION_CONTEXT(2) 
PARAMETRIC_REPRESENTATION_CONTEXT() REPRESENTATION_CONTEXT('2D SPACE',''
  ) );
#9624 = PCURVE('',#9613,#9625);
#9625 = DEFINITIONAL_REPRESENTATION('',(#9626),#9630);
#9626 = LINE('',#9627,#9628);
#9627 = CARTESIAN_POINT('',(0.,0.));
#9628 = VECTOR('',#9629,1.);
#9629 = DIRECTION('',(1.,0.));
#9630 = ( GEOMETRIC_REPRESENTATION_CONTEXT(2) 
PARAMETRIC_REPRESENTATION_CONTEXT() REPRESENTATION_CONTEXT('2D SPACE',''
  ) );
#9631 = ORIENTED_EDGE('',*,*,#9632,.F.);
#9632 = EDGE_CURVE('',#9604,#9604,#9633,.T.);
#9633 = SEAM_CURVE('',#9634,(#9639,#9646),.PCURVE_S1.);
#9634 = CIRCLE('',#9635,60.);
#9635 = AXIS2_PLACEMENT_3D('',#9636,#9637,#9638);
#9636 = CARTESIAN_POINT('',(2.6E+03,-77.64571353075,-289.7777478867));
#9637 = DIRECTION('',(-6.162975822039E-32,-0.965925826289,0.258819045103
    ));
#9638 = DIRECTION('',(2.22044604925E-16,-0.258819045103,-0.965925826289)
  );
#9639 = PCURVE('',#9613,#9640);
#9640 = DEFINITIONAL_REPRESENTATION('',(#9641),#9645);
#9641 = LINE('',#9642,#9643);
#9642 = CARTESIAN_POINT('',(6.28318530718,-0.));
#9643 = VECTOR('',#9644,1.);
#9644 = DIRECTION('',(0.,1.));
#9645 = ( GEOMETRIC_REPRESENTATION_CONTEXT(2) 
PARAMETRIC_REPRESENTATION_CONTEXT() REPRESENTATION_CONTEXT('2D SPACE',''
  ) );
#9646 = PCURVE('',#9613,#9647);
#9647 = DEFINITIONAL_REPRESENTATION('',(#9648),#9652);
#9648 = LINE('',#9649,#9650);
#9649 = CARTESIAN_POINT('',(0.,-0.));
#9650 = VECTOR('',#9651,1.);
#9651 = DIRECTION('',(0.,1.));
#9652 = ( GEOMETRIC_REPRESENTATION_CONTEXT(2) 
PARAMETRIC_REPRESENTATION_CONTEXT() REPRESENTATION_CONTEXT('2D SPACE',''
  ) );
#9653 = ORIENTED_EDGE('',*,*,#9603,.T.);
#9654 = ORIENTED_EDGE('',*,*,#9632,.T.);
#9655 = ORIENTED_CLOSED_SHELL('',*,#9656,.F.);
#9656 = CLOSED_SHELL('',(#9657));
#9657 = ADVANCED_FACE('',(#9658),#9671,.T.);
#9658 = FACE_BOUND('',#9659,.T.);
#9659 = EDGE_LOOP('',(#9660,#9689,#9711,#9712));
#9660 = ORIENTED_EDGE('',*,*,#9661,.F.);
#9661 = EDGE_CURVE('',#9662,#9662,#9664,.T.);
#9662 = VERTEX_POINT('',#9663);
#9663 = CARTESIAN_POINT('',(2.6E+03,-89.03375151526,-332.2784842434));
#9664 = SEAM_CURVE('',#9665,(#9670,#9682),.PCURVE_S1.);
#9665 = CIRCLE('',#9666,344.);
#9666 = AXIS2_PLACEMENT_3D('',#9667,#9668,#9669);
#9667 = CARTESIAN_POINT('',(2.6E+03,-6.193412123734E-31,
    -2.311412871799E-30));
#9668 = DIRECTION('',(1.,5.746937261686E-17,2.144786184852E-16));
#9669 = DIRECTION('',(2.22044604925E-16,-0.258819045103,-0.965925826289)
  );
#9670 = PCURVE('',#9671,#9676);
#9671 = TOROIDAL_SURFACE('',#9672,300.,44.);
#9672 = AXIS2_PLACEMENT_3D('',#9673,#9674,#9675);
#9673 = CARTESIAN_POINT('',(2.6E+03,0.,0.));
#9674 = DIRECTION('',(1.,5.746937261686E-17,2.144786184852E-16));
#9675 = DIRECTION('',(2.22044604925E-16,-0.258819045103,-0.965925826289)
  );
#9676 = DEFINITIONAL_REPRESENTATION('',(#9677),#9681);
#9677 = LINE('',#9678,#9679);
#9678 = CARTESIAN_POINT('',(0.,6.28318530718));
#9679 = VECTOR('',#9680,1.);
#9680 = DIRECTION('',(1.,0.));
#9681 = ( GEOMETRIC_REPRESENTATION_CONTEXT(2) 
PARAMETRIC_REPRESENTATION_CONTEXT() REPRESENTATION_CONTEXT('2D SPACE',''
  ) );
#9682 = PCURVE('',#9671,#9683);
#9683 = DEFINITIONAL_REPRESENTATION('',(#9684),#9688);
#9684 = LINE('',#9685,#9686);
#9685 = CARTESIAN_POINT('',(0.,0.));
#9686 = VECTOR('',#9687,1.);
#9687 = DIRECTION('',(1.,0.));
#9688 = ( GEOMETRIC_REPRESENTATION_CONTEXT(2) 
PARAMETRIC_REPRESENTATION_CONTEXT() REPRESENTATION_CONTEXT('2D SPACE',''
  ) );
#9689 = ORIENTED_EDGE('',*,*,#9690,.F.);
#9690 = EDGE_CURVE('',#9662,#9662,#9691,.T.);
#9691 = SEAM_CURVE('',#9692,(#9697,#9704),.PCURVE_S1.);
#9692 = CIRCLE('',#9693,44.);
#9693 = AXIS2_PLACEMENT_3D('',#9694,#9695,#9696);
#9694 = CARTESIAN_POINT('',(2.6E+03,-77.64571353075,-289.7777478867));
#9695 = DIRECTION('',(-6.162975822039E-32,-0.965925826289,0.258819045103
    ));
#9696 = DIRECTION('',(2.22044604925E-16,-0.258819045103,-0.965925826289)
  );
#9697 = PCURVE('',#9671,#9698);
#9698 = DEFINITIONAL_REPRESENTATION('',(#9699),#9703);
#9699 = LINE('',#9700,#9701);
#9700 = CARTESIAN_POINT('',(6.28318530718,-0.));
#9701 = VECTOR('',#9702,1.);
#9702 = DIRECTION('',(0.,1.));
#9703 = ( GEOMETRIC_REPRESENTATION_CONTEXT(2) 
PARAMETRIC_REPRESENTATION_CONTEXT() REPRESENTATION_CONTEXT('2D SPACE',''
  ) );
#9704 = PCURVE('',#9671,#9705);
#9705 = DEFINITIONAL_REPRESENTATION('',(#9706),#9710);
#9706 = LINE('',#9707,#9708);
#9707 = CARTESIAN_POINT('',(0.,-0.));
#9708 = VECTOR('',#9709,1.);
#9709 = DIRECTION('',(0.,1.));
#9710 = ( GEOMETRIC_REPRESENTATION_CONTEXT(2) 
PARAMETRIC_REPRESENTATION_CONTEXT() REPRESENTATION_CONTEXT('2D SPACE',''
  ) );
#9711 = ORIENTED_EDGE('',*,*,#9661,.T.);
#9712 = ORIENTED_EDGE('',*,*,#9690,.T.);
#9713 = ( GEOMETRIC_REPRESENTATION_CONTEXT(3) 
GLOBAL_UNCERTAINTY_ASSIGNED_CONTEXT((#9717)) 
GLOBAL_UNIT_ASSIGNED_CONTEXT((#9714,#9715,#9716)) REPRESENTATION_CONTEXT
('Context #1','3D Context with UNIT and UNCERTAINTY') );
#9714 = ( LENGTH_UNIT() NAMED_UNIT(*) SI_UNIT($,.METRE.) );
#9715 = ( NAMED_UNIT(*) PLANE_ANGLE_UNIT() SI_UNIT($,.RADIAN.) );
#9716 = ( NAMED_UNIT(*) SI_UNIT($,.STERADIAN.) SOLID_ANGLE_UNIT() );
#9717 = UNCERTAINTY_MEASURE_WITH_UNIT(LENGTH_MEASURE(1.E-07),#9714,
  'distance_accuracy_value','confusion accuracy');
#9718 = PRODUCT_RELATED_PRODUCT_CATEGORY('part',$,(#9593));
#9719 = SHAPE_DEFINITION_REPRESENTATION(#9720,#9726);
#9720 = PRODUCT_DEFINITION_SHAPE('','',#9721);
#9721 = PRODUCT_DEFINITION('design','',#9722,#9725);
#9722 = PRODUCT_DEFINITION_FORMATION('','',#9723);
#9723 = PRODUCT('TFi_23','TFi_23','',(#9724));
#9724 = PRODUCT_CONTEXT('',#2,'mechanical');
#9725 = PRODUCT_DEFINITION_CONTEXT('part definition',#2,'design');
#9726 = ADVANCED_BREP_SHAPE_REPRESENTATION('',(#11,#9727),#9785);
#9727 = MANIFOLD_SOLID_BREP('',#9728);
#9728 = CLOSED_SHELL('',(#9729));
#9729 = ADVANCED_FACE('',(#9730),#9743,.T.);
#9730 = FACE_BOUND('',#9731,.T.);
#9731 = EDGE_LOOP('',(#9732,#9761,#9783,#9784));
#9732 = ORIENTED_EDGE('',*,*,#9733,.F.);
#9733 = EDGE_CURVE('',#9734,#9734,#9736,.T.);
#9734 = VERTEX_POINT('',#9735);
#9735 = CARTESIAN_POINT('',(2.6E+03,-8.425569978134E-14,-344.));
#9736 = SEAM_CURVE('',#9737,(#9742,#9754),.PCURVE_S1.);
#9737 = CIRCLE('',#9738,344.);
#9738 = AXIS2_PLACEMENT_3D('',#9739,#9740,#9741);
#9739 = CARTESIAN_POINT('',(2.6E+03,0.,-2.392950689267E-30));
#9740 = DIRECTION('',(1.,-0.,2.22044604925E-16));
#9741 = DIRECTION('',(2.22044604925E-16,0.,-1.));
#9742 = PCURVE('',#9743,#9748);
#9743 = TOROIDAL_SURFACE('',#9744,300.,44.);
#9744 = AXIS2_PLACEMENT_3D('',#9745,#9746,#9747);
#9745 = CARTESIAN_POINT('',(2.6E+03,0.,0.));
#9746 = DIRECTION('',(1.,0.,2.22044604925E-16));
#9747 = DIRECTION('',(2.22044604925E-16,0.,-1.));
#9748 = DEFINITIONAL_REPRESENTATION('',(#9749),#9753);
#9749 = LINE('',#9750,#9751);
#9750 = CARTESIAN_POINT('',(0.,6.28318530718));
#9751 = VECTOR('',#9752,1.);
#9752 = DIRECTION('',(1.,0.));
#9753 = ( GEOMETRIC_REPRESENTATION_CONTEXT(2) 
PARAMETRIC_REPRESENTATION_CONTEXT() REPRESENTATION_CONTEXT('2D SPACE',''
  ) );
#9754 = PCURVE('',#9743,#9755);
#9755 = DEFINITIONAL_REPRESENTATION('',(#9756),#9760);
#9756 = LINE('',#9757,#9758);
#9757 = CARTESIAN_POINT('',(0.,0.));
#9758 = VECTOR('',#9759,1.);
#9759 = DIRECTION('',(1.,0.));
#9760 = ( GEOMETRIC_REPRESENTATION_CONTEXT(2) 
PARAMETRIC_REPRESENTATION_CONTEXT() REPRESENTATION_CONTEXT('2D SPACE',''
  ) );
#9761 = ORIENTED_EDGE('',*,*,#9762,.F.);
#9762 = EDGE_CURVE('',#9734,#9734,#9763,.T.);
#9763 = SEAM_CURVE('',#9764,(#9769,#9776),.PCURVE_S1.);
#9764 = CIRCLE('',#9765,44.);
#9765 = AXIS2_PLACEMENT_3D('',#9766,#9767,#9768);
#9766 = CARTESIAN_POINT('',(2.6E+03,-7.347880794884E-14,-300.));
#9767 = DIRECTION('',(-5.438524293788E-32,-1.,2.449293598295E-16));
#9768 = DIRECTION('',(2.22044604925E-16,-2.449293598295E-16,-1.));
#9769 = PCURVE('',#9743,#9770);
#9770 = DEFINITIONAL_REPRESENTATION('',(#9771),#9775);
#9771 = LINE('',#9772,#9773);
#9772 = CARTESIAN_POINT('',(6.28318530718,-0.));
#9773 = VECTOR('',#9774,1.);
#9774 = DIRECTION('',(0.,1.));
#9775 = ( GEOMETRIC_REPRESENTATION_CONTEXT(2) 
PARAMETRIC_REPRESENTATION_CONTEXT() REPRESENTATION_CONTEXT('2D SPACE',''
  ) );
#9776 = PCURVE('',#9743,#9777);
#9777 = DEFINITIONAL_REPRESENTATION('',(#9778),#9782);
#9778 = LINE('',#9779,#9780);
#9779 = CARTESIAN_POINT('',(0.,-0.));
#9780 = VECTOR('',#9781,1.);
#9781 = DIRECTION('',(0.,1.));
#9782 = ( GEOMETRIC_REPRESENTATION_CONTEXT(2) 
PARAMETRIC_REPRESENTATION_CONTEXT() REPRESENTATION_CONTEXT('2D SPACE',''
  ) );
#9783 = ORIENTED_EDGE('',*,*,#9733,.T.);
#9784 = ORIENTED_EDGE('',*,*,#9762,.T.);
#9785 = ( GEOMETRIC_REPRESENTATION_CONTEXT(3) 
GLOBAL_UNCERTAINTY_ASSIGNED_CONTEXT((#9789)) 
GLOBAL_UNIT_ASSIGNED_CONTEXT((#9786,#9787,#9788)) REPRESENTATION_CONTEXT
('Context #1','3D Context with UNIT and UNCERTAINTY') );
#9786 = ( LENGTH_UNIT() NAMED_UNIT(*) SI_UNIT($,.METRE.) );
#9787 = ( NAMED_UNIT(*) PLANE_ANGLE_UNIT() SI_UNIT($,.RADIAN.) );
#9788 = ( NAMED_UNIT(*) SI_UNIT($,.STERADIAN.) SOLID_ANGLE_UNIT() );
#9789 = UNCERTAINTY_MEASURE_WITH_UNIT(LENGTH_MEASURE(1.E-07),#9786,
  'distance_accuracy_value','confusion accuracy');
#9790 = PRODUCT_RELATED_PRODUCT_CATEGORY('part',$,(#9723));
#9791 = SHAPE_DEFINITION_REPRESENTATION(#9792,#9798);
#9792 = PRODUCT_DEFINITION_SHAPE('','',#9793);
#9793 = PRODUCT_DEFINITION('design','',#9794,#9797);
#9794 = PRODUCT_DEFINITION_FORMATION('','',#9795);
#9795 = PRODUCT('PF_02','PF_02','',(#9796));
#9796 = PRODUCT_CONTEXT('',#2,'mechanical');
#9797 = PRODUCT_DEFINITION_CONTEXT('part definition',#2,'design');
#9798 = ADVANCED_BREP_SHAPE_REPRESENTATION('',(#11,#9799),#9857);
#9799 = MANIFOLD_SOLID_BREP('',#9800);
#9800 = CLOSED_SHELL('',(#9801));
#9801 = ADVANCED_FACE('',(#9802),#9815,.T.);
#9802 = FACE_BOUND('',#9803,.T.);
#9803 = EDGE_LOOP('',(#9804,#9833,#9855,#9856));
#9804 = ORIENTED_EDGE('',*,*,#9805,.F.);
#9805 = EDGE_CURVE('',#9806,#9806,#9808,.T.);
#9806 = VERTEX_POINT('',#9807);
#9807 = CARTESIAN_POINT('',(2.6E+03,-6.760050331293E-14,-444.75));
#9808 = SEAM_CURVE('',#9809,(#9814,#9826),.PCURVE_S1.);
#9809 = CIRCLE('',#9810,276.);
#9810 = AXIS2_PLACEMENT_3D('',#9811,#9812,#9813);
#9811 = CARTESIAN_POINT('',(2.6E+03,0.,-168.75));
#9812 = DIRECTION('',(1.,-0.,2.22044604925E-16));
#9813 = DIRECTION('',(2.22044604925E-16,0.,-1.));
#9814 = PCURVE('',#9815,#9820);
#9815 = TOROIDAL_SURFACE('',#9816,250.,26.);
#9816 = AXIS2_PLACEMENT_3D('',#9817,#9818,#9819);
#9817 = CARTESIAN_POINT('',(2.6E+03,0.,-168.75));
#9818 = DIRECTION('',(1.,0.,2.22044604925E-16));
#9819 = DIRECTION('',(2.22044604925E-16,0.,-1.));
#9820 = DEFINITIONAL_REPRESENTATION('',(#9821),#9825);
#9821 = LINE('',#9822,#9823);
#9822 = CARTESIAN_POINT('',(0.,6.28318530718));
#9823 = VECTOR('',#9824,1.);
#9824 = DIRECTION('',(1.,0.));
#9825 = ( GEOMETRIC_REPRESENTATION_CONTEXT(2) 
PARAMETRIC_REPRESENTATION_CONTEXT() REPRESENTATION_CONTEXT('2D SPACE',''
  ) );
#9826 = PCURVE('',#9815,#9827);
#9827 = DEFINITIONAL_REPRESENTATION('',(#9828),#9832);
#9828 = LINE('',#9829,#9830);
#9829 = CARTESIAN_POINT('',(0.,0.));
#9830 = VECTOR('',#9831,1.);
#9831 = DIRECTION('',(1.,0.));
#9832 = ( GEOMETRIC_REPRESENTATION_CONTEXT(2) 
PARAMETRIC_REPRESENTATION_CONTEXT() REPRESENTATION_CONTEXT('2D SPACE',''
  ) );
#9833 = ORIENTED_EDGE('',*,*,#9834,.F.);
#9834 = EDGE_CURVE('',#9806,#9806,#9835,.T.);
#9835 = SEAM_CURVE('',#9836,(#9841,#9848),.PCURVE_S1.);
#9836 = CIRCLE('',#9837,26.);
#9837 = AXIS2_PLACEMENT_3D('',#9838,#9839,#9840);
#9838 = CARTESIAN_POINT('',(2.6E+03,-6.123233995737E-14,-418.75));
#9839 = DIRECTION('',(-5.438524293788E-32,-1.,2.449293598295E-16));
#9840 = DIRECTION('',(2.22044604925E-16,-2.449293598295E-16,-1.));
#9841 = PCURVE('',#9815,#9842);
#9842 = DEFINITIONAL_REPRESENTATION('',(#9843),#9847);
#9843 = LINE('',#9844,#9845);
#9844 = CARTESIAN_POINT('',(6.28318530718,-0.));
#9845 = VECTOR('',#9846,1.);
#9846 = DIRECTION('',(0.,1.));
#9847 = ( GEOMETRIC_REPRESENTATION_CONTEXT(2) 
PARAMETRIC_REPRESENTATION_CONTEXT() REPRESENTATION_CONTEXT('2D SPACE',''
  ) );
#9848 = PCURVE('',#9815,#9849);
#9849 = DEFINITIONAL_REPRESENTATION('',(#9850),#9854);
#9850 = LINE('',#9851,#9852);
#9851 = CARTESIAN_POINT('',(0.,-0.));
#9852 = VECTOR('',#9853,1.);
#9853 = DIRECTION('',(0.,1.));
#9854 = ( GEOMETRIC_REPRESENTATION_CONTEXT(2) 
PARAMETRIC_REPRESENTATION_CONTEXT() REPRESENTATION_CONTEXT('2D SPACE',''
  ) );
#9855 = ORIENTED_EDGE('',*,*,#9805,.T.);
#9856 = ORIENTED_EDGE('',*,*,#9834,.T.);
#9857 = ( GEOMETRIC_REPRESENTATION_CONTEXT(3) 
GLOBAL_UNCERTAINTY_ASSIGNED_CONTEXT((#9861)) 
GLOBAL_UNIT_ASSIGNED_CONTEXT((#9858,#9859,#9860)) REPRESENTATION_CONTEXT
('Context #1','3D Context with UNIT and UNCERTAINTY') );
#9858 = ( LENGTH_UNIT() NAMED_UNIT(*) SI_UNIT($,.METRE.) );
#9859 = ( NAMED_UNIT(*) PLANE_ANGLE_UNIT() SI_UNIT($,.RADIAN.) );
#9860 = ( NAMED_UNIT(*) SI_UNIT($,.STERADIAN.) SOLID_ANGLE_UNIT() );
#9861 = UNCERTAINTY_MEASURE_WITH_UNIT(LENGTH_MEASURE(1.E-07),#9858,
  'distance_accuracy_value','confusion accuracy');
#9862 = PRODUCT_RELATED_PRODUCT_CATEGORY('part',$,(#9795));
#9863 = SHAPE_DEFINITION_REPRESENTATION(#9864,#9870);
#9864 = PRODUCT_DEFINITION_SHAPE('','',#9865);
#9865 = PRODUCT_DEFINITION('design','',#9866,#9869);
#9866 = PRODUCT_DEFINITION_FORMATION('','',#9867);
#9867 = PRODUCT('TFo_23','TFo_23','',(#9868));
#9868 = PRODUCT_CONTEXT('',#2,'mechanical');
#9869 = PRODUCT_DEFINITION_CONTEXT('part definition',#2,'design');
#9870 = ADVANCED_BREP_SHAPE_REPRESENTATION('',(#11,#9871),#9929);
#9871 = MANIFOLD_SOLID_BREP('',#9872);
#9872 = CLOSED_SHELL('',(#9873));
#9873 = ADVANCED_FACE('',(#9874),#9887,.T.);
#9874 = FACE_BOUND('',#9875,.T.);
#9875 = EDGE_LOOP('',(#9876,#9905,#9927,#9928));
#9876 = ORIENTED_EDGE('',*,*,#9877,.F.);
#9877 = EDGE_CURVE('',#9878,#9878,#9880,.T.);
#9878 = VERTEX_POINT('',#9879);
#9879 = CARTESIAN_POINT('',(2.6E+03,-8.817456953861E-14,-360.));
#9880 = SEAM_CURVE('',#9881,(#9886,#9898),.PCURVE_S1.);
#9881 = CIRCLE('',#9882,360.);
#9882 = AXIS2_PLACEMENT_3D('',#9883,#9884,#9885);
#9883 = CARTESIAN_POINT('',(2.6E+03,0.,-3.263114576273E-30));
#9884 = DIRECTION('',(1.,-0.,2.22044604925E-16));
#9885 = DIRECTION('',(2.22044604925E-16,0.,-1.));
#9886 = PCURVE('',#9887,#9892);
#9887 = TOROIDAL_SURFACE('',#9888,300.,60.);
#9888 = AXIS2_PLACEMENT_3D('',#9889,#9890,#9891);
#9889 = CARTESIAN_POINT('',(2.6E+03,0.,0.));
#9890 = DIRECTION('',(1.,0.,2.22044604925E-16));
#9891 = DIRECTION('',(2.22044604925E-16,0.,-1.));
#9892 = DEFINITIONAL_REPRESENTATION('',(#9893),#9897);
#9893 = LINE('',#9894,#9895);
#9894 = CARTESIAN_POINT('',(0.,6.28318530718));
#9895 = VECTOR('',#9896,1.);
#9896 = DIRECTION('',(1.,0.));
#9897 = ( GEOMETRIC_REPRESENTATION_CONTEXT(2) 
PARAMETRIC_REPRESENTATION_CONTEXT() REPRESENTATION_CONTEXT('2D SPACE',''
  ) );
#9898 = PCURVE('',#9887,#9899);
#9899 = DEFINITIONAL_REPRESENTATION('',(#9900),#9904);
#9900 = LINE('',#9901,#9902);
#9901 = CARTESIAN_POINT('',(0.,0.));
#9902 = VECTOR('',#9903,1.);
#9903 = DIRECTION('',(1.,0.));
#9904 = ( GEOMETRIC_REPRESENTATION_CONTEXT(2) 
PARAMETRIC_REPRESENTATION_CONTEXT() REPRESENTATION_CONTEXT('2D SPACE',''
  ) );
#9905 = ORIENTED_EDGE('',*,*,#9906,.F.);
#9906 = EDGE_CURVE('',#9878,#9878,#9907,.T.);
#9907 = SEAM_CURVE('',#9908,(#9913,#9920),.PCURVE_S1.);
#9908 = CIRCLE('',#9909,60.);
#9909 = AXIS2_PLACEMENT_3D('',#9910,#9911,#9912);
#9910 = CARTESIAN_POINT('',(2.6E+03,-7.347880794884E-14,-300.));
#9911 = DIRECTION('',(-5.438524293788E-32,-1.,2.449293598295E-16));
#9912 = DIRECTION('',(2.22044604925E-16,-2.449293598295E-16,-1.));
#9913 = PCURVE('',#9887,#9914);
#9914 = DEFINITIONAL_REPRESENTATION('',(#9915),#9919);
#9915 = LINE('',#9916,#9917);
#9916 = CARTESIAN_POINT('',(6.28318530718,-0.));
#9917 = VECTOR('',#9918,1.);
#9918 = DIRECTION('',(0.,1.));
#9919 = ( GEOMETRIC_REPRESENTATION_CONTEXT(2) 
PARAMETRIC_REPRESENTATION_CONTEXT() REPRESENTATION_CONTEXT('2D SPACE',''
  ) );
#9920 = PCURVE('',#9887,#9921);
#9921 = DEFINITIONAL_REPRESENTATION('',(#9922),#9926);
#9922 = LINE('',#9923,#9924);
#9923 = CARTESIAN_POINT('',(0.,-0.));
#9924 = VECTOR('',#9925,1.);
#9925 = DIRECTION('',(0.,1.));
#9926 = ( GEOMETRIC_REPRESENTATION_CONTEXT(2) 
PARAMETRIC_REPRESENTATION_CONTEXT() REPRESENTATION_CONTEXT('2D SPACE',''
  ) );
#9927 = ORIENTED_EDGE('',*,*,#9877,.T.);
#9928 = ORIENTED_EDGE('',*,*,#9906,.T.);
#9929 = ( GEOMETRIC_REPRESENTATION_CONTEXT(3) 
GLOBAL_UNCERTAINTY_ASSIGNED_CONTEXT((#9933)) 
GLOBAL_UNIT_ASSIGNED_CONTEXT((#9930,#9931,#9932)) REPRESENTATION_CONTEXT
('Context #1','3D Context with UNIT and UNCERTAINTY') );
#9930 = ( LENGTH_UNIT() NAMED_UNIT(*) SI_UNIT($,.METRE.) );
#9931 = ( NAMED_UNIT(*) PLANE_ANGLE_UNIT() SI_UNIT($,.RADIAN.) );
#9932 = ( NAMED_UNIT(*) SI_UNIT($,.STERADIAN.) SOLID_ANGLE_UNIT() );
#9933 = UNCERTAINTY_MEASURE_WITH_UNIT(LENGTH_MEASURE(1.E-07),#9930,
  'distance_accuracy_value','confusion accuracy');
#9934 = PRODUCT_RELATED_PRODUCT_CATEGORY('part',$,(#9867));
#9935 = SHAPE_DEFINITION_REPRESENTATION(#9936,#9942);
#9936 = PRODUCT_DEFINITION_SHAPE('','',#9937);
#9937 = PRODUCT_DEFINITION('design','',#9938,#9941);
#9938 = PRODUCT_DEFINITION_FORMATION('','',#9939);
#9939 = PRODUCT('PF_01','PF_01','',(#9940));
#9940 = PRODUCT_CONTEXT('',#2,'mechanical');
#9941 = PRODUCT_DEFINITION_CONTEXT('part definition',#2,'design');
#9942 = ADVANCED_BREP_SHAPE_REPRESENTATION('',(#11,#9943),#10001);
#9943 = MANIFOLD_SOLID_BREP('',#9944);
#9944 = CLOSED_SHELL('',(#9945));
#9945 = ADVANCED_FACE('',(#9946),#9959,.T.);
#9946 = FACE_BOUND('',#9947,.T.);
#9947 = EDGE_LOOP('',(#9948,#9977,#9999,#10000));
#9948 = ORIENTED_EDGE('',*,*,#9949,.F.);
#9949 = EDGE_CURVE('',#9950,#9950,#9952,.T.);
#9950 = VERTEX_POINT('',#9951);
#9951 = CARTESIAN_POINT('',(2.6E+03,-6.760050331293E-14,-557.25));
#9952 = SEAM_CURVE('',#9953,(#9958,#9970),.PCURVE_S1.);
#9953 = CIRCLE('',#9954,276.);
#9954 = AXIS2_PLACEMENT_3D('',#9955,#9956,#9957);
#9955 = CARTESIAN_POINT('',(2.6E+03,0.,-281.25));
#9956 = DIRECTION('',(1.,-0.,2.22044604925E-16));
#9957 = DIRECTION('',(2.22044604925E-16,0.,-1.));
#9958 = PCURVE('',#9959,#9964);
#9959 = TOROIDAL_SURFACE('',#9960,250.,26.);
#9960 = AXIS2_PLACEMENT_3D('',#9961,#9962,#9963);
#9961 = CARTESIAN_POINT('',(2.6E+03,0.,-281.25));
#9962 = DIRECTION('',(1.,0.,2.22044604925E-16));
#9963 = DIRECTION('',(2.22044604925E-16,0.,-1.));
#9964 = DEFINITIONAL_REPRESENTATION('',(#9965),#9969);
#9965 = LINE('',#9966,#9967);
#9966 = CARTESIAN_POINT('',(0.,6.28318530718));
#9967 = VECTOR('',#9968,1.);
#9968 = DIRECTION('',(1.,0.));
#9969 = ( GEOMETRIC_REPRESENTATION_CONTEXT(2) 
PARAMETRIC_REPRESENTATION_CONTEXT() REPRESENTATION_CONTEXT('2D SPACE',''
  ) );
#9970 = PCURVE('',#9959,#9971);
#9971 = DEFINITIONAL_REPRESENTATION('',(#9972),#9976);
#9972 = LINE('',#9973,#9974);
#9973 = CARTESIAN_POINT('',(0.,0.));
#9974 = VECTOR('',#9975,1.);
#9975 = DIRECTION('',(1.,0.));
#9976 = ( GEOMETRIC_REPRESENTATION_CONTEXT(2) 
PARAMETRIC_REPRESENTATION_CONTEXT() REPRESENTATION_CONTEXT('2D SPACE',''
  ) );
#9977 = ORIENTED_EDGE('',*,*,#9978,.F.);
#9978 = EDGE_CURVE('',#9950,#9950,#9979,.T.);
#9979 = SEAM_CURVE('',#9980,(#9985,#9992),.PCURVE_S1.);
#9980 = CIRCLE('',#9981,26.);
#9981 = AXIS2_PLACEMENT_3D('',#9982,#9983,#9984);
#9982 = CARTESIAN_POINT('',(2.6E+03,-6.123233995737E-14,-531.25));
#9983 = DIRECTION('',(-5.438524293788E-32,-1.,2.449293598295E-16));
#9984 = DIRECTION('',(2.22044604925E-16,-2.449293598295E-16,-1.));
#9985 = PCURVE('',#9959,#9986);
#9986 = DEFINITIONAL_REPRESENTATION('',(#9987),#9991);
#9987 = LINE('',#9988,#9989);
#9988 = CARTESIAN_POINT('',(6.28318530718,-0.));
#9989 = VECTOR('',#9990,1.);
#9990 = DIRECTION('',(0.,1.));
#9991 = ( GEOMETRIC_REPRESENTATION_CONTEXT(2) 
PARAMETRIC_REPRESENTATION_CONTEXT() REPRESENTATION_CONTEXT('2D SPACE',''
  ) );
#9992 = PCURVE('',#9959,#9993);
#9993 = DEFINITIONAL_REPRESENTATION('',(#9994),#9998);
#9994 = LINE('',#9995,#9996);
#9995 = CARTESIAN_POINT('',(0.,-0.));
#9996 = VECTOR('',#9997,1.);
#9997 = DIRECTION('',(0.,1.));
#9998 = ( GEOMETRIC_REPRESENTATION_CONTEXT(2) 
PARAMETRIC_REPRESENTATION_CONTEXT() REPRESENTATION_CONTEXT('2D SPACE',''
  ) );
#9999 = ORIENTED_EDGE('',*,*,#9949,.T.);
#10000 = ORIENTED_EDGE('',*,*,#9978,.T.);
#10001 = ( GEOMETRIC_REPRESENTATION_CONTEXT(3) 
GLOBAL_UNCERTAINTY_ASSIGNED_CONTEXT((#10005)) 
GLOBAL_UNIT_ASSIGNED_CONTEXT((#10002,#10003,#10004)) 
REPRESENTATION_CONTEXT('Context #1',
  '3D Context with UNIT and UNCERTAINTY') );
#10002 = ( LENGTH_UNIT() NAMED_UNIT(*) SI_UNIT($,.METRE.) );
#10003 = ( NAMED_UNIT(*) PLANE_ANGLE_UNIT() SI_UNIT($,.RADIAN.) );
#10004 = ( NAMED_UNIT(*) SI_UNIT($,.STERADIAN.) SOLID_ANGLE_UNIT() );
#10005 = UNCERTAINTY_MEASURE_WITH_UNIT(LENGTH_MEASURE(1.E-07),#10002,
  'distance_accuracy_value','confusion accuracy');
#10006 = PRODUCT_RELATED_PRODUCT_CATEGORY('part',$,(#9939));
#10007 = SHAPE_DEFINITION_REPRESENTATION(#10008,#10014);
#10008 = PRODUCT_DEFINITION_SHAPE('','',#10009);
#10009 = PRODUCT_DEFINITION('design','',#10010,#10013);
#10010 = PRODUCT_DEFINITION_FORMATION('','',#10011);
#10011 = PRODUCT('PF_00','PF_00','',(#10012));
#10012 = PRODUCT_CONTEXT('',#2,'mechanical');
#10013 = PRODUCT_DEFINITION_CONTEXT('part definition',#2,'design');
#10014 = ADVANCED_BREP_SHAPE_REPRESENTATION('',(#11,#10015),#10073);
#10015 = MANIFOLD_SOLID_BREP('',#10016);
#10016 = CLOSED_SHELL('',(#10017));
#10017 = ADVANCED_FACE('',(#10018),#10031,.T.);
#10018 = FACE_BOUND('',#10019,.T.);
#10019 = EDGE_LOOP('',(#10020,#10049,#10071,#10072));
#10020 = ORIENTED_EDGE('',*,*,#10021,.F.);
#10021 = EDGE_CURVE('',#10022,#10022,#10024,.T.);
#10022 = VERTEX_POINT('',#10023);
#10023 = CARTESIAN_POINT('',(2.6E+03,-6.760050331293E-14,-669.75));
#10024 = SEAM_CURVE('',#10025,(#10030,#10042),.PCURVE_S1.);
#10025 = CIRCLE('',#10026,276.);
#10026 = AXIS2_PLACEMENT_3D('',#10027,#10028,#10029);
#10027 = CARTESIAN_POINT('',(2.6E+03,0.,-393.75));
#10028 = DIRECTION('',(1.,-0.,2.22044604925E-16));
#10029 = DIRECTION('',(2.22044604925E-16,0.,-1.));
#10030 = PCURVE('',#10031,#10036);
#10031 = TOROIDAL_SURFACE('',#10032,250.,26.);
#10032 = AXIS2_PLACEMENT_3D('',#10033,#10034,#10035);
#10033 = CARTESIAN_POINT('',(2.6E+03,0.,-393.75));
#10034 = DIRECTION('',(1.,0.,2.22044604925E-16));
#10035 = DIRECTION('',(2.22044604925E-16,0.,-1.));
#10036 = DEFINITIONAL_REPRESENTATION('',(#10037),#10041);
#10037 = LINE('',#10038,#10039);
#10038 = CARTESIAN_POINT('',(0.,6.28318530718));
#10039 = VECTOR('',#10040,1.);
#10040 = DIRECTION('',(1.,0.));
#10041 = ( GEOMETRIC_REPRESENTATION_CONTEXT(2) 
PARAMETRIC_REPRESENTATION_CONTEXT() REPRESENTATION_CONTEXT('2D SPACE',''
  ) );
#10042 = PCURVE('',#10031,#10043);
#10043 = DEFINITIONAL_REPRESENTATION('',(#10044),#10048);
#10044 = LINE('',#10045,#10046);
#10045 = CARTESIAN_POINT('',(0.,0.));
#10046 = VECTOR('',#10047,1.);
#10047 = DIRECTION('',(1.,0.));
#10048 = ( GEOMETRIC_REPRESENTATION_CONTEXT(2) 
PARAMETRIC_REPRESENTATION_CONTEXT() REPRESENTATION_CONTEXT('2D SPACE',''
  ) );
#10049 = ORIENTED_EDGE('',*,*,#10050,.F.);
#10050 = EDGE_CURVE('',#10022,#10022,#10051,.T.);
#10051 = SEAM_CURVE('',#10052,(#10057,#10064),.PCURVE_S1.);
#10052 = CIRCLE('',#10053,26.);
#10053 = AXIS2_PLACEMENT_3D('',#10054,#10055,#10056);
#10054 = CARTESIAN_POINT('',(2.6E+03,-6.123233995737E-14,-643.75));
#10055 = DIRECTION('',(-5.438524293788E-32,-1.,2.449293598295E-16));
#10056 = DIRECTION('',(2.22044604925E-16,-2.449293598295E-16,-1.));
#10057 = PCURVE('',#10031,#10058);
#10058 = DEFINITIONAL_REPRESENTATION('',(#10059),#10063);
#10059 = LINE('',#10060,#10061);
#10060 = CARTESIAN_POINT('',(6.28318530718,-0.));
#10061 = VECTOR('',#10062,1.);
#10062 = DIRECTION('',(0.,1.));
#10063 = ( GEOMETRIC_REPRESENTATION_CONTEXT(2) 
PARAMETRIC_REPRESENTATION_CONTEXT() REPRESENTATION_CONTEXT('2D SPACE',''
  ) );
#10064 = PCURVE('',#10031,#10065);
#10065 = DEFINITIONAL_REPRESENTATION('',(#10066),#10070);
#10066 = LINE('',#10067,#10068);
#10067 = CARTESIAN_POINT('',(0.,-0.));
#10068 = VECTOR('',#10069,1.);
#10069 = DIRECTION('',(0.,1.));
#10070 = ( GEOMETRIC_REPRESENTATION_CONTEXT(2) 
PARAMETRIC_REPRESENTATION_CONTEXT() REPRESENTATION_CONTEXT('2D SPACE',''
  ) );
#10071 = ORIENTED_EDGE('',*,*,#10021,.T.);
#10072 = ORIENTED_EDGE('',*,*,#10050,.T.);
#10073 = ( GEOMETRIC_REPRESENTATION_CONTEXT(3) 
GLOBAL_UNCERTAINTY_ASSIGNED_CONTEXT((#10077)) 
GLOBAL_UNIT_ASSIGNED_CONTEXT((#10074,#10075,#10076)) 
REPRESENTATION_CONTEXT('Context #1',
  '3D Context with UNIT and UNCERTAINTY') );
#10074 = ( LENGTH_UNIT() NAMED_UNIT(*) SI_UNIT($,.METRE.) );
#10075 = ( NAMED_UNIT(*) PLANE_ANGLE_UNIT() SI_UNIT($,.RADIAN.) );
#10076 = ( NAMED_UNIT(*) SI_UNIT($,.STERADIAN.) SOLID_ANGLE_UNIT() );
#10077 = UNCERTAINTY_MEASURE_WITH_UNIT(LENGTH_MEASURE(1.E-07),#10074,
  'distance_accuracy_value','confusion accuracy');
#10078 = PRODUCT_RELATED_PRODUCT_CATEGORY('part',$,(#10011));
#10079 = SHAPE_DEFINITION_REPRESENTATION(#10080,#10086);
#10080 = PRODUCT_DEFINITION_SHAPE('','',#10081);
#10081 = PRODUCT_DEFINITION('design','',#10082,#10085);
#10082 = PRODUCT_DEFINITION_FORMATION('','',#10083);
#10083 = PRODUCT('PF_04','PF_04','',(#10084));
#10084 = PRODUCT_CONTEXT('',#2,'mechanical');
#10085 = PRODUCT_DEFINITION_CONTEXT('part definition',#2,'design');
#10086 = ADVANCED_BREP_SHAPE_REPRESENTATION('',(#11,#10087),#10145);
#10087 = MANIFOLD_SOLID_BREP('',#10088);
#10088 = CLOSED_SHELL('',(#10089));
#10089 = ADVANCED_FACE('',(#10090),#10103,.T.);
#10090 = FACE_BOUND('',#10091,.T.);
#10091 = EDGE_LOOP('',(#10092,#10121,#10143,#10144));
#10092 = ORIENTED_EDGE('',*,*,#10093,.F.);
#10093 = EDGE_CURVE('',#10094,#10094,#10096,.T.);
#10094 = VERTEX_POINT('',#10095);
#10095 = CARTESIAN_POINT('',(2.6E+03,-6.760050331293E-14,-219.75));
#10096 = SEAM_CURVE('',#10097,(#10102,#10114),.PCURVE_S1.);
#10097 = CIRCLE('',#10098,276.);
#10098 = AXIS2_PLACEMENT_3D('',#10099,#10100,#10101);
#10099 = CARTESIAN_POINT('',(2.6E+03,0.,56.25));
#10100 = DIRECTION('',(1.,-0.,2.22044604925E-16));
#10101 = DIRECTION('',(2.22044604925E-16,0.,-1.));
#10102 = PCURVE('',#10103,#10108);
#10103 = TOROIDAL_SURFACE('',#10104,250.,26.);
#10104 = AXIS2_PLACEMENT_3D('',#10105,#10106,#10107);
#10105 = CARTESIAN_POINT('',(2.6E+03,0.,56.25));
#10106 = DIRECTION('',(1.,0.,2.22044604925E-16));
#10107 = DIRECTION('',(2.22044604925E-16,0.,-1.));
#10108 = DEFINITIONAL_REPRESENTATION('',(#10109),#10113);
#10109 = LINE('',#10110,#10111);
#10110 = CARTESIAN_POINT('',(0.,6.28318530718));
#10111 = VECTOR('',#10112,1.);
#10112 = DIRECTION('',(1.,0.));
#10113 = ( GEOMETRIC_REPRESENTATION_CONTEXT(2) 
PARAMETRIC_REPRESENTATION_CONTEXT() REPRESENTATION_CONTEXT('2D SPACE',''
  ) );
#10114 = PCURVE('',#10103,#10115);
#10115 = DEFINITIONAL_REPRESENTATION('',(#10116),#10120);
#10116 = LINE('',#10117,#10118);
#10117 = CARTESIAN_POINT('',(0.,0.));
#10118 = VECTOR('',#10119,1.);
#10119 = DIRECTION('',(1.,0.));
#10120 = ( GEOMETRIC_REPRESENTATION_CONTEXT(2) 
PARAMETRIC_REPRESENTATION_CONTEXT() REPRESENTATION_CONTEXT('2D SPACE',''
  ) );
#10121 = ORIENTED_EDGE('',*,*,#10122,.F.);
#10122 = EDGE_CURVE('',#10094,#10094,#10123,.T.);
#10123 = SEAM_CURVE('',#10124,(#10129,#10136),.PCURVE_S1.);
#10124 = CIRCLE('',#10125,26.);
#10125 = AXIS2_PLACEMENT_3D('',#10126,#10127,#10128);
#10126 = CARTESIAN_POINT('',(2.6E+03,-6.123233995737E-14,-193.75));
#10127 = DIRECTION('',(-5.438524293788E-32,-1.,2.449293598295E-16));
#10128 = DIRECTION('',(2.22044604925E-16,-2.449293598295E-16,-1.));
#10129 = PCURVE('',#10103,#10130);
#10130 = DEFINITIONAL_REPRESENTATION('',(#10131),#10135);
#10131 = LINE('',#10132,#10133);
#10132 = CARTESIAN_POINT('',(6.28318530718,-0.));
#10133 = VECTOR('',#10134,1.);
#10134 = DIRECTION('',(0.,1.));
#10135 = ( GEOMETRIC_REPRESENTATION_CONTEXT(2) 
PARAMETRIC_REPRESENTATION_CONTEXT() REPRESENTATION_CONTEXT('2D SPACE',''
  ) );
#10136 = PCURVE('',#10103,#10137);
#10137 = DEFINITIONAL_REPRESENTATION('',(#10138),#10142);
#10138 = LINE('',#10139,#10140);
#10139 = CARTESIAN_POINT('',(0.,-0.));
#10140 = VECTOR('',#10141,1.);
#10141 = DIRECTION('',(0.,1.));
#10142 = ( GEOMETRIC_REPRESENTATION_CONTEXT(2) 
PARAMETRIC_REPRESENTATION_CONTEXT() REPRESENTATION_CONTEXT('2D SPACE',''
  ) );
#10143 = ORIENTED_EDGE('',*,*,#10093,.T.);
#10144 = ORIENTED_EDGE('',*,*,#10122,.T.);
#10145 = ( GEOMETRIC_REPRESENTATION_CONTEXT(3) 
GLOBAL_UNCERTAINTY_ASSIGNED_CONTEXT((#10149)) 
GLOBAL_UNIT_ASSIGNED_CONTEXT((#10146,#10147,#10148)) 
REPRESENTATION_CONTEXT('Context #1',
  '3D Context with UNIT and UNCERTAINTY') );
#10146 = ( LENGTH_UNIT() NAMED_UNIT(*) SI_UNIT($,.METRE.) );
#10147 = ( NAMED_UNIT(*) PLANE_ANGLE_UNIT() SI_UNIT($,.RADIAN.) );
#10148 = ( NAMED_UNIT(*) SI_UNIT($,.STERADIAN.) SOLID_ANGLE_UNIT() );
#10149 = UNCERTAINTY_MEASURE_WITH_UNIT(LENGTH_MEASURE(1.E-07),#10146,
  'distance_accuracy_value','confusion accuracy');
#10150 = PRODUCT_RELATED_PRODUCT_CATEGORY('part',$,(#10083));
#10151 = SHAPE_DEFINITION_REPRESENTATION(#10152,#10158);
#10152 = PRODUCT_DEFINITION_SHAPE('','',#10153);
#10153 = PRODUCT_DEFINITION('design','',#10154,#10157);
#10154 = PRODUCT_DEFINITION_FORMATION('','',#10155);
#10155 = PRODUCT('PF_07','PF_07','',(#10156));
#10156 = PRODUCT_CONTEXT('',#2,'mechanical');
#10157 = PRODUCT_DEFINITION_CONTEXT('part definition',#2,'design');
#10158 = ADVANCED_BREP_SHAPE_REPRESENTATION('',(#11,#10159),#10217);
#10159 = MANIFOLD_SOLID_BREP('',#10160);
#10160 = CLOSED_SHELL('',(#10161));
#10161 = ADVANCED_FACE('',(#10162),#10175,.T.);
#10162 = FACE_BOUND('',#10163,.T.);
#10163 = EDGE_LOOP('',(#10164,#10193,#10215,#10216));
#10164 = ORIENTED_EDGE('',*,*,#10165,.F.);
#10165 = EDGE_CURVE('',#10166,#10166,#10168,.T.);
#10166 = VERTEX_POINT('',#10167);
#10167 = CARTESIAN_POINT('',(2.6E+03,-6.760050331293E-14,117.75));
#10168 = SEAM_CURVE('',#10169,(#10174,#10186),.PCURVE_S1.);
#10169 = CIRCLE('',#10170,276.);
#10170 = AXIS2_PLACEMENT_3D('',#10171,#10172,#10173);
#10171 = CARTESIAN_POINT('',(2.6E+03,0.,393.75));
#10172 = DIRECTION('',(1.,-0.,2.22044604925E-16));
#10173 = DIRECTION('',(2.22044604925E-16,0.,-1.));
#10174 = PCURVE('',#10175,#10180);
#10175 = TOROIDAL_SURFACE('',#10176,250.,26.);
#10176 = AXIS2_PLACEMENT_3D('',#10177,#10178,#10179);
#10177 = CARTESIAN_POINT('',(2.6E+03,0.,393.75));
#10178 = DIRECTION('',(1.,0.,2.22044604925E-16));
#10179 = DIRECTION('',(2.22044604925E-16,0.,-1.));
#10180 = DEFINITIONAL_REPRESENTATION('',(#10181),#10185);
#10181 = LINE('',#10182,#10183);
#10182 = CARTESIAN_POINT('',(0.,6.28318530718));
#10183 = VECTOR('',#10184,1.);
#10184 = DIRECTION('',(1.,0.));
#10185 = ( GEOMETRIC_REPRESENTATION_CONTEXT(2) 
PARAMETRIC_REPRESENTATION_CONTEXT() REPRESENTATION_CONTEXT('2D SPACE',''
  ) );
#10186 = PCURVE('',#10175,#10187);
#10187 = DEFINITIONAL_REPRESENTATION('',(#10188),#10192);
#10188 = LINE('',#10189,#10190);
#10189 = CARTESIAN_POINT('',(0.,0.));
#10190 = VECTOR('',#10191,1.);
#10191 = DIRECTION('',(1.,0.));
#10192 = ( GEOMETRIC_REPRESENTATION_CONTEXT(2) 
PARAMETRIC_REPRESENTATION_CONTEXT() REPRESENTATION_CONTEXT('2D SPACE',''
  ) );
#10193 = ORIENTED_EDGE('',*,*,#10194,.F.);
#10194 = EDGE_CURVE('',#10166,#10166,#10195,.T.);
#10195 = SEAM_CURVE('',#10196,(#10201,#10208),.PCURVE_S1.);
#10196 = CIRCLE('',#10197,26.);
#10197 = AXIS2_PLACEMENT_3D('',#10198,#10199,#10200);
#10198 = CARTESIAN_POINT('',(2.6E+03,-6.123233995737E-14,143.75));
#10199 = DIRECTION('',(-5.438524293788E-32,-1.,2.449293598295E-16));
#10200 = DIRECTION('',(2.22044604925E-16,-2.449293598295E-16,-1.));
#10201 = PCURVE('',#10175,#10202);
#10202 = DEFINITIONAL_REPRESENTATION('',(#10203),#10207);
#10203 = LINE('',#10204,#10205);
#10204 = CARTESIAN_POINT('',(6.28318530718,-0.));
#10205 = VECTOR('',#10206,1.);
#10206 = DIRECTION('',(0.,1.));
#10207 = ( GEOMETRIC_REPRESENTATION_CONTEXT(2) 
PARAMETRIC_REPRESENTATION_CONTEXT() REPRESENTATION_CONTEXT('2D SPACE',''
  ) );
#10208 = PCURVE('',#10175,#10209);
#10209 = DEFINITIONAL_REPRESENTATION('',(#10210),#10214);
#10210 = LINE('',#10211,#10212);
#10211 = CARTESIAN_POINT('',(0.,-0.));
#10212 = VECTOR('',#10213,1.);
#10213 = DIRECTION('',(0.,1.));
#10214 = ( GEOMETRIC_REPRESENTATION_CONTEXT(2) 
PARAMETRIC_REPRESENTATION_CONTEXT() REPRESENTATION_CONTEXT('2D SPACE',''
  ) );
#10215 = ORIENTED_EDGE('',*,*,#10165,.T.);
#10216 = ORIENTED_EDGE('',*,*,#10194,.T.);
#10217 = ( GEOMETRIC_REPRESENTATION_CONTEXT(3) 
GLOBAL_UNCERTAINTY_ASSIGNED_CONTEXT((#10221)) 
GLOBAL_UNIT_ASSIGNED_CONTEXT((#10218,#10219,#10220)) 
REPRESENTATION_CONTEXT('Context #1',
  '3D Context with UNIT and UNCERTAINTY') );
#10218 = ( LENGTH_UNIT() NAMED_UNIT(*) SI_UNIT($,.METRE.) );
#10219 = ( NAMED_UNIT(*) PLANE_ANGLE_UNIT() SI_UNIT($,.RADIAN.) );
#10220 = ( NAMED_UNIT(*) SI_UNIT($,.STERADIAN.) SOLID_ANGLE_UNIT() );
#10221 = UNCERTAINTY_MEASURE_WITH_UNIT(LENGTH_MEASURE(1.E-07),#10218,
  'distance_accuracy_value','confusion accuracy');
#10222 = PRODUCT_RELATED_PRODUCT_CATEGORY('part',$,(#10155));
#10223 = SHAPE_DEFINITION_REPRESENTATION(#10224,#10230);
#10224 = PRODUCT_DEFINITION_SHAPE('','',#10225);
#10225 = PRODUCT_DEFINITION('design','',#10226,#10229);
#10226 = PRODUCT_DEFINITION_FORMATION('','',#10227);
#10227 = PRODUCT('PF_05','PF_05','',(#10228));
#10228 = PRODUCT_CONTEXT('',#2,'mechanical');
#10229 = PRODUCT_DEFINITION_CONTEXT('part definition',#2,'design');
#10230 = ADVANCED_BREP_SHAPE_REPRESENTATION('',(#11,#10231),#10289);
#10231 = MANIFOLD_SOLID_BREP('',#10232);
#10232 = CLOSED_SHELL('',(#10233));
#10233 = ADVANCED_FACE('',(#10234),#10247,.T.);
#10234 = FACE_BOUND('',#10235,.T.);
#10235 = EDGE_LOOP('',(#10236,#10265,#10287,#10288));
#10236 = ORIENTED_EDGE('',*,*,#10237,.F.);
#10237 = EDGE_CURVE('',#10238,#10238,#10240,.T.);
#10238 = VERTEX_POINT('',#10239);
#10239 = CARTESIAN_POINT('',(2.6E+03,-6.760050331293E-14,-107.25));
#10240 = SEAM_CURVE('',#10241,(#10246,#10258),.PCURVE_S1.);
#10241 = CIRCLE('',#10242,276.);
#10242 = AXIS2_PLACEMENT_3D('',#10243,#10244,#10245);
#10243 = CARTESIAN_POINT('',(2.6E+03,0.,168.75));
#10244 = DIRECTION('',(1.,-0.,2.22044604925E-16));
#10245 = DIRECTION('',(2.22044604925E-16,0.,-1.));
#10246 = PCURVE('',#10247,#10252);
#10247 = TOROIDAL_SURFACE('',#10248,250.,26.);
#10248 = AXIS2_PLACEMENT_3D('',#10249,#10250,#10251);
#10249 = CARTESIAN_POINT('',(2.6E+03,0.,168.75));
#10250 = DIRECTION('',(1.,0.,2.22044604925E-16));
#10251 = DIRECTION('',(2.22044604925E-16,0.,-1.));
#10252 = DEFINITIONAL_REPRESENTATION('',(#10253),#10257);
#10253 = LINE('',#10254,#10255);
#10254 = CARTESIAN_POINT('',(0.,6.28318530718));
#10255 = VECTOR('',#10256,1.);
#10256 = DIRECTION('',(1.,0.));
#10257 = ( GEOMETRIC_REPRESENTATION_CONTEXT(2) 
PARAMETRIC_REPRESENTATION_CONTEXT() REPRESENTATION_CONTEXT('2D SPACE',''
  ) );
#10258 = PCURVE('',#10247,#10259);
#10259 = DEFINITIONAL_REPRESENTATION('',(#10260),#10264);
#10260 = LINE('',#10261,#10262);
#10261 = CARTESIAN_POINT('',(0.,0.));
#10262 = VECTOR('',#10263,1.);
#10263 = DIRECTION('',(1.,0.));
#10264 = ( GEOMETRIC_REPRESENTATION_CONTEXT(2) 
PARAMETRIC_REPRESENTATION_CONTEXT() REPRESENTATION_CONTEXT('2D SPACE',''
  ) );
#10265 = ORIENTED_EDGE('',*,*,#10266,.F.);
#10266 = EDGE_CURVE('',#10238,#10238,#10267,.T.);
#10267 = SEAM_CURVE('',#10268,(#10273,#10280),.PCURVE_S1.);
#10268 = CIRCLE('',#10269,26.);
#10269 = AXIS2_PLACEMENT_3D('',#10270,#10271,#10272);
#10270 = CARTESIAN_POINT('',(2.6E+03,-6.123233995737E-14,-81.25));
#10271 = DIRECTION('',(-5.438524293788E-32,-1.,2.449293598295E-16));
#10272 = DIRECTION('',(2.22044604925E-16,-2.449293598295E-16,-1.));
#10273 = PCURVE('',#10247,#10274);
#10274 = DEFINITIONAL_REPRESENTATION('',(#10275),#10279);
#10275 = LINE('',#10276,#10277);
#10276 = CARTESIAN_POINT('',(6.28318530718,-0.));
#10277 = VECTOR('',#10278,1.);
#10278 = DIRECTION('',(0.,1.));
#10279 = ( GEOMETRIC_REPRESENTATION_CONTEXT(2) 
PARAMETRIC_REPRESENTATION_CONTEXT() REPRESENTATION_CONTEXT('2D SPACE',''
  ) );
#10280 = PCURVE('',#10247,#10281);
#10281 = DEFINITIONAL_REPRESENTATION('',(#10282),#10286);
#10282 = LINE('',#10283,#10284);
#10283 = CARTESIAN_POINT('',(0.,-0.));
#10284 = VECTOR('',#10285,1.);
#10285 = DIRECTION('',(0.,1.));
#10286 = ( GEOMETRIC_REPRESENTATION_CONTEXT(2) 
PARAMETRIC_REPRESENTATION_CONTEXT() REPRESENTATION_CONTEXT('2D SPACE',''
  ) );
#10287 = ORIENTED_EDGE('',*,*,#10237,.T.);
#10288 = ORIENTED_EDGE('',*,*,#10266,.T.);
#10289 = ( GEOMETRIC_REPRESENTATION_CONTEXT(3) 
GLOBAL_UNCERTAINTY_ASSIGNED_CONTEXT((#10293)) 
GLOBAL_UNIT_ASSIGNED_CONTEXT((#10290,#10291,#10292)) 
REPRESENTATION_CONTEXT('Context #1',
  '3D Context with UNIT and UNCERTAINTY') );
#10290 = ( LENGTH_UNIT() NAMED_UNIT(*) SI_UNIT($,.METRE.) );
#10291 = ( NAMED_UNIT(*) PLANE_ANGLE_UNIT() SI_UNIT($,.RADIAN.) );
#10292 = ( NAMED_UNIT(*) SI_UNIT($,.STERADIAN.) SOLID_ANGLE_UNIT() );
#10293 = UNCERTAINTY_MEASURE_WITH_UNIT(LENGTH_MEASURE(1.E-07),#10290,
  'distance_accuracy_value','confusion accuracy');
#10294 = PRODUCT_RELATED_PRODUCT_CATEGORY('part',$,(#10227));
#10295 = SHAPE_DEFINITION_REPRESENTATION(#10296,#10302);
#10296 = PRODUCT_DEFINITION_SHAPE('','',#10297);
#10297 = PRODUCT_DEFINITION('design','',#10298,#10301);
#10298 = PRODUCT_DEFINITION_FORMATION('','',#10299);
#10299 = PRODUCT('PF_03','PF_03','',(#10300));
#10300 = PRODUCT_CONTEXT('',#2,'mechanical');
#10301 = PRODUCT_DEFINITION_CONTEXT('part definition',#2,'design');
#10302 = ADVANCED_BREP_SHAPE_REPRESENTATION('',(#11,#10303),#10361);
#10303 = MANIFOLD_SOLID_BREP('',#10304);
#10304 = CLOSED_SHELL('',(#10305));
#10305 = ADVANCED_FACE('',(#10306),#10319,.T.);
#10306 = FACE_BOUND('',#10307,.T.);
#10307 = EDGE_LOOP('',(#10308,#10337,#10359,#10360));
#10308 = ORIENTED_EDGE('',*,*,#10309,.F.);
#10309 = EDGE_CURVE('',#10310,#10310,#10312,.T.);
#10310 = VERTEX_POINT('',#10311);
#10311 = CARTESIAN_POINT('',(2.6E+03,-6.760050331293E-14,-332.25));
#10312 = SEAM_CURVE('',#10313,(#10318,#10330),.PCURVE_S1.);
#10313 = CIRCLE('',#10314,276.);
#10314 = AXIS2_PLACEMENT_3D('',#10315,#10316,#10317);
#10315 = CARTESIAN_POINT('',(2.6E+03,0.,-56.25));
#10316 = DIRECTION('',(1.,-0.,2.22044604925E-16));
#10317 = DIRECTION('',(2.22044604925E-16,0.,-1.));
#10318 = PCURVE('',#10319,#10324);
#10319 = TOROIDAL_SURFACE('',#10320,250.,26.);
#10320 = AXIS2_PLACEMENT_3D('',#10321,#10322,#10323);
#10321 = CARTESIAN_POINT('',(2.6E+03,0.,-56.25));
#10322 = DIRECTION('',(1.,0.,2.22044604925E-16));
#10323 = DIRECTION('',(2.22044604925E-16,0.,-1.));
#10324 = DEFINITIONAL_REPRESENTATION('',(#10325),#10329);
#10325 = LINE('',#10326,#10327);
#10326 = CARTESIAN_POINT('',(0.,6.28318530718));
#10327 = VECTOR('',#10328,1.);
#10328 = DIRECTION('',(1.,0.));
#10329 = ( GEOMETRIC_REPRESENTATION_CONTEXT(2) 
PARAMETRIC_REPRESENTATION_CONTEXT() REPRESENTATION_CONTEXT('2D SPACE',''
  ) );
#10330 = PCURVE('',#10319,#10331);
#10331 = DEFINITIONAL_REPRESENTATION('',(#10332),#10336);
#10332 = LINE('',#10333,#10334);
#10333 = CARTESIAN_POINT('',(0.,0.));
#10334 = VECTOR('',#10335,1.);
#10335 = DIRECTION('',(1.,0.));
#10336 = ( GEOMETRIC_REPRESENTATION_CONTEXT(2) 
PARAMETRIC_REPRESENTATION_CONTEXT() REPRESENTATION_CONTEXT('2D SPACE',''
  ) );
#10337 = ORIENTED_EDGE('',*,*,#10338,.F.);
#10338 = EDGE_CURVE('',#10310,#10310,#10339,.T.);
#10339 = SEAM_CURVE('',#10340,(#10345,#10352),.PCURVE_S1.);
#10340 = CIRCLE('',#10341,26.);
#10341 = AXIS2_PLACEMENT_3D('',#10342,#10343,#10344);
#10342 = CARTESIAN_POINT('',(2.6E+03,-6.123233995737E-14,-306.25));
#10343 = DIRECTION('',(-5.438524293788E-32,-1.,2.449293598295E-16));
#10344 = DIRECTION('',(2.22044604925E-16,-2.449293598295E-16,-1.));
#10345 = PCURVE('',#10319,#10346);
#10346 = DEFINITIONAL_REPRESENTATION('',(#10347),#10351);
#10347 = LINE('',#10348,#10349);
#10348 = CARTESIAN_POINT('',(6.28318530718,-0.));
#10349 = VECTOR('',#10350,1.);
#10350 = DIRECTION('',(0.,1.));
#10351 = ( GEOMETRIC_REPRESENTATION_CONTEXT(2) 
PARAMETRIC_REPRESENTATION_CONTEXT() REPRESENTATION_CONTEXT('2D SPACE',''
  ) );
#10352 = PCURVE('',#10319,#10353);
#10353 = DEFINITIONAL_REPRESENTATION('',(#10354),#10358);
#10354 = LINE('',#10355,#10356);
#10355 = CARTESIAN_POINT('',(0.,-0.));
#10356 = VECTOR('',#10357,1.);
#10357 = DIRECTION('',(0.,1.));
#10358 = ( GEOMETRIC_REPRESENTATION_CONTEXT(2) 
PARAMETRIC_REPRESENTATION_CONTEXT() REPRESENTATION_CONTEXT('2D SPACE',''
  ) );
#10359 = ORIENTED_EDGE('',*,*,#10309,.T.);
#10360 = ORIENTED_EDGE('',*,*,#10338,.T.);
#10361 = ( GEOMETRIC_REPRESENTATION_CONTEXT(3) 
GLOBAL_UNCERTAINTY_ASSIGNED_CONTEXT((#10365)) 
GLOBAL_UNIT_ASSIGNED_CONTEXT((#10362,#10363,#10364)) 
REPRESENTATION_CONTEXT('Context #1',
  '3D Context with UNIT and UNCERTAINTY') );
#10362 = ( LENGTH_UNIT() NAMED_UNIT(*) SI_UNIT($,.METRE.) );
#10363 = ( NAMED_UNIT(*) PLANE_ANGLE_UNIT() SI_UNIT($,.RADIAN.) );
#10364 = ( NAMED_UNIT(*) SI_UNIT($,.STERADIAN.) SOLID_ANGLE_UNIT() );
#10365 = UNCERTAINTY_MEASURE_WITH_UNIT(LENGTH_MEASURE(1.E-07),#10362,
  'distance_accuracy_value','confusion accuracy');
#10366 = PRODUCT_RELATED_PRODUCT_CATEGORY('part',$,(#10299));
#10367 = SHAPE_DEFINITION_REPRESENTATION(#10368,#10374);
#10368 = PRODUCT_DEFINITION_SHAPE('','',#10369);
#10369 = PRODUCT_DEFINITION('design','',#10370,#10373);
#10370 = PRODUCT_DEFINITION_FORMATION('','',#10371);
#10371 = PRODUCT('PF_06','PF_06','',(#10372));
#10372 = PRODUCT_CONTEXT('',#2,'mechanical');
#10373 = PRODUCT_DEFINITION_CONTEXT('part definition',#2,'design');
#10374 = ADVANCED_BREP_SHAPE_REPRESENTATION('',(#11,#10375),#10433);
#10375 = MANIFOLD_SOLID_BREP('',#10376);
#10376 = CLOSED_SHELL('',(#10377));
#10377 = ADVANCED_FACE('',(#10378),#10391,.T.);
#10378 = FACE_BOUND('',#10379,.T.);
#10379 = EDGE_LOOP('',(#10380,#10409,#10431,#10432));
#10380 = ORIENTED_EDGE('',*,*,#10381,.F.);
#10381 = EDGE_CURVE('',#10382,#10382,#10384,.T.);
#10382 = VERTEX_POINT('',#10383);
#10383 = CARTESIAN_POINT('',(2.6E+03,-6.760050331293E-14,5.25));
#10384 = SEAM_CURVE('',#10385,(#10390,#10402),.PCURVE_S1.);
#10385 = CIRCLE('',#10386,276.);
#10386 = AXIS2_PLACEMENT_3D('',#10387,#10388,#10389);
#10387 = CARTESIAN_POINT('',(2.6E+03,0.,281.25));
#10388 = DIRECTION('',(1.,-0.,2.22044604925E-16));
#10389 = DIRECTION('',(2.22044604925E-16,0.,-1.));
#10390 = PCURVE('',#10391,#10396);
#10391 = TOROIDAL_SURFACE('',#10392,250.,26.);
#10392 = AXIS2_PLACEMENT_3D('',#10393,#10394,#10395);
#10393 = CARTESIAN_POINT('',(2.6E+03,0.,281.25));
#10394 = DIRECTION('',(1.,0.,2.22044604925E-16));
#10395 = DIRECTION('',(2.22044604925E-16,0.,-1.));
#10396 = DEFINITIONAL_REPRESENTATION('',(#10397),#10401);
#10397 = LINE('',#10398,#10399);
#10398 = CARTESIAN_POINT('',(0.,6.28318530718));
#10399 = VECTOR('',#10400,1.);
#10400 = DIRECTION('',(1.,0.));
#10401 = ( GEOMETRIC_REPRESENTATION_CONTEXT(2) 
PARAMETRIC_REPRESENTATION_CONTEXT() REPRESENTATION_CONTEXT('2D SPACE',''
  ) );
#10402 = PCURVE('',#10391,#10403);
#10403 = DEFINITIONAL_REPRESENTATION('',(#10404),#10408);
#10404 = LINE('',#10405,#10406);
#10405 = CARTESIAN_POINT('',(0.,0.));
#10406 = VECTOR('',#10407,1.);
#10407 = DIRECTION('',(1.,0.));
#10408 = ( GEOMETRIC_REPRESENTATION_CONTEXT(2) 
PARAMETRIC_REPRESENTATION_CONTEXT() REPRESENTATION_CONTEXT('2D SPACE',''
  ) );
#10409 = ORIENTED_EDGE('',*,*,#10410,.F.);
#10410 = EDGE_CURVE('',#10382,#10382,#10411,.T.);
#10411 = SEAM_CURVE('',#10412,(#10417,#10424),.PCURVE_S1.);
#10412 = CIRCLE('',#10413,26.);
#10413 = AXIS2_PLACEMENT_3D('',#10414,#10415,#10416);
#10414 = CARTESIAN_POINT('',(2.6E+03,-6.123233995737E-14,31.25));
#10415 = DIRECTION('',(-5.438524293788E-32,-1.,2.449293598295E-16));
#10416 = DIRECTION('',(2.22044604925E-16,-2.449293598295E-16,-1.));
#10417 = PCURVE('',#10391,#10418);
#10418 = DEFINITIONAL_REPRESENTATION('',(#10419),#10423);
#10419 = LINE('',#10420,#10421);
#10420 = CARTESIAN_POINT('',(6.28318530718,-0.));
#10421 = VECTOR('',#10422,1.);
#10422 = DIRECTION('',(0.,1.));
#10423 = ( GEOMETRIC_REPRESENTATION_CONTEXT(2) 
PARAMETRIC_REPRESENTATION_CONTEXT() REPRESENTATION_CONTEXT('2D SPACE',''
  ) );
#10424 = PCURVE('',#10391,#10425);
#10425 = DEFINITIONAL_REPRESENTATION('',(#10426),#10430);
#10426 = LINE('',#10427,#10428);
#10427 = CARTESIAN_POINT('',(0.,-0.));
#10428 = VECTOR('',#10429,1.);
#10429 = DIRECTION('',(0.,1.));
#10430 = ( GEOMETRIC_REPRESENTATION_CONTEXT(2) 
PARAMETRIC_REPRESENTATION_CONTEXT() REPRESENTATION_CONTEXT('2D SPACE',''
  ) );
#10431 = ORIENTED_EDGE('',*,*,#10381,.T.);
#10432 = ORIENTED_EDGE('',*,*,#10410,.T.);
#10433 = ( GEOMETRIC_REPRESENTATION_CONTEXT(3) 
GLOBAL_UNCERTAINTY_ASSIGNED_CONTEXT((#10437)) 
GLOBAL_UNIT_ASSIGNED_CONTEXT((#10434,#10435,#10436)) 
REPRESENTATION_CONTEXT('Context #1',
  '3D Context with UNIT and UNCERTAINTY') );
#10434 = ( LENGTH_UNIT() NAMED_UNIT(*) SI_UNIT($,.METRE.) );
#10435 = ( NAMED_UNIT(*) PLANE_ANGLE_UNIT() SI_UNIT($,.RADIAN.) );
#10436 = ( NAMED_UNIT(*) SI_UNIT($,.STERADIAN.) SOLID_ANGLE_UNIT() );
#10437 = UNCERTAINTY_MEASURE_WITH_UNIT(LENGTH_MEASURE(1.E-07),#10434,
  'distance_accuracy_value','confusion accuracy');
#10438 = PRODUCT_RELATED_PRODUCT_CATEGORY('part',$,(#10371));
#10439 = SHAPE_DEFINITION_REPRESENTATION(#10440,#10446);
#10440 = PRODUCT_DEFINITION_SHAPE('','',#10441);
#10441 = PRODUCT_DEFINITION('design','',#10442,#10445);
#10442 = PRODUCT_DEFINITION_FORMATION('','',#10443);
#10443 = PRODUCT('Solenoid','Solenoid','',(#10444));
#10444 = PRODUCT_CONTEXT('',#2,'mechanical');
#10445 = PRODUCT_DEFINITION_CONTEXT('part definition',#2,'design');
#10446 = ADVANCED_BREP_SHAPE_REPRESENTATION('',(#11,#10447),#10635);
#10447 = MANIFOLD_SOLID_BREP('',#10448);
#10448 = CLOSED_SHELL('',(#10449,#10537,#10572,#10576,#10631));
#10449 = ADVANCED_FACE('',(#10450),#10463,.T.);
#10450 = FACE_BOUND('',#10451,.T.);
#10451 = EDGE_LOOP('',(#10452,#10486,#10509,#10536));
#10452 = ORIENTED_EDGE('',*,*,#10453,.F.);
#10453 = EDGE_CURVE('',#10454,#10454,#10456,.T.);
#10454 = VERTEX_POINT('',#10455);
#10455 = CARTESIAN_POINT('',(2.95E+03,-3.429011037613E-14,-490.));
#10456 = SURFACE_CURVE('',#10457,(#10462,#10474),.PCURVE_S1.);
#10457 = CIRCLE('',#10458,140.);
#10458 = AXIS2_PLACEMENT_3D('',#10459,#10460,#10461);
#10459 = CARTESIAN_POINT('',(2.95E+03,0.,-350.));
#10460 = DIRECTION('',(1.,-0.,2.22044604925E-16));
#10461 = DIRECTION('',(2.22044604925E-16,0.,-1.));
#10462 = PCURVE('',#10463,#10468);
#10463 = CYLINDRICAL_SURFACE('',#10464,140.);
#10464 = AXIS2_PLACEMENT_3D('',#10465,#10466,#10467);
#10465 = CARTESIAN_POINT('',(2.25E+03,0.,-350.));
#10466 = DIRECTION('',(1.,0.,2.22044604925E-16));
#10467 = DIRECTION('',(2.22044604925E-16,0.,-1.));
#10468 = DEFINITIONAL_REPRESENTATION('',(#10469),#10473);
#10469 = LINE('',#10470,#10471);
#10470 = CARTESIAN_POINT('',(0.,700.));
#10471 = VECTOR('',#10472,1.);
#10472 = DIRECTION('',(1.,0.));
#10473 = ( GEOMETRIC_REPRESENTATION_CONTEXT(2) 
PARAMETRIC_REPRESENTATION_CONTEXT() REPRESENTATION_CONTEXT('2D SPACE',''
  ) );
#10474 = PCURVE('',#10475,#10480);
#10475 = PLANE('',#10476);
#10476 = AXIS2_PLACEMENT_3D('',#10477,#10478,#10479);
#10477 = CARTESIAN_POINT('',(2.95E+03,0.,-350.));
#10478 = DIRECTION('',(1.,0.,2.22044604925E-16));
#10479 = DIRECTION('',(2.22044604925E-16,0.,-1.));
#10480 = DEFINITIONAL_REPRESENTATION('',(#10481),#10485);
#10481 = CIRCLE('',#10482,140.);
#10482 = AXIS2_PLACEMENT_2D('',#10483,#10484);
#10483 = CARTESIAN_POINT('',(0.,0.));
#10484 = DIRECTION('',(1.,0.));
#10485 = ( GEOMETRIC_REPRESENTATION_CONTEXT(2) 
PARAMETRIC_REPRESENTATION_CONTEXT() REPRESENTATION_CONTEXT('2D SPACE',''
  ) );
#10486 = ORIENTED_EDGE('',*,*,#10487,.F.);
#10487 = EDGE_CURVE('',#10488,#10454,#10490,.T.);
#10488 = VERTEX_POINT('',#10489);
#10489 = CARTESIAN_POINT('',(2.25E+03,-3.429011037613E-14,-490.));
#10490 = SEAM_CURVE('',#10491,(#10495,#10502),.PCURVE_S1.);
#10491 = LINE('',#10492,#10493);
#10492 = CARTESIAN_POINT('',(2.25E+03,-3.429011037613E-14,-490.));
#10493 = VECTOR('',#10494,1.);
#10494 = DIRECTION('',(1.,0.,2.22044604925E-16));
#10495 = PCURVE('',#10463,#10496);
#10496 = DEFINITIONAL_REPRESENTATION('',(#10497),#10501);
#10497 = LINE('',#10498,#10499);
#10498 = CARTESIAN_POINT('',(6.28318530718,-0.));
#10499 = VECTOR('',#10500,1.);
#10500 = DIRECTION('',(0.,1.));
#10501 = ( GEOMETRIC_REPRESENTATION_CONTEXT(2) 
PARAMETRIC_REPRESENTATION_CONTEXT() REPRESENTATION_CONTEXT('2D SPACE',''
  ) );
#10502 = PCURVE('',#10463,#10503);
#10503 = DEFINITIONAL_REPRESENTATION('',(#10504),#10508);
#10504 = LINE('',#10505,#10506);
#10505 = CARTESIAN_POINT('',(0.,-0.));
#10506 = VECTOR('',#10507,1.);
#10507 = DIRECTION('',(0.,1.));
#10508 = ( GEOMETRIC_REPRESENTATION_CONTEXT(2) 
PARAMETRIC_REPRESENTATION_CONTEXT() REPRESENTATION_CONTEXT('2D SPACE',''
  ) );
#10509 = ORIENTED_EDGE('',*,*,#10510,.T.);
#10510 = EDGE_CURVE('',#10488,#10488,#10511,.T.);
#10511 = SURFACE_CURVE('',#10512,(#10517,#10524),.PCURVE_S1.);
#10512 = CIRCLE('',#10513,140.);
#10513 = AXIS2_PLACEMENT_3D('',#10514,#10515,#10516);
#10514 = CARTESIAN_POINT('',(2.25E+03,0.,-350.));
#10515 = DIRECTION('',(1.,-0.,2.22044604925E-16));
#10516 = DIRECTION('',(2.22044604925E-16,0.,-1.));
#10517 = PCURVE('',#10463,#10518);
#10518 = DEFINITIONAL_REPRESENTATION('',(#10519),#10523);
#10519 = LINE('',#10520,#10521);
#10520 = CARTESIAN_POINT('',(0.,0.));
#10521 = VECTOR('',#10522,1.);
#10522 = DIRECTION('',(1.,0.));
#10523 = ( GEOMETRIC_REPRESENTATION_CONTEXT(2) 
PARAMETRIC_REPRESENTATION_CONTEXT() REPRESENTATION_CONTEXT('2D SPACE',''
  ) );
#10524 = PCURVE('',#10525,#10530);
#10525 = PLANE('',#10526);
#10526 = AXIS2_PLACEMENT_3D('',#10527,#10528,#10529);
#10527 = CARTESIAN_POINT('',(2.25E+03,0.,-350.));
#10528 = DIRECTION('',(1.,0.,2.22044604925E-16));
#10529 = DIRECTION('',(2.22044604925E-16,0.,-1.));
#10530 = DEFINITIONAL_REPRESENTATION('',(#10531),#10535);
#10531 = CIRCLE('',#10532,140.);
#10532 = AXIS2_PLACEMENT_2D('',#10533,#10534);
#10533 = CARTESIAN_POINT('',(0.,0.));
#10534 = DIRECTION('',(1.,0.));
#10535 = ( GEOMETRIC_REPRESENTATION_CONTEXT(2) 
PARAMETRIC_REPRESENTATION_CONTEXT() REPRESENTATION_CONTEXT('2D SPACE',''
  ) );
#10536 = ORIENTED_EDGE('',*,*,#10487,.T.);
#10537 = ADVANCED_FACE('',(#10538,#10541),#10475,.T.);
#10538 = FACE_BOUND('',#10539,.T.);
#10539 = EDGE_LOOP('',(#10540));
#10540 = ORIENTED_EDGE('',*,*,#10453,.T.);
#10541 = FACE_BOUND('',#10542,.T.);
#10542 = EDGE_LOOP('',(#10543));
#10543 = ORIENTED_EDGE('',*,*,#10544,.F.);
#10544 = EDGE_CURVE('',#10545,#10545,#10547,.T.);
#10545 = VERTEX_POINT('',#10546);
#10546 = CARTESIAN_POINT('',(2.95E+03,-2.400307726329E-14,-448.));
#10547 = SURFACE_CURVE('',#10548,(#10553,#10560),.PCURVE_S1.);
#10548 = CIRCLE('',#10549,98.);
#10549 = AXIS2_PLACEMENT_3D('',#10550,#10551,#10552);
#10550 = CARTESIAN_POINT('',(2.95E+03,0.,-350.));
#10551 = DIRECTION('',(1.,-0.,2.22044604925E-16));
#10552 = DIRECTION('',(2.22044604925E-16,0.,-1.));
#10553 = PCURVE('',#10475,#10554);
#10554 = DEFINITIONAL_REPRESENTATION('',(#10555),#10559);
#10555 = CIRCLE('',#10556,98.);
#10556 = AXIS2_PLACEMENT_2D('',#10557,#10558);
#10557 = CARTESIAN_POINT('',(0.,0.));
#10558 = DIRECTION('',(1.,0.));
#10559 = ( GEOMETRIC_REPRESENTATION_CONTEXT(2) 
PARAMETRIC_REPRESENTATION_CONTEXT() REPRESENTATION_CONTEXT('2D SPACE',''
  ) );
#10560 = PCURVE('',#10561,#10566);
#10561 = CYLINDRICAL_SURFACE('',#10562,98.);
#10562 = AXIS2_PLACEMENT_3D('',#10563,#10564,#10565);
#10563 = CARTESIAN_POINT('',(2.271E+03,0.,-350.));
#10564 = DIRECTION('',(1.,0.,2.22044604925E-16));
#10565 = DIRECTION('',(2.22044604925E-16,0.,-1.));
#10566 = DEFINITIONAL_REPRESENTATION('',(#10567),#10571);
#10567 = LINE('',#10568,#10569);
#10568 = CARTESIAN_POINT('',(0.,679.));
#10569 = VECTOR('',#10570,1.);
#10570 = DIRECTION('',(1.,0.));
#10571 = ( GEOMETRIC_REPRESENTATION_CONTEXT(2) 
PARAMETRIC_REPRESENTATION_CONTEXT() REPRESENTATION_CONTEXT('2D SPACE',''
  ) );
#10572 = ADVANCED_FACE('',(#10573),#10525,.F.);
#10573 = FACE_BOUND('',#10574,.T.);
#10574 = EDGE_LOOP('',(#10575));
#10575 = ORIENTED_EDGE('',*,*,#10510,.F.);
#10576 = ADVANCED_FACE('',(#10577),#10561,.F.);
#10577 = FACE_BOUND('',#10578,.F.);
#10578 = EDGE_LOOP('',(#10579,#10580,#10603,#10630));
#10579 = ORIENTED_EDGE('',*,*,#10544,.F.);
#10580 = ORIENTED_EDGE('',*,*,#10581,.F.);
#10581 = EDGE_CURVE('',#10582,#10545,#10584,.T.);
#10582 = VERTEX_POINT('',#10583);
#10583 = CARTESIAN_POINT('',(2.271E+03,-2.400307726329E-14,-448.));
#10584 = SEAM_CURVE('',#10585,(#10589,#10596),.PCURVE_S1.);
#10585 = LINE('',#10586,#10587);
#10586 = CARTESIAN_POINT('',(2.271E+03,-2.400307726329E-14,-448.));
#10587 = VECTOR('',#10588,1.);
#10588 = DIRECTION('',(1.,0.,2.22044604925E-16));
#10589 = PCURVE('',#10561,#10590);
#10590 = DEFINITIONAL_REPRESENTATION('',(#10591),#10595);
#10591 = LINE('',#10592,#10593);
#10592 = CARTESIAN_POINT('',(6.28318530718,-0.));
#10593 = VECTOR('',#10594,1.);
#10594 = DIRECTION('',(0.,1.));
#10595 = ( GEOMETRIC_REPRESENTATION_CONTEXT(2) 
PARAMETRIC_REPRESENTATION_CONTEXT() REPRESENTATION_CONTEXT('2D SPACE',''
  ) );
#10596 = PCURVE('',#10561,#10597);
#10597 = DEFINITIONAL_REPRESENTATION('',(#10598),#10602);
#10598 = LINE('',#10599,#10600);
#10599 = CARTESIAN_POINT('',(0.,-0.));
#10600 = VECTOR('',#10601,1.);
#10601 = DIRECTION('',(0.,1.));
#10602 = ( GEOMETRIC_REPRESENTATION_CONTEXT(2) 
PARAMETRIC_REPRESENTATION_CONTEXT() REPRESENTATION_CONTEXT('2D SPACE',''
  ) );
#10603 = ORIENTED_EDGE('',*,*,#10604,.T.);
#10604 = EDGE_CURVE('',#10582,#10582,#10605,.T.);
#10605 = SURFACE_CURVE('',#10606,(#10611,#10618),.PCURVE_S1.);
#10606 = CIRCLE('',#10607,98.);
#10607 = AXIS2_PLACEMENT_3D('',#10608,#10609,#10610);
#10608 = CARTESIAN_POINT('',(2.271E+03,0.,-350.));
#10609 = DIRECTION('',(1.,-0.,2.22044604925E-16));
#10610 = DIRECTION('',(2.22044604925E-16,0.,-1.));
#10611 = PCURVE('',#10561,#10612);
#10612 = DEFINITIONAL_REPRESENTATION('',(#10613),#10617);
#10613 = LINE('',#10614,#10615);
#10614 = CARTESIAN_POINT('',(0.,0.));
#10615 = VECTOR('',#10616,1.);
#10616 = DIRECTION('',(1.,0.));
#10617 = ( GEOMETRIC_REPRESENTATION_CONTEXT(2) 
PARAMETRIC_REPRESENTATION_CONTEXT() REPRESENTATION_CONTEXT('2D SPACE',''
  ) );
#10618 = PCURVE('',#10619,#10624);
#10619 = PLANE('',#10620);
#10620 = AXIS2_PLACEMENT_3D('',#10621,#10622,#10623);
#10621 = CARTESIAN_POINT('',(2.271E+03,0.,-350.));
#10622 = DIRECTION('',(1.,0.,2.22044604925E-16));
#10623 = DIRECTION('',(2.22044604925E-16,0.,-1.));
#10624 = DEFINITIONAL_REPRESENTATION('',(#10625),#10629);
#10625 = CIRCLE('',#10626,98.);
#10626 = AXIS2_PLACEMENT_2D('',#10627,#10628);
#10627 = CARTESIAN_POINT('',(0.,0.));
#10628 = DIRECTION('',(1.,0.));
#10629 = ( GEOMETRIC_REPRESENTATION_CONTEXT(2) 
PARAMETRIC_REPRESENTATION_CONTEXT() REPRESENTATION_CONTEXT('2D SPACE',''
  ) );
#10630 = ORIENTED_EDGE('',*,*,#10581,.T.);
#10631 = ADVANCED_FACE('',(#10632),#10619,.T.);
#10632 = FACE_BOUND('',#10633,.F.);
#10633 = EDGE_LOOP('',(#10634));
#10634 = ORIENTED_EDGE('',*,*,#10604,.F.);
#10635 = ( GEOMETRIC_REPRESENTATION_CONTEXT(3) 
GLOBAL_UNCERTAINTY_ASSIGNED_CONTEXT((#10639)) 
GLOBAL_UNIT_ASSIGNED_CONTEXT((#10636,#10637,#10638)) 
REPRESENTATION_CONTEXT('Context #1',
  '3D Context with UNIT and UNCERTAINTY') );
#10636 = ( LENGTH_UNIT() NAMED_UNIT(*) SI_UNIT($,.METRE.) );
#10637 = ( NAMED_UNIT(*) PLANE_ANGLE_UNIT() SI_UNIT($,.RADIAN.) );
#10638 = ( NAMED_UNIT(*) SI_UNIT($,.STERADIAN.) SOLID_ANGLE_UNIT() );
#10639 = UNCERTAINTY_MEASURE_WITH_UNIT(LENGTH_MEASURE(1.E-07),#10636,
  'distance_accuracy_value','confusion accuracy');
#10640 = PRODUCT_RELATED_PRODUCT_CATEGORY('part',$,(#10443));
#10641 = SHAPE_DEFINITION_REPRESENTATION(#10642,#10648);
#10642 = PRODUCT_DEFINITION_SHAPE('','',#10643);
#10643 = PRODUCT_DEFINITION('design','',#10644,#10647);
#10644 = PRODUCT_DEFINITION_FORMATION('','',#10645);
#10645 = PRODUCT('Solenoid_O','Solenoid_O','',(#10646));
#10646 = PRODUCT_CONTEXT('',#2,'mechanical');
#10647 = PRODUCT_DEFINITION_CONTEXT('part definition',#2,'design');
#10648 = ADVANCED_BREP_SHAPE_REPRESENTATION('',(#11,#10649),#10747);
#10649 = MANIFOLD_SOLID_BREP('',#10650);
#10650 = CLOSED_SHELL('',(#10651,#10739,#10743));
#10651 = ADVANCED_FACE('',(#10652),#10665,.T.);
#10652 = FACE_BOUND('',#10653,.T.);
#10653 = EDGE_LOOP('',(#10654,#10688,#10711,#10738));
#10654 = ORIENTED_EDGE('',*,*,#10655,.F.);
#10655 = EDGE_CURVE('',#10656,#10656,#10658,.T.);
#10656 = VERTEX_POINT('',#10657);
#10657 = CARTESIAN_POINT('',(2.95E+03,-3.429011037613E-14,-490.));
#10658 = SURFACE_CURVE('',#10659,(#10664,#10676),.PCURVE_S1.);
#10659 = CIRCLE('',#10660,140.);
#10660 = AXIS2_PLACEMENT_3D('',#10661,#10662,#10663);
#10661 = CARTESIAN_POINT('',(2.95E+03,0.,-350.));
#10662 = DIRECTION('',(1.,-0.,2.22044604925E-16));
#10663 = DIRECTION('',(2.22044604925E-16,0.,-1.));
#10664 = PCURVE('',#10665,#10670);
#10665 = CYLINDRICAL_SURFACE('',#10666,140.);
#10666 = AXIS2_PLACEMENT_3D('',#10667,#10668,#10669);
#10667 = CARTESIAN_POINT('',(2.25E+03,0.,-350.));
#10668 = DIRECTION('',(1.,0.,2.22044604925E-16));
#10669 = DIRECTION('',(2.22044604925E-16,0.,-1.));
#10670 = DEFINITIONAL_REPRESENTATION('',(#10671),#10675);
#10671 = LINE('',#10672,#10673);
#10672 = CARTESIAN_POINT('',(0.,700.));
#10673 = VECTOR('',#10674,1.);
#10674 = DIRECTION('',(1.,0.));
#10675 = ( GEOMETRIC_REPRESENTATION_CONTEXT(2) 
PARAMETRIC_REPRESENTATION_CONTEXT() REPRESENTATION_CONTEXT('2D SPACE',''
  ) );
#10676 = PCURVE('',#10677,#10682);
#10677 = PLANE('',#10678);
#10678 = AXIS2_PLACEMENT_3D('',#10679,#10680,#10681);
#10679 = CARTESIAN_POINT('',(2.95E+03,0.,-350.));
#10680 = DIRECTION('',(1.,0.,2.22044604925E-16));
#10681 = DIRECTION('',(2.22044604925E-16,0.,-1.));
#10682 = DEFINITIONAL_REPRESENTATION('',(#10683),#10687);
#10683 = CIRCLE('',#10684,140.);
#10684 = AXIS2_PLACEMENT_2D('',#10685,#10686);
#10685 = CARTESIAN_POINT('',(0.,0.));
#10686 = DIRECTION('',(1.,0.));
#10687 = ( GEOMETRIC_REPRESENTATION_CONTEXT(2) 
PARAMETRIC_REPRESENTATION_CONTEXT() REPRESENTATION_CONTEXT('2D SPACE',''
  ) );
#10688 = ORIENTED_EDGE('',*,*,#10689,.F.);
#10689 = EDGE_CURVE('',#10690,#10656,#10692,.T.);
#10690 = VERTEX_POINT('',#10691);
#10691 = CARTESIAN_POINT('',(2.25E+03,-3.429011037613E-14,-490.));
#10692 = SEAM_CURVE('',#10693,(#10697,#10704),.PCURVE_S1.);
#10693 = LINE('',#10694,#10695);
#10694 = CARTESIAN_POINT('',(2.25E+03,-3.429011037613E-14,-490.));
#10695 = VECTOR('',#10696,1.);
#10696 = DIRECTION('',(1.,0.,2.22044604925E-16));
#10697 = PCURVE('',#10665,#10698);
#10698 = DEFINITIONAL_REPRESENTATION('',(#10699),#10703);
#10699 = LINE('',#10700,#10701);
#10700 = CARTESIAN_POINT('',(6.28318530718,-0.));
#10701 = VECTOR('',#10702,1.);
#10702 = DIRECTION('',(0.,1.));
#10703 = ( GEOMETRIC_REPRESENTATION_CONTEXT(2) 
PARAMETRIC_REPRESENTATION_CONTEXT() REPRESENTATION_CONTEXT('2D SPACE',''
  ) );
#10704 = PCURVE('',#10665,#10705);
#10705 = DEFINITIONAL_REPRESENTATION('',(#10706),#10710);
#10706 = LINE('',#10707,#10708);
#10707 = CARTESIAN_POINT('',(0.,-0.));
#10708 = VECTOR('',#10709,1.);
#10709 = DIRECTION('',(0.,1.));
#10710 = ( GEOMETRIC_REPRESENTATION_CONTEXT(2) 
PARAMETRIC_REPRESENTATION_CONTEXT() REPRESENTATION_CONTEXT('2D SPACE',''
  ) );
#10711 = ORIENTED_EDGE('',*,*,#10712,.T.);
#10712 = EDGE_CURVE('',#10690,#10690,#10713,.T.);
#10713 = SURFACE_CURVE('',#10714,(#10719,#10726),.PCURVE_S1.);
#10714 = CIRCLE('',#10715,140.);
#10715 = AXIS2_PLACEMENT_3D('',#10716,#10717,#10718);
#10716 = CARTESIAN_POINT('',(2.25E+03,0.,-350.));
#10717 = DIRECTION('',(1.,-0.,2.22044604925E-16));
#10718 = DIRECTION('',(2.22044604925E-16,0.,-1.));
#10719 = PCURVE('',#10665,#10720);
#10720 = DEFINITIONAL_REPRESENTATION('',(#10721),#10725);
#10721 = LINE('',#10722,#10723);
#10722 = CARTESIAN_POINT('',(0.,0.));
#10723 = VECTOR('',#10724,1.);
#10724 = DIRECTION('',(1.,0.));
#10725 = ( GEOMETRIC_REPRESENTATION_CONTEXT(2) 
PARAMETRIC_REPRESENTATION_CONTEXT() REPRESENTATION_CONTEXT('2D SPACE',''
  ) );
#10726 = PCURVE('',#10727,#10732);
#10727 = PLANE('',#10728);
#10728 = AXIS2_PLACEMENT_3D('',#10729,#10730,#10731);
#10729 = CARTESIAN_POINT('',(2.25E+03,0.,-350.));
#10730 = DIRECTION('',(1.,0.,2.22044604925E-16));
#10731 = DIRECTION('',(2.22044604925E-16,0.,-1.));
#10732 = DEFINITIONAL_REPRESENTATION('',(#10733),#10737);
#10733 = CIRCLE('',#10734,140.);
#10734 = AXIS2_PLACEMENT_2D('',#10735,#10736);
#10735 = CARTESIAN_POINT('',(0.,0.));
#10736 = DIRECTION('',(1.,0.));
#10737 = ( GEOMETRIC_REPRESENTATION_CONTEXT(2) 
PARAMETRIC_REPRESENTATION_CONTEXT() REPRESENTATION_CONTEXT('2D SPACE',''
  ) );
#10738 = ORIENTED_EDGE('',*,*,#10689,.T.);
#10739 = ADVANCED_FACE('',(#10740),#10677,.T.);
#10740 = FACE_BOUND('',#10741,.T.);
#10741 = EDGE_LOOP('',(#10742));
#10742 = ORIENTED_EDGE('',*,*,#10655,.T.);
#10743 = ADVANCED_FACE('',(#10744),#10727,.F.);
#10744 = FACE_BOUND('',#10745,.T.);
#10745 = EDGE_LOOP('',(#10746));
#10746 = ORIENTED_EDGE('',*,*,#10712,.F.);
#10747 = ( GEOMETRIC_REPRESENTATION_CONTEXT(3) 
GLOBAL_UNCERTAINTY_ASSIGNED_CONTEXT((#10751)) 
GLOBAL_UNIT_ASSIGNED_CONTEXT((#10748,#10749,#10750)) 
REPRESENTATION_CONTEXT('Context #1',
  '3D Context with UNIT and UNCERTAINTY') );
#10748 = ( LENGTH_UNIT() NAMED_UNIT(*) SI_UNIT($,.METRE.) );
#10749 = ( NAMED_UNIT(*) PLANE_ANGLE_UNIT() SI_UNIT($,.RADIAN.) );
#10750 = ( NAMED_UNIT(*) SI_UNIT($,.STERADIAN.) SOLID_ANGLE_UNIT() );
#10751 = UNCERTAINTY_MEASURE_WITH_UNIT(LENGTH_MEASURE(1.E-07),#10748,
  'distance_accuracy_value','confusion accuracy');
#10752 = PRODUCT_RELATED_PRODUCT_CATEGORY('part',$,(#10645));
#10753 = SHAPE_DEFINITION_REPRESENTATION(#10754,#10760);
#10754 = PRODUCT_DEFINITION_SHAPE('','',#10755);
#10755 = PRODUCT_DEFINITION('design','',#10756,#10759);
#10756 = PRODUCT_DEFINITION_FORMATION('','',#10757);
#10757 = PRODUCT('Port_01','Port_01','',(#10758));
#10758 = PRODUCT_CONTEXT('',#2,'mechanical');
#10759 = PRODUCT_DEFINITION_CONTEXT('part definition',#2,'design');
#10760 = ADVANCED_BREP_SHAPE_REPRESENTATION('',(#11,#10761),#10859);
#10761 = MANIFOLD_SOLID_BREP('',#10762);
#10762 = CLOSED_SHELL('',(#10763,#10851,#10855));
#10763 = ADVANCED_FACE('',(#10764),#10777,.T.);
#10764 = FACE_BOUND('',#10765,.T.);
#10765 = EDGE_LOOP('',(#10766,#10800,#10823,#10850));
#10766 = ORIENTED_EDGE('',*,*,#10767,.F.);
#10767 = EDGE_CURVE('',#10768,#10768,#10770,.T.);
#10768 = VERTEX_POINT('',#10769);
#10769 = CARTESIAN_POINT('',(2.822738636074E+03,420.72853480599,
    304.05591591021));
#10770 = SURFACE_CURVE('',#10771,(#10776,#10788),.PCURVE_S1.);
#10771 = CIRCLE('',#10772,75.);
#10772 = AXIS2_PLACEMENT_3D('',#10773,#10774,#10775);
#10773 = CARTESIAN_POINT('',(2.769705627485E+03,473.76154339498,
    304.05591591021));
#10774 = DIRECTION('',(0.707106781187,0.707106781187,0.));
#10775 = DIRECTION('',(0.707106781187,-0.707106781187,0.));
#10776 = PCURVE('',#10777,#10782);
#10777 = CYLINDRICAL_SURFACE('',#10778,75.);
#10778 = AXIS2_PLACEMENT_3D('',#10779,#10780,#10781);
#10779 = CARTESIAN_POINT('',(2.6E+03,304.05591591021,304.05591591021));
#10780 = DIRECTION('',(0.707106781187,0.707106781187,0.));
#10781 = DIRECTION('',(0.707106781187,-0.707106781187,0.));
#10782 = DEFINITIONAL_REPRESENTATION('',(#10783),#10787);
#10783 = LINE('',#10784,#10785);
#10784 = CARTESIAN_POINT('',(0.,240.));
#10785 = VECTOR('',#10786,1.);
#10786 = DIRECTION('',(1.,0.));
#10787 = ( GEOMETRIC_REPRESENTATION_CONTEXT(2) 
PARAMETRIC_REPRESENTATION_CONTEXT() REPRESENTATION_CONTEXT('2D SPACE',''
  ) );
#10788 = PCURVE('',#10789,#10794);
#10789 = PLANE('',#10790);
#10790 = AXIS2_PLACEMENT_3D('',#10791,#10792,#10793);
#10791 = CARTESIAN_POINT('',(2.769705627485E+03,473.76154339498,
    304.05591591021));
#10792 = DIRECTION('',(0.707106781187,0.707106781187,0.));
#10793 = DIRECTION('',(0.707106781187,-0.707106781187,0.));
#10794 = DEFINITIONAL_REPRESENTATION('',(#10795),#10799);
#10795 = CIRCLE('',#10796,75.);
#10796 = AXIS2_PLACEMENT_2D('',#10797,#10798);
#10797 = CARTESIAN_POINT('',(0.,0.));
#10798 = DIRECTION('',(1.,0.));
#10799 = ( GEOMETRIC_REPRESENTATION_CONTEXT(2) 
PARAMETRIC_REPRESENTATION_CONTEXT() REPRESENTATION_CONTEXT('2D SPACE',''
  ) );
#10800 = ORIENTED_EDGE('',*,*,#10801,.F.);
#10801 = EDGE_CURVE('',#10802,#10768,#10804,.T.);
#10802 = VERTEX_POINT('',#10803);
#10803 = CARTESIAN_POINT('',(2.653033008589E+03,251.02290732122,
    304.05591591021));
#10804 = SEAM_CURVE('',#10805,(#10809,#10816),.PCURVE_S1.);
#10805 = LINE('',#10806,#10807);
#10806 = CARTESIAN_POINT('',(2.653033008589E+03,251.02290732122,
    304.05591591021));
#10807 = VECTOR('',#10808,1.);
#10808 = DIRECTION('',(0.707106781187,0.707106781187,0.));
#10809 = PCURVE('',#10777,#10810);
#10810 = DEFINITIONAL_REPRESENTATION('',(#10811),#10815);
#10811 = LINE('',#10812,#10813);
#10812 = CARTESIAN_POINT('',(6.28318530718,-0.));
#10813 = VECTOR('',#10814,1.);
#10814 = DIRECTION('',(0.,1.));
#10815 = ( GEOMETRIC_REPRESENTATION_CONTEXT(2) 
PARAMETRIC_REPRESENTATION_CONTEXT() REPRESENTATION_CONTEXT('2D SPACE',''
  ) );
#10816 = PCURVE('',#10777,#10817);
#10817 = DEFINITIONAL_REPRESENTATION('',(#10818),#10822);
#10818 = LINE('',#10819,#10820);
#10819 = CARTESIAN_POINT('',(0.,-0.));
#10820 = VECTOR('',#10821,1.);
#10821 = DIRECTION('',(0.,1.));
#10822 = ( GEOMETRIC_REPRESENTATION_CONTEXT(2) 
PARAMETRIC_REPRESENTATION_CONTEXT() REPRESENTATION_CONTEXT('2D SPACE',''
  ) );
#10823 = ORIENTED_EDGE('',*,*,#10824,.T.);
#10824 = EDGE_CURVE('',#10802,#10802,#10825,.T.);
#10825 = SURFACE_CURVE('',#10826,(#10831,#10838),.PCURVE_S1.);
#10826 = CIRCLE('',#10827,75.);
#10827 = AXIS2_PLACEMENT_3D('',#10828,#10829,#10830);
#10828 = CARTESIAN_POINT('',(2.6E+03,304.05591591021,304.05591591021));
#10829 = DIRECTION('',(0.707106781187,0.707106781187,0.));
#10830 = DIRECTION('',(0.707106781187,-0.707106781187,0.));
#10831 = PCURVE('',#10777,#10832);
#10832 = DEFINITIONAL_REPRESENTATION('',(#10833),#10837);
#10833 = LINE('',#10834,#10835);
#10834 = CARTESIAN_POINT('',(0.,0.));
#10835 = VECTOR('',#10836,1.);
#10836 = DIRECTION('',(1.,0.));
#10837 = ( GEOMETRIC_REPRESENTATION_CONTEXT(2) 
PARAMETRIC_REPRESENTATION_CONTEXT() REPRESENTATION_CONTEXT('2D SPACE',''
  ) );
#10838 = PCURVE('',#10839,#10844);
#10839 = PLANE('',#10840);
#10840 = AXIS2_PLACEMENT_3D('',#10841,#10842,#10843);
#10841 = CARTESIAN_POINT('',(2.6E+03,304.05591591021,304.05591591021));
#10842 = DIRECTION('',(0.707106781187,0.707106781187,0.));
#10843 = DIRECTION('',(0.707106781187,-0.707106781187,0.));
#10844 = DEFINITIONAL_REPRESENTATION('',(#10845),#10849);
#10845 = CIRCLE('',#10846,75.);
#10846 = AXIS2_PLACEMENT_2D('',#10847,#10848);
#10847 = CARTESIAN_POINT('',(0.,0.));
#10848 = DIRECTION('',(1.,0.));
#10849 = ( GEOMETRIC_REPRESENTATION_CONTEXT(2) 
PARAMETRIC_REPRESENTATION_CONTEXT() REPRESENTATION_CONTEXT('2D SPACE',''
  ) );
#10850 = ORIENTED_EDGE('',*,*,#10801,.T.);
#10851 = ADVANCED_FACE('',(#10852),#10789,.T.);
#10852 = FACE_BOUND('',#10853,.T.);
#10853 = EDGE_LOOP('',(#10854));
#10854 = ORIENTED_EDGE('',*,*,#10767,.T.);
#10855 = ADVANCED_FACE('',(#10856),#10839,.F.);
#10856 = FACE_BOUND('',#10857,.T.);
#10857 = EDGE_LOOP('',(#10858));
#10858 = ORIENTED_EDGE('',*,*,#10824,.F.);
#10859 = ( GEOMETRIC_REPRESENTATION_CONTEXT(3) 
GLOBAL_UNCERTAINTY_ASSIGNED_CONTEXT((#10863)) 
GLOBAL_UNIT_ASSIGNED_CONTEXT((#10860,#10861,#10862)) 
REPRESENTATION_CONTEXT('Context #1',
  '3D Context with UNIT and UNCERTAINTY') );
#10860 = ( LENGTH_UNIT() NAMED_UNIT(*) SI_UNIT($,.METRE.) );
#10861 = ( NAMED_UNIT(*) PLANE_ANGLE_UNIT() SI_UNIT($,.RADIAN.) );
#10862 = ( NAMED_UNIT(*) SI_UNIT($,.STERADIAN.) SOLID_ANGLE_UNIT() );
#10863 = UNCERTAINTY_MEASURE_WITH_UNIT(LENGTH_MEASURE(1.E-07),#10860,
  'distance_accuracy_value','confusion accuracy');
#10864 = PRODUCT_RELATED_PRODUCT_CATEGORY('part',$,(#10757));
#10865 = SHAPE_DEFINITION_REPRESENTATION(#10866,#10872);
#10866 = PRODUCT_DEFINITION_SHAPE('','',#10867);
#10867 = PRODUCT_DEFINITION('design','',#10868,#10871);
#10868 = PRODUCT_DEFINITION_FORMATION('','',#10869);
#10869 = PRODUCT('Solenoid_I','Solenoid_I','',(#10870));
#10870 = PRODUCT_CONTEXT('',#2,'mechanical');
#10871 = PRODUCT_DEFINITION_CONTEXT('part definition',#2,'design');
#10872 = ADVANCED_BREP_SHAPE_REPRESENTATION('',(#11,#10873),#10971);
#10873 = MANIFOLD_SOLID_BREP('',#10874);
#10874 = CLOSED_SHELL('',(#10875,#10963,#10967));
#10875 = ADVANCED_FACE('',(#10876),#10889,.T.);
#10876 = FACE_BOUND('',#10877,.T.);
#10877 = EDGE_LOOP('',(#10878,#10912,#10935,#10962));
#10878 = ORIENTED_EDGE('',*,*,#10879,.F.);
#10879 = EDGE_CURVE('',#10880,#10880,#10882,.T.);
#10880 = VERTEX_POINT('',#10881);
#10881 = CARTESIAN_POINT('',(2.957E+03,-2.400307726329E-14,-448.));
#10882 = SURFACE_CURVE('',#10883,(#10888,#10900),.PCURVE_S1.);
#10883 = CIRCLE('',#10884,98.);
#10884 = AXIS2_PLACEMENT_3D('',#10885,#10886,#10887);
#10885 = CARTESIAN_POINT('',(2.957E+03,0.,-350.));
#10886 = DIRECTION('',(1.,-0.,2.22044604925E-16));
#10887 = DIRECTION('',(2.22044604925E-16,0.,-1.));
#10888 = PCURVE('',#10889,#10894);
#10889 = CYLINDRICAL_SURFACE('',#10890,98.);
#10890 = AXIS2_PLACEMENT_3D('',#10891,#10892,#10893);
#10891 = CARTESIAN_POINT('',(2.271E+03,0.,-350.));
#10892 = DIRECTION('',(1.,0.,2.22044604925E-16));
#10893 = DIRECTION('',(2.22044604925E-16,0.,-1.));
#10894 = DEFINITIONAL_REPRESENTATION('',(#10895),#10899);
#10895 = LINE('',#10896,#10897);
#10896 = CARTESIAN_POINT('',(0.,686.));
#10897 = VECTOR('',#10898,1.);
#10898 = DIRECTION('',(1.,0.));
#10899 = ( GEOMETRIC_REPRESENTATION_CONTEXT(2) 
PARAMETRIC_REPRESENTATION_CONTEXT() REPRESENTATION_CONTEXT('2D SPACE',''
  ) );
#10900 = PCURVE('',#10901,#10906);
#10901 = PLANE('',#10902);
#10902 = AXIS2_PLACEMENT_3D('',#10903,#10904,#10905);
#10903 = CARTESIAN_POINT('',(2.957E+03,0.,-350.));
#10904 = DIRECTION('',(1.,0.,2.22044604925E-16));
#10905 = DIRECTION('',(2.22044604925E-16,0.,-1.));
#10906 = DEFINITIONAL_REPRESENTATION('',(#10907),#10911);
#10907 = CIRCLE('',#10908,98.);
#10908 = AXIS2_PLACEMENT_2D('',#10909,#10910);
#10909 = CARTESIAN_POINT('',(0.,0.));
#10910 = DIRECTION('',(1.,0.));
#10911 = ( GEOMETRIC_REPRESENTATION_CONTEXT(2) 
PARAMETRIC_REPRESENTATION_CONTEXT() REPRESENTATION_CONTEXT('2D SPACE',''
  ) );
#10912 = ORIENTED_EDGE('',*,*,#10913,.F.);
#10913 = EDGE_CURVE('',#10914,#10880,#10916,.T.);
#10914 = VERTEX_POINT('',#10915);
#10915 = CARTESIAN_POINT('',(2.271E+03,-2.400307726329E-14,-448.));
#10916 = SEAM_CURVE('',#10917,(#10921,#10928),.PCURVE_S1.);
#10917 = LINE('',#10918,#10919);
#10918 = CARTESIAN_POINT('',(2.271E+03,-2.400307726329E-14,-448.));
#10919 = VECTOR('',#10920,1.);
#10920 = DIRECTION('',(1.,0.,2.22044604925E-16));
#10921 = PCURVE('',#10889,#10922);
#10922 = DEFINITIONAL_REPRESENTATION('',(#10923),#10927);
#10923 = LINE('',#10924,#10925);
#10924 = CARTESIAN_POINT('',(6.28318530718,-0.));
#10925 = VECTOR('',#10926,1.);
#10926 = DIRECTION('',(0.,1.));
#10927 = ( GEOMETRIC_REPRESENTATION_CONTEXT(2) 
PARAMETRIC_REPRESENTATION_CONTEXT() REPRESENTATION_CONTEXT('2D SPACE',''
  ) );
#10928 = PCURVE('',#10889,#10929);
#10929 = DEFINITIONAL_REPRESENTATION('',(#10930),#10934);
#10930 = LINE('',#10931,#10932);
#10931 = CARTESIAN_POINT('',(0.,-0.));
#10932 = VECTOR('',#10933,1.);
#10933 = DIRECTION('',(0.,1.));
#10934 = ( GEOMETRIC_REPRESENTATION_CONTEXT(2) 
PARAMETRIC_REPRESENTATION_CONTEXT() REPRESENTATION_CONTEXT('2D SPACE',''
  ) );
#10935 = ORIENTED_EDGE('',*,*,#10936,.T.);
#10936 = EDGE_CURVE('',#10914,#10914,#10937,.T.);
#10937 = SURFACE_CURVE('',#10938,(#10943,#10950),.PCURVE_S1.);
#10938 = CIRCLE('',#10939,98.);
#10939 = AXIS2_PLACEMENT_3D('',#10940,#10941,#10942);
#10940 = CARTESIAN_POINT('',(2.271E+03,0.,-350.));
#10941 = DIRECTION('',(1.,-0.,2.22044604925E-16));
#10942 = DIRECTION('',(2.22044604925E-16,0.,-1.));
#10943 = PCURVE('',#10889,#10944);
#10944 = DEFINITIONAL_REPRESENTATION('',(#10945),#10949);
#10945 = LINE('',#10946,#10947);
#10946 = CARTESIAN_POINT('',(0.,0.));
#10947 = VECTOR('',#10948,1.);
#10948 = DIRECTION('',(1.,0.));
#10949 = ( GEOMETRIC_REPRESENTATION_CONTEXT(2) 
PARAMETRIC_REPRESENTATION_CONTEXT() REPRESENTATION_CONTEXT('2D SPACE',''
  ) );
#10950 = PCURVE('',#10951,#10956);
#10951 = PLANE('',#10952);
#10952 = AXIS2_PLACEMENT_3D('',#10953,#10954,#10955);
#10953 = CARTESIAN_POINT('',(2.271E+03,0.,-350.));
#10954 = DIRECTION('',(1.,0.,2.22044604925E-16));
#10955 = DIRECTION('',(2.22044604925E-16,0.,-1.));
#10956 = DEFINITIONAL_REPRESENTATION('',(#10957),#10961);
#10957 = CIRCLE('',#10958,98.);
#10958 = AXIS2_PLACEMENT_2D('',#10959,#10960);
#10959 = CARTESIAN_POINT('',(0.,0.));
#10960 = DIRECTION('',(1.,0.));
#10961 = ( GEOMETRIC_REPRESENTATION_CONTEXT(2) 
PARAMETRIC_REPRESENTATION_CONTEXT() REPRESENTATION_CONTEXT('2D SPACE',''
  ) );
#10962 = ORIENTED_EDGE('',*,*,#10913,.T.);
#10963 = ADVANCED_FACE('',(#10964),#10901,.T.);
#10964 = FACE_BOUND('',#10965,.T.);
#10965 = EDGE_LOOP('',(#10966));
#10966 = ORIENTED_EDGE('',*,*,#10879,.T.);
#10967 = ADVANCED_FACE('',(#10968),#10951,.F.);
#10968 = FACE_BOUND('',#10969,.T.);
#10969 = EDGE_LOOP('',(#10970));
#10970 = ORIENTED_EDGE('',*,*,#10936,.F.);
#10971 = ( GEOMETRIC_REPRESENTATION_CONTEXT(3) 
GLOBAL_UNCERTAINTY_ASSIGNED_CONTEXT((#10975)) 
GLOBAL_UNIT_ASSIGNED_CONTEXT((#10972,#10973,#10974)) 
REPRESENTATION_CONTEXT('Context #1',
  '3D Context with UNIT and UNCERTAINTY') );
#10972 = ( LENGTH_UNIT() NAMED_UNIT(*) SI_UNIT($,.METRE.) );
#10973 = ( NAMED_UNIT(*) PLANE_ANGLE_UNIT() SI_UNIT($,.RADIAN.) );
#10974 = ( NAMED_UNIT(*) SI_UNIT($,.STERADIAN.) SOLID_ANGLE_UNIT() );
#10975 = UNCERTAINTY_MEASURE_WITH_UNIT(LENGTH_MEASURE(1.E-07),#10972,
  'distance_accuracy_value','confusion accuracy');
#10976 = PRODUCT_RELATED_PRODUCT_CATEGORY('part',$,(#10869));
#10977 = SHAPE_DEFINITION_REPRESENTATION(#10978,#10984);
#10978 = PRODUCT_DEFINITION_SHAPE('','',#10979);
#10979 = PRODUCT_DEFINITION('design','',#10980,#10983);
#10980 = PRODUCT_DEFINITION_FORMATION('','',#10981);
#10981 = PRODUCT('Port_00','Port_00','',(#10982));
#10982 = PRODUCT_CONTEXT('',#2,'mechanical');
#10983 = PRODUCT_DEFINITION_CONTEXT('part definition',#2,'design');
#10984 = ADVANCED_BREP_SHAPE_REPRESENTATION('',(#11,#10985),#11083);
#10985 = MANIFOLD_SOLID_BREP('',#10986);
#10986 = CLOSED_SHELL('',(#10987,#11075,#11079));
#10987 = ADVANCED_FACE('',(#10988),#11001,.T.);
#10988 = FACE_BOUND('',#10989,.T.);
#10989 = EDGE_LOOP('',(#10990,#11024,#11047,#11074));
#10990 = ORIENTED_EDGE('',*,*,#10991,.F.);
#10991 = EDGE_CURVE('',#10992,#10992,#10994,.T.);
#10992 = VERTEX_POINT('',#10993);
#10993 = CARTESIAN_POINT('',(2.84E+03,430.,75.));
#10994 = SURFACE_CURVE('',#10995,(#11000,#11012),.PCURVE_S1.);
#10995 = CIRCLE('',#10996,75.);
#10996 = AXIS2_PLACEMENT_3D('',#10997,#10998,#10999);
#10997 = CARTESIAN_POINT('',(2.84E+03,430.,0.));
#10998 = DIRECTION('',(1.,0.,-0.));
#10999 = DIRECTION('',(0.,0.,1.));
#11000 = PCURVE('',#11001,#11006);
#11001 = CYLINDRICAL_SURFACE('',#11002,75.);
#11002 = AXIS2_PLACEMENT_3D('',#11003,#11004,#11005);
#11003 = CARTESIAN_POINT('',(2.6E+03,430.,0.));
#11004 = DIRECTION('',(1.,0.,0.));
#11005 = DIRECTION('',(0.,0.,1.));
#11006 = DEFINITIONAL_REPRESENTATION('',(#11007),#11011);
#11007 = LINE('',#11008,#11009);
#11008 = CARTESIAN_POINT('',(0.,240.));
#11009 = VECTOR('',#11010,1.);
#11010 = DIRECTION('',(1.,0.));
#11011 = ( GEOMETRIC_REPRESENTATION_CONTEXT(2) 
PARAMETRIC_REPRESENTATION_CONTEXT() REPRESENTATION_CONTEXT('2D SPACE',''
  ) );
#11012 = PCURVE('',#11013,#11018);
#11013 = PLANE('',#11014);
#11014 = AXIS2_PLACEMENT_3D('',#11015,#11016,#11017);
#11015 = CARTESIAN_POINT('',(2.84E+03,430.,0.));
#11016 = DIRECTION('',(1.,0.,0.));
#11017 = DIRECTION('',(0.,0.,1.));
#11018 = DEFINITIONAL_REPRESENTATION('',(#11019),#11023);
#11019 = CIRCLE('',#11020,75.);
#11020 = AXIS2_PLACEMENT_2D('',#11021,#11022);
#11021 = CARTESIAN_POINT('',(0.,0.));
#11022 = DIRECTION('',(1.,0.));
#11023 = ( GEOMETRIC_REPRESENTATION_CONTEXT(2) 
PARAMETRIC_REPRESENTATION_CONTEXT() REPRESENTATION_CONTEXT('2D SPACE',''
  ) );
#11024 = ORIENTED_EDGE('',*,*,#11025,.F.);
#11025 = EDGE_CURVE('',#11026,#10992,#11028,.T.);
#11026 = VERTEX_POINT('',#11027);
#11027 = CARTESIAN_POINT('',(2.6E+03,430.,75.));
#11028 = SEAM_CURVE('',#11029,(#11033,#11040),.PCURVE_S1.);
#11029 = LINE('',#11030,#11031);
#11030 = CARTESIAN_POINT('',(2.6E+03,430.,75.));
#11031 = VECTOR('',#11032,1.);
#11032 = DIRECTION('',(1.,0.,0.));
#11033 = PCURVE('',#11001,#11034);
#11034 = DEFINITIONAL_REPRESENTATION('',(#11035),#11039);
#11035 = LINE('',#11036,#11037);
#11036 = CARTESIAN_POINT('',(6.28318530718,-0.));
#11037 = VECTOR('',#11038,1.);
#11038 = DIRECTION('',(0.,1.));
#11039 = ( GEOMETRIC_REPRESENTATION_CONTEXT(2) 
PARAMETRIC_REPRESENTATION_CONTEXT() REPRESENTATION_CONTEXT('2D SPACE',''
  ) );
#11040 = PCURVE('',#11001,#11041);
#11041 = DEFINITIONAL_REPRESENTATION('',(#11042),#11046);
#11042 = LINE('',#11043,#11044);
#11043 = CARTESIAN_POINT('',(0.,-0.));
#11044 = VECTOR('',#11045,1.);
#11045 = DIRECTION('',(0.,1.));
#11046 = ( GEOMETRIC_REPRESENTATION_CONTEXT(2) 
PARAMETRIC_REPRESENTATION_CONTEXT() REPRESENTATION_CONTEXT('2D SPACE',''
  ) );
#11047 = ORIENTED_EDGE('',*,*,#11048,.T.);
#11048 = EDGE_CURVE('',#11026,#11026,#11049,.T.);
#11049 = SURFACE_CURVE('',#11050,(#11055,#11062),.PCURVE_S1.);
#11050 = CIRCLE('',#11051,75.);
#11051 = AXIS2_PLACEMENT_3D('',#11052,#11053,#11054);
#11052 = CARTESIAN_POINT('',(2.6E+03,430.,0.));
#11053 = DIRECTION('',(1.,0.,-0.));
#11054 = DIRECTION('',(0.,0.,1.));
#11055 = PCURVE('',#11001,#11056);
#11056 = DEFINITIONAL_REPRESENTATION('',(#11057),#11061);
#11057 = LINE('',#11058,#11059);
#11058 = CARTESIAN_POINT('',(0.,0.));
#11059 = VECTOR('',#11060,1.);
#11060 = DIRECTION('',(1.,0.));
#11061 = ( GEOMETRIC_REPRESENTATION_CONTEXT(2) 
PARAMETRIC_REPRESENTATION_CONTEXT() REPRESENTATION_CONTEXT('2D SPACE',''
  ) );
#11062 = PCURVE('',#11063,#11068);
#11063 = PLANE('',#11064);
#11064 = AXIS2_PLACEMENT_3D('',#11065,#11066,#11067);
#11065 = CARTESIAN_POINT('',(2.6E+03,430.,0.));
#11066 = DIRECTION('',(1.,0.,0.));
#11067 = DIRECTION('',(0.,0.,1.));
#11068 = DEFINITIONAL_REPRESENTATION('',(#11069),#11073);
#11069 = CIRCLE('',#11070,75.);
#11070 = AXIS2_PLACEMENT_2D('',#11071,#11072);
#11071 = CARTESIAN_POINT('',(0.,0.));
#11072 = DIRECTION('',(1.,0.));
#11073 = ( GEOMETRIC_REPRESENTATION_CONTEXT(2) 
PARAMETRIC_REPRESENTATION_CONTEXT() REPRESENTATION_CONTEXT('2D SPACE',''
  ) );
#11074 = ORIENTED_EDGE('',*,*,#11025,.T.);
#11075 = ADVANCED_FACE('',(#11076),#11013,.T.);
#11076 = FACE_BOUND('',#11077,.T.);
#11077 = EDGE_LOOP('',(#11078));
#11078 = ORIENTED_EDGE('',*,*,#10991,.T.);
#11079 = ADVANCED_FACE('',(#11080),#11063,.F.);
#11080 = FACE_BOUND('',#11081,.T.);
#11081 = EDGE_LOOP('',(#11082));
#11082 = ORIENTED_EDGE('',*,*,#11048,.F.);
#11083 = ( GEOMETRIC_REPRESENTATION_CONTEXT(3) 
GLOBAL_UNCERTAINTY_ASSIGNED_CONTEXT((#11087)) 
GLOBAL_UNIT_ASSIGNED_CONTEXT((#11084,#11085,#11086)) 
REPRESENTATION_CONTEXT('Context #1',
  '3D Context with UNIT and UNCERTAINTY') );
#11084 = ( LENGTH_UNIT() NAMED_UNIT(*) SI_UNIT($,.METRE.) );
#11085 = ( NAMED_UNIT(*) PLANE_ANGLE_UNIT() SI_UNIT($,.RADIAN.) );
#11086 = ( NAMED_UNIT(*) SI_UNIT($,.STERADIAN.) SOLID_ANGLE_UNIT() );
#11087 = UNCERTAINTY_MEASURE_WITH_UNIT(LENGTH_MEASURE(1.E-07),#11084,
  'distance_accuracy_value','confusion accuracy');
#11088 = PRODUCT_RELATED_PRODUCT_CATEGORY('part',$,(#10981));
#11089 = SHAPE_DEFINITION_REPRESENTATION(#11090,#11096);
#11090 = PRODUCT_DEFINITION_SHAPE('','',#11091);
#11091 = PRODUCT_DEFINITION('design','',#11092,#11095);
#11092 = PRODUCT_DEFINITION_FORMATION('','',#11093);
#11093 = PRODUCT('Rad_2__1','Rad_2__1','',(#11094));
#11094 = PRODUCT_CONTEXT('',#2,'mechanical');
#11095 = PRODUCT_DEFINITION_CONTEXT('part definition',#2,'design');
#11096 = ADVANCED_BREP_SHAPE_REPRESENTATION('',(#11,#11097),#11427);
#11097 = MANIFOLD_SOLID_BREP('',#11098);
#11098 = CLOSED_SHELL('',(#11099,#11219,#11319,#11366,#11413,#11420));
#11099 = ADVANCED_FACE('',(#11100),#11114,.F.);
#11100 = FACE_BOUND('',#11101,.F.);
#11101 = EDGE_LOOP('',(#11102,#11137,#11165,#11193));
#11102 = ORIENTED_EDGE('',*,*,#11103,.F.);
#11103 = EDGE_CURVE('',#11104,#11106,#11108,.T.);
#11104 = VERTEX_POINT('',#11105);
#11105 = CARTESIAN_POINT('',(4.14E+03,-480.,-300.));
#11106 = VERTEX_POINT('',#11107);
#11107 = CARTESIAN_POINT('',(4.14E+03,-480.,300.));
#11108 = SURFACE_CURVE('',#11109,(#11113,#11125),.PCURVE_S1.);
#11109 = LINE('',#11110,#11111);
#11110 = CARTESIAN_POINT('',(4.14E+03,-480.,-300.));
#11111 = VECTOR('',#11112,1.);
#11112 = DIRECTION('',(0.,0.,1.));
#11113 = PCURVE('',#11114,#11119);
#11114 = PLANE('',#11115);
#11115 = AXIS2_PLACEMENT_3D('',#11116,#11117,#11118);
#11116 = CARTESIAN_POINT('',(4.14E+03,-480.,-300.));
#11117 = DIRECTION('',(1.,0.,0.));
#11118 = DIRECTION('',(0.,0.,1.));
#11119 = DEFINITIONAL_REPRESENTATION('',(#11120),#11124);
#11120 = LINE('',#11121,#11122);
#11121 = CARTESIAN_POINT('',(0.,0.));
#11122 = VECTOR('',#11123,1.);
#11123 = DIRECTION('',(1.,0.));
#11124 = ( GEOMETRIC_REPRESENTATION_CONTEXT(2) 
PARAMETRIC_REPRESENTATION_CONTEXT() REPRESENTATION_CONTEXT('2D SPACE',''
  ) );
#11125 = PCURVE('',#11126,#11131);
#11126 = PLANE('',#11127);
#11127 = AXIS2_PLACEMENT_3D('',#11128,#11129,#11130);
#11128 = CARTESIAN_POINT('',(4.14E+03,-480.,-300.));
#11129 = DIRECTION('',(0.,1.,0.));
#11130 = DIRECTION('',(0.,0.,1.));
#11131 = DEFINITIONAL_REPRESENTATION('',(#11132),#11136);
#11132 = LINE('',#11133,#11134);
#11133 = CARTESIAN_POINT('',(0.,0.));
#11134 = VECTOR('',#11135,1.);
#11135 = DIRECTION('',(1.,0.));
#11136 = ( GEOMETRIC_REPRESENTATION_CONTEXT(2) 
PARAMETRIC_REPRESENTATION_CONTEXT() REPRESENTATION_CONTEXT('2D SPACE',''
  ) );
#11137 = ORIENTED_EDGE('',*,*,#11138,.T.);
#11138 = EDGE_CURVE('',#11104,#11139,#11141,.T.);
#11139 = VERTEX_POINT('',#11140);
#11140 = CARTESIAN_POINT('',(4.14E+03,-476.,-300.));
#11141 = SURFACE_CURVE('',#11142,(#11146,#11153),.PCURVE_S1.);
#11142 = LINE('',#11143,#11144);
#11143 = CARTESIAN_POINT('',(4.14E+03,-480.,-300.));
#11144 = VECTOR('',#11145,1.);
#11145 = DIRECTION('',(0.,1.,0.));
#11146 = PCURVE('',#11114,#11147);
#11147 = DEFINITIONAL_REPRESENTATION('',(#11148),#11152);
#11148 = LINE('',#11149,#11150);
#11149 = CARTESIAN_POINT('',(0.,0.));
#11150 = VECTOR('',#11151,1.);
#11151 = DIRECTION('',(0.,-1.));
#11152 = ( GEOMETRIC_REPRESENTATION_CONTEXT(2) 
PARAMETRIC_REPRESENTATION_CONTEXT() REPRESENTATION_CONTEXT('2D SPACE',''
  ) );
#11153 = PCURVE('',#11154,#11159);
#11154 = PLANE('',#11155);
#11155 = AXIS2_PLACEMENT_3D('',#11156,#11157,#11158);
#11156 = CARTESIAN_POINT('',(4.14E+03,-480.,-300.));
#11157 = DIRECTION('',(0.,0.,1.));
#11158 = DIRECTION('',(1.,0.,0.));
#11159 = DEFINITIONAL_REPRESENTATION('',(#11160),#11164);
#11160 = LINE('',#11161,#11162);
#11161 = CARTESIAN_POINT('',(0.,0.));
#11162 = VECTOR('',#11163,1.);
#11163 = DIRECTION('',(0.,1.));
#11164 = ( GEOMETRIC_REPRESENTATION_CONTEXT(2) 
PARAMETRIC_REPRESENTATION_CONTEXT() REPRESENTATION_CONTEXT('2D SPACE',''
  ) );
#11165 = ORIENTED_EDGE('',*,*,#11166,.T.);
#11166 = EDGE_CURVE('',#11139,#11167,#11169,.T.);
#11167 = VERTEX_POINT('',#11168);
#11168 = CARTESIAN_POINT('',(4.14E+03,-476.,300.));
#11169 = SURFACE_CURVE('',#11170,(#11174,#11181),.PCURVE_S1.);
#11170 = LINE('',#11171,#11172);
#11171 = CARTESIAN_POINT('',(4.14E+03,-476.,-300.));
#11172 = VECTOR('',#11173,1.);
#11173 = DIRECTION('',(0.,0.,1.));
#11174 = PCURVE('',#11114,#11175);
#11175 = DEFINITIONAL_REPRESENTATION('',(#11176),#11180);
#11176 = LINE('',#11177,#11178);
#11177 = CARTESIAN_POINT('',(0.,-4.));
#11178 = VECTOR('',#11179,1.);
#11179 = DIRECTION('',(1.,0.));
#11180 = ( GEOMETRIC_REPRESENTATION_CONTEXT(2) 
PARAMETRIC_REPRESENTATION_CONTEXT() REPRESENTATION_CONTEXT('2D SPACE',''
  ) );
#11181 = PCURVE('',#11182,#11187);
#11182 = PLANE('',#11183);
#11183 = AXIS2_PLACEMENT_3D('',#11184,#11185,#11186);
#11184 = CARTESIAN_POINT('',(4.14E+03,-476.,-300.));
#11185 = DIRECTION('',(0.,1.,0.));
#11186 = DIRECTION('',(0.,0.,1.));
#11187 = DEFINITIONAL_REPRESENTATION('',(#11188),#11192);
#11188 = LINE('',#11189,#11190);
#11189 = CARTESIAN_POINT('',(0.,0.));
#11190 = VECTOR('',#11191,1.);
#11191 = DIRECTION('',(1.,0.));
#11192 = ( GEOMETRIC_REPRESENTATION_CONTEXT(2) 
PARAMETRIC_REPRESENTATION_CONTEXT() REPRESENTATION_CONTEXT('2D SPACE',''
  ) );
#11193 = ORIENTED_EDGE('',*,*,#11194,.F.);
#11194 = EDGE_CURVE('',#11106,#11167,#11195,.T.);
#11195 = SURFACE_CURVE('',#11196,(#11200,#11207),.PCURVE_S1.);
#11196 = LINE('',#11197,#11198);
#11197 = CARTESIAN_POINT('',(4.14E+03,-480.,300.));
#11198 = VECTOR('',#11199,1.);
#11199 = DIRECTION('',(0.,1.,0.));
#11200 = PCURVE('',#11114,#11201);
#11201 = DEFINITIONAL_REPRESENTATION('',(#11202),#11206);
#11202 = LINE('',#11203,#11204);
#11203 = CARTESIAN_POINT('',(600.,0.));
#11204 = VECTOR('',#11205,1.);
#11205 = DIRECTION('',(0.,-1.));
#11206 = ( GEOMETRIC_REPRESENTATION_CONTEXT(2) 
PARAMETRIC_REPRESENTATION_CONTEXT() REPRESENTATION_CONTEXT('2D SPACE',''
  ) );
#11207 = PCURVE('',#11208,#11213);
#11208 = PLANE('',#11209);
#11209 = AXIS2_PLACEMENT_3D('',#11210,#11211,#11212);
#11210 = CARTESIAN_POINT('',(4.14E+03,-480.,300.));
#11211 = DIRECTION('',(0.,0.,1.));
#11212 = DIRECTION('',(1.,0.,0.));
#11213 = DEFINITIONAL_REPRESENTATION('',(#11214),#11218);
#11214 = LINE('',#11215,#11216);
#11215 = CARTESIAN_POINT('',(0.,0.));
#11216 = VECTOR('',#11217,1.);
#11217 = DIRECTION('',(0.,1.));
#11218 = ( GEOMETRIC_REPRESENTATION_CONTEXT(2) 
PARAMETRIC_REPRESENTATION_CONTEXT() REPRESENTATION_CONTEXT('2D SPACE',''
  ) );
#11219 = ADVANCED_FACE('',(#11220),#11234,.T.);
#11220 = FACE_BOUND('',#11221,.T.);
#11221 = EDGE_LOOP('',(#11222,#11252,#11275,#11298));
#11222 = ORIENTED_EDGE('',*,*,#11223,.F.);
#11223 = EDGE_CURVE('',#11224,#11226,#11228,.T.);
#11224 = VERTEX_POINT('',#11225);
#11225 = CARTESIAN_POINT('',(4.94E+03,-480.,-300.));
#11226 = VERTEX_POINT('',#11227);
#11227 = CARTESIAN_POINT('',(4.94E+03,-480.,300.));
#11228 = SURFACE_CURVE('',#11229,(#11233,#11245),.PCURVE_S1.);
#11229 = LINE('',#11230,#11231);
#11230 = CARTESIAN_POINT('',(4.94E+03,-480.,-300.));
#11231 = VECTOR('',#11232,1.);
#11232 = DIRECTION('',(0.,0.,1.));
#11233 = PCURVE('',#11234,#11239);
#11234 = PLANE('',#11235);
#11235 = AXIS2_PLACEMENT_3D('',#11236,#11237,#11238);
#11236 = CARTESIAN_POINT('',(4.94E+03,-480.,-300.));
#11237 = DIRECTION('',(1.,0.,0.));
#11238 = DIRECTION('',(0.,0.,1.));
#11239 = DEFINITIONAL_REPRESENTATION('',(#11240),#11244);
#11240 = LINE('',#11241,#11242);
#11241 = CARTESIAN_POINT('',(0.,0.));
#11242 = VECTOR('',#11243,1.);
#11243 = DIRECTION('',(1.,0.));
#11244 = ( GEOMETRIC_REPRESENTATION_CONTEXT(2) 
PARAMETRIC_REPRESENTATION_CONTEXT() REPRESENTATION_CONTEXT('2D SPACE',''
  ) );
#11245 = PCURVE('',#11126,#11246);
#11246 = DEFINITIONAL_REPRESENTATION('',(#11247),#11251);
#11247 = LINE('',#11248,#11249);
#11248 = CARTESIAN_POINT('',(0.,800.));
#11249 = VECTOR('',#11250,1.);
#11250 = DIRECTION('',(1.,0.));
#11251 = ( GEOMETRIC_REPRESENTATION_CONTEXT(2) 
PARAMETRIC_REPRESENTATION_CONTEXT() REPRESENTATION_CONTEXT('2D SPACE',''
  ) );
#11252 = ORIENTED_EDGE('',*,*,#11253,.T.);
#11253 = EDGE_CURVE('',#11224,#11254,#11256,.T.);
#11254 = VERTEX_POINT('',#11255);
#11255 = CARTESIAN_POINT('',(4.94E+03,-476.,-300.));
#11256 = SURFACE_CURVE('',#11257,(#11261,#11268),.PCURVE_S1.);
#11257 = LINE('',#11258,#11259);
#11258 = CARTESIAN_POINT('',(4.94E+03,-480.,-300.));
#11259 = VECTOR('',#11260,1.);
#11260 = DIRECTION('',(0.,1.,0.));
#11261 = PCURVE('',#11234,#11262);
#11262 = DEFINITIONAL_REPRESENTATION('',(#11263),#11267);
#11263 = LINE('',#11264,#11265);
#11264 = CARTESIAN_POINT('',(0.,0.));
#11265 = VECTOR('',#11266,1.);
#11266 = DIRECTION('',(0.,-1.));
#11267 = ( GEOMETRIC_REPRESENTATION_CONTEXT(2) 
PARAMETRIC_REPRESENTATION_CONTEXT() REPRESENTATION_CONTEXT('2D SPACE',''
  ) );
#11268 = PCURVE('',#11154,#11269);
#11269 = DEFINITIONAL_REPRESENTATION('',(#11270),#11274);
#11270 = LINE('',#11271,#11272);
#11271 = CARTESIAN_POINT('',(800.,0.));
#11272 = VECTOR('',#11273,1.);
#11273 = DIRECTION('',(0.,1.));
#11274 = ( GEOMETRIC_REPRESENTATION_CONTEXT(2) 
PARAMETRIC_REPRESENTATION_CONTEXT() REPRESENTATION_CONTEXT('2D SPACE',''
  ) );
#11275 = ORIENTED_EDGE('',*,*,#11276,.T.);
#11276 = EDGE_CURVE('',#11254,#11277,#11279,.T.);
#11277 = VERTEX_POINT('',#11278);
#11278 = CARTESIAN_POINT('',(4.94E+03,-476.,300.));
#11279 = SURFACE_CURVE('',#11280,(#11284,#11291),.PCURVE_S1.);
#11280 = LINE('',#11281,#11282);
#11281 = CARTESIAN_POINT('',(4.94E+03,-476.,-300.));
#11282 = VECTOR('',#11283,1.);
#11283 = DIRECTION('',(0.,0.,1.));
#11284 = PCURVE('',#11234,#11285);
#11285 = DEFINITIONAL_REPRESENTATION('',(#11286),#11290);
#11286 = LINE('',#11287,#11288);
#11287 = CARTESIAN_POINT('',(0.,-4.));
#11288 = VECTOR('',#11289,1.);
#11289 = DIRECTION('',(1.,0.));
#11290 = ( GEOMETRIC_REPRESENTATION_CONTEXT(2) 
PARAMETRIC_REPRESENTATION_CONTEXT() REPRESENTATION_CONTEXT('2D SPACE',''
  ) );
#11291 = PCURVE('',#11182,#11292);
#11292 = DEFINITIONAL_REPRESENTATION('',(#11293),#11297);
#11293 = LINE('',#11294,#11295);
#11294 = CARTESIAN_POINT('',(0.,800.));
#11295 = VECTOR('',#11296,1.);
#11296 = DIRECTION('',(1.,0.));
#11297 = ( GEOMETRIC_REPRESENTATION_CONTEXT(2) 
PARAMETRIC_REPRESENTATION_CONTEXT() REPRESENTATION_CONTEXT('2D SPACE',''
  ) );
#11298 = ORIENTED_EDGE('',*,*,#11299,.F.);
#11299 = EDGE_CURVE('',#11226,#11277,#11300,.T.);
#11300 = SURFACE_CURVE('',#11301,(#11305,#11312),.PCURVE_S1.);
#11301 = LINE('',#11302,#11303);
#11302 = CARTESIAN_POINT('',(4.94E+03,-480.,300.));
#11303 = VECTOR('',#11304,1.);
#11304 = DIRECTION('',(0.,1.,0.));
#11305 = PCURVE('',#11234,#11306);
#11306 = DEFINITIONAL_REPRESENTATION('',(#11307),#11311);
#11307 = LINE('',#11308,#11309);
#11308 = CARTESIAN_POINT('',(600.,0.));
#11309 = VECTOR('',#11310,1.);
#11310 = DIRECTION('',(0.,-1.));
#11311 = ( GEOMETRIC_REPRESENTATION_CONTEXT(2) 
PARAMETRIC_REPRESENTATION_CONTEXT() REPRESENTATION_CONTEXT('2D SPACE',''
  ) );
#11312 = PCURVE('',#11208,#11313);
#11313 = DEFINITIONAL_REPRESENTATION('',(#11314),#11318);
#11314 = LINE('',#11315,#11316);
#11315 = CARTESIAN_POINT('',(800.,0.));
#11316 = VECTOR('',#11317,1.);
#11317 = DIRECTION('',(0.,1.));
#11318 = ( GEOMETRIC_REPRESENTATION_CONTEXT(2) 
PARAMETRIC_REPRESENTATION_CONTEXT() REPRESENTATION_CONTEXT('2D SPACE',''
  ) );
#11319 = ADVANCED_FACE('',(#11320),#11126,.F.);
#11320 = FACE_BOUND('',#11321,.F.);
#11321 = EDGE_LOOP('',(#11322,#11343,#11344,#11365));
#11322 = ORIENTED_EDGE('',*,*,#11323,.F.);
#11323 = EDGE_CURVE('',#11104,#11224,#11324,.T.);
#11324 = SURFACE_CURVE('',#11325,(#11329,#11336),.PCURVE_S1.);
#11325 = LINE('',#11326,#11327);
#11326 = CARTESIAN_POINT('',(4.14E+03,-480.,-300.));
#11327 = VECTOR('',#11328,1.);
#11328 = DIRECTION('',(1.,0.,0.));
#11329 = PCURVE('',#11126,#11330);
#11330 = DEFINITIONAL_REPRESENTATION('',(#11331),#11335);
#11331 = LINE('',#11332,#11333);
#11332 = CARTESIAN_POINT('',(0.,0.));
#11333 = VECTOR('',#11334,1.);
#11334 = DIRECTION('',(0.,1.));
#11335 = ( GEOMETRIC_REPRESENTATION_CONTEXT(2) 
PARAMETRIC_REPRESENTATION_CONTEXT() REPRESENTATION_CONTEXT('2D SPACE',''
  ) );
#11336 = PCURVE('',#11154,#11337);
#11337 = DEFINITIONAL_REPRESENTATION('',(#11338),#11342);
#11338 = LINE('',#11339,#11340);
#11339 = CARTESIAN_POINT('',(0.,0.));
#11340 = VECTOR('',#11341,1.);
#11341 = DIRECTION('',(1.,0.));
#11342 = ( GEOMETRIC_REPRESENTATION_CONTEXT(2) 
PARAMETRIC_REPRESENTATION_CONTEXT() REPRESENTATION_CONTEXT('2D SPACE',''
  ) );
#11343 = ORIENTED_EDGE('',*,*,#11103,.T.);
#11344 = ORIENTED_EDGE('',*,*,#11345,.T.);
#11345 = EDGE_CURVE('',#11106,#11226,#11346,.T.);
#11346 = SURFACE_CURVE('',#11347,(#11351,#11358),.PCURVE_S1.);
#11347 = LINE('',#11348,#11349);
#11348 = CARTESIAN_POINT('',(4.14E+03,-480.,300.));
#11349 = VECTOR('',#11350,1.);
#11350 = DIRECTION('',(1.,0.,0.));
#11351 = PCURVE('',#11126,#11352);
#11352 = DEFINITIONAL_REPRESENTATION('',(#11353),#11357);
#11353 = LINE('',#11354,#11355);
#11354 = CARTESIAN_POINT('',(600.,0.));
#11355 = VECTOR('',#11356,1.);
#11356 = DIRECTION('',(0.,1.));
#11357 = ( GEOMETRIC_REPRESENTATION_CONTEXT(2) 
PARAMETRIC_REPRESENTATION_CONTEXT() REPRESENTATION_CONTEXT('2D SPACE',''
  ) );
#11358 = PCURVE('',#11208,#11359);
#11359 = DEFINITIONAL_REPRESENTATION('',(#11360),#11364);
#11360 = LINE('',#11361,#11362);
#11361 = CARTESIAN_POINT('',(0.,0.));
#11362 = VECTOR('',#11363,1.);
#11363 = DIRECTION('',(1.,0.));
#11364 = ( GEOMETRIC_REPRESENTATION_CONTEXT(2) 
PARAMETRIC_REPRESENTATION_CONTEXT() REPRESENTATION_CONTEXT('2D SPACE',''
  ) );
#11365 = ORIENTED_EDGE('',*,*,#11223,.F.);
#11366 = ADVANCED_FACE('',(#11367),#11182,.T.);
#11367 = FACE_BOUND('',#11368,.T.);
#11368 = EDGE_LOOP('',(#11369,#11390,#11391,#11412));
#11369 = ORIENTED_EDGE('',*,*,#11370,.F.);
#11370 = EDGE_CURVE('',#11139,#11254,#11371,.T.);
#11371 = SURFACE_CURVE('',#11372,(#11376,#11383),.PCURVE_S1.);
#11372 = LINE('',#11373,#11374);
#11373 = CARTESIAN_POINT('',(4.14E+03,-476.,-300.));
#11374 = VECTOR('',#11375,1.);
#11375 = DIRECTION('',(1.,0.,0.));
#11376 = PCURVE('',#11182,#11377);
#11377 = DEFINITIONAL_REPRESENTATION('',(#11378),#11382);
#11378 = LINE('',#11379,#11380);
#11379 = CARTESIAN_POINT('',(0.,0.));
#11380 = VECTOR('',#11381,1.);
#11381 = DIRECTION('',(0.,1.));
#11382 = ( GEOMETRIC_REPRESENTATION_CONTEXT(2) 
PARAMETRIC_REPRESENTATION_CONTEXT() REPRESENTATION_CONTEXT('2D SPACE',''
  ) );
#11383 = PCURVE('',#11154,#11384);
#11384 = DEFINITIONAL_REPRESENTATION('',(#11385),#11389);
#11385 = LINE('',#11386,#11387);
#11386 = CARTESIAN_POINT('',(0.,4.));
#11387 = VECTOR('',#11388,1.);
#11388 = DIRECTION('',(1.,0.));
#11389 = ( GEOMETRIC_REPRESENTATION_CONTEXT(2) 
PARAMETRIC_REPRESENTATION_CONTEXT() REPRESENTATION_CONTEXT('2D SPACE',''
  ) );
#11390 = ORIENTED_EDGE('',*,*,#11166,.T.);
#11391 = ORIENTED_EDGE('',*,*,#11392,.T.);
#11392 = EDGE_CURVE('',#11167,#11277,#11393,.T.);
#11393 = SURFACE_CURVE('',#11394,(#11398,#11405),.PCURVE_S1.);
#11394 = LINE('',#11395,#11396);
#11395 = CARTESIAN_POINT('',(4.14E+03,-476.,300.));
#11396 = VECTOR('',#11397,1.);
#11397 = DIRECTION('',(1.,0.,0.));
#11398 = PCURVE('',#11182,#11399);
#11399 = DEFINITIONAL_REPRESENTATION('',(#11400),#11404);
#11400 = LINE('',#11401,#11402);
#11401 = CARTESIAN_POINT('',(600.,0.));
#11402 = VECTOR('',#11403,1.);
#11403 = DIRECTION('',(0.,1.));
#11404 = ( GEOMETRIC_REPRESENTATION_CONTEXT(2) 
PARAMETRIC_REPRESENTATION_CONTEXT() REPRESENTATION_CONTEXT('2D SPACE',''
  ) );
#11405 = PCURVE('',#11208,#11406);
#11406 = DEFINITIONAL_REPRESENTATION('',(#11407),#11411);
#11407 = LINE('',#11408,#11409);
#11408 = CARTESIAN_POINT('',(0.,4.));
#11409 = VECTOR('',#11410,1.);
#11410 = DIRECTION('',(1.,0.));
#11411 = ( GEOMETRIC_REPRESENTATION_CONTEXT(2) 
PARAMETRIC_REPRESENTATION_CONTEXT() REPRESENTATION_CONTEXT('2D SPACE',''
  ) );
#11412 = ORIENTED_EDGE('',*,*,#11276,.F.);
#11413 = ADVANCED_FACE('',(#11414),#11154,.F.);
#11414 = FACE_BOUND('',#11415,.F.);
#11415 = EDGE_LOOP('',(#11416,#11417,#11418,#11419));
#11416 = ORIENTED_EDGE('',*,*,#11138,.F.);
#11417 = ORIENTED_EDGE('',*,*,#11323,.T.);
#11418 = ORIENTED_EDGE('',*,*,#11253,.T.);
#11419 = ORIENTED_EDGE('',*,*,#11370,.F.);
#11420 = ADVANCED_FACE('',(#11421),#11208,.T.);
#11421 = FACE_BOUND('',#11422,.T.);
#11422 = EDGE_LOOP('',(#11423,#11424,#11425,#11426));
#11423 = ORIENTED_EDGE('',*,*,#11194,.F.);
#11424 = ORIENTED_EDGE('',*,*,#11345,.T.);
#11425 = ORIENTED_EDGE('',*,*,#11299,.T.);
#11426 = ORIENTED_EDGE('',*,*,#11392,.F.);
#11427 = ( GEOMETRIC_REPRESENTATION_CONTEXT(3) 
GLOBAL_UNCERTAINTY_ASSIGNED_CONTEXT((#11431)) 
GLOBAL_UNIT_ASSIGNED_CONTEXT((#11428,#11429,#11430)) 
REPRESENTATION_CONTEXT('Context #1',
  '3D Context with UNIT and UNCERTAINTY') );
#11428 = ( LENGTH_UNIT() NAMED_UNIT(*) SI_UNIT($,.METRE.) );
#11429 = ( NAMED_UNIT(*) PLANE_ANGLE_UNIT() SI_UNIT($,.RADIAN.) );
#11430 = ( NAMED_UNIT(*) SI_UNIT($,.STERADIAN.) SOLID_ANGLE_UNIT() );
#11431 = UNCERTAINTY_MEASURE_WITH_UNIT(LENGTH_MEASURE(1.E-07),#11428,
  'distance_accuracy_value','confusion accuracy');
#11432 = PRODUCT_RELATED_PRODUCT_CATEGORY('part',$,(#11093));
#11433 = SHAPE_DEFINITION_REPRESENTATION(#11434,#11440);
#11434 = PRODUCT_DEFINITION_SHAPE('','',#11435);
#11435 = PRODUCT_DEFINITION('design','',#11436,#11439);
#11436 = PRODUCT_DEFINITION_FORMATION('','',#11437);
#11437 = PRODUCT('Rad_1__1','Rad_1__1','',(#11438));
#11438 = PRODUCT_CONTEXT('',#2,'mechanical');
#11439 = PRODUCT_DEFINITION_CONTEXT('part definition',#2,'design');
#11440 = ADVANCED_BREP_SHAPE_REPRESENTATION('',(#11,#11441),#11771);
#11441 = MANIFOLD_SOLID_BREP('',#11442);
#11442 = CLOSED_SHELL('',(#11443,#11563,#11663,#11710,#11757,#11764));
#11443 = ADVANCED_FACE('',(#11444),#11458,.F.);
#11444 = FACE_BOUND('',#11445,.F.);
#11445 = EDGE_LOOP('',(#11446,#11481,#11509,#11537));
#11446 = ORIENTED_EDGE('',*,*,#11447,.F.);
#11447 = EDGE_CURVE('',#11448,#11450,#11452,.T.);
#11448 = VERTEX_POINT('',#11449);
#11449 = CARTESIAN_POINT('',(3.28E+03,-480.,-300.));
#11450 = VERTEX_POINT('',#11451);
#11451 = CARTESIAN_POINT('',(3.28E+03,-480.,300.));
#11452 = SURFACE_CURVE('',#11453,(#11457,#11469),.PCURVE_S1.);
#11453 = LINE('',#11454,#11455);
#11454 = CARTESIAN_POINT('',(3.28E+03,-480.,-300.));
#11455 = VECTOR('',#11456,1.);
#11456 = DIRECTION('',(0.,0.,1.));
#11457 = PCURVE('',#11458,#11463);
#11458 = PLANE('',#11459);
#11459 = AXIS2_PLACEMENT_3D('',#11460,#11461,#11462);
#11460 = CARTESIAN_POINT('',(3.28E+03,-480.,-300.));
#11461 = DIRECTION('',(1.,0.,0.));
#11462 = DIRECTION('',(0.,0.,1.));
#11463 = DEFINITIONAL_REPRESENTATION('',(#11464),#11468);
#11464 = LINE('',#11465,#11466);
#11465 = CARTESIAN_POINT('',(0.,0.));
#11466 = VECTOR('',#11467,1.);
#11467 = DIRECTION('',(1.,0.));
#11468 = ( GEOMETRIC_REPRESENTATION_CONTEXT(2) 
PARAMETRIC_REPRESENTATION_CONTEXT() REPRESENTATION_CONTEXT('2D SPACE',''
  ) );
#11469 = PCURVE('',#11470,#11475);
#11470 = PLANE('',#11471);
#11471 = AXIS2_PLACEMENT_3D('',#11472,#11473,#11474);
#11472 = CARTESIAN_POINT('',(3.28E+03,-480.,-300.));
#11473 = DIRECTION('',(0.,1.,0.));
#11474 = DIRECTION('',(0.,0.,1.));
#11475 = DEFINITIONAL_REPRESENTATION('',(#11476),#11480);
#11476 = LINE('',#11477,#11478);
#11477 = CARTESIAN_POINT('',(0.,0.));
#11478 = VECTOR('',#11479,1.);
#11479 = DIRECTION('',(1.,0.));
#11480 = ( GEOMETRIC_REPRESENTATION_CONTEXT(2) 
PARAMETRIC_REPRESENTATION_CONTEXT() REPRESENTATION_CONTEXT('2D SPACE',''
  ) );
#11481 = ORIENTED_EDGE('',*,*,#11482,.T.);
#11482 = EDGE_CURVE('',#11448,#11483,#11485,.T.);
#11483 = VERTEX_POINT('',#11484);
#11484 = CARTESIAN_POINT('',(3.28E+03,-476.,-300.));
#11485 = SURFACE_CURVE('',#11486,(#11490,#11497),.PCURVE_S1.);
#11486 = LINE('',#11487,#11488);
#11487 = CARTESIAN_POINT('',(3.28E+03,-480.,-300.));
#11488 = VECTOR('',#11489,1.);
#11489 = DIRECTION('',(0.,1.,0.));
#11490 = PCURVE('',#11458,#11491);
#11491 = DEFINITIONAL_REPRESENTATION('',(#11492),#11496);
#11492 = LINE('',#11493,#11494);
#11493 = CARTESIAN_POINT('',(0.,0.));
#11494 = VECTOR('',#11495,1.);
#11495 = DIRECTION('',(0.,-1.));
#11496 = ( GEOMETRIC_REPRESENTATION_CONTEXT(2) 
PARAMETRIC_REPRESENTATION_CONTEXT() REPRESENTATION_CONTEXT('2D SPACE',''
  ) );
#11497 = PCURVE('',#11498,#11503);
#11498 = PLANE('',#11499);
#11499 = AXIS2_PLACEMENT_3D('',#11500,#11501,#11502);
#11500 = CARTESIAN_POINT('',(3.28E+03,-480.,-300.));
#11501 = DIRECTION('',(0.,0.,1.));
#11502 = DIRECTION('',(1.,0.,0.));
#11503 = DEFINITIONAL_REPRESENTATION('',(#11504),#11508);
#11504 = LINE('',#11505,#11506);
#11505 = CARTESIAN_POINT('',(0.,0.));
#11506 = VECTOR('',#11507,1.);
#11507 = DIRECTION('',(0.,1.));
#11508 = ( GEOMETRIC_REPRESENTATION_CONTEXT(2) 
PARAMETRIC_REPRESENTATION_CONTEXT() REPRESENTATION_CONTEXT('2D SPACE',''
  ) );
#11509 = ORIENTED_EDGE('',*,*,#11510,.T.);
#11510 = EDGE_CURVE('',#11483,#11511,#11513,.T.);
#11511 = VERTEX_POINT('',#11512);
#11512 = CARTESIAN_POINT('',(3.28E+03,-476.,300.));
#11513 = SURFACE_CURVE('',#11514,(#11518,#11525),.PCURVE_S1.);
#11514 = LINE('',#11515,#11516);
#11515 = CARTESIAN_POINT('',(3.28E+03,-476.,-300.));
#11516 = VECTOR('',#11517,1.);
#11517 = DIRECTION('',(0.,0.,1.));
#11518 = PCURVE('',#11458,#11519);
#11519 = DEFINITIONAL_REPRESENTATION('',(#11520),#11524);
#11520 = LINE('',#11521,#11522);
#11521 = CARTESIAN_POINT('',(0.,-4.));
#11522 = VECTOR('',#11523,1.);
#11523 = DIRECTION('',(1.,0.));
#11524 = ( GEOMETRIC_REPRESENTATION_CONTEXT(2) 
PARAMETRIC_REPRESENTATION_CONTEXT() REPRESENTATION_CONTEXT('2D SPACE',''
  ) );
#11525 = PCURVE('',#11526,#11531);
#11526 = PLANE('',#11527);
#11527 = AXIS2_PLACEMENT_3D('',#11528,#11529,#11530);
#11528 = CARTESIAN_POINT('',(3.28E+03,-476.,-300.));
#11529 = DIRECTION('',(0.,1.,0.));
#11530 = DIRECTION('',(0.,0.,1.));
#11531 = DEFINITIONAL_REPRESENTATION('',(#11532),#11536);
#11532 = LINE('',#11533,#11534);
#11533 = CARTESIAN_POINT('',(0.,0.));
#11534 = VECTOR('',#11535,1.);
#11535 = DIRECTION('',(1.,0.));
#11536 = ( GEOMETRIC_REPRESENTATION_CONTEXT(2) 
PARAMETRIC_REPRESENTATION_CONTEXT() REPRESENTATION_CONTEXT('2D SPACE',''
  ) );
#11537 = ORIENTED_EDGE('',*,*,#11538,.F.);
#11538 = EDGE_CURVE('',#11450,#11511,#11539,.T.);
#11539 = SURFACE_CURVE('',#11540,(#11544,#11551),.PCURVE_S1.);
#11540 = LINE('',#11541,#11542);
#11541 = CARTESIAN_POINT('',(3.28E+03,-480.,300.));
#11542 = VECTOR('',#11543,1.);
#11543 = DIRECTION('',(0.,1.,0.));
#11544 = PCURVE('',#11458,#11545);
#11545 = DEFINITIONAL_REPRESENTATION('',(#11546),#11550);
#11546 = LINE('',#11547,#11548);
#11547 = CARTESIAN_POINT('',(600.,0.));
#11548 = VECTOR('',#11549,1.);
#11549 = DIRECTION('',(0.,-1.));
#11550 = ( GEOMETRIC_REPRESENTATION_CONTEXT(2) 
PARAMETRIC_REPRESENTATION_CONTEXT() REPRESENTATION_CONTEXT('2D SPACE',''
  ) );
#11551 = PCURVE('',#11552,#11557);
#11552 = PLANE('',#11553);
#11553 = AXIS2_PLACEMENT_3D('',#11554,#11555,#11556);
#11554 = CARTESIAN_POINT('',(3.28E+03,-480.,300.));
#11555 = DIRECTION('',(0.,0.,1.));
#11556 = DIRECTION('',(1.,0.,0.));
#11557 = DEFINITIONAL_REPRESENTATION('',(#11558),#11562);
#11558 = LINE('',#11559,#11560);
#11559 = CARTESIAN_POINT('',(0.,0.));
#11560 = VECTOR('',#11561,1.);
#11561 = DIRECTION('',(0.,1.));
#11562 = ( GEOMETRIC_REPRESENTATION_CONTEXT(2) 
PARAMETRIC_REPRESENTATION_CONTEXT() REPRESENTATION_CONTEXT('2D SPACE',''
  ) );
#11563 = ADVANCED_FACE('',(#11564),#11578,.T.);
#11564 = FACE_BOUND('',#11565,.T.);
#11565 = EDGE_LOOP('',(#11566,#11596,#11619,#11642));
#11566 = ORIENTED_EDGE('',*,*,#11567,.F.);
#11567 = EDGE_CURVE('',#11568,#11570,#11572,.T.);
#11568 = VERTEX_POINT('',#11569);
#11569 = CARTESIAN_POINT('',(4.08E+03,-480.,-300.));
#11570 = VERTEX_POINT('',#11571);
#11571 = CARTESIAN_POINT('',(4.08E+03,-480.,300.));
#11572 = SURFACE_CURVE('',#11573,(#11577,#11589),.PCURVE_S1.);
#11573 = LINE('',#11574,#11575);
#11574 = CARTESIAN_POINT('',(4.08E+03,-480.,-300.));
#11575 = VECTOR('',#11576,1.);
#11576 = DIRECTION('',(0.,0.,1.));
#11577 = PCURVE('',#11578,#11583);
#11578 = PLANE('',#11579);
#11579 = AXIS2_PLACEMENT_3D('',#11580,#11581,#11582);
#11580 = CARTESIAN_POINT('',(4.08E+03,-480.,-300.));
#11581 = DIRECTION('',(1.,0.,0.));
#11582 = DIRECTION('',(0.,0.,1.));
#11583 = DEFINITIONAL_REPRESENTATION('',(#11584),#11588);
#11584 = LINE('',#11585,#11586);
#11585 = CARTESIAN_POINT('',(0.,0.));
#11586 = VECTOR('',#11587,1.);
#11587 = DIRECTION('',(1.,0.));
#11588 = ( GEOMETRIC_REPRESENTATION_CONTEXT(2) 
PARAMETRIC_REPRESENTATION_CONTEXT() REPRESENTATION_CONTEXT('2D SPACE',''
  ) );
#11589 = PCURVE('',#11470,#11590);
#11590 = DEFINITIONAL_REPRESENTATION('',(#11591),#11595);
#11591 = LINE('',#11592,#11593);
#11592 = CARTESIAN_POINT('',(0.,800.));
#11593 = VECTOR('',#11594,1.);
#11594 = DIRECTION('',(1.,0.));
#11595 = ( GEOMETRIC_REPRESENTATION_CONTEXT(2) 
PARAMETRIC_REPRESENTATION_CONTEXT() REPRESENTATION_CONTEXT('2D SPACE',''
  ) );
#11596 = ORIENTED_EDGE('',*,*,#11597,.T.);
#11597 = EDGE_CURVE('',#11568,#11598,#11600,.T.);
#11598 = VERTEX_POINT('',#11599);
#11599 = CARTESIAN_POINT('',(4.08E+03,-476.,-300.));
#11600 = SURFACE_CURVE('',#11601,(#11605,#11612),.PCURVE_S1.);
#11601 = LINE('',#11602,#11603);
#11602 = CARTESIAN_POINT('',(4.08E+03,-480.,-300.));
#11603 = VECTOR('',#11604,1.);
#11604 = DIRECTION('',(0.,1.,0.));
#11605 = PCURVE('',#11578,#11606);
#11606 = DEFINITIONAL_REPRESENTATION('',(#11607),#11611);
#11607 = LINE('',#11608,#11609);
#11608 = CARTESIAN_POINT('',(0.,0.));
#11609 = VECTOR('',#11610,1.);
#11610 = DIRECTION('',(0.,-1.));
#11611 = ( GEOMETRIC_REPRESENTATION_CONTEXT(2) 
PARAMETRIC_REPRESENTATION_CONTEXT() REPRESENTATION_CONTEXT('2D SPACE',''
  ) );
#11612 = PCURVE('',#11498,#11613);
#11613 = DEFINITIONAL_REPRESENTATION('',(#11614),#11618);
#11614 = LINE('',#11615,#11616);
#11615 = CARTESIAN_POINT('',(800.,0.));
#11616 = VECTOR('',#11617,1.);
#11617 = DIRECTION('',(0.,1.));
#11618 = ( GEOMETRIC_REPRESENTATION_CONTEXT(2) 
PARAMETRIC_REPRESENTATION_CONTEXT() REPRESENTATION_CONTEXT('2D SPACE',''
  ) );
#11619 = ORIENTED_EDGE('',*,*,#11620,.T.);
#11620 = EDGE_CURVE('',#11598,#11621,#11623,.T.);
#11621 = VERTEX_POINT('',#11622);
#11622 = CARTESIAN_POINT('',(4.08E+03,-476.,300.));
#11623 = SURFACE_CURVE('',#11624,(#11628,#11635),.PCURVE_S1.);
#11624 = LINE('',#11625,#11626);
#11625 = CARTESIAN_POINT('',(4.08E+03,-476.,-300.));
#11626 = VECTOR('',#11627,1.);
#11627 = DIRECTION('',(0.,0.,1.));
#11628 = PCURVE('',#11578,#11629);
#11629 = DEFINITIONAL_REPRESENTATION('',(#11630),#11634);
#11630 = LINE('',#11631,#11632);
#11631 = CARTESIAN_POINT('',(0.,-4.));
#11632 = VECTOR('',#11633,1.);
#11633 = DIRECTION('',(1.,0.));
#11634 = ( GEOMETRIC_REPRESENTATION_CONTEXT(2) 
PARAMETRIC_REPRESENTATION_CONTEXT() REPRESENTATION_CONTEXT('2D SPACE',''
  ) );
#11635 = PCURVE('',#11526,#11636);
#11636 = DEFINITIONAL_REPRESENTATION('',(#11637),#11641);
#11637 = LINE('',#11638,#11639);
#11638 = CARTESIAN_POINT('',(0.,800.));
#11639 = VECTOR('',#11640,1.);
#11640 = DIRECTION('',(1.,0.));
#11641 = ( GEOMETRIC_REPRESENTATION_CONTEXT(2) 
PARAMETRIC_REPRESENTATION_CONTEXT() REPRESENTATION_CONTEXT('2D SPACE',''
  ) );
#11642 = ORIENTED_EDGE('',*,*,#11643,.F.);
#11643 = EDGE_CURVE('',#11570,#11621,#11644,.T.);
#11644 = SURFACE_CURVE('',#11645,(#11649,#11656),.PCURVE_S1.);
#11645 = LINE('',#11646,#11647);
#11646 = CARTESIAN_POINT('',(4.08E+03,-480.,300.));
#11647 = VECTOR('',#11648,1.);
#11648 = DIRECTION('',(0.,1.,0.));
#11649 = PCURVE('',#11578,#11650);
#11650 = DEFINITIONAL_REPRESENTATION('',(#11651),#11655);
#11651 = LINE('',#11652,#11653);
#11652 = CARTESIAN_POINT('',(600.,0.));
#11653 = VECTOR('',#11654,1.);
#11654 = DIRECTION('',(0.,-1.));
#11655 = ( GEOMETRIC_REPRESENTATION_CONTEXT(2) 
PARAMETRIC_REPRESENTATION_CONTEXT() REPRESENTATION_CONTEXT('2D SPACE',''
  ) );
#11656 = PCURVE('',#11552,#11657);
#11657 = DEFINITIONAL_REPRESENTATION('',(#11658),#11662);
#11658 = LINE('',#11659,#11660);
#11659 = CARTESIAN_POINT('',(800.,0.));
#11660 = VECTOR('',#11661,1.);
#11661 = DIRECTION('',(0.,1.));
#11662 = ( GEOMETRIC_REPRESENTATION_CONTEXT(2) 
PARAMETRIC_REPRESENTATION_CONTEXT() REPRESENTATION_CONTEXT('2D SPACE',''
  ) );
#11663 = ADVANCED_FACE('',(#11664),#11470,.F.);
#11664 = FACE_BOUND('',#11665,.F.);
#11665 = EDGE_LOOP('',(#11666,#11687,#11688,#11709));
#11666 = ORIENTED_EDGE('',*,*,#11667,.F.);
#11667 = EDGE_CURVE('',#11448,#11568,#11668,.T.);
#11668 = SURFACE_CURVE('',#11669,(#11673,#11680),.PCURVE_S1.);
#11669 = LINE('',#11670,#11671);
#11670 = CARTESIAN_POINT('',(3.28E+03,-480.,-300.));
#11671 = VECTOR('',#11672,1.);
#11672 = DIRECTION('',(1.,0.,0.));
#11673 = PCURVE('',#11470,#11674);
#11674 = DEFINITIONAL_REPRESENTATION('',(#11675),#11679);
#11675 = LINE('',#11676,#11677);
#11676 = CARTESIAN_POINT('',(0.,0.));
#11677 = VECTOR('',#11678,1.);
#11678 = DIRECTION('',(0.,1.));
#11679 = ( GEOMETRIC_REPRESENTATION_CONTEXT(2) 
PARAMETRIC_REPRESENTATION_CONTEXT() REPRESENTATION_CONTEXT('2D SPACE',''
  ) );
#11680 = PCURVE('',#11498,#11681);
#11681 = DEFINITIONAL_REPRESENTATION('',(#11682),#11686);
#11682 = LINE('',#11683,#11684);
#11683 = CARTESIAN_POINT('',(0.,0.));
#11684 = VECTOR('',#11685,1.);
#11685 = DIRECTION('',(1.,0.));
#11686 = ( GEOMETRIC_REPRESENTATION_CONTEXT(2) 
PARAMETRIC_REPRESENTATION_CONTEXT() REPRESENTATION_CONTEXT('2D SPACE',''
  ) );
#11687 = ORIENTED_EDGE('',*,*,#11447,.T.);
#11688 = ORIENTED_EDGE('',*,*,#11689,.T.);
#11689 = EDGE_CURVE('',#11450,#11570,#11690,.T.);
#11690 = SURFACE_CURVE('',#11691,(#11695,#11702),.PCURVE_S1.);
#11691 = LINE('',#11692,#11693);
#11692 = CARTESIAN_POINT('',(3.28E+03,-480.,300.));
#11693 = VECTOR('',#11694,1.);
#11694 = DIRECTION('',(1.,0.,0.));
#11695 = PCURVE('',#11470,#11696);
#11696 = DEFINITIONAL_REPRESENTATION('',(#11697),#11701);
#11697 = LINE('',#11698,#11699);
#11698 = CARTESIAN_POINT('',(600.,0.));
#11699 = VECTOR('',#11700,1.);
#11700 = DIRECTION('',(0.,1.));
#11701 = ( GEOMETRIC_REPRESENTATION_CONTEXT(2) 
PARAMETRIC_REPRESENTATION_CONTEXT() REPRESENTATION_CONTEXT('2D SPACE',''
  ) );
#11702 = PCURVE('',#11552,#11703);
#11703 = DEFINITIONAL_REPRESENTATION('',(#11704),#11708);
#11704 = LINE('',#11705,#11706);
#11705 = CARTESIAN_POINT('',(0.,0.));
#11706 = VECTOR('',#11707,1.);
#11707 = DIRECTION('',(1.,0.));
#11708 = ( GEOMETRIC_REPRESENTATION_CONTEXT(2) 
PARAMETRIC_REPRESENTATION_CONTEXT() REPRESENTATION_CONTEXT('2D SPACE',''
  ) );
#11709 = ORIENTED_EDGE('',*,*,#11567,.F.);
#11710 = ADVANCED_FACE('',(#11711),#11526,.T.);
#11711 = FACE_BOUND('',#11712,.T.);
#11712 = EDGE_LOOP('',(#11713,#11734,#11735,#11756));
#11713 = ORIENTED_EDGE('',*,*,#11714,.F.);
#11714 = EDGE_CURVE('',#11483,#11598,#11715,.T.);
#11715 = SURFACE_CURVE('',#11716,(#11720,#11727),.PCURVE_S1.);
#11716 = LINE('',#11717,#11718);
#11717 = CARTESIAN_POINT('',(3.28E+03,-476.,-300.));
#11718 = VECTOR('',#11719,1.);
#11719 = DIRECTION('',(1.,0.,0.));
#11720 = PCURVE('',#11526,#11721);
#11721 = DEFINITIONAL_REPRESENTATION('',(#11722),#11726);
#11722 = LINE('',#11723,#11724);
#11723 = CARTESIAN_POINT('',(0.,0.));
#11724 = VECTOR('',#11725,1.);
#11725 = DIRECTION('',(0.,1.));
#11726 = ( GEOMETRIC_REPRESENTATION_CONTEXT(2) 
PARAMETRIC_REPRESENTATION_CONTEXT() REPRESENTATION_CONTEXT('2D SPACE',''
  ) );
#11727 = PCURVE('',#11498,#11728);
#11728 = DEFINITIONAL_REPRESENTATION('',(#11729),#11733);
#11729 = LINE('',#11730,#11731);
#11730 = CARTESIAN_POINT('',(0.,4.));
#11731 = VECTOR('',#11732,1.);
#11732 = DIRECTION('',(1.,0.));
#11733 = ( GEOMETRIC_REPRESENTATION_CONTEXT(2) 
PARAMETRIC_REPRESENTATION_CONTEXT() REPRESENTATION_CONTEXT('2D SPACE',''
  ) );
#11734 = ORIENTED_EDGE('',*,*,#11510,.T.);
#11735 = ORIENTED_EDGE('',*,*,#11736,.T.);
#11736 = EDGE_CURVE('',#11511,#11621,#11737,.T.);
#11737 = SURFACE_CURVE('',#11738,(#11742,#11749),.PCURVE_S1.);
#11738 = LINE('',#11739,#11740);
#11739 = CARTESIAN_POINT('',(3.28E+03,-476.,300.));
#11740 = VECTOR('',#11741,1.);
#11741 = DIRECTION('',(1.,0.,0.));
#11742 = PCURVE('',#11526,#11743);
#11743 = DEFINITIONAL_REPRESENTATION('',(#11744),#11748);
#11744 = LINE('',#11745,#11746);
#11745 = CARTESIAN_POINT('',(600.,0.));
#11746 = VECTOR('',#11747,1.);
#11747 = DIRECTION('',(0.,1.));
#11748 = ( GEOMETRIC_REPRESENTATION_CONTEXT(2) 
PARAMETRIC_REPRESENTATION_CONTEXT() REPRESENTATION_CONTEXT('2D SPACE',''
  ) );
#11749 = PCURVE('',#11552,#11750);
#11750 = DEFINITIONAL_REPRESENTATION('',(#11751),#11755);
#11751 = LINE('',#11752,#11753);
#11752 = CARTESIAN_POINT('',(0.,4.));
#11753 = VECTOR('',#11754,1.);
#11754 = DIRECTION('',(1.,0.));
#11755 = ( GEOMETRIC_REPRESENTATION_CONTEXT(2) 
PARAMETRIC_REPRESENTATION_CONTEXT() REPRESENTATION_CONTEXT('2D SPACE',''
  ) );
#11756 = ORIENTED_EDGE('',*,*,#11620,.F.);
#11757 = ADVANCED_FACE('',(#11758),#11498,.F.);
#11758 = FACE_BOUND('',#11759,.F.);
#11759 = EDGE_LOOP('',(#11760,#11761,#11762,#11763));
#11760 = ORIENTED_EDGE('',*,*,#11482,.F.);
#11761 = ORIENTED_EDGE('',*,*,#11667,.T.);
#11762 = ORIENTED_EDGE('',*,*,#11597,.T.);
#11763 = ORIENTED_EDGE('',*,*,#11714,.F.);
#11764 = ADVANCED_FACE('',(#11765),#11552,.T.);
#11765 = FACE_BOUND('',#11766,.T.);
#11766 = EDGE_LOOP('',(#11767,#11768,#11769,#11770));
#11767 = ORIENTED_EDGE('',*,*,#11538,.F.);
#11768 = ORIENTED_EDGE('',*,*,#11689,.T.);
#11769 = ORIENTED_EDGE('',*,*,#11643,.T.);
#11770 = ORIENTED_EDGE('',*,*,#11736,.F.);
#11771 = ( GEOMETRIC_REPRESENTATION_CONTEXT(3) 
GLOBAL_UNCERTAINTY_ASSIGNED_CONTEXT((#11775)) 
GLOBAL_UNIT_ASSIGNED_CONTEXT((#11772,#11773,#11774)) 
REPRESENTATION_CONTEXT('Context #1',
  '3D Context with UNIT and UNCERTAINTY') );
#11772 = ( LENGTH_UNIT() NAMED_UNIT(*) SI_UNIT($,.METRE.) );
#11773 = ( NAMED_UNIT(*) PLANE_ANGLE_UNIT() SI_UNIT($,.RADIAN.) );
#11774 = ( NAMED_UNIT(*) SI_UNIT($,.STERADIAN.) SOLID_ANGLE_UNIT() );
#11775 = UNCERTAINTY_MEASURE_WITH_UNIT(LENGTH_MEASURE(1.E-07),#11772,
  'distance_accuracy_value','confusion accuracy');
#11776 = PRODUCT_RELATED_PRODUCT_CATEGORY('part',$,(#11437));
#11777 = SHAPE_DEFINITION_REPRESENTATION(#11778,#11784);
#11778 = PRODUCT_DEFINITION_SHAPE('','',#11779);
#11779 = PRODUCT_DEFINITION('design','',#11780,#11783);
#11780 = PRODUCT_DEFINITION_FORMATION('','',#11781);
#11781 = PRODUCT('Rad_0_1','Rad_0_1','',(#11782));
#11782 = PRODUCT_CONTEXT('',#2,'mechanical');
#11783 = PRODUCT_DEFINITION_CONTEXT('part definition',#2,'design');
#11784 = ADVANCED_BREP_SHAPE_REPRESENTATION('',(#11,#11785),#12115);
#11785 = MANIFOLD_SOLID_BREP('',#11786);
#11786 = CLOSED_SHELL('',(#11787,#11907,#12007,#12054,#12101,#12108));
#11787 = ADVANCED_FACE('',(#11788),#11802,.F.);
#11788 = FACE_BOUND('',#11789,.F.);
#11789 = EDGE_LOOP('',(#11790,#11825,#11853,#11881));
#11790 = ORIENTED_EDGE('',*,*,#11791,.F.);
#11791 = EDGE_CURVE('',#11792,#11794,#11796,.T.);
#11792 = VERTEX_POINT('',#11793);
#11793 = CARTESIAN_POINT('',(2.42E+03,476.,-300.));
#11794 = VERTEX_POINT('',#11795);
#11795 = CARTESIAN_POINT('',(2.42E+03,476.,300.));
#11796 = SURFACE_CURVE('',#11797,(#11801,#11813),.PCURVE_S1.);
#11797 = LINE('',#11798,#11799);
#11798 = CARTESIAN_POINT('',(2.42E+03,476.,-300.));
#11799 = VECTOR('',#11800,1.);
#11800 = DIRECTION('',(0.,0.,1.));
#11801 = PCURVE('',#11802,#11807);
#11802 = PLANE('',#11803);
#11803 = AXIS2_PLACEMENT_3D('',#11804,#11805,#11806);
#11804 = CARTESIAN_POINT('',(2.42E+03,476.,-300.));
#11805 = DIRECTION('',(1.,0.,0.));
#11806 = DIRECTION('',(0.,0.,1.));
#11807 = DEFINITIONAL_REPRESENTATION('',(#11808),#11812);
#11808 = LINE('',#11809,#11810);
#11809 = CARTESIAN_POINT('',(0.,0.));
#11810 = VECTOR('',#11811,1.);
#11811 = DIRECTION('',(1.,0.));
#11812 = ( GEOMETRIC_REPRESENTATION_CONTEXT(2) 
PARAMETRIC_REPRESENTATION_CONTEXT() REPRESENTATION_CONTEXT('2D SPACE',''
  ) );
#11813 = PCURVE('',#11814,#11819);
#11814 = PLANE('',#11815);
#11815 = AXIS2_PLACEMENT_3D('',#11816,#11817,#11818);
#11816 = CARTESIAN_POINT('',(2.42E+03,476.,-300.));
#11817 = DIRECTION('',(0.,1.,0.));
#11818 = DIRECTION('',(0.,0.,1.));
#11819 = DEFINITIONAL_REPRESENTATION('',(#11820),#11824);
#11820 = LINE('',#11821,#11822);
#11821 = CARTESIAN_POINT('',(0.,0.));
#11822 = VECTOR('',#11823,1.);
#11823 = DIRECTION('',(1.,0.));
#11824 = ( GEOMETRIC_REPRESENTATION_CONTEXT(2) 
PARAMETRIC_REPRESENTATION_CONTEXT() REPRESENTATION_CONTEXT('2D SPACE',''
  ) );
#11825 = ORIENTED_EDGE('',*,*,#11826,.T.);
#11826 = EDGE_CURVE('',#11792,#11827,#11829,.T.);
#11827 = VERTEX_POINT('',#11828);
#11828 = CARTESIAN_POINT('',(2.42E+03,480.,-300.));
#11829 = SURFACE_CURVE('',#11830,(#11834,#11841),.PCURVE_S1.);
#11830 = LINE('',#11831,#11832);
#11831 = CARTESIAN_POINT('',(2.42E+03,476.,-300.));
#11832 = VECTOR('',#11833,1.);
#11833 = DIRECTION('',(0.,1.,0.));
#11834 = PCURVE('',#11802,#11835);
#11835 = DEFINITIONAL_REPRESENTATION('',(#11836),#11840);
#11836 = LINE('',#11837,#11838);
#11837 = CARTESIAN_POINT('',(0.,0.));
#11838 = VECTOR('',#11839,1.);
#11839 = DIRECTION('',(0.,-1.));
#11840 = ( GEOMETRIC_REPRESENTATION_CONTEXT(2) 
PARAMETRIC_REPRESENTATION_CONTEXT() REPRESENTATION_CONTEXT('2D SPACE',''
  ) );
#11841 = PCURVE('',#11842,#11847);
#11842 = PLANE('',#11843);
#11843 = AXIS2_PLACEMENT_3D('',#11844,#11845,#11846);
#11844 = CARTESIAN_POINT('',(2.42E+03,476.,-300.));
#11845 = DIRECTION('',(0.,0.,1.));
#11846 = DIRECTION('',(1.,0.,0.));
#11847 = DEFINITIONAL_REPRESENTATION('',(#11848),#11852);
#11848 = LINE('',#11849,#11850);
#11849 = CARTESIAN_POINT('',(0.,0.));
#11850 = VECTOR('',#11851,1.);
#11851 = DIRECTION('',(0.,1.));
#11852 = ( GEOMETRIC_REPRESENTATION_CONTEXT(2) 
PARAMETRIC_REPRESENTATION_CONTEXT() REPRESENTATION_CONTEXT('2D SPACE',''
  ) );
#11853 = ORIENTED_EDGE('',*,*,#11854,.T.);
#11854 = EDGE_CURVE('',#11827,#11855,#11857,.T.);
#11855 = VERTEX_POINT('',#11856);
#11856 = CARTESIAN_POINT('',(2.42E+03,480.,300.));
#11857 = SURFACE_CURVE('',#11858,(#11862,#11869),.PCURVE_S1.);
#11858 = LINE('',#11859,#11860);
#11859 = CARTESIAN_POINT('',(2.42E+03,480.,-300.));
#11860 = VECTOR('',#11861,1.);
#11861 = DIRECTION('',(0.,0.,1.));
#11862 = PCURVE('',#11802,#11863);
#11863 = DEFINITIONAL_REPRESENTATION('',(#11864),#11868);
#11864 = LINE('',#11865,#11866);
#11865 = CARTESIAN_POINT('',(0.,-4.));
#11866 = VECTOR('',#11867,1.);
#11867 = DIRECTION('',(1.,0.));
#11868 = ( GEOMETRIC_REPRESENTATION_CONTEXT(2) 
PARAMETRIC_REPRESENTATION_CONTEXT() REPRESENTATION_CONTEXT('2D SPACE',''
  ) );
#11869 = PCURVE('',#11870,#11875);
#11870 = PLANE('',#11871);
#11871 = AXIS2_PLACEMENT_3D('',#11872,#11873,#11874);
#11872 = CARTESIAN_POINT('',(2.42E+03,480.,-300.));
#11873 = DIRECTION('',(0.,1.,0.));
#11874 = DIRECTION('',(0.,0.,1.));
#11875 = DEFINITIONAL_REPRESENTATION('',(#11876),#11880);
#11876 = LINE('',#11877,#11878);
#11877 = CARTESIAN_POINT('',(0.,0.));
#11878 = VECTOR('',#11879,1.);
#11879 = DIRECTION('',(1.,0.));
#11880 = ( GEOMETRIC_REPRESENTATION_CONTEXT(2) 
PARAMETRIC_REPRESENTATION_CONTEXT() REPRESENTATION_CONTEXT('2D SPACE',''
  ) );
#11881 = ORIENTED_EDGE('',*,*,#11882,.F.);
#11882 = EDGE_CURVE('',#11794,#11855,#11883,.T.);
#11883 = SURFACE_CURVE('',#11884,(#11888,#11895),.PCURVE_S1.);
#11884 = LINE('',#11885,#11886);
#11885 = CARTESIAN_POINT('',(2.42E+03,476.,300.));
#11886 = VECTOR('',#11887,1.);
#11887 = DIRECTION('',(0.,1.,0.));
#11888 = PCURVE('',#11802,#11889);
#11889 = DEFINITIONAL_REPRESENTATION('',(#11890),#11894);
#11890 = LINE('',#11891,#11892);
#11891 = CARTESIAN_POINT('',(600.,0.));
#11892 = VECTOR('',#11893,1.);
#11893 = DIRECTION('',(0.,-1.));
#11894 = ( GEOMETRIC_REPRESENTATION_CONTEXT(2) 
PARAMETRIC_REPRESENTATION_CONTEXT() REPRESENTATION_CONTEXT('2D SPACE',''
  ) );
#11895 = PCURVE('',#11896,#11901);
#11896 = PLANE('',#11897);
#11897 = AXIS2_PLACEMENT_3D('',#11898,#11899,#11900);
#11898 = CARTESIAN_POINT('',(2.42E+03,476.,300.));
#11899 = DIRECTION('',(0.,0.,1.));
#11900 = DIRECTION('',(1.,0.,0.));
#11901 = DEFINITIONAL_REPRESENTATION('',(#11902),#11906);
#11902 = LINE('',#11903,#11904);
#11903 = CARTESIAN_POINT('',(0.,0.));
#11904 = VECTOR('',#11905,1.);
#11905 = DIRECTION('',(0.,1.));
#11906 = ( GEOMETRIC_REPRESENTATION_CONTEXT(2) 
PARAMETRIC_REPRESENTATION_CONTEXT() REPRESENTATION_CONTEXT('2D SPACE',''
  ) );
#11907 = ADVANCED_FACE('',(#11908),#11922,.T.);
#11908 = FACE_BOUND('',#11909,.T.);
#11909 = EDGE_LOOP('',(#11910,#11940,#11963,#11986));
#11910 = ORIENTED_EDGE('',*,*,#11911,.F.);
#11911 = EDGE_CURVE('',#11912,#11914,#11916,.T.);
#11912 = VERTEX_POINT('',#11913);
#11913 = CARTESIAN_POINT('',(3.22E+03,476.,-300.));
#11914 = VERTEX_POINT('',#11915);
#11915 = CARTESIAN_POINT('',(3.22E+03,476.,300.));
#11916 = SURFACE_CURVE('',#11917,(#11921,#11933),.PCURVE_S1.);
#11917 = LINE('',#11918,#11919);
#11918 = CARTESIAN_POINT('',(3.22E+03,476.,-300.));
#11919 = VECTOR('',#11920,1.);
#11920 = DIRECTION('',(0.,0.,1.));
#11921 = PCURVE('',#11922,#11927);
#11922 = PLANE('',#11923);
#11923 = AXIS2_PLACEMENT_3D('',#11924,#11925,#11926);
#11924 = CARTESIAN_POINT('',(3.22E+03,476.,-300.));
#11925 = DIRECTION('',(1.,0.,0.));
#11926 = DIRECTION('',(0.,0.,1.));
#11927 = DEFINITIONAL_REPRESENTATION('',(#11928),#11932);
#11928 = LINE('',#11929,#11930);
#11929 = CARTESIAN_POINT('',(0.,0.));
#11930 = VECTOR('',#11931,1.);
#11931 = DIRECTION('',(1.,0.));
#11932 = ( GEOMETRIC_REPRESENTATION_CONTEXT(2) 
PARAMETRIC_REPRESENTATION_CONTEXT() REPRESENTATION_CONTEXT('2D SPACE',''
  ) );
#11933 = PCURVE('',#11814,#11934);
#11934 = DEFINITIONAL_REPRESENTATION('',(#11935),#11939);
#11935 = LINE('',#11936,#11937);
#11936 = CARTESIAN_POINT('',(0.,800.));
#11937 = VECTOR('',#11938,1.);
#11938 = DIRECTION('',(1.,0.));
#11939 = ( GEOMETRIC_REPRESENTATION_CONTEXT(2) 
PARAMETRIC_REPRESENTATION_CONTEXT() REPRESENTATION_CONTEXT('2D SPACE',''
  ) );
#11940 = ORIENTED_EDGE('',*,*,#11941,.T.);
#11941 = EDGE_CURVE('',#11912,#11942,#11944,.T.);
#11942 = VERTEX_POINT('',#11943);
#11943 = CARTESIAN_POINT('',(3.22E+03,480.,-300.));
#11944 = SURFACE_CURVE('',#11945,(#11949,#11956),.PCURVE_S1.);
#11945 = LINE('',#11946,#11947);
#11946 = CARTESIAN_POINT('',(3.22E+03,476.,-300.));
#11947 = VECTOR('',#11948,1.);
#11948 = DIRECTION('',(0.,1.,0.));
#11949 = PCURVE('',#11922,#11950);
#11950 = DEFINITIONAL_REPRESENTATION('',(#11951),#11955);
#11951 = LINE('',#11952,#11953);
#11952 = CARTESIAN_POINT('',(0.,0.));
#11953 = VECTOR('',#11954,1.);
#11954 = DIRECTION('',(0.,-1.));
#11955 = ( GEOMETRIC_REPRESENTATION_CONTEXT(2) 
PARAMETRIC_REPRESENTATION_CONTEXT() REPRESENTATION_CONTEXT('2D SPACE',''
  ) );
#11956 = PCURVE('',#11842,#11957);
#11957 = DEFINITIONAL_REPRESENTATION('',(#11958),#11962);
#11958 = LINE('',#11959,#11960);
#11959 = CARTESIAN_POINT('',(800.,0.));
#11960 = VECTOR('',#11961,1.);
#11961 = DIRECTION('',(0.,1.));
#11962 = ( GEOMETRIC_REPRESENTATION_CONTEXT(2) 
PARAMETRIC_REPRESENTATION_CONTEXT() REPRESENTATION_CONTEXT('2D SPACE',''
  ) );
#11963 = ORIENTED_EDGE('',*,*,#11964,.T.);
#11964 = EDGE_CURVE('',#11942,#11965,#11967,.T.);
#11965 = VERTEX_POINT('',#11966);
#11966 = CARTESIAN_POINT('',(3.22E+03,480.,300.));
#11967 = SURFACE_CURVE('',#11968,(#11972,#11979),.PCURVE_S1.);
#11968 = LINE('',#11969,#11970);
#11969 = CARTESIAN_POINT('',(3.22E+03,480.,-300.));
#11970 = VECTOR('',#11971,1.);
#11971 = DIRECTION('',(0.,0.,1.));
#11972 = PCURVE('',#11922,#11973);
#11973 = DEFINITIONAL_REPRESENTATION('',(#11974),#11978);
#11974 = LINE('',#11975,#11976);
#11975 = CARTESIAN_POINT('',(0.,-4.));
#11976 = VECTOR('',#11977,1.);
#11977 = DIRECTION('',(1.,0.));
#11978 = ( GEOMETRIC_REPRESENTATION_CONTEXT(2) 
PARAMETRIC_REPRESENTATION_CONTEXT() REPRESENTATION_CONTEXT('2D SPACE',''
  ) );
#11979 = PCURVE('',#11870,#11980);
#11980 = DEFINITIONAL_REPRESENTATION('',(#11981),#11985);
#11981 = LINE('',#11982,#11983);
#11982 = CARTESIAN_POINT('',(0.,800.));
#11983 = VECTOR('',#11984,1.);
#11984 = DIRECTION('',(1.,0.));
#11985 = ( GEOMETRIC_REPRESENTATION_CONTEXT(2) 
PARAMETRIC_REPRESENTATION_CONTEXT() REPRESENTATION_CONTEXT('2D SPACE',''
  ) );
#11986 = ORIENTED_EDGE('',*,*,#11987,.F.);
#11987 = EDGE_CURVE('',#11914,#11965,#11988,.T.);
#11988 = SURFACE_CURVE('',#11989,(#11993,#12000),.PCURVE_S1.);
#11989 = LINE('',#11990,#11991);
#11990 = CARTESIAN_POINT('',(3.22E+03,476.,300.));
#11991 = VECTOR('',#11992,1.);
#11992 = DIRECTION('',(0.,1.,0.));
#11993 = PCURVE('',#11922,#11994);
#11994 = DEFINITIONAL_REPRESENTATION('',(#11995),#11999);
#11995 = LINE('',#11996,#11997);
#11996 = CARTESIAN_POINT('',(600.,0.));
#11997 = VECTOR('',#11998,1.);
#11998 = DIRECTION('',(0.,-1.));
#11999 = ( GEOMETRIC_REPRESENTATION_CONTEXT(2) 
PARAMETRIC_REPRESENTATION_CONTEXT() REPRESENTATION_CONTEXT('2D SPACE',''
  ) );
#12000 = PCURVE('',#11896,#12001);
#12001 = DEFINITIONAL_REPRESENTATION('',(#12002),#12006);
#12002 = LINE('',#12003,#12004);
#12003 = CARTESIAN_POINT('',(800.,0.));
#12004 = VECTOR('',#12005,1.);
#12005 = DIRECTION('',(0.,1.));
#12006 = ( GEOMETRIC_REPRESENTATION_CONTEXT(2) 
PARAMETRIC_REPRESENTATION_CONTEXT() REPRESENTATION_CONTEXT('2D SPACE',''
  ) );
#12007 = ADVANCED_FACE('',(#12008),#11814,.F.);
#12008 = FACE_BOUND('',#12009,.F.);
#12009 = EDGE_LOOP('',(#12010,#12031,#12032,#12053));
#12010 = ORIENTED_EDGE('',*,*,#12011,.F.);
#12011 = EDGE_CURVE('',#11792,#11912,#12012,.T.);
#12012 = SURFACE_CURVE('',#12013,(#12017,#12024),.PCURVE_S1.);
#12013 = LINE('',#12014,#12015);
#12014 = CARTESIAN_POINT('',(2.42E+03,476.,-300.));
#12015 = VECTOR('',#12016,1.);
#12016 = DIRECTION('',(1.,0.,0.));
#12017 = PCURVE('',#11814,#12018);
#12018 = DEFINITIONAL_REPRESENTATION('',(#12019),#12023);
#12019 = LINE('',#12020,#12021);
#12020 = CARTESIAN_POINT('',(0.,0.));
#12021 = VECTOR('',#12022,1.);
#12022 = DIRECTION('',(0.,1.));
#12023 = ( GEOMETRIC_REPRESENTATION_CONTEXT(2) 
PARAMETRIC_REPRESENTATION_CONTEXT() REPRESENTATION_CONTEXT('2D SPACE',''
  ) );
#12024 = PCURVE('',#11842,#12025);
#12025 = DEFINITIONAL_REPRESENTATION('',(#12026),#12030);
#12026 = LINE('',#12027,#12028);
#12027 = CARTESIAN_POINT('',(0.,0.));
#12028 = VECTOR('',#12029,1.);
#12029 = DIRECTION('',(1.,0.));
#12030 = ( GEOMETRIC_REPRESENTATION_CONTEXT(2) 
PARAMETRIC_REPRESENTATION_CONTEXT() REPRESENTATION_CONTEXT('2D SPACE',''
  ) );
#12031 = ORIENTED_EDGE('',*,*,#11791,.T.);
#12032 = ORIENTED_EDGE('',*,*,#12033,.T.);
#12033 = EDGE_CURVE('',#11794,#11914,#12034,.T.);
#12034 = SURFACE_CURVE('',#12035,(#12039,#12046),.PCURVE_S1.);
#12035 = LINE('',#12036,#12037);
#12036 = CARTESIAN_POINT('',(2.42E+03,476.,300.));
#12037 = VECTOR('',#12038,1.);
#12038 = DIRECTION('',(1.,0.,0.));
#12039 = PCURVE('',#11814,#12040);
#12040 = DEFINITIONAL_REPRESENTATION('',(#12041),#12045);
#12041 = LINE('',#12042,#12043);
#12042 = CARTESIAN_POINT('',(600.,0.));
#12043 = VECTOR('',#12044,1.);
#12044 = DIRECTION('',(0.,1.));
#12045 = ( GEOMETRIC_REPRESENTATION_CONTEXT(2) 
PARAMETRIC_REPRESENTATION_CONTEXT() REPRESENTATION_CONTEXT('2D SPACE',''
  ) );
#12046 = PCURVE('',#11896,#12047);
#12047 = DEFINITIONAL_REPRESENTATION('',(#12048),#12052);
#12048 = LINE('',#12049,#12050);
#12049 = CARTESIAN_POINT('',(0.,0.));
#12050 = VECTOR('',#12051,1.);
#12051 = DIRECTION('',(1.,0.));
#12052 = ( GEOMETRIC_REPRESENTATION_CONTEXT(2) 
PARAMETRIC_REPRESENTATION_CONTEXT() REPRESENTATION_CONTEXT('2D SPACE',''
  ) );
#12053 = ORIENTED_EDGE('',*,*,#11911,.F.);
#12054 = ADVANCED_FACE('',(#12055),#11870,.T.);
#12055 = FACE_BOUND('',#12056,.T.);
#12056 = EDGE_LOOP('',(#12057,#12078,#12079,#12100));
#12057 = ORIENTED_EDGE('',*,*,#12058,.F.);
#12058 = EDGE_CURVE('',#11827,#11942,#12059,.T.);
#12059 = SURFACE_CURVE('',#12060,(#12064,#12071),.PCURVE_S1.);
#12060 = LINE('',#12061,#12062);
#12061 = CARTESIAN_POINT('',(2.42E+03,480.,-300.));
#12062 = VECTOR('',#12063,1.);
#12063 = DIRECTION('',(1.,0.,0.));
#12064 = PCURVE('',#11870,#12065);
#12065 = DEFINITIONAL_REPRESENTATION('',(#12066),#12070);
#12066 = LINE('',#12067,#12068);
#12067 = CARTESIAN_POINT('',(0.,0.));
#12068 = VECTOR('',#12069,1.);
#12069 = DIRECTION('',(0.,1.));
#12070 = ( GEOMETRIC_REPRESENTATION_CONTEXT(2) 
PARAMETRIC_REPRESENTATION_CONTEXT() REPRESENTATION_CONTEXT('2D SPACE',''
  ) );
#12071 = PCURVE('',#11842,#12072);
#12072 = DEFINITIONAL_REPRESENTATION('',(#12073),#12077);
#12073 = LINE('',#12074,#12075);
#12074 = CARTESIAN_POINT('',(0.,4.));
#12075 = VECTOR('',#12076,1.);
#12076 = DIRECTION('',(1.,0.));
#12077 = ( GEOMETRIC_REPRESENTATION_CONTEXT(2) 
PARAMETRIC_REPRESENTATION_CONTEXT() REPRESENTATION_CONTEXT('2D SPACE',''
  ) );
#12078 = ORIENTED_EDGE('',*,*,#11854,.T.);
#12079 = ORIENTED_EDGE('',*,*,#12080,.T.);
#12080 = EDGE_CURVE('',#11855,#11965,#12081,.T.);
#12081 = SURFACE_CURVE('',#12082,(#12086,#12093),.PCURVE_S1.);
#12082 = LINE('',#12083,#12084);
#12083 = CARTESIAN_POINT('',(2.42E+03,480.,300.));
#12084 = VECTOR('',#12085,1.);
#12085 = DIRECTION('',(1.,0.,0.));
#12086 = PCURVE('',#11870,#12087);
#12087 = DEFINITIONAL_REPRESENTATION('',(#12088),#12092);
#12088 = LINE('',#12089,#12090);
#12089 = CARTESIAN_POINT('',(600.,0.));
#12090 = VECTOR('',#12091,1.);
#12091 = DIRECTION('',(0.,1.));
#12092 = ( GEOMETRIC_REPRESENTATION_CONTEXT(2) 
PARAMETRIC_REPRESENTATION_CONTEXT() REPRESENTATION_CONTEXT('2D SPACE',''
  ) );
#12093 = PCURVE('',#11896,#12094);
#12094 = DEFINITIONAL_REPRESENTATION('',(#12095),#12099);
#12095 = LINE('',#12096,#12097);
#12096 = CARTESIAN_POINT('',(0.,4.));
#12097 = VECTOR('',#12098,1.);
#12098 = DIRECTION('',(1.,0.));
#12099 = ( GEOMETRIC_REPRESENTATION_CONTEXT(2) 
PARAMETRIC_REPRESENTATION_CONTEXT() REPRESENTATION_CONTEXT('2D SPACE',''
  ) );
#12100 = ORIENTED_EDGE('',*,*,#11964,.F.);
#12101 = ADVANCED_FACE('',(#12102),#11842,.F.);
#12102 = FACE_BOUND('',#12103,.F.);
#12103 = EDGE_LOOP('',(#12104,#12105,#12106,#12107));
#12104 = ORIENTED_EDGE('',*,*,#11826,.F.);
#12105 = ORIENTED_EDGE('',*,*,#12011,.T.);
#12106 = ORIENTED_EDGE('',*,*,#11941,.T.);
#12107 = ORIENTED_EDGE('',*,*,#12058,.F.);
#12108 = ADVANCED_FACE('',(#12109),#11896,.T.);
#12109 = FACE_BOUND('',#12110,.T.);
#12110 = EDGE_LOOP('',(#12111,#12112,#12113,#12114));
#12111 = ORIENTED_EDGE('',*,*,#11882,.F.);
#12112 = ORIENTED_EDGE('',*,*,#12033,.T.);
#12113 = ORIENTED_EDGE('',*,*,#11987,.T.);
#12114 = ORIENTED_EDGE('',*,*,#12080,.F.);
#12115 = ( GEOMETRIC_REPRESENTATION_CONTEXT(3) 
GLOBAL_UNCERTAINTY_ASSIGNED_CONTEXT((#12119)) 
GLOBAL_UNIT_ASSIGNED_CONTEXT((#12116,#12117,#12118)) 
REPRESENTATION_CONTEXT('Context #1',
  '3D Context with UNIT and UNCERTAINTY') );
#12116 = ( LENGTH_UNIT() NAMED_UNIT(*) SI_UNIT($,.METRE.) );
#12117 = ( NAMED_UNIT(*) PLANE_ANGLE_UNIT() SI_UNIT($,.RADIAN.) );
#12118 = ( NAMED_UNIT(*) SI_UNIT($,.STERADIAN.) SOLID_ANGLE_UNIT() );
#12119 = UNCERTAINTY_MEASURE_WITH_UNIT(LENGTH_MEASURE(1.E-07),#12116,
  'distance_accuracy_value','confusion accuracy');
#12120 = PRODUCT_RELATED_PRODUCT_CATEGORY('part',$,(#11781));
#12121 = SHAPE_DEFINITION_REPRESENTATION(#12122,#12128);
#12122 = PRODUCT_DEFINITION_SHAPE('','',#12123);
#12123 = PRODUCT_DEFINITION('design','',#12124,#12127);
#12124 = PRODUCT_DEFINITION_FORMATION('','',#12125);
#12125 = PRODUCT('Rad_1_1','Rad_1_1','',(#12126));
#12126 = PRODUCT_CONTEXT('',#2,'mechanical');
#12127 = PRODUCT_DEFINITION_CONTEXT('part definition',#2,'design');
#12128 = ADVANCED_BREP_SHAPE_REPRESENTATION('',(#11,#12129),#12459);
#12129 = MANIFOLD_SOLID_BREP('',#12130);
#12130 = CLOSED_SHELL('',(#12131,#12251,#12351,#12398,#12445,#12452));
#12131 = ADVANCED_FACE('',(#12132),#12146,.F.);
#12132 = FACE_BOUND('',#12133,.F.);
#12133 = EDGE_LOOP('',(#12134,#12169,#12197,#12225));
#12134 = ORIENTED_EDGE('',*,*,#12135,.F.);
#12135 = EDGE_CURVE('',#12136,#12138,#12140,.T.);
#12136 = VERTEX_POINT('',#12137);
#12137 = CARTESIAN_POINT('',(3.28E+03,476.,-300.));
#12138 = VERTEX_POINT('',#12139);
#12139 = CARTESIAN_POINT('',(3.28E+03,476.,300.));
#12140 = SURFACE_CURVE('',#12141,(#12145,#12157),.PCURVE_S1.);
#12141 = LINE('',#12142,#12143);
#12142 = CARTESIAN_POINT('',(3.28E+03,476.,-300.));
#12143 = VECTOR('',#12144,1.);
#12144 = DIRECTION('',(0.,0.,1.));
#12145 = PCURVE('',#12146,#12151);
#12146 = PLANE('',#12147);
#12147 = AXIS2_PLACEMENT_3D('',#12148,#12149,#12150);
#12148 = CARTESIAN_POINT('',(3.28E+03,476.,-300.));
#12149 = DIRECTION('',(1.,0.,0.));
#12150 = DIRECTION('',(0.,0.,1.));
#12151 = DEFINITIONAL_REPRESENTATION('',(#12152),#12156);
#12152 = LINE('',#12153,#12154);
#12153 = CARTESIAN_POINT('',(0.,0.));
#12154 = VECTOR('',#12155,1.);
#12155 = DIRECTION('',(1.,0.));
#12156 = ( GEOMETRIC_REPRESENTATION_CONTEXT(2) 
PARAMETRIC_REPRESENTATION_CONTEXT() REPRESENTATION_CONTEXT('2D SPACE',''
  ) );
#12157 = PCURVE('',#12158,#12163);
#12158 = PLANE('',#12159);
#12159 = AXIS2_PLACEMENT_3D('',#12160,#12161,#12162);
#12160 = CARTESIAN_POINT('',(3.28E+03,476.,-300.));
#12161 = DIRECTION('',(0.,1.,0.));
#12162 = DIRECTION('',(0.,0.,1.));
#12163 = DEFINITIONAL_REPRESENTATION('',(#12164),#12168);
#12164 = LINE('',#12165,#12166);
#12165 = CARTESIAN_POINT('',(0.,0.));
#12166 = VECTOR('',#12167,1.);
#12167 = DIRECTION('',(1.,0.));
#12168 = ( GEOMETRIC_REPRESENTATION_CONTEXT(2) 
PARAMETRIC_REPRESENTATION_CONTEXT() REPRESENTATION_CONTEXT('2D SPACE',''
  ) );
#12169 = ORIENTED_EDGE('',*,*,#12170,.T.);
#12170 = EDGE_CURVE('',#12136,#12171,#12173,.T.);
#12171 = VERTEX_POINT('',#12172);
#12172 = CARTESIAN_POINT('',(3.28E+03,480.,-300.));
#12173 = SURFACE_CURVE('',#12174,(#12178,#12185),.PCURVE_S1.);
#12174 = LINE('',#12175,#12176);
#12175 = CARTESIAN_POINT('',(3.28E+03,476.,-300.));
#12176 = VECTOR('',#12177,1.);
#12177 = DIRECTION('',(0.,1.,0.));
#12178 = PCURVE('',#12146,#12179);
#12179 = DEFINITIONAL_REPRESENTATION('',(#12180),#12184);
#12180 = LINE('',#12181,#12182);
#12181 = CARTESIAN_POINT('',(0.,0.));
#12182 = VECTOR('',#12183,1.);
#12183 = DIRECTION('',(0.,-1.));
#12184 = ( GEOMETRIC_REPRESENTATION_CONTEXT(2) 
PARAMETRIC_REPRESENTATION_CONTEXT() REPRESENTATION_CONTEXT('2D SPACE',''
  ) );
#12185 = PCURVE('',#12186,#12191);
#12186 = PLANE('',#12187);
#12187 = AXIS2_PLACEMENT_3D('',#12188,#12189,#12190);
#12188 = CARTESIAN_POINT('',(3.28E+03,476.,-300.));
#12189 = DIRECTION('',(0.,0.,1.));
#12190 = DIRECTION('',(1.,0.,0.));
#12191 = DEFINITIONAL_REPRESENTATION('',(#12192),#12196);
#12192 = LINE('',#12193,#12194);
#12193 = CARTESIAN_POINT('',(0.,0.));
#12194 = VECTOR('',#12195,1.);
#12195 = DIRECTION('',(0.,1.));
#12196 = ( GEOMETRIC_REPRESENTATION_CONTEXT(2) 
PARAMETRIC_REPRESENTATION_CONTEXT() REPRESENTATION_CONTEXT('2D SPACE',''
  ) );
#12197 = ORIENTED_EDGE('',*,*,#12198,.T.);
#12198 = EDGE_CURVE('',#12171,#12199,#12201,.T.);
#12199 = VERTEX_POINT('',#12200);
#12200 = CARTESIAN_POINT('',(3.28E+03,480.,300.));
#12201 = SURFACE_CURVE('',#12202,(#12206,#12213),.PCURVE_S1.);
#12202 = LINE('',#12203,#12204);
#12203 = CARTESIAN_POINT('',(3.28E+03,480.,-300.));
#12204 = VECTOR('',#12205,1.);
#12205 = DIRECTION('',(0.,0.,1.));
#12206 = PCURVE('',#12146,#12207);
#12207 = DEFINITIONAL_REPRESENTATION('',(#12208),#12212);
#12208 = LINE('',#12209,#12210);
#12209 = CARTESIAN_POINT('',(0.,-4.));
#12210 = VECTOR('',#12211,1.);
#12211 = DIRECTION('',(1.,0.));
#12212 = ( GEOMETRIC_REPRESENTATION_CONTEXT(2) 
PARAMETRIC_REPRESENTATION_CONTEXT() REPRESENTATION_CONTEXT('2D SPACE',''
  ) );
#12213 = PCURVE('',#12214,#12219);
#12214 = PLANE('',#12215);
#12215 = AXIS2_PLACEMENT_3D('',#12216,#12217,#12218);
#12216 = CARTESIAN_POINT('',(3.28E+03,480.,-300.));
#12217 = DIRECTION('',(0.,1.,0.));
#12218 = DIRECTION('',(0.,0.,1.));
#12219 = DEFINITIONAL_REPRESENTATION('',(#12220),#12224);
#12220 = LINE('',#12221,#12222);
#12221 = CARTESIAN_POINT('',(0.,0.));
#12222 = VECTOR('',#12223,1.);
#12223 = DIRECTION('',(1.,0.));
#12224 = ( GEOMETRIC_REPRESENTATION_CONTEXT(2) 
PARAMETRIC_REPRESENTATION_CONTEXT() REPRESENTATION_CONTEXT('2D SPACE',''
  ) );
#12225 = ORIENTED_EDGE('',*,*,#12226,.F.);
#12226 = EDGE_CURVE('',#12138,#12199,#12227,.T.);
#12227 = SURFACE_CURVE('',#12228,(#12232,#12239),.PCURVE_S1.);
#12228 = LINE('',#12229,#12230);
#12229 = CARTESIAN_POINT('',(3.28E+03,476.,300.));
#12230 = VECTOR('',#12231,1.);
#12231 = DIRECTION('',(0.,1.,0.));
#12232 = PCURVE('',#12146,#12233);
#12233 = DEFINITIONAL_REPRESENTATION('',(#12234),#12238);
#12234 = LINE('',#12235,#12236);
#12235 = CARTESIAN_POINT('',(600.,0.));
#12236 = VECTOR('',#12237,1.);
#12237 = DIRECTION('',(0.,-1.));
#12238 = ( GEOMETRIC_REPRESENTATION_CONTEXT(2) 
PARAMETRIC_REPRESENTATION_CONTEXT() REPRESENTATION_CONTEXT('2D SPACE',''
  ) );
#12239 = PCURVE('',#12240,#12245);
#12240 = PLANE('',#12241);
#12241 = AXIS2_PLACEMENT_3D('',#12242,#12243,#12244);
#12242 = CARTESIAN_POINT('',(3.28E+03,476.,300.));
#12243 = DIRECTION('',(0.,0.,1.));
#12244 = DIRECTION('',(1.,0.,0.));
#12245 = DEFINITIONAL_REPRESENTATION('',(#12246),#12250);
#12246 = LINE('',#12247,#12248);
#12247 = CARTESIAN_POINT('',(0.,0.));
#12248 = VECTOR('',#12249,1.);
#12249 = DIRECTION('',(0.,1.));
#12250 = ( GEOMETRIC_REPRESENTATION_CONTEXT(2) 
PARAMETRIC_REPRESENTATION_CONTEXT() REPRESENTATION_CONTEXT('2D SPACE',''
  ) );
#12251 = ADVANCED_FACE('',(#12252),#12266,.T.);
#12252 = FACE_BOUND('',#12253,.T.);
#12253 = EDGE_LOOP('',(#12254,#12284,#12307,#12330));
#12254 = ORIENTED_EDGE('',*,*,#12255,.F.);
#12255 = EDGE_CURVE('',#12256,#12258,#12260,.T.);
#12256 = VERTEX_POINT('',#12257);
#12257 = CARTESIAN_POINT('',(4.08E+03,476.,-300.));
#12258 = VERTEX_POINT('',#12259);
#12259 = CARTESIAN_POINT('',(4.08E+03,476.,300.));
#12260 = SURFACE_CURVE('',#12261,(#12265,#12277),.PCURVE_S1.);
#12261 = LINE('',#12262,#12263);
#12262 = CARTESIAN_POINT('',(4.08E+03,476.,-300.));
#12263 = VECTOR('',#12264,1.);
#12264 = DIRECTION('',(0.,0.,1.));
#12265 = PCURVE('',#12266,#12271);
#12266 = PLANE('',#12267);
#12267 = AXIS2_PLACEMENT_3D('',#12268,#12269,#12270);
#12268 = CARTESIAN_POINT('',(4.08E+03,476.,-300.));
#12269 = DIRECTION('',(1.,0.,0.));
#12270 = DIRECTION('',(0.,0.,1.));
#12271 = DEFINITIONAL_REPRESENTATION('',(#12272),#12276);
#12272 = LINE('',#12273,#12274);
#12273 = CARTESIAN_POINT('',(0.,0.));
#12274 = VECTOR('',#12275,1.);
#12275 = DIRECTION('',(1.,0.));
#12276 = ( GEOMETRIC_REPRESENTATION_CONTEXT(2) 
PARAMETRIC_REPRESENTATION_CONTEXT() REPRESENTATION_CONTEXT('2D SPACE',''
  ) );
#12277 = PCURVE('',#12158,#12278);
#12278 = DEFINITIONAL_REPRESENTATION('',(#12279),#12283);
#12279 = LINE('',#12280,#12281);
#12280 = CARTESIAN_POINT('',(0.,800.));
#12281 = VECTOR('',#12282,1.);
#12282 = DIRECTION('',(1.,0.));
#12283 = ( GEOMETRIC_REPRESENTATION_CONTEXT(2) 
PARAMETRIC_REPRESENTATION_CONTEXT() REPRESENTATION_CONTEXT('2D SPACE',''
  ) );
#12284 = ORIENTED_EDGE('',*,*,#12285,.T.);
#12285 = EDGE_CURVE('',#12256,#12286,#12288,.T.);
#12286 = VERTEX_POINT('',#12287);
#12287 = CARTESIAN_POINT('',(4.08E+03,480.,-300.));
#12288 = SURFACE_CURVE('',#12289,(#12293,#12300),.PCURVE_S1.);
#12289 = LINE('',#12290,#12291);
#12290 = CARTESIAN_POINT('',(4.08E+03,476.,-300.));
#12291 = VECTOR('',#12292,1.);
#12292 = DIRECTION('',(0.,1.,0.));
#12293 = PCURVE('',#12266,#12294);
#12294 = DEFINITIONAL_REPRESENTATION('',(#12295),#12299);
#12295 = LINE('',#12296,#12297);
#12296 = CARTESIAN_POINT('',(0.,0.));
#12297 = VECTOR('',#12298,1.);
#12298 = DIRECTION('',(0.,-1.));
#12299 = ( GEOMETRIC_REPRESENTATION_CONTEXT(2) 
PARAMETRIC_REPRESENTATION_CONTEXT() REPRESENTATION_CONTEXT('2D SPACE',''
  ) );
#12300 = PCURVE('',#12186,#12301);
#12301 = DEFINITIONAL_REPRESENTATION('',(#12302),#12306);
#12302 = LINE('',#12303,#12304);
#12303 = CARTESIAN_POINT('',(800.,0.));
#12304 = VECTOR('',#12305,1.);
#12305 = DIRECTION('',(0.,1.));
#12306 = ( GEOMETRIC_REPRESENTATION_CONTEXT(2) 
PARAMETRIC_REPRESENTATION_CONTEXT() REPRESENTATION_CONTEXT('2D SPACE',''
  ) );
#12307 = ORIENTED_EDGE('',*,*,#12308,.T.);
#12308 = EDGE_CURVE('',#12286,#12309,#12311,.T.);
#12309 = VERTEX_POINT('',#12310);
#12310 = CARTESIAN_POINT('',(4.08E+03,480.,300.));
#12311 = SURFACE_CURVE('',#12312,(#12316,#12323),.PCURVE_S1.);
#12312 = LINE('',#12313,#12314);
#12313 = CARTESIAN_POINT('',(4.08E+03,480.,-300.));
#12314 = VECTOR('',#12315,1.);
#12315 = DIRECTION('',(0.,0.,1.));
#12316 = PCURVE('',#12266,#12317);
#12317 = DEFINITIONAL_REPRESENTATION('',(#12318),#12322);
#12318 = LINE('',#12319,#12320);
#12319 = CARTESIAN_POINT('',(0.,-4.));
#12320 = VECTOR('',#12321,1.);
#12321 = DIRECTION('',(1.,0.));
#12322 = ( GEOMETRIC_REPRESENTATION_CONTEXT(2) 
PARAMETRIC_REPRESENTATION_CONTEXT() REPRESENTATION_CONTEXT('2D SPACE',''
  ) );
#12323 = PCURVE('',#12214,#12324);
#12324 = DEFINITIONAL_REPRESENTATION('',(#12325),#12329);
#12325 = LINE('',#12326,#12327);
#12326 = CARTESIAN_POINT('',(0.,800.));
#12327 = VECTOR('',#12328,1.);
#12328 = DIRECTION('',(1.,0.));
#12329 = ( GEOMETRIC_REPRESENTATION_CONTEXT(2) 
PARAMETRIC_REPRESENTATION_CONTEXT() REPRESENTATION_CONTEXT('2D SPACE',''
  ) );
#12330 = ORIENTED_EDGE('',*,*,#12331,.F.);
#12331 = EDGE_CURVE('',#12258,#12309,#12332,.T.);
#12332 = SURFACE_CURVE('',#12333,(#12337,#12344),.PCURVE_S1.);
#12333 = LINE('',#12334,#12335);
#12334 = CARTESIAN_POINT('',(4.08E+03,476.,300.));
#12335 = VECTOR('',#12336,1.);
#12336 = DIRECTION('',(0.,1.,0.));
#12337 = PCURVE('',#12266,#12338);
#12338 = DEFINITIONAL_REPRESENTATION('',(#12339),#12343);
#12339 = LINE('',#12340,#12341);
#12340 = CARTESIAN_POINT('',(600.,0.));
#12341 = VECTOR('',#12342,1.);
#12342 = DIRECTION('',(0.,-1.));
#12343 = ( GEOMETRIC_REPRESENTATION_CONTEXT(2) 
PARAMETRIC_REPRESENTATION_CONTEXT() REPRESENTATION_CONTEXT('2D SPACE',''
  ) );
#12344 = PCURVE('',#12240,#12345);
#12345 = DEFINITIONAL_REPRESENTATION('',(#12346),#12350);
#12346 = LINE('',#12347,#12348);
#12347 = CARTESIAN_POINT('',(800.,0.));
#12348 = VECTOR('',#12349,1.);
#12349 = DIRECTION('',(0.,1.));
#12350 = ( GEOMETRIC_REPRESENTATION_CONTEXT(2) 
PARAMETRIC_REPRESENTATION_CONTEXT() REPRESENTATION_CONTEXT('2D SPACE',''
  ) );
#12351 = ADVANCED_FACE('',(#12352),#12158,.F.);
#12352 = FACE_BOUND('',#12353,.F.);
#12353 = EDGE_LOOP('',(#12354,#12375,#12376,#12397));
#12354 = ORIENTED_EDGE('',*,*,#12355,.F.);
#12355 = EDGE_CURVE('',#12136,#12256,#12356,.T.);
#12356 = SURFACE_CURVE('',#12357,(#12361,#12368),.PCURVE_S1.);
#12357 = LINE('',#12358,#12359);
#12358 = CARTESIAN_POINT('',(3.28E+03,476.,-300.));
#12359 = VECTOR('',#12360,1.);
#12360 = DIRECTION('',(1.,0.,0.));
#12361 = PCURVE('',#12158,#12362);
#12362 = DEFINITIONAL_REPRESENTATION('',(#12363),#12367);
#12363 = LINE('',#12364,#12365);
#12364 = CARTESIAN_POINT('',(0.,0.));
#12365 = VECTOR('',#12366,1.);
#12366 = DIRECTION('',(0.,1.));
#12367 = ( GEOMETRIC_REPRESENTATION_CONTEXT(2) 
PARAMETRIC_REPRESENTATION_CONTEXT() REPRESENTATION_CONTEXT('2D SPACE',''
  ) );
#12368 = PCURVE('',#12186,#12369);
#12369 = DEFINITIONAL_REPRESENTATION('',(#12370),#12374);
#12370 = LINE('',#12371,#12372);
#12371 = CARTESIAN_POINT('',(0.,0.));
#12372 = VECTOR('',#12373,1.);
#12373 = DIRECTION('',(1.,0.));
#12374 = ( GEOMETRIC_REPRESENTATION_CONTEXT(2) 
PARAMETRIC_REPRESENTATION_CONTEXT() REPRESENTATION_CONTEXT('2D SPACE',''
  ) );
#12375 = ORIENTED_EDGE('',*,*,#12135,.T.);
#12376 = ORIENTED_EDGE('',*,*,#12377,.T.);
#12377 = EDGE_CURVE('',#12138,#12258,#12378,.T.);
#12378 = SURFACE_CURVE('',#12379,(#12383,#12390),.PCURVE_S1.);
#12379 = LINE('',#12380,#12381);
#12380 = CARTESIAN_POINT('',(3.28E+03,476.,300.));
#12381 = VECTOR('',#12382,1.);
#12382 = DIRECTION('',(1.,0.,0.));
#12383 = PCURVE('',#12158,#12384);
#12384 = DEFINITIONAL_REPRESENTATION('',(#12385),#12389);
#12385 = LINE('',#12386,#12387);
#12386 = CARTESIAN_POINT('',(600.,0.));
#12387 = VECTOR('',#12388,1.);
#12388 = DIRECTION('',(0.,1.));
#12389 = ( GEOMETRIC_REPRESENTATION_CONTEXT(2) 
PARAMETRIC_REPRESENTATION_CONTEXT() REPRESENTATION_CONTEXT('2D SPACE',''
  ) );
#12390 = PCURVE('',#12240,#12391);
#12391 = DEFINITIONAL_REPRESENTATION('',(#12392),#12396);
#12392 = LINE('',#12393,#12394);
#12393 = CARTESIAN_POINT('',(0.,0.));
#12394 = VECTOR('',#12395,1.);
#12395 = DIRECTION('',(1.,0.));
#12396 = ( GEOMETRIC_REPRESENTATION_CONTEXT(2) 
PARAMETRIC_REPRESENTATION_CONTEXT() REPRESENTATION_CONTEXT('2D SPACE',''
  ) );
#12397 = ORIENTED_EDGE('',*,*,#12255,.F.);
#12398 = ADVANCED_FACE('',(#12399),#12214,.T.);
#12399 = FACE_BOUND('',#12400,.T.);
#12400 = EDGE_LOOP('',(#12401,#12422,#12423,#12444));
#12401 = ORIENTED_EDGE('',*,*,#12402,.F.);
#12402 = EDGE_CURVE('',#12171,#12286,#12403,.T.);
#12403 = SURFACE_CURVE('',#12404,(#12408,#12415),.PCURVE_S1.);
#12404 = LINE('',#12405,#12406);
#12405 = CARTESIAN_POINT('',(3.28E+03,480.,-300.));
#12406 = VECTOR('',#12407,1.);
#12407 = DIRECTION('',(1.,0.,0.));
#12408 = PCURVE('',#12214,#12409);
#12409 = DEFINITIONAL_REPRESENTATION('',(#12410),#12414);
#12410 = LINE('',#12411,#12412);
#12411 = CARTESIAN_POINT('',(0.,0.));
#12412 = VECTOR('',#12413,1.);
#12413 = DIRECTION('',(0.,1.));
#12414 = ( GEOMETRIC_REPRESENTATION_CONTEXT(2) 
PARAMETRIC_REPRESENTATION_CONTEXT() REPRESENTATION_CONTEXT('2D SPACE',''
  ) );
#12415 = PCURVE('',#12186,#12416);
#12416 = DEFINITIONAL_REPRESENTATION('',(#12417),#12421);
#12417 = LINE('',#12418,#12419);
#12418 = CARTESIAN_POINT('',(0.,4.));
#12419 = VECTOR('',#12420,1.);
#12420 = DIRECTION('',(1.,0.));
#12421 = ( GEOMETRIC_REPRESENTATION_CONTEXT(2) 
PARAMETRIC_REPRESENTATION_CONTEXT() REPRESENTATION_CONTEXT('2D SPACE',''
  ) );
#12422 = ORIENTED_EDGE('',*,*,#12198,.T.);
#12423 = ORIENTED_EDGE('',*,*,#12424,.T.);
#12424 = EDGE_CURVE('',#12199,#12309,#12425,.T.);
#12425 = SURFACE_CURVE('',#12426,(#12430,#12437),.PCURVE_S1.);
#12426 = LINE('',#12427,#12428);
#12427 = CARTESIAN_POINT('',(3.28E+03,480.,300.));
#12428 = VECTOR('',#12429,1.);
#12429 = DIRECTION('',(1.,0.,0.));
#12430 = PCURVE('',#12214,#12431);
#12431 = DEFINITIONAL_REPRESENTATION('',(#12432),#12436);
#12432 = LINE('',#12433,#12434);
#12433 = CARTESIAN_POINT('',(600.,0.));
#12434 = VECTOR('',#12435,1.);
#12435 = DIRECTION('',(0.,1.));
#12436 = ( GEOMETRIC_REPRESENTATION_CONTEXT(2) 
PARAMETRIC_REPRESENTATION_CONTEXT() REPRESENTATION_CONTEXT('2D SPACE',''
  ) );
#12437 = PCURVE('',#12240,#12438);
#12438 = DEFINITIONAL_REPRESENTATION('',(#12439),#12443);
#12439 = LINE('',#12440,#12441);
#12440 = CARTESIAN_POINT('',(0.,4.));
#12441 = VECTOR('',#12442,1.);
#12442 = DIRECTION('',(1.,0.));
#12443 = ( GEOMETRIC_REPRESENTATION_CONTEXT(2) 
PARAMETRIC_REPRESENTATION_CONTEXT() REPRESENTATION_CONTEXT('2D SPACE',''
  ) );
#12444 = ORIENTED_EDGE('',*,*,#12308,.F.);
#12445 = ADVANCED_FACE('',(#12446),#12186,.F.);
#12446 = FACE_BOUND('',#12447,.F.);
#12447 = EDGE_LOOP('',(#12448,#12449,#12450,#12451));
#12448 = ORIENTED_EDGE('',*,*,#12170,.F.);
#12449 = ORIENTED_EDGE('',*,*,#12355,.T.);
#12450 = ORIENTED_EDGE('',*,*,#12285,.T.);
#12451 = ORIENTED_EDGE('',*,*,#12402,.F.);
#12452 = ADVANCED_FACE('',(#12453),#12240,.T.);
#12453 = FACE_BOUND('',#12454,.T.);
#12454 = EDGE_LOOP('',(#12455,#12456,#12457,#12458));
#12455 = ORIENTED_EDGE('',*,*,#12226,.F.);
#12456 = ORIENTED_EDGE('',*,*,#12377,.T.);
#12457 = ORIENTED_EDGE('',*,*,#12331,.T.);
#12458 = ORIENTED_EDGE('',*,*,#12424,.F.);
#12459 = ( GEOMETRIC_REPRESENTATION_CONTEXT(3) 
GLOBAL_UNCERTAINTY_ASSIGNED_CONTEXT((#12463)) 
GLOBAL_UNIT_ASSIGNED_CONTEXT((#12460,#12461,#12462)) 
REPRESENTATION_CONTEXT('Context #1',
  '3D Context with UNIT and UNCERTAINTY') );
#12460 = ( LENGTH_UNIT() NAMED_UNIT(*) SI_UNIT($,.METRE.) );
#12461 = ( NAMED_UNIT(*) PLANE_ANGLE_UNIT() SI_UNIT($,.RADIAN.) );
#12462 = ( NAMED_UNIT(*) SI_UNIT($,.STERADIAN.) SOLID_ANGLE_UNIT() );
#12463 = UNCERTAINTY_MEASURE_WITH_UNIT(LENGTH_MEASURE(1.E-07),#12460,
  'distance_accuracy_value','confusion accuracy');
#12464 = PRODUCT_RELATED_PRODUCT_CATEGORY('part',$,(#12125));
#12465 = SHAPE_DEFINITION_REPRESENTATION(#12466,#12472);
#12466 = PRODUCT_DEFINITION_SHAPE('','',#12467);
#12467 = PRODUCT_DEFINITION('design','',#12468,#12471);
#12468 = PRODUCT_DEFINITION_FORMATION('','',#12469);
#12469 = PRODUCT('Rad_3_1','Rad_3_1','',(#12470));
#12470 = PRODUCT_CONTEXT('',#2,'mechanical');
#12471 = PRODUCT_DEFINITION_CONTEXT('part definition',#2,'design');
#12472 = ADVANCED_BREP_SHAPE_REPRESENTATION('',(#11,#12473),#12803);
#12473 = MANIFOLD_SOLID_BREP('',#12474);
#12474 = CLOSED_SHELL('',(#12475,#12595,#12695,#12742,#12789,#12796));
#12475 = ADVANCED_FACE('',(#12476),#12490,.F.);
#12476 = FACE_BOUND('',#12477,.F.);
#12477 = EDGE_LOOP('',(#12478,#12513,#12541,#12569));
#12478 = ORIENTED_EDGE('',*,*,#12479,.F.);
#12479 = EDGE_CURVE('',#12480,#12482,#12484,.T.);
#12480 = VERTEX_POINT('',#12481);
#12481 = CARTESIAN_POINT('',(5.E+03,476.,-300.));
#12482 = VERTEX_POINT('',#12483);
#12483 = CARTESIAN_POINT('',(5.E+03,476.,300.));
#12484 = SURFACE_CURVE('',#12485,(#12489,#12501),.PCURVE_S1.);
#12485 = LINE('',#12486,#12487);
#12486 = CARTESIAN_POINT('',(5.E+03,476.,-300.));
#12487 = VECTOR('',#12488,1.);
#12488 = DIRECTION('',(0.,0.,1.));
#12489 = PCURVE('',#12490,#12495);
#12490 = PLANE('',#12491);
#12491 = AXIS2_PLACEMENT_3D('',#12492,#12493,#12494);
#12492 = CARTESIAN_POINT('',(5.E+03,476.,-300.));
#12493 = DIRECTION('',(1.,0.,0.));
#12494 = DIRECTION('',(0.,0.,1.));
#12495 = DEFINITIONAL_REPRESENTATION('',(#12496),#12500);
#12496 = LINE('',#12497,#12498);
#12497 = CARTESIAN_POINT('',(0.,0.));
#12498 = VECTOR('',#12499,1.);
#12499 = DIRECTION('',(1.,0.));
#12500 = ( GEOMETRIC_REPRESENTATION_CONTEXT(2) 
PARAMETRIC_REPRESENTATION_CONTEXT() REPRESENTATION_CONTEXT('2D SPACE',''
  ) );
#12501 = PCURVE('',#12502,#12507);
#12502 = PLANE('',#12503);
#12503 = AXIS2_PLACEMENT_3D('',#12504,#12505,#12506);
#12504 = CARTESIAN_POINT('',(5.E+03,476.,-300.));
#12505 = DIRECTION('',(0.,1.,0.));
#12506 = DIRECTION('',(0.,0.,1.));
#12507 = DEFINITIONAL_REPRESENTATION('',(#12508),#12512);
#12508 = LINE('',#12509,#12510);
#12509 = CARTESIAN_POINT('',(0.,0.));
#12510 = VECTOR('',#12511,1.);
#12511 = DIRECTION('',(1.,0.));
#12512 = ( GEOMETRIC_REPRESENTATION_CONTEXT(2) 
PARAMETRIC_REPRESENTATION_CONTEXT() REPRESENTATION_CONTEXT('2D SPACE',''
  ) );
#12513 = ORIENTED_EDGE('',*,*,#12514,.T.);
#12514 = EDGE_CURVE('',#12480,#12515,#12517,.T.);
#12515 = VERTEX_POINT('',#12516);
#12516 = CARTESIAN_POINT('',(5.E+03,480.,-300.));
#12517 = SURFACE_CURVE('',#12518,(#12522,#12529),.PCURVE_S1.);
#12518 = LINE('',#12519,#12520);
#12519 = CARTESIAN_POINT('',(5.E+03,476.,-300.));
#12520 = VECTOR('',#12521,1.);
#12521 = DIRECTION('',(0.,1.,0.));
#12522 = PCURVE('',#12490,#12523);
#12523 = DEFINITIONAL_REPRESENTATION('',(#12524),#12528);
#12524 = LINE('',#12525,#12526);
#12525 = CARTESIAN_POINT('',(0.,0.));
#12526 = VECTOR('',#12527,1.);
#12527 = DIRECTION('',(0.,-1.));
#12528 = ( GEOMETRIC_REPRESENTATION_CONTEXT(2) 
PARAMETRIC_REPRESENTATION_CONTEXT() REPRESENTATION_CONTEXT('2D SPACE',''
  ) );
#12529 = PCURVE('',#12530,#12535);
#12530 = PLANE('',#12531);
#12531 = AXIS2_PLACEMENT_3D('',#12532,#12533,#12534);
#12532 = CARTESIAN_POINT('',(5.E+03,476.,-300.));
#12533 = DIRECTION('',(0.,0.,1.));
#12534 = DIRECTION('',(1.,0.,0.));
#12535 = DEFINITIONAL_REPRESENTATION('',(#12536),#12540);
#12536 = LINE('',#12537,#12538);
#12537 = CARTESIAN_POINT('',(0.,0.));
#12538 = VECTOR('',#12539,1.);
#12539 = DIRECTION('',(0.,1.));
#12540 = ( GEOMETRIC_REPRESENTATION_CONTEXT(2) 
PARAMETRIC_REPRESENTATION_CONTEXT() REPRESENTATION_CONTEXT('2D SPACE',''
  ) );
#12541 = ORIENTED_EDGE('',*,*,#12542,.T.);
#12542 = EDGE_CURVE('',#12515,#12543,#12545,.T.);
#12543 = VERTEX_POINT('',#12544);
#12544 = CARTESIAN_POINT('',(5.E+03,480.,300.));
#12545 = SURFACE_CURVE('',#12546,(#12550,#12557),.PCURVE_S1.);
#12546 = LINE('',#12547,#12548);
#12547 = CARTESIAN_POINT('',(5.E+03,480.,-300.));
#12548 = VECTOR('',#12549,1.);
#12549 = DIRECTION('',(0.,0.,1.));
#12550 = PCURVE('',#12490,#12551);
#12551 = DEFINITIONAL_REPRESENTATION('',(#12552),#12556);
#12552 = LINE('',#12553,#12554);
#12553 = CARTESIAN_POINT('',(0.,-4.));
#12554 = VECTOR('',#12555,1.);
#12555 = DIRECTION('',(1.,0.));
#12556 = ( GEOMETRIC_REPRESENTATION_CONTEXT(2) 
PARAMETRIC_REPRESENTATION_CONTEXT() REPRESENTATION_CONTEXT('2D SPACE',''
  ) );
#12557 = PCURVE('',#12558,#12563);
#12558 = PLANE('',#12559);
#12559 = AXIS2_PLACEMENT_3D('',#12560,#12561,#12562);
#12560 = CARTESIAN_POINT('',(5.E+03,480.,-300.));
#12561 = DIRECTION('',(0.,1.,0.));
#12562 = DIRECTION('',(0.,0.,1.));
#12563 = DEFINITIONAL_REPRESENTATION('',(#12564),#12568);
#12564 = LINE('',#12565,#12566);
#12565 = CARTESIAN_POINT('',(0.,0.));
#12566 = VECTOR('',#12567,1.);
#12567 = DIRECTION('',(1.,0.));
#12568 = ( GEOMETRIC_REPRESENTATION_CONTEXT(2) 
PARAMETRIC_REPRESENTATION_CONTEXT() REPRESENTATION_CONTEXT('2D SPACE',''
  ) );
#12569 = ORIENTED_EDGE('',*,*,#12570,.F.);
#12570 = EDGE_CURVE('',#12482,#12543,#12571,.T.);
#12571 = SURFACE_CURVE('',#12572,(#12576,#12583),.PCURVE_S1.);
#12572 = LINE('',#12573,#12574);
#12573 = CARTESIAN_POINT('',(5.E+03,476.,300.));
#12574 = VECTOR('',#12575,1.);
#12575 = DIRECTION('',(0.,1.,0.));
#12576 = PCURVE('',#12490,#12577);
#12577 = DEFINITIONAL_REPRESENTATION('',(#12578),#12582);
#12578 = LINE('',#12579,#12580);
#12579 = CARTESIAN_POINT('',(600.,0.));
#12580 = VECTOR('',#12581,1.);
#12581 = DIRECTION('',(0.,-1.));
#12582 = ( GEOMETRIC_REPRESENTATION_CONTEXT(2) 
PARAMETRIC_REPRESENTATION_CONTEXT() REPRESENTATION_CONTEXT('2D SPACE',''
  ) );
#12583 = PCURVE('',#12584,#12589);
#12584 = PLANE('',#12585);
#12585 = AXIS2_PLACEMENT_3D('',#12586,#12587,#12588);
#12586 = CARTESIAN_POINT('',(5.E+03,476.,300.));
#12587 = DIRECTION('',(0.,0.,1.));
#12588 = DIRECTION('',(1.,0.,0.));
#12589 = DEFINITIONAL_REPRESENTATION('',(#12590),#12594);
#12590 = LINE('',#12591,#12592);
#12591 = CARTESIAN_POINT('',(0.,0.));
#12592 = VECTOR('',#12593,1.);
#12593 = DIRECTION('',(0.,1.));
#12594 = ( GEOMETRIC_REPRESENTATION_CONTEXT(2) 
PARAMETRIC_REPRESENTATION_CONTEXT() REPRESENTATION_CONTEXT('2D SPACE',''
  ) );
#12595 = ADVANCED_FACE('',(#12596),#12610,.T.);
#12596 = FACE_BOUND('',#12597,.T.);
#12597 = EDGE_LOOP('',(#12598,#12628,#12651,#12674));
#12598 = ORIENTED_EDGE('',*,*,#12599,.F.);
#12599 = EDGE_CURVE('',#12600,#12602,#12604,.T.);
#12600 = VERTEX_POINT('',#12601);
#12601 = CARTESIAN_POINT('',(5.8E+03,476.,-300.));
#12602 = VERTEX_POINT('',#12603);
#12603 = CARTESIAN_POINT('',(5.8E+03,476.,300.));
#12604 = SURFACE_CURVE('',#12605,(#12609,#12621),.PCURVE_S1.);
#12605 = LINE('',#12606,#12607);
#12606 = CARTESIAN_POINT('',(5.8E+03,476.,-300.));
#12607 = VECTOR('',#12608,1.);
#12608 = DIRECTION('',(0.,0.,1.));
#12609 = PCURVE('',#12610,#12615);
#12610 = PLANE('',#12611);
#12611 = AXIS2_PLACEMENT_3D('',#12612,#12613,#12614);
#12612 = CARTESIAN_POINT('',(5.8E+03,476.,-300.));
#12613 = DIRECTION('',(1.,0.,0.));
#12614 = DIRECTION('',(0.,0.,1.));
#12615 = DEFINITIONAL_REPRESENTATION('',(#12616),#12620);
#12616 = LINE('',#12617,#12618);
#12617 = CARTESIAN_POINT('',(0.,0.));
#12618 = VECTOR('',#12619,1.);
#12619 = DIRECTION('',(1.,0.));
#12620 = ( GEOMETRIC_REPRESENTATION_CONTEXT(2) 
PARAMETRIC_REPRESENTATION_CONTEXT() REPRESENTATION_CONTEXT('2D SPACE',''
  ) );
#12621 = PCURVE('',#12502,#12622);
#12622 = DEFINITIONAL_REPRESENTATION('',(#12623),#12627);
#12623 = LINE('',#12624,#12625);
#12624 = CARTESIAN_POINT('',(0.,800.));
#12625 = VECTOR('',#12626,1.);
#12626 = DIRECTION('',(1.,0.));
#12627 = ( GEOMETRIC_REPRESENTATION_CONTEXT(2) 
PARAMETRIC_REPRESENTATION_CONTEXT() REPRESENTATION_CONTEXT('2D SPACE',''
  ) );
#12628 = ORIENTED_EDGE('',*,*,#12629,.T.);
#12629 = EDGE_CURVE('',#12600,#12630,#12632,.T.);
#12630 = VERTEX_POINT('',#12631);
#12631 = CARTESIAN_POINT('',(5.8E+03,480.,-300.));
#12632 = SURFACE_CURVE('',#12633,(#12637,#12644),.PCURVE_S1.);
#12633 = LINE('',#12634,#12635);
#12634 = CARTESIAN_POINT('',(5.8E+03,476.,-300.));
#12635 = VECTOR('',#12636,1.);
#12636 = DIRECTION('',(0.,1.,0.));
#12637 = PCURVE('',#12610,#12638);
#12638 = DEFINITIONAL_REPRESENTATION('',(#12639),#12643);
#12639 = LINE('',#12640,#12641);
#12640 = CARTESIAN_POINT('',(0.,0.));
#12641 = VECTOR('',#12642,1.);
#12642 = DIRECTION('',(0.,-1.));
#12643 = ( GEOMETRIC_REPRESENTATION_CONTEXT(2) 
PARAMETRIC_REPRESENTATION_CONTEXT() REPRESENTATION_CONTEXT('2D SPACE',''
  ) );
#12644 = PCURVE('',#12530,#12645);
#12645 = DEFINITIONAL_REPRESENTATION('',(#12646),#12650);
#12646 = LINE('',#12647,#12648);
#12647 = CARTESIAN_POINT('',(800.,0.));
#12648 = VECTOR('',#12649,1.);
#12649 = DIRECTION('',(0.,1.));
#12650 = ( GEOMETRIC_REPRESENTATION_CONTEXT(2) 
PARAMETRIC_REPRESENTATION_CONTEXT() REPRESENTATION_CONTEXT('2D SPACE',''
  ) );
#12651 = ORIENTED_EDGE('',*,*,#12652,.T.);
#12652 = EDGE_CURVE('',#12630,#12653,#12655,.T.);
#12653 = VERTEX_POINT('',#12654);
#12654 = CARTESIAN_POINT('',(5.8E+03,480.,300.));
#12655 = SURFACE_CURVE('',#12656,(#12660,#12667),.PCURVE_S1.);
#12656 = LINE('',#12657,#12658);
#12657 = CARTESIAN_POINT('',(5.8E+03,480.,-300.));
#12658 = VECTOR('',#12659,1.);
#12659 = DIRECTION('',(0.,0.,1.));
#12660 = PCURVE('',#12610,#12661);
#12661 = DEFINITIONAL_REPRESENTATION('',(#12662),#12666);
#12662 = LINE('',#12663,#12664);
#12663 = CARTESIAN_POINT('',(0.,-4.));
#12664 = VECTOR('',#12665,1.);
#12665 = DIRECTION('',(1.,0.));
#12666 = ( GEOMETRIC_REPRESENTATION_CONTEXT(2) 
PARAMETRIC_REPRESENTATION_CONTEXT() REPRESENTATION_CONTEXT('2D SPACE',''
  ) );
#12667 = PCURVE('',#12558,#12668);
#12668 = DEFINITIONAL_REPRESENTATION('',(#12669),#12673);
#12669 = LINE('',#12670,#12671);
#12670 = CARTESIAN_POINT('',(0.,800.));
#12671 = VECTOR('',#12672,1.);
#12672 = DIRECTION('',(1.,0.));
#12673 = ( GEOMETRIC_REPRESENTATION_CONTEXT(2) 
PARAMETRIC_REPRESENTATION_CONTEXT() REPRESENTATION_CONTEXT('2D SPACE',''
  ) );
#12674 = ORIENTED_EDGE('',*,*,#12675,.F.);
#12675 = EDGE_CURVE('',#12602,#12653,#12676,.T.);
#12676 = SURFACE_CURVE('',#12677,(#12681,#12688),.PCURVE_S1.);
#12677 = LINE('',#12678,#12679);
#12678 = CARTESIAN_POINT('',(5.8E+03,476.,300.));
#12679 = VECTOR('',#12680,1.);
#12680 = DIRECTION('',(0.,1.,0.));
#12681 = PCURVE('',#12610,#12682);
#12682 = DEFINITIONAL_REPRESENTATION('',(#12683),#12687);
#12683 = LINE('',#12684,#12685);
#12684 = CARTESIAN_POINT('',(600.,0.));
#12685 = VECTOR('',#12686,1.);
#12686 = DIRECTION('',(0.,-1.));
#12687 = ( GEOMETRIC_REPRESENTATION_CONTEXT(2) 
PARAMETRIC_REPRESENTATION_CONTEXT() REPRESENTATION_CONTEXT('2D SPACE',''
  ) );
#12688 = PCURVE('',#12584,#12689);
#12689 = DEFINITIONAL_REPRESENTATION('',(#12690),#12694);
#12690 = LINE('',#12691,#12692);
#12691 = CARTESIAN_POINT('',(800.,0.));
#12692 = VECTOR('',#12693,1.);
#12693 = DIRECTION('',(0.,1.));
#12694 = ( GEOMETRIC_REPRESENTATION_CONTEXT(2) 
PARAMETRIC_REPRESENTATION_CONTEXT() REPRESENTATION_CONTEXT('2D SPACE',''
  ) );
#12695 = ADVANCED_FACE('',(#12696),#12502,.F.);
#12696 = FACE_BOUND('',#12697,.F.);
#12697 = EDGE_LOOP('',(#12698,#12719,#12720,#12741));
#12698 = ORIENTED_EDGE('',*,*,#12699,.F.);
#12699 = EDGE_CURVE('',#12480,#12600,#12700,.T.);
#12700 = SURFACE_CURVE('',#12701,(#12705,#12712),.PCURVE_S1.);
#12701 = LINE('',#12702,#12703);
#12702 = CARTESIAN_POINT('',(5.E+03,476.,-300.));
#12703 = VECTOR('',#12704,1.);
#12704 = DIRECTION('',(1.,0.,0.));
#12705 = PCURVE('',#12502,#12706);
#12706 = DEFINITIONAL_REPRESENTATION('',(#12707),#12711);
#12707 = LINE('',#12708,#12709);
#12708 = CARTESIAN_POINT('',(0.,0.));
#12709 = VECTOR('',#12710,1.);
#12710 = DIRECTION('',(0.,1.));
#12711 = ( GEOMETRIC_REPRESENTATION_CONTEXT(2) 
PARAMETRIC_REPRESENTATION_CONTEXT() REPRESENTATION_CONTEXT('2D SPACE',''
  ) );
#12712 = PCURVE('',#12530,#12713);
#12713 = DEFINITIONAL_REPRESENTATION('',(#12714),#12718);
#12714 = LINE('',#12715,#12716);
#12715 = CARTESIAN_POINT('',(0.,0.));
#12716 = VECTOR('',#12717,1.);
#12717 = DIRECTION('',(1.,0.));
#12718 = ( GEOMETRIC_REPRESENTATION_CONTEXT(2) 
PARAMETRIC_REPRESENTATION_CONTEXT() REPRESENTATION_CONTEXT('2D SPACE',''
  ) );
#12719 = ORIENTED_EDGE('',*,*,#12479,.T.);
#12720 = ORIENTED_EDGE('',*,*,#12721,.T.);
#12721 = EDGE_CURVE('',#12482,#12602,#12722,.T.);
#12722 = SURFACE_CURVE('',#12723,(#12727,#12734),.PCURVE_S1.);
#12723 = LINE('',#12724,#12725);
#12724 = CARTESIAN_POINT('',(5.E+03,476.,300.));
#12725 = VECTOR('',#12726,1.);
#12726 = DIRECTION('',(1.,0.,0.));
#12727 = PCURVE('',#12502,#12728);
#12728 = DEFINITIONAL_REPRESENTATION('',(#12729),#12733);
#12729 = LINE('',#12730,#12731);
#12730 = CARTESIAN_POINT('',(600.,0.));
#12731 = VECTOR('',#12732,1.);
#12732 = DIRECTION('',(0.,1.));
#12733 = ( GEOMETRIC_REPRESENTATION_CONTEXT(2) 
PARAMETRIC_REPRESENTATION_CONTEXT() REPRESENTATION_CONTEXT('2D SPACE',''
  ) );
#12734 = PCURVE('',#12584,#12735);
#12735 = DEFINITIONAL_REPRESENTATION('',(#12736),#12740);
#12736 = LINE('',#12737,#12738);
#12737 = CARTESIAN_POINT('',(0.,0.));
#12738 = VECTOR('',#12739,1.);
#12739 = DIRECTION('',(1.,0.));
#12740 = ( GEOMETRIC_REPRESENTATION_CONTEXT(2) 
PARAMETRIC_REPRESENTATION_CONTEXT() REPRESENTATION_CONTEXT('2D SPACE',''
  ) );
#12741 = ORIENTED_EDGE('',*,*,#12599,.F.);
#12742 = ADVANCED_FACE('',(#12743),#12558,.T.);
#12743 = FACE_BOUND('',#12744,.T.);
#12744 = EDGE_LOOP('',(#12745,#12766,#12767,#12788));
#12745 = ORIENTED_EDGE('',*,*,#12746,.F.);
#12746 = EDGE_CURVE('',#12515,#12630,#12747,.T.);
#12747 = SURFACE_CURVE('',#12748,(#12752,#12759),.PCURVE_S1.);
#12748 = LINE('',#12749,#12750);
#12749 = CARTESIAN_POINT('',(5.E+03,480.,-300.));
#12750 = VECTOR('',#12751,1.);
#12751 = DIRECTION('',(1.,0.,0.));
#12752 = PCURVE('',#12558,#12753);
#12753 = DEFINITIONAL_REPRESENTATION('',(#12754),#12758);
#12754 = LINE('',#12755,#12756);
#12755 = CARTESIAN_POINT('',(0.,0.));
#12756 = VECTOR('',#12757,1.);
#12757 = DIRECTION('',(0.,1.));
#12758 = ( GEOMETRIC_REPRESENTATION_CONTEXT(2) 
PARAMETRIC_REPRESENTATION_CONTEXT() REPRESENTATION_CONTEXT('2D SPACE',''
  ) );
#12759 = PCURVE('',#12530,#12760);
#12760 = DEFINITIONAL_REPRESENTATION('',(#12761),#12765);
#12761 = LINE('',#12762,#12763);
#12762 = CARTESIAN_POINT('',(0.,4.));
#12763 = VECTOR('',#12764,1.);
#12764 = DIRECTION('',(1.,0.));
#12765 = ( GEOMETRIC_REPRESENTATION_CONTEXT(2) 
PARAMETRIC_REPRESENTATION_CONTEXT() REPRESENTATION_CONTEXT('2D SPACE',''
  ) );
#12766 = ORIENTED_EDGE('',*,*,#12542,.T.);
#12767 = ORIENTED_EDGE('',*,*,#12768,.T.);
#12768 = EDGE_CURVE('',#12543,#12653,#12769,.T.);
#12769 = SURFACE_CURVE('',#12770,(#12774,#12781),.PCURVE_S1.);
#12770 = LINE('',#12771,#12772);
#12771 = CARTESIAN_POINT('',(5.E+03,480.,300.));
#12772 = VECTOR('',#12773,1.);
#12773 = DIRECTION('',(1.,0.,0.));
#12774 = PCURVE('',#12558,#12775);
#12775 = DEFINITIONAL_REPRESENTATION('',(#12776),#12780);
#12776 = LINE('',#12777,#12778);
#12777 = CARTESIAN_POINT('',(600.,0.));
#12778 = VECTOR('',#12779,1.);
#12779 = DIRECTION('',(0.,1.));
#12780 = ( GEOMETRIC_REPRESENTATION_CONTEXT(2) 
PARAMETRIC_REPRESENTATION_CONTEXT() REPRESENTATION_CONTEXT('2D SPACE',''
  ) );
#12781 = PCURVE('',#12584,#12782);
#12782 = DEFINITIONAL_REPRESENTATION('',(#12783),#12787);
#12783 = LINE('',#12784,#12785);
#12784 = CARTESIAN_POINT('',(0.,4.));
#12785 = VECTOR('',#12786,1.);
#12786 = DIRECTION('',(1.,0.));
#12787 = ( GEOMETRIC_REPRESENTATION_CONTEXT(2) 
PARAMETRIC_REPRESENTATION_CONTEXT() REPRESENTATION_CONTEXT('2D SPACE',''
  ) );
#12788 = ORIENTED_EDGE('',*,*,#12652,.F.);
#12789 = ADVANCED_FACE('',(#12790),#12530,.F.);
#12790 = FACE_BOUND('',#12791,.F.);
#12791 = EDGE_LOOP('',(#12792,#12793,#12794,#12795));
#12792 = ORIENTED_EDGE('',*,*,#12514,.F.);
#12793 = ORIENTED_EDGE('',*,*,#12699,.T.);
#12794 = ORIENTED_EDGE('',*,*,#12629,.T.);
#12795 = ORIENTED_EDGE('',*,*,#12746,.F.);
#12796 = ADVANCED_FACE('',(#12797),#12584,.T.);
#12797 = FACE_BOUND('',#12798,.T.);
#12798 = EDGE_LOOP('',(#12799,#12800,#12801,#12802));
#12799 = ORIENTED_EDGE('',*,*,#12570,.F.);
#12800 = ORIENTED_EDGE('',*,*,#12721,.T.);
#12801 = ORIENTED_EDGE('',*,*,#12675,.T.);
#12802 = ORIENTED_EDGE('',*,*,#12768,.F.);
#12803 = ( GEOMETRIC_REPRESENTATION_CONTEXT(3) 
GLOBAL_UNCERTAINTY_ASSIGNED_CONTEXT((#12807)) 
GLOBAL_UNIT_ASSIGNED_CONTEXT((#12804,#12805,#12806)) 
REPRESENTATION_CONTEXT('Context #1',
  '3D Context with UNIT and UNCERTAINTY') );
#12804 = ( LENGTH_UNIT() NAMED_UNIT(*) SI_UNIT($,.METRE.) );
#12805 = ( NAMED_UNIT(*) PLANE_ANGLE_UNIT() SI_UNIT($,.RADIAN.) );
#12806 = ( NAMED_UNIT(*) SI_UNIT($,.STERADIAN.) SOLID_ANGLE_UNIT() );
#12807 = UNCERTAINTY_MEASURE_WITH_UNIT(LENGTH_MEASURE(1.E-07),#12804,
  'distance_accuracy_value','confusion accuracy');
#12808 = PRODUCT_RELATED_PRODUCT_CATEGORY('part',$,(#12469));
#12809 = SHAPE_DEFINITION_REPRESENTATION(#12810,#12816);
#12810 = PRODUCT_DEFINITION_SHAPE('','',#12811);
#12811 = PRODUCT_DEFINITION('design','',#12812,#12815);
#12812 = PRODUCT_DEFINITION_FORMATION('','',#12813);
#12813 = PRODUCT('Rad_4__1','Rad_4__1','',(#12814));
#12814 = PRODUCT_CONTEXT('',#2,'mechanical');
#12815 = PRODUCT_DEFINITION_CONTEXT('part definition',#2,'design');
#12816 = ADVANCED_BREP_SHAPE_REPRESENTATION('',(#11,#12817),#13147);
#12817 = MANIFOLD_SOLID_BREP('',#12818);
#12818 = CLOSED_SHELL('',(#12819,#12939,#13039,#13086,#13133,#13140));
#12819 = ADVANCED_FACE('',(#12820),#12834,.F.);
#12820 = FACE_BOUND('',#12821,.F.);
#12821 = EDGE_LOOP('',(#12822,#12857,#12885,#12913));
#12822 = ORIENTED_EDGE('',*,*,#12823,.F.);
#12823 = EDGE_CURVE('',#12824,#12826,#12828,.T.);
#12824 = VERTEX_POINT('',#12825);
#12825 = CARTESIAN_POINT('',(5.86E+03,-480.,-300.));
#12826 = VERTEX_POINT('',#12827);
#12827 = CARTESIAN_POINT('',(5.86E+03,-480.,300.));
#12828 = SURFACE_CURVE('',#12829,(#12833,#12845),.PCURVE_S1.);
#12829 = LINE('',#12830,#12831);
#12830 = CARTESIAN_POINT('',(5.86E+03,-480.,-300.));
#12831 = VECTOR('',#12832,1.);
#12832 = DIRECTION('',(0.,0.,1.));
#12833 = PCURVE('',#12834,#12839);
#12834 = PLANE('',#12835);
#12835 = AXIS2_PLACEMENT_3D('',#12836,#12837,#12838);
#12836 = CARTESIAN_POINT('',(5.86E+03,-480.,-300.));
#12837 = DIRECTION('',(1.,0.,0.));
#12838 = DIRECTION('',(0.,0.,1.));
#12839 = DEFINITIONAL_REPRESENTATION('',(#12840),#12844);
#12840 = LINE('',#12841,#12842);
#12841 = CARTESIAN_POINT('',(0.,0.));
#12842 = VECTOR('',#12843,1.);
#12843 = DIRECTION('',(1.,0.));
#12844 = ( GEOMETRIC_REPRESENTATION_CONTEXT(2) 
PARAMETRIC_REPRESENTATION_CONTEXT() REPRESENTATION_CONTEXT('2D SPACE',''
  ) );
#12845 = PCURVE('',#12846,#12851);
#12846 = PLANE('',#12847);
#12847 = AXIS2_PLACEMENT_3D('',#12848,#12849,#12850);
#12848 = CARTESIAN_POINT('',(5.86E+03,-480.,-300.));
#12849 = DIRECTION('',(0.,1.,0.));
#12850 = DIRECTION('',(0.,0.,1.));
#12851 = DEFINITIONAL_REPRESENTATION('',(#12852),#12856);
#12852 = LINE('',#12853,#12854);
#12853 = CARTESIAN_POINT('',(0.,0.));
#12854 = VECTOR('',#12855,1.);
#12855 = DIRECTION('',(1.,0.));
#12856 = ( GEOMETRIC_REPRESENTATION_CONTEXT(2) 
PARAMETRIC_REPRESENTATION_CONTEXT() REPRESENTATION_CONTEXT('2D SPACE',''
  ) );
#12857 = ORIENTED_EDGE('',*,*,#12858,.T.);
#12858 = EDGE_CURVE('',#12824,#12859,#12861,.T.);
#12859 = VERTEX_POINT('',#12860);
#12860 = CARTESIAN_POINT('',(5.86E+03,-476.,-300.));
#12861 = SURFACE_CURVE('',#12862,(#12866,#12873),.PCURVE_S1.);
#12862 = LINE('',#12863,#12864);
#12863 = CARTESIAN_POINT('',(5.86E+03,-480.,-300.));
#12864 = VECTOR('',#12865,1.);
#12865 = DIRECTION('',(0.,1.,0.));
#12866 = PCURVE('',#12834,#12867);
#12867 = DEFINITIONAL_REPRESENTATION('',(#12868),#12872);
#12868 = LINE('',#12869,#12870);
#12869 = CARTESIAN_POINT('',(0.,0.));
#12870 = VECTOR('',#12871,1.);
#12871 = DIRECTION('',(0.,-1.));
#12872 = ( GEOMETRIC_REPRESENTATION_CONTEXT(2) 
PARAMETRIC_REPRESENTATION_CONTEXT() REPRESENTATION_CONTEXT('2D SPACE',''
  ) );
#12873 = PCURVE('',#12874,#12879);
#12874 = PLANE('',#12875);
#12875 = AXIS2_PLACEMENT_3D('',#12876,#12877,#12878);
#12876 = CARTESIAN_POINT('',(5.86E+03,-480.,-300.));
#12877 = DIRECTION('',(0.,0.,1.));
#12878 = DIRECTION('',(1.,0.,0.));
#12879 = DEFINITIONAL_REPRESENTATION('',(#12880),#12884);
#12880 = LINE('',#12881,#12882);
#12881 = CARTESIAN_POINT('',(0.,0.));
#12882 = VECTOR('',#12883,1.);
#12883 = DIRECTION('',(0.,1.));
#12884 = ( GEOMETRIC_REPRESENTATION_CONTEXT(2) 
PARAMETRIC_REPRESENTATION_CONTEXT() REPRESENTATION_CONTEXT('2D SPACE',''
  ) );
#12885 = ORIENTED_EDGE('',*,*,#12886,.T.);
#12886 = EDGE_CURVE('',#12859,#12887,#12889,.T.);
#12887 = VERTEX_POINT('',#12888);
#12888 = CARTESIAN_POINT('',(5.86E+03,-476.,300.));
#12889 = SURFACE_CURVE('',#12890,(#12894,#12901),.PCURVE_S1.);
#12890 = LINE('',#12891,#12892);
#12891 = CARTESIAN_POINT('',(5.86E+03,-476.,-300.));
#12892 = VECTOR('',#12893,1.);
#12893 = DIRECTION('',(0.,0.,1.));
#12894 = PCURVE('',#12834,#12895);
#12895 = DEFINITIONAL_REPRESENTATION('',(#12896),#12900);
#12896 = LINE('',#12897,#12898);
#12897 = CARTESIAN_POINT('',(0.,-4.));
#12898 = VECTOR('',#12899,1.);
#12899 = DIRECTION('',(1.,0.));
#12900 = ( GEOMETRIC_REPRESENTATION_CONTEXT(2) 
PARAMETRIC_REPRESENTATION_CONTEXT() REPRESENTATION_CONTEXT('2D SPACE',''
  ) );
#12901 = PCURVE('',#12902,#12907);
#12902 = PLANE('',#12903);
#12903 = AXIS2_PLACEMENT_3D('',#12904,#12905,#12906);
#12904 = CARTESIAN_POINT('',(5.86E+03,-476.,-300.));
#12905 = DIRECTION('',(0.,1.,0.));
#12906 = DIRECTION('',(0.,0.,1.));
#12907 = DEFINITIONAL_REPRESENTATION('',(#12908),#12912);
#12908 = LINE('',#12909,#12910);
#12909 = CARTESIAN_POINT('',(0.,0.));
#12910 = VECTOR('',#12911,1.);
#12911 = DIRECTION('',(1.,0.));
#12912 = ( GEOMETRIC_REPRESENTATION_CONTEXT(2) 
PARAMETRIC_REPRESENTATION_CONTEXT() REPRESENTATION_CONTEXT('2D SPACE',''
  ) );
#12913 = ORIENTED_EDGE('',*,*,#12914,.F.);
#12914 = EDGE_CURVE('',#12826,#12887,#12915,.T.);
#12915 = SURFACE_CURVE('',#12916,(#12920,#12927),.PCURVE_S1.);
#12916 = LINE('',#12917,#12918);
#12917 = CARTESIAN_POINT('',(5.86E+03,-480.,300.));
#12918 = VECTOR('',#12919,1.);
#12919 = DIRECTION('',(0.,1.,0.));
#12920 = PCURVE('',#12834,#12921);
#12921 = DEFINITIONAL_REPRESENTATION('',(#12922),#12926);
#12922 = LINE('',#12923,#12924);
#12923 = CARTESIAN_POINT('',(600.,0.));
#12924 = VECTOR('',#12925,1.);
#12925 = DIRECTION('',(0.,-1.));
#12926 = ( GEOMETRIC_REPRESENTATION_CONTEXT(2) 
PARAMETRIC_REPRESENTATION_CONTEXT() REPRESENTATION_CONTEXT('2D SPACE',''
  ) );
#12927 = PCURVE('',#12928,#12933);
#12928 = PLANE('',#12929);
#12929 = AXIS2_PLACEMENT_3D('',#12930,#12931,#12932);
#12930 = CARTESIAN_POINT('',(5.86E+03,-480.,300.));
#12931 = DIRECTION('',(0.,0.,1.));
#12932 = DIRECTION('',(1.,0.,0.));
#12933 = DEFINITIONAL_REPRESENTATION('',(#12934),#12938);
#12934 = LINE('',#12935,#12936);
#12935 = CARTESIAN_POINT('',(0.,0.));
#12936 = VECTOR('',#12937,1.);
#12937 = DIRECTION('',(0.,1.));
#12938 = ( GEOMETRIC_REPRESENTATION_CONTEXT(2) 
PARAMETRIC_REPRESENTATION_CONTEXT() REPRESENTATION_CONTEXT('2D SPACE',''
  ) );
#12939 = ADVANCED_FACE('',(#12940),#12954,.T.);
#12940 = FACE_BOUND('',#12941,.T.);
#12941 = EDGE_LOOP('',(#12942,#12972,#12995,#13018));
#12942 = ORIENTED_EDGE('',*,*,#12943,.F.);
#12943 = EDGE_CURVE('',#12944,#12946,#12948,.T.);
#12944 = VERTEX_POINT('',#12945);
#12945 = CARTESIAN_POINT('',(6.66E+03,-480.,-300.));
#12946 = VERTEX_POINT('',#12947);
#12947 = CARTESIAN_POINT('',(6.66E+03,-480.,300.));
#12948 = SURFACE_CURVE('',#12949,(#12953,#12965),.PCURVE_S1.);
#12949 = LINE('',#12950,#12951);
#12950 = CARTESIAN_POINT('',(6.66E+03,-480.,-300.));
#12951 = VECTOR('',#12952,1.);
#12952 = DIRECTION('',(0.,0.,1.));
#12953 = PCURVE('',#12954,#12959);
#12954 = PLANE('',#12955);
#12955 = AXIS2_PLACEMENT_3D('',#12956,#12957,#12958);
#12956 = CARTESIAN_POINT('',(6.66E+03,-480.,-300.));
#12957 = DIRECTION('',(1.,0.,0.));
#12958 = DIRECTION('',(0.,0.,1.));
#12959 = DEFINITIONAL_REPRESENTATION('',(#12960),#12964);
#12960 = LINE('',#12961,#12962);
#12961 = CARTESIAN_POINT('',(0.,0.));
#12962 = VECTOR('',#12963,1.);
#12963 = DIRECTION('',(1.,0.));
#12964 = ( GEOMETRIC_REPRESENTATION_CONTEXT(2) 
PARAMETRIC_REPRESENTATION_CONTEXT() REPRESENTATION_CONTEXT('2D SPACE',''
  ) );
#12965 = PCURVE('',#12846,#12966);
#12966 = DEFINITIONAL_REPRESENTATION('',(#12967),#12971);
#12967 = LINE('',#12968,#12969);
#12968 = CARTESIAN_POINT('',(0.,800.));
#12969 = VECTOR('',#12970,1.);
#12970 = DIRECTION('',(1.,0.));
#12971 = ( GEOMETRIC_REPRESENTATION_CONTEXT(2) 
PARAMETRIC_REPRESENTATION_CONTEXT() REPRESENTATION_CONTEXT('2D SPACE',''
  ) );
#12972 = ORIENTED_EDGE('',*,*,#12973,.T.);
#12973 = EDGE_CURVE('',#12944,#12974,#12976,.T.);
#12974 = VERTEX_POINT('',#12975);
#12975 = CARTESIAN_POINT('',(6.66E+03,-476.,-300.));
#12976 = SURFACE_CURVE('',#12977,(#12981,#12988),.PCURVE_S1.);
#12977 = LINE('',#12978,#12979);
#12978 = CARTESIAN_POINT('',(6.66E+03,-480.,-300.));
#12979 = VECTOR('',#12980,1.);
#12980 = DIRECTION('',(0.,1.,0.));
#12981 = PCURVE('',#12954,#12982);
#12982 = DEFINITIONAL_REPRESENTATION('',(#12983),#12987);
#12983 = LINE('',#12984,#12985);
#12984 = CARTESIAN_POINT('',(0.,0.));
#12985 = VECTOR('',#12986,1.);
#12986 = DIRECTION('',(0.,-1.));
#12987 = ( GEOMETRIC_REPRESENTATION_CONTEXT(2) 
PARAMETRIC_REPRESENTATION_CONTEXT() REPRESENTATION_CONTEXT('2D SPACE',''
  ) );
#12988 = PCURVE('',#12874,#12989);
#12989 = DEFINITIONAL_REPRESENTATION('',(#12990),#12994);
#12990 = LINE('',#12991,#12992);
#12991 = CARTESIAN_POINT('',(800.,0.));
#12992 = VECTOR('',#12993,1.);
#12993 = DIRECTION('',(0.,1.));
#12994 = ( GEOMETRIC_REPRESENTATION_CONTEXT(2) 
PARAMETRIC_REPRESENTATION_CONTEXT() REPRESENTATION_CONTEXT('2D SPACE',''
  ) );
#12995 = ORIENTED_EDGE('',*,*,#12996,.T.);
#12996 = EDGE_CURVE('',#12974,#12997,#12999,.T.);
#12997 = VERTEX_POINT('',#12998);
#12998 = CARTESIAN_POINT('',(6.66E+03,-476.,300.));
#12999 = SURFACE_CURVE('',#13000,(#13004,#13011),.PCURVE_S1.);
#13000 = LINE('',#13001,#13002);
#13001 = CARTESIAN_POINT('',(6.66E+03,-476.,-300.));
#13002 = VECTOR('',#13003,1.);
#13003 = DIRECTION('',(0.,0.,1.));
#13004 = PCURVE('',#12954,#13005);
#13005 = DEFINITIONAL_REPRESENTATION('',(#13006),#13010);
#13006 = LINE('',#13007,#13008);
#13007 = CARTESIAN_POINT('',(0.,-4.));
#13008 = VECTOR('',#13009,1.);
#13009 = DIRECTION('',(1.,0.));
#13010 = ( GEOMETRIC_REPRESENTATION_CONTEXT(2) 
PARAMETRIC_REPRESENTATION_CONTEXT() REPRESENTATION_CONTEXT('2D SPACE',''
  ) );
#13011 = PCURVE('',#12902,#13012);
#13012 = DEFINITIONAL_REPRESENTATION('',(#13013),#13017);
#13013 = LINE('',#13014,#13015);
#13014 = CARTESIAN_POINT('',(0.,800.));
#13015 = VECTOR('',#13016,1.);
#13016 = DIRECTION('',(1.,0.));
#13017 = ( GEOMETRIC_REPRESENTATION_CONTEXT(2) 
PARAMETRIC_REPRESENTATION_CONTEXT() REPRESENTATION_CONTEXT('2D SPACE',''
  ) );
#13018 = ORIENTED_EDGE('',*,*,#13019,.F.);
#13019 = EDGE_CURVE('',#12946,#12997,#13020,.T.);
#13020 = SURFACE_CURVE('',#13021,(#13025,#13032),.PCURVE_S1.);
#13021 = LINE('',#13022,#13023);
#13022 = CARTESIAN_POINT('',(6.66E+03,-480.,300.));
#13023 = VECTOR('',#13024,1.);
#13024 = DIRECTION('',(0.,1.,0.));
#13025 = PCURVE('',#12954,#13026);
#13026 = DEFINITIONAL_REPRESENTATION('',(#13027),#13031);
#13027 = LINE('',#13028,#13029);
#13028 = CARTESIAN_POINT('',(600.,0.));
#13029 = VECTOR('',#13030,1.);
#13030 = DIRECTION('',(0.,-1.));
#13031 = ( GEOMETRIC_REPRESENTATION_CONTEXT(2) 
PARAMETRIC_REPRESENTATION_CONTEXT() REPRESENTATION_CONTEXT('2D SPACE',''
  ) );
#13032 = PCURVE('',#12928,#13033);
#13033 = DEFINITIONAL_REPRESENTATION('',(#13034),#13038);
#13034 = LINE('',#13035,#13036);
#13035 = CARTESIAN_POINT('',(800.,0.));
#13036 = VECTOR('',#13037,1.);
#13037 = DIRECTION('',(0.,1.));
#13038 = ( GEOMETRIC_REPRESENTATION_CONTEXT(2) 
PARAMETRIC_REPRESENTATION_CONTEXT() REPRESENTATION_CONTEXT('2D SPACE',''
  ) );
#13039 = ADVANCED_FACE('',(#13040),#12846,.F.);
#13040 = FACE_BOUND('',#13041,.F.);
#13041 = EDGE_LOOP('',(#13042,#13063,#13064,#13085));
#13042 = ORIENTED_EDGE('',*,*,#13043,.F.);
#13043 = EDGE_CURVE('',#12824,#12944,#13044,.T.);
#13044 = SURFACE_CURVE('',#13045,(#13049,#13056),.PCURVE_S1.);
#13045 = LINE('',#13046,#13047);
#13046 = CARTESIAN_POINT('',(5.86E+03,-480.,-300.));
#13047 = VECTOR('',#13048,1.);
#13048 = DIRECTION('',(1.,0.,0.));
#13049 = PCURVE('',#12846,#13050);
#13050 = DEFINITIONAL_REPRESENTATION('',(#13051),#13055);
#13051 = LINE('',#13052,#13053);
#13052 = CARTESIAN_POINT('',(0.,0.));
#13053 = VECTOR('',#13054,1.);
#13054 = DIRECTION('',(0.,1.));
#13055 = ( GEOMETRIC_REPRESENTATION_CONTEXT(2) 
PARAMETRIC_REPRESENTATION_CONTEXT() REPRESENTATION_CONTEXT('2D SPACE',''
  ) );
#13056 = PCURVE('',#12874,#13057);
#13057 = DEFINITIONAL_REPRESENTATION('',(#13058),#13062);
#13058 = LINE('',#13059,#13060);
#13059 = CARTESIAN_POINT('',(0.,0.));
#13060 = VECTOR('',#13061,1.);
#13061 = DIRECTION('',(1.,0.));
#13062 = ( GEOMETRIC_REPRESENTATION_CONTEXT(2) 
PARAMETRIC_REPRESENTATION_CONTEXT() REPRESENTATION_CONTEXT('2D SPACE',''
  ) );
#13063 = ORIENTED_EDGE('',*,*,#12823,.T.);
#13064 = ORIENTED_EDGE('',*,*,#13065,.T.);
#13065 = EDGE_CURVE('',#12826,#12946,#13066,.T.);
#13066 = SURFACE_CURVE('',#13067,(#13071,#13078),.PCURVE_S1.);
#13067 = LINE('',#13068,#13069);
#13068 = CARTESIAN_POINT('',(5.86E+03,-480.,300.));
#13069 = VECTOR('',#13070,1.);
#13070 = DIRECTION('',(1.,0.,0.));
#13071 = PCURVE('',#12846,#13072);
#13072 = DEFINITIONAL_REPRESENTATION('',(#13073),#13077);
#13073 = LINE('',#13074,#13075);
#13074 = CARTESIAN_POINT('',(600.,0.));
#13075 = VECTOR('',#13076,1.);
#13076 = DIRECTION('',(0.,1.));
#13077 = ( GEOMETRIC_REPRESENTATION_CONTEXT(2) 
PARAMETRIC_REPRESENTATION_CONTEXT() REPRESENTATION_CONTEXT('2D SPACE',''
  ) );
#13078 = PCURVE('',#12928,#13079);
#13079 = DEFINITIONAL_REPRESENTATION('',(#13080),#13084);
#13080 = LINE('',#13081,#13082);
#13081 = CARTESIAN_POINT('',(0.,0.));
#13082 = VECTOR('',#13083,1.);
#13083 = DIRECTION('',(1.,0.));
#13084 = ( GEOMETRIC_REPRESENTATION_CONTEXT(2) 
PARAMETRIC_REPRESENTATION_CONTEXT() REPRESENTATION_CONTEXT('2D SPACE',''
  ) );
#13085 = ORIENTED_EDGE('',*,*,#12943,.F.);
#13086 = ADVANCED_FACE('',(#13087),#12902,.T.);
#13087 = FACE_BOUND('',#13088,.T.);
#13088 = EDGE_LOOP('',(#13089,#13110,#13111,#13132));
#13089 = ORIENTED_EDGE('',*,*,#13090,.F.);
#13090 = EDGE_CURVE('',#12859,#12974,#13091,.T.);
#13091 = SURFACE_CURVE('',#13092,(#13096,#13103),.PCURVE_S1.);
#13092 = LINE('',#13093,#13094);
#13093 = CARTESIAN_POINT('',(5.86E+03,-476.,-300.));
#13094 = VECTOR('',#13095,1.);
#13095 = DIRECTION('',(1.,0.,0.));
#13096 = PCURVE('',#12902,#13097);
#13097 = DEFINITIONAL_REPRESENTATION('',(#13098),#13102);
#13098 = LINE('',#13099,#13100);
#13099 = CARTESIAN_POINT('',(0.,0.));
#13100 = VECTOR('',#13101,1.);
#13101 = DIRECTION('',(0.,1.));
#13102 = ( GEOMETRIC_REPRESENTATION_CONTEXT(2) 
PARAMETRIC_REPRESENTATION_CONTEXT() REPRESENTATION_CONTEXT('2D SPACE',''
  ) );
#13103 = PCURVE('',#12874,#13104);
#13104 = DEFINITIONAL_REPRESENTATION('',(#13105),#13109);
#13105 = LINE('',#13106,#13107);
#13106 = CARTESIAN_POINT('',(0.,4.));
#13107 = VECTOR('',#13108,1.);
#13108 = DIRECTION('',(1.,0.));
#13109 = ( GEOMETRIC_REPRESENTATION_CONTEXT(2) 
PARAMETRIC_REPRESENTATION_CONTEXT() REPRESENTATION_CONTEXT('2D SPACE',''
  ) );
#13110 = ORIENTED_EDGE('',*,*,#12886,.T.);
#13111 = ORIENTED_EDGE('',*,*,#13112,.T.);
#13112 = EDGE_CURVE('',#12887,#12997,#13113,.T.);
#13113 = SURFACE_CURVE('',#13114,(#13118,#13125),.PCURVE_S1.);
#13114 = LINE('',#13115,#13116);
#13115 = CARTESIAN_POINT('',(5.86E+03,-476.,300.));
#13116 = VECTOR('',#13117,1.);
#13117 = DIRECTION('',(1.,0.,0.));
#13118 = PCURVE('',#12902,#13119);
#13119 = DEFINITIONAL_REPRESENTATION('',(#13120),#13124);
#13120 = LINE('',#13121,#13122);
#13121 = CARTESIAN_POINT('',(600.,0.));
#13122 = VECTOR('',#13123,1.);
#13123 = DIRECTION('',(0.,1.));
#13124 = ( GEOMETRIC_REPRESENTATION_CONTEXT(2) 
PARAMETRIC_REPRESENTATION_CONTEXT() REPRESENTATION_CONTEXT('2D SPACE',''
  ) );
#13125 = PCURVE('',#12928,#13126);
#13126 = DEFINITIONAL_REPRESENTATION('',(#13127),#13131);
#13127 = LINE('',#13128,#13129);
#13128 = CARTESIAN_POINT('',(0.,4.));
#13129 = VECTOR('',#13130,1.);
#13130 = DIRECTION('',(1.,0.));
#13131 = ( GEOMETRIC_REPRESENTATION_CONTEXT(2) 
PARAMETRIC_REPRESENTATION_CONTEXT() REPRESENTATION_CONTEXT('2D SPACE',''
  ) );
#13132 = ORIENTED_EDGE('',*,*,#12996,.F.);
#13133 = ADVANCED_FACE('',(#13134),#12874,.F.);
#13134 = FACE_BOUND('',#13135,.F.);
#13135 = EDGE_LOOP('',(#13136,#13137,#13138,#13139));
#13136 = ORIENTED_EDGE('',*,*,#12858,.F.);
#13137 = ORIENTED_EDGE('',*,*,#13043,.T.);
#13138 = ORIENTED_EDGE('',*,*,#12973,.T.);
#13139 = ORIENTED_EDGE('',*,*,#13090,.F.);
#13140 = ADVANCED_FACE('',(#13141),#12928,.T.);
#13141 = FACE_BOUND('',#13142,.T.);
#13142 = EDGE_LOOP('',(#13143,#13144,#13145,#13146));
#13143 = ORIENTED_EDGE('',*,*,#12914,.F.);
#13144 = ORIENTED_EDGE('',*,*,#13065,.T.);
#13145 = ORIENTED_EDGE('',*,*,#13019,.T.);
#13146 = ORIENTED_EDGE('',*,*,#13112,.F.);
#13147 = ( GEOMETRIC_REPRESENTATION_CONTEXT(3) 
GLOBAL_UNCERTAINTY_ASSIGNED_CONTEXT((#13151)) 
GLOBAL_UNIT_ASSIGNED_CONTEXT((#13148,#13149,#13150)) 
REPRESENTATION_CONTEXT('Context #1',
  '3D Context with UNIT and UNCERTAINTY') );
#13148 = ( LENGTH_UNIT() NAMED_UNIT(*) SI_UNIT($,.METRE.) );
#13149 = ( NAMED_UNIT(*) PLANE_ANGLE_UNIT() SI_UNIT($,.RADIAN.) );
#13150 = ( NAMED_UNIT(*) SI_UNIT($,.STERADIAN.) SOLID_ANGLE_UNIT() );
#13151 = UNCERTAINTY_MEASURE_WITH_UNIT(LENGTH_MEASURE(1.E-07),#13148,
  'distance_accuracy_value','confusion accuracy');
#13152 = PRODUCT_RELATED_PRODUCT_CATEGORY('part',$,(#12813));
#13153 = SHAPE_DEFINITION_REPRESENTATION(#13154,#13160);
#13154 = PRODUCT_DEFINITION_SHAPE('','',#13155);
#13155 = PRODUCT_DEFINITION('design','',#13156,#13159);
#13156 = PRODUCT_DEFINITION_FORMATION('','',#13157);
#13157 = PRODUCT('Rad_2_1','Rad_2_1','',(#13158));
#13158 = PRODUCT_CONTEXT('',#2,'mechanical');
#13159 = PRODUCT_DEFINITION_CONTEXT('part definition',#2,'design');
#13160 = ADVANCED_BREP_SHAPE_REPRESENTATION('',(#11,#13161),#13491);
#13161 = MANIFOLD_SOLID_BREP('',#13162);
#13162 = CLOSED_SHELL('',(#13163,#13283,#13383,#13430,#13477,#13484));
#13163 = ADVANCED_FACE('',(#13164),#13178,.F.);
#13164 = FACE_BOUND('',#13165,.F.);
#13165 = EDGE_LOOP('',(#13166,#13201,#13229,#13257));
#13166 = ORIENTED_EDGE('',*,*,#13167,.F.);
#13167 = EDGE_CURVE('',#13168,#13170,#13172,.T.);
#13168 = VERTEX_POINT('',#13169);
#13169 = CARTESIAN_POINT('',(4.14E+03,476.,-300.));
#13170 = VERTEX_POINT('',#13171);
#13171 = CARTESIAN_POINT('',(4.14E+03,476.,300.));
#13172 = SURFACE_CURVE('',#13173,(#13177,#13189),.PCURVE_S1.);
#13173 = LINE('',#13174,#13175);
#13174 = CARTESIAN_POINT('',(4.14E+03,476.,-300.));
#13175 = VECTOR('',#13176,1.);
#13176 = DIRECTION('',(0.,0.,1.));
#13177 = PCURVE('',#13178,#13183);
#13178 = PLANE('',#13179);
#13179 = AXIS2_PLACEMENT_3D('',#13180,#13181,#13182);
#13180 = CARTESIAN_POINT('',(4.14E+03,476.,-300.));
#13181 = DIRECTION('',(1.,0.,0.));
#13182 = DIRECTION('',(0.,0.,1.));
#13183 = DEFINITIONAL_REPRESENTATION('',(#13184),#13188);
#13184 = LINE('',#13185,#13186);
#13185 = CARTESIAN_POINT('',(0.,0.));
#13186 = VECTOR('',#13187,1.);
#13187 = DIRECTION('',(1.,0.));
#13188 = ( GEOMETRIC_REPRESENTATION_CONTEXT(2) 
PARAMETRIC_REPRESENTATION_CONTEXT() REPRESENTATION_CONTEXT('2D SPACE',''
  ) );
#13189 = PCURVE('',#13190,#13195);
#13190 = PLANE('',#13191);
#13191 = AXIS2_PLACEMENT_3D('',#13192,#13193,#13194);
#13192 = CARTESIAN_POINT('',(4.14E+03,476.,-300.));
#13193 = DIRECTION('',(0.,1.,0.));
#13194 = DIRECTION('',(0.,0.,1.));
#13195 = DEFINITIONAL_REPRESENTATION('',(#13196),#13200);
#13196 = LINE('',#13197,#13198);
#13197 = CARTESIAN_POINT('',(0.,0.));
#13198 = VECTOR('',#13199,1.);
#13199 = DIRECTION('',(1.,0.));
#13200 = ( GEOMETRIC_REPRESENTATION_CONTEXT(2) 
PARAMETRIC_REPRESENTATION_CONTEXT() REPRESENTATION_CONTEXT('2D SPACE',''
  ) );
#13201 = ORIENTED_EDGE('',*,*,#13202,.T.);
#13202 = EDGE_CURVE('',#13168,#13203,#13205,.T.);
#13203 = VERTEX_POINT('',#13204);
#13204 = CARTESIAN_POINT('',(4.14E+03,480.,-300.));
#13205 = SURFACE_CURVE('',#13206,(#13210,#13217),.PCURVE_S1.);
#13206 = LINE('',#13207,#13208);
#13207 = CARTESIAN_POINT('',(4.14E+03,476.,-300.));
#13208 = VECTOR('',#13209,1.);
#13209 = DIRECTION('',(0.,1.,0.));
#13210 = PCURVE('',#13178,#13211);
#13211 = DEFINITIONAL_REPRESENTATION('',(#13212),#13216);
#13212 = LINE('',#13213,#13214);
#13213 = CARTESIAN_POINT('',(0.,0.));
#13214 = VECTOR('',#13215,1.);
#13215 = DIRECTION('',(0.,-1.));
#13216 = ( GEOMETRIC_REPRESENTATION_CONTEXT(2) 
PARAMETRIC_REPRESENTATION_CONTEXT() REPRESENTATION_CONTEXT('2D SPACE',''
  ) );
#13217 = PCURVE('',#13218,#13223);
#13218 = PLANE('',#13219);
#13219 = AXIS2_PLACEMENT_3D('',#13220,#13221,#13222);
#13220 = CARTESIAN_POINT('',(4.14E+03,476.,-300.));
#13221 = DIRECTION('',(0.,0.,1.));
#13222 = DIRECTION('',(1.,0.,0.));
#13223 = DEFINITIONAL_REPRESENTATION('',(#13224),#13228);
#13224 = LINE('',#13225,#13226);
#13225 = CARTESIAN_POINT('',(0.,0.));
#13226 = VECTOR('',#13227,1.);
#13227 = DIRECTION('',(0.,1.));
#13228 = ( GEOMETRIC_REPRESENTATION_CONTEXT(2) 
PARAMETRIC_REPRESENTATION_CONTEXT() REPRESENTATION_CONTEXT('2D SPACE',''
  ) );
#13229 = ORIENTED_EDGE('',*,*,#13230,.T.);
#13230 = EDGE_CURVE('',#13203,#13231,#13233,.T.);
#13231 = VERTEX_POINT('',#13232);
#13232 = CARTESIAN_POINT('',(4.14E+03,480.,300.));
#13233 = SURFACE_CURVE('',#13234,(#13238,#13245),.PCURVE_S1.);
#13234 = LINE('',#13235,#13236);
#13235 = CARTESIAN_POINT('',(4.14E+03,480.,-300.));
#13236 = VECTOR('',#13237,1.);
#13237 = DIRECTION('',(0.,0.,1.));
#13238 = PCURVE('',#13178,#13239);
#13239 = DEFINITIONAL_REPRESENTATION('',(#13240),#13244);
#13240 = LINE('',#13241,#13242);
#13241 = CARTESIAN_POINT('',(0.,-4.));
#13242 = VECTOR('',#13243,1.);
#13243 = DIRECTION('',(1.,0.));
#13244 = ( GEOMETRIC_REPRESENTATION_CONTEXT(2) 
PARAMETRIC_REPRESENTATION_CONTEXT() REPRESENTATION_CONTEXT('2D SPACE',''
  ) );
#13245 = PCURVE('',#13246,#13251);
#13246 = PLANE('',#13247);
#13247 = AXIS2_PLACEMENT_3D('',#13248,#13249,#13250);
#13248 = CARTESIAN_POINT('',(4.14E+03,480.,-300.));
#13249 = DIRECTION('',(0.,1.,0.));
#13250 = DIRECTION('',(0.,0.,1.));
#13251 = DEFINITIONAL_REPRESENTATION('',(#13252),#13256);
#13252 = LINE('',#13253,#13254);
#13253 = CARTESIAN_POINT('',(0.,0.));
#13254 = VECTOR('',#13255,1.);
#13255 = DIRECTION('',(1.,0.));
#13256 = ( GEOMETRIC_REPRESENTATION_CONTEXT(2) 
PARAMETRIC_REPRESENTATION_CONTEXT() REPRESENTATION_CONTEXT('2D SPACE',''
  ) );
#13257 = ORIENTED_EDGE('',*,*,#13258,.F.);
#13258 = EDGE_CURVE('',#13170,#13231,#13259,.T.);
#13259 = SURFACE_CURVE('',#13260,(#13264,#13271),.PCURVE_S1.);
#13260 = LINE('',#13261,#13262);
#13261 = CARTESIAN_POINT('',(4.14E+03,476.,300.));
#13262 = VECTOR('',#13263,1.);
#13263 = DIRECTION('',(0.,1.,0.));
#13264 = PCURVE('',#13178,#13265);
#13265 = DEFINITIONAL_REPRESENTATION('',(#13266),#13270);
#13266 = LINE('',#13267,#13268);
#13267 = CARTESIAN_POINT('',(600.,0.));
#13268 = VECTOR('',#13269,1.);
#13269 = DIRECTION('',(0.,-1.));
#13270 = ( GEOMETRIC_REPRESENTATION_CONTEXT(2) 
PARAMETRIC_REPRESENTATION_CONTEXT() REPRESENTATION_CONTEXT('2D SPACE',''
  ) );
#13271 = PCURVE('',#13272,#13277);
#13272 = PLANE('',#13273);
#13273 = AXIS2_PLACEMENT_3D('',#13274,#13275,#13276);
#13274 = CARTESIAN_POINT('',(4.14E+03,476.,300.));
#13275 = DIRECTION('',(0.,0.,1.));
#13276 = DIRECTION('',(1.,0.,0.));
#13277 = DEFINITIONAL_REPRESENTATION('',(#13278),#13282);
#13278 = LINE('',#13279,#13280);
#13279 = CARTESIAN_POINT('',(0.,0.));
#13280 = VECTOR('',#13281,1.);
#13281 = DIRECTION('',(0.,1.));
#13282 = ( GEOMETRIC_REPRESENTATION_CONTEXT(2) 
PARAMETRIC_REPRESENTATION_CONTEXT() REPRESENTATION_CONTEXT('2D SPACE',''
  ) );
#13283 = ADVANCED_FACE('',(#13284),#13298,.T.);
#13284 = FACE_BOUND('',#13285,.T.);
#13285 = EDGE_LOOP('',(#13286,#13316,#13339,#13362));
#13286 = ORIENTED_EDGE('',*,*,#13287,.F.);
#13287 = EDGE_CURVE('',#13288,#13290,#13292,.T.);
#13288 = VERTEX_POINT('',#13289);
#13289 = CARTESIAN_POINT('',(4.94E+03,476.,-300.));
#13290 = VERTEX_POINT('',#13291);
#13291 = CARTESIAN_POINT('',(4.94E+03,476.,300.));
#13292 = SURFACE_CURVE('',#13293,(#13297,#13309),.PCURVE_S1.);
#13293 = LINE('',#13294,#13295);
#13294 = CARTESIAN_POINT('',(4.94E+03,476.,-300.));
#13295 = VECTOR('',#13296,1.);
#13296 = DIRECTION('',(0.,0.,1.));
#13297 = PCURVE('',#13298,#13303);
#13298 = PLANE('',#13299);
#13299 = AXIS2_PLACEMENT_3D('',#13300,#13301,#13302);
#13300 = CARTESIAN_POINT('',(4.94E+03,476.,-300.));
#13301 = DIRECTION('',(1.,0.,0.));
#13302 = DIRECTION('',(0.,0.,1.));
#13303 = DEFINITIONAL_REPRESENTATION('',(#13304),#13308);
#13304 = LINE('',#13305,#13306);
#13305 = CARTESIAN_POINT('',(0.,0.));
#13306 = VECTOR('',#13307,1.);
#13307 = DIRECTION('',(1.,0.));
#13308 = ( GEOMETRIC_REPRESENTATION_CONTEXT(2) 
PARAMETRIC_REPRESENTATION_CONTEXT() REPRESENTATION_CONTEXT('2D SPACE',''
  ) );
#13309 = PCURVE('',#13190,#13310);
#13310 = DEFINITIONAL_REPRESENTATION('',(#13311),#13315);
#13311 = LINE('',#13312,#13313);
#13312 = CARTESIAN_POINT('',(0.,800.));
#13313 = VECTOR('',#13314,1.);
#13314 = DIRECTION('',(1.,0.));
#13315 = ( GEOMETRIC_REPRESENTATION_CONTEXT(2) 
PARAMETRIC_REPRESENTATION_CONTEXT() REPRESENTATION_CONTEXT('2D SPACE',''
  ) );
#13316 = ORIENTED_EDGE('',*,*,#13317,.T.);
#13317 = EDGE_CURVE('',#13288,#13318,#13320,.T.);
#13318 = VERTEX_POINT('',#13319);
#13319 = CARTESIAN_POINT('',(4.94E+03,480.,-300.));
#13320 = SURFACE_CURVE('',#13321,(#13325,#13332),.PCURVE_S1.);
#13321 = LINE('',#13322,#13323);
#13322 = CARTESIAN_POINT('',(4.94E+03,476.,-300.));
#13323 = VECTOR('',#13324,1.);
#13324 = DIRECTION('',(0.,1.,0.));
#13325 = PCURVE('',#13298,#13326);
#13326 = DEFINITIONAL_REPRESENTATION('',(#13327),#13331);
#13327 = LINE('',#13328,#13329);
#13328 = CARTESIAN_POINT('',(0.,0.));
#13329 = VECTOR('',#13330,1.);
#13330 = DIRECTION('',(0.,-1.));
#13331 = ( GEOMETRIC_REPRESENTATION_CONTEXT(2) 
PARAMETRIC_REPRESENTATION_CONTEXT() REPRESENTATION_CONTEXT('2D SPACE',''
  ) );
#13332 = PCURVE('',#13218,#13333);
#13333 = DEFINITIONAL_REPRESENTATION('',(#13334),#13338);
#13334 = LINE('',#13335,#13336);
#13335 = CARTESIAN_POINT('',(800.,0.));
#13336 = VECTOR('',#13337,1.);
#13337 = DIRECTION('',(0.,1.));
#13338 = ( GEOMETRIC_REPRESENTATION_CONTEXT(2) 
PARAMETRIC_REPRESENTATION_CONTEXT() REPRESENTATION_CONTEXT('2D SPACE',''
  ) );
#13339 = ORIENTED_EDGE('',*,*,#13340,.T.);
#13340 = EDGE_CURVE('',#13318,#13341,#13343,.T.);
#13341 = VERTEX_POINT('',#13342);
#13342 = CARTESIAN_POINT('',(4.94E+03,480.,300.));
#13343 = SURFACE_CURVE('',#13344,(#13348,#13355),.PCURVE_S1.);
#13344 = LINE('',#13345,#13346);
#13345 = CARTESIAN_POINT('',(4.94E+03,480.,-300.));
#13346 = VECTOR('',#13347,1.);
#13347 = DIRECTION('',(0.,0.,1.));
#13348 = PCURVE('',#13298,#13349);
#13349 = DEFINITIONAL_REPRESENTATION('',(#13350),#13354);
#13350 = LINE('',#13351,#13352);
#13351 = CARTESIAN_POINT('',(0.,-4.));
#13352 = VECTOR('',#13353,1.);
#13353 = DIRECTION('',(1.,0.));
#13354 = ( GEOMETRIC_REPRESENTATION_CONTEXT(2) 
PARAMETRIC_REPRESENTATION_CONTEXT() REPRESENTATION_CONTEXT('2D SPACE',''
  ) );
#13355 = PCURVE('',#13246,#13356);
#13356 = DEFINITIONAL_REPRESENTATION('',(#13357),#13361);
#13357 = LINE('',#13358,#13359);
#13358 = CARTESIAN_POINT('',(0.,800.));
#13359 = VECTOR('',#13360,1.);
#13360 = DIRECTION('',(1.,0.));
#13361 = ( GEOMETRIC_REPRESENTATION_CONTEXT(2) 
PARAMETRIC_REPRESENTATION_CONTEXT() REPRESENTATION_CONTEXT('2D SPACE',''
  ) );
#13362 = ORIENTED_EDGE('',*,*,#13363,.F.);
#13363 = EDGE_CURVE('',#13290,#13341,#13364,.T.);
#13364 = SURFACE_CURVE('',#13365,(#13369,#13376),.PCURVE_S1.);
#13365 = LINE('',#13366,#13367);
#13366 = CARTESIAN_POINT('',(4.94E+03,476.,300.));
#13367 = VECTOR('',#13368,1.);
#13368 = DIRECTION('',(0.,1.,0.));
#13369 = PCURVE('',#13298,#13370);
#13370 = DEFINITIONAL_REPRESENTATION('',(#13371),#13375);
#13371 = LINE('',#13372,#13373);
#13372 = CARTESIAN_POINT('',(600.,0.));
#13373 = VECTOR('',#13374,1.);
#13374 = DIRECTION('',(0.,-1.));
#13375 = ( GEOMETRIC_REPRESENTATION_CONTEXT(2) 
PARAMETRIC_REPRESENTATION_CONTEXT() REPRESENTATION_CONTEXT('2D SPACE',''
  ) );
#13376 = PCURVE('',#13272,#13377);
#13377 = DEFINITIONAL_REPRESENTATION('',(#13378),#13382);
#13378 = LINE('',#13379,#13380);
#13379 = CARTESIAN_POINT('',(800.,0.));
#13380 = VECTOR('',#13381,1.);
#13381 = DIRECTION('',(0.,1.));
#13382 = ( GEOMETRIC_REPRESENTATION_CONTEXT(2) 
PARAMETRIC_REPRESENTATION_CONTEXT() REPRESENTATION_CONTEXT('2D SPACE',''
  ) );
#13383 = ADVANCED_FACE('',(#13384),#13190,.F.);
#13384 = FACE_BOUND('',#13385,.F.);
#13385 = EDGE_LOOP('',(#13386,#13407,#13408,#13429));
#13386 = ORIENTED_EDGE('',*,*,#13387,.F.);
#13387 = EDGE_CURVE('',#13168,#13288,#13388,.T.);
#13388 = SURFACE_CURVE('',#13389,(#13393,#13400),.PCURVE_S1.);
#13389 = LINE('',#13390,#13391);
#13390 = CARTESIAN_POINT('',(4.14E+03,476.,-300.));
#13391 = VECTOR('',#13392,1.);
#13392 = DIRECTION('',(1.,0.,0.));
#13393 = PCURVE('',#13190,#13394);
#13394 = DEFINITIONAL_REPRESENTATION('',(#13395),#13399);
#13395 = LINE('',#13396,#13397);
#13396 = CARTESIAN_POINT('',(0.,0.));
#13397 = VECTOR('',#13398,1.);
#13398 = DIRECTION('',(0.,1.));
#13399 = ( GEOMETRIC_REPRESENTATION_CONTEXT(2) 
PARAMETRIC_REPRESENTATION_CONTEXT() REPRESENTATION_CONTEXT('2D SPACE',''
  ) );
#13400 = PCURVE('',#13218,#13401);
#13401 = DEFINITIONAL_REPRESENTATION('',(#13402),#13406);
#13402 = LINE('',#13403,#13404);
#13403 = CARTESIAN_POINT('',(0.,0.));
#13404 = VECTOR('',#13405,1.);
#13405 = DIRECTION('',(1.,0.));
#13406 = ( GEOMETRIC_REPRESENTATION_CONTEXT(2) 
PARAMETRIC_REPRESENTATION_CONTEXT() REPRESENTATION_CONTEXT('2D SPACE',''
  ) );
#13407 = ORIENTED_EDGE('',*,*,#13167,.T.);
#13408 = ORIENTED_EDGE('',*,*,#13409,.T.);
#13409 = EDGE_CURVE('',#13170,#13290,#13410,.T.);
#13410 = SURFACE_CURVE('',#13411,(#13415,#13422),.PCURVE_S1.);
#13411 = LINE('',#13412,#13413);
#13412 = CARTESIAN_POINT('',(4.14E+03,476.,300.));
#13413 = VECTOR('',#13414,1.);
#13414 = DIRECTION('',(1.,0.,0.));
#13415 = PCURVE('',#13190,#13416);
#13416 = DEFINITIONAL_REPRESENTATION('',(#13417),#13421);
#13417 = LINE('',#13418,#13419);
#13418 = CARTESIAN_POINT('',(600.,0.));
#13419 = VECTOR('',#13420,1.);
#13420 = DIRECTION('',(0.,1.));
#13421 = ( GEOMETRIC_REPRESENTATION_CONTEXT(2) 
PARAMETRIC_REPRESENTATION_CONTEXT() REPRESENTATION_CONTEXT('2D SPACE',''
  ) );
#13422 = PCURVE('',#13272,#13423);
#13423 = DEFINITIONAL_REPRESENTATION('',(#13424),#13428);
#13424 = LINE('',#13425,#13426);
#13425 = CARTESIAN_POINT('',(0.,0.));
#13426 = VECTOR('',#13427,1.);
#13427 = DIRECTION('',(1.,0.));
#13428 = ( GEOMETRIC_REPRESENTATION_CONTEXT(2) 
PARAMETRIC_REPRESENTATION_CONTEXT() REPRESENTATION_CONTEXT('2D SPACE',''
  ) );
#13429 = ORIENTED_EDGE('',*,*,#13287,.F.);
#13430 = ADVANCED_FACE('',(#13431),#13246,.T.);
#13431 = FACE_BOUND('',#13432,.T.);
#13432 = EDGE_LOOP('',(#13433,#13454,#13455,#13476));
#13433 = ORIENTED_EDGE('',*,*,#13434,.F.);
#13434 = EDGE_CURVE('',#13203,#13318,#13435,.T.);
#13435 = SURFACE_CURVE('',#13436,(#13440,#13447),.PCURVE_S1.);
#13436 = LINE('',#13437,#13438);
#13437 = CARTESIAN_POINT('',(4.14E+03,480.,-300.));
#13438 = VECTOR('',#13439,1.);
#13439 = DIRECTION('',(1.,0.,0.));
#13440 = PCURVE('',#13246,#13441);
#13441 = DEFINITIONAL_REPRESENTATION('',(#13442),#13446);
#13442 = LINE('',#13443,#13444);
#13443 = CARTESIAN_POINT('',(0.,0.));
#13444 = VECTOR('',#13445,1.);
#13445 = DIRECTION('',(0.,1.));
#13446 = ( GEOMETRIC_REPRESENTATION_CONTEXT(2) 
PARAMETRIC_REPRESENTATION_CONTEXT() REPRESENTATION_CONTEXT('2D SPACE',''
  ) );
#13447 = PCURVE('',#13218,#13448);
#13448 = DEFINITIONAL_REPRESENTATION('',(#13449),#13453);
#13449 = LINE('',#13450,#13451);
#13450 = CARTESIAN_POINT('',(0.,4.));
#13451 = VECTOR('',#13452,1.);
#13452 = DIRECTION('',(1.,0.));
#13453 = ( GEOMETRIC_REPRESENTATION_CONTEXT(2) 
PARAMETRIC_REPRESENTATION_CONTEXT() REPRESENTATION_CONTEXT('2D SPACE',''
  ) );
#13454 = ORIENTED_EDGE('',*,*,#13230,.T.);
#13455 = ORIENTED_EDGE('',*,*,#13456,.T.);
#13456 = EDGE_CURVE('',#13231,#13341,#13457,.T.);
#13457 = SURFACE_CURVE('',#13458,(#13462,#13469),.PCURVE_S1.);
#13458 = LINE('',#13459,#13460);
#13459 = CARTESIAN_POINT('',(4.14E+03,480.,300.));
#13460 = VECTOR('',#13461,1.);
#13461 = DIRECTION('',(1.,0.,0.));
#13462 = PCURVE('',#13246,#13463);
#13463 = DEFINITIONAL_REPRESENTATION('',(#13464),#13468);
#13464 = LINE('',#13465,#13466);
#13465 = CARTESIAN_POINT('',(600.,0.));
#13466 = VECTOR('',#13467,1.);
#13467 = DIRECTION('',(0.,1.));
#13468 = ( GEOMETRIC_REPRESENTATION_CONTEXT(2) 
PARAMETRIC_REPRESENTATION_CONTEXT() REPRESENTATION_CONTEXT('2D SPACE',''
  ) );
#13469 = PCURVE('',#13272,#13470);
#13470 = DEFINITIONAL_REPRESENTATION('',(#13471),#13475);
#13471 = LINE('',#13472,#13473);
#13472 = CARTESIAN_POINT('',(0.,4.));
#13473 = VECTOR('',#13474,1.);
#13474 = DIRECTION('',(1.,0.));
#13475 = ( GEOMETRIC_REPRESENTATION_CONTEXT(2) 
PARAMETRIC_REPRESENTATION_CONTEXT() REPRESENTATION_CONTEXT('2D SPACE',''
  ) );
#13476 = ORIENTED_EDGE('',*,*,#13340,.F.);
#13477 = ADVANCED_FACE('',(#13478),#13218,.F.);
#13478 = FACE_BOUND('',#13479,.F.);
#13479 = EDGE_LOOP('',(#13480,#13481,#13482,#13483));
#13480 = ORIENTED_EDGE('',*,*,#13202,.F.);
#13481 = ORIENTED_EDGE('',*,*,#13387,.T.);
#13482 = ORIENTED_EDGE('',*,*,#13317,.T.);
#13483 = ORIENTED_EDGE('',*,*,#13434,.F.);
#13484 = ADVANCED_FACE('',(#13485),#13272,.T.);
#13485 = FACE_BOUND('',#13486,.T.);
#13486 = EDGE_LOOP('',(#13487,#13488,#13489,#13490));
#13487 = ORIENTED_EDGE('',*,*,#13258,.F.);
#13488 = ORIENTED_EDGE('',*,*,#13409,.T.);
#13489 = ORIENTED_EDGE('',*,*,#13363,.T.);
#13490 = ORIENTED_EDGE('',*,*,#13456,.F.);
#13491 = ( GEOMETRIC_REPRESENTATION_CONTEXT(3) 
GLOBAL_UNCERTAINTY_ASSIGNED_CONTEXT((#13495)) 
GLOBAL_UNIT_ASSIGNED_CONTEXT((#13492,#13493,#13494)) 
REPRESENTATION_CONTEXT('Context #1',
  '3D Context with UNIT and UNCERTAINTY') );
#13492 = ( LENGTH_UNIT() NAMED_UNIT(*) SI_UNIT($,.METRE.) );
#13493 = ( NAMED_UNIT(*) PLANE_ANGLE_UNIT() SI_UNIT($,.RADIAN.) );
#13494 = ( NAMED_UNIT(*) SI_UNIT($,.STERADIAN.) SOLID_ANGLE_UNIT() );
#13495 = UNCERTAINTY_MEASURE_WITH_UNIT(LENGTH_MEASURE(1.E-07),#13492,
  'distance_accuracy_value','confusion accuracy');
#13496 = PRODUCT_RELATED_PRODUCT_CATEGORY('part',$,(#13157));
#13497 = SHAPE_DEFINITION_REPRESENTATION(#13498,#13504);
#13498 = PRODUCT_DEFINITION_SHAPE('','',#13499);
#13499 = PRODUCT_DEFINITION('design','',#13500,#13503);
#13500 = PRODUCT_DEFINITION_FORMATION('','',#13501);
#13501 = PRODUCT('Rad_3__1','Rad_3__1','',(#13502));
#13502 = PRODUCT_CONTEXT('',#2,'mechanical');
#13503 = PRODUCT_DEFINITION_CONTEXT('part definition',#2,'design');
#13504 = ADVANCED_BREP_SHAPE_REPRESENTATION('',(#11,#13505),#13835);
#13505 = MANIFOLD_SOLID_BREP('',#13506);
#13506 = CLOSED_SHELL('',(#13507,#13627,#13727,#13774,#13821,#13828));
#13507 = ADVANCED_FACE('',(#13508),#13522,.F.);
#13508 = FACE_BOUND('',#13509,.F.);
#13509 = EDGE_LOOP('',(#13510,#13545,#13573,#13601));
#13510 = ORIENTED_EDGE('',*,*,#13511,.F.);
#13511 = EDGE_CURVE('',#13512,#13514,#13516,.T.);
#13512 = VERTEX_POINT('',#13513);
#13513 = CARTESIAN_POINT('',(5.E+03,-480.,-300.));
#13514 = VERTEX_POINT('',#13515);
#13515 = CARTESIAN_POINT('',(5.E+03,-480.,300.));
#13516 = SURFACE_CURVE('',#13517,(#13521,#13533),.PCURVE_S1.);
#13517 = LINE('',#13518,#13519);
#13518 = CARTESIAN_POINT('',(5.E+03,-480.,-300.));
#13519 = VECTOR('',#13520,1.);
#13520 = DIRECTION('',(0.,0.,1.));
#13521 = PCURVE('',#13522,#13527);
#13522 = PLANE('',#13523);
#13523 = AXIS2_PLACEMENT_3D('',#13524,#13525,#13526);
#13524 = CARTESIAN_POINT('',(5.E+03,-480.,-300.));
#13525 = DIRECTION('',(1.,0.,0.));
#13526 = DIRECTION('',(0.,0.,1.));
#13527 = DEFINITIONAL_REPRESENTATION('',(#13528),#13532);
#13528 = LINE('',#13529,#13530);
#13529 = CARTESIAN_POINT('',(0.,0.));
#13530 = VECTOR('',#13531,1.);
#13531 = DIRECTION('',(1.,0.));
#13532 = ( GEOMETRIC_REPRESENTATION_CONTEXT(2) 
PARAMETRIC_REPRESENTATION_CONTEXT() REPRESENTATION_CONTEXT('2D SPACE',''
  ) );
#13533 = PCURVE('',#13534,#13539);
#13534 = PLANE('',#13535);
#13535 = AXIS2_PLACEMENT_3D('',#13536,#13537,#13538);
#13536 = CARTESIAN_POINT('',(5.E+03,-480.,-300.));
#13537 = DIRECTION('',(0.,1.,0.));
#13538 = DIRECTION('',(0.,0.,1.));
#13539 = DEFINITIONAL_REPRESENTATION('',(#13540),#13544);
#13540 = LINE('',#13541,#13542);
#13541 = CARTESIAN_POINT('',(0.,0.));
#13542 = VECTOR('',#13543,1.);
#13543 = DIRECTION('',(1.,0.));
#13544 = ( GEOMETRIC_REPRESENTATION_CONTEXT(2) 
PARAMETRIC_REPRESENTATION_CONTEXT() REPRESENTATION_CONTEXT('2D SPACE',''
  ) );
#13545 = ORIENTED_EDGE('',*,*,#13546,.T.);
#13546 = EDGE_CURVE('',#13512,#13547,#13549,.T.);
#13547 = VERTEX_POINT('',#13548);
#13548 = CARTESIAN_POINT('',(5.E+03,-476.,-300.));
#13549 = SURFACE_CURVE('',#13550,(#13554,#13561),.PCURVE_S1.);
#13550 = LINE('',#13551,#13552);
#13551 = CARTESIAN_POINT('',(5.E+03,-480.,-300.));
#13552 = VECTOR('',#13553,1.);
#13553 = DIRECTION('',(0.,1.,0.));
#13554 = PCURVE('',#13522,#13555);
#13555 = DEFINITIONAL_REPRESENTATION('',(#13556),#13560);
#13556 = LINE('',#13557,#13558);
#13557 = CARTESIAN_POINT('',(0.,0.));
#13558 = VECTOR('',#13559,1.);
#13559 = DIRECTION('',(0.,-1.));
#13560 = ( GEOMETRIC_REPRESENTATION_CONTEXT(2) 
PARAMETRIC_REPRESENTATION_CONTEXT() REPRESENTATION_CONTEXT('2D SPACE',''
  ) );
#13561 = PCURVE('',#13562,#13567);
#13562 = PLANE('',#13563);
#13563 = AXIS2_PLACEMENT_3D('',#13564,#13565,#13566);
#13564 = CARTESIAN_POINT('',(5.E+03,-480.,-300.));
#13565 = DIRECTION('',(0.,0.,1.));
#13566 = DIRECTION('',(1.,0.,0.));
#13567 = DEFINITIONAL_REPRESENTATION('',(#13568),#13572);
#13568 = LINE('',#13569,#13570);
#13569 = CARTESIAN_POINT('',(0.,0.));
#13570 = VECTOR('',#13571,1.);
#13571 = DIRECTION('',(0.,1.));
#13572 = ( GEOMETRIC_REPRESENTATION_CONTEXT(2) 
PARAMETRIC_REPRESENTATION_CONTEXT() REPRESENTATION_CONTEXT('2D SPACE',''
  ) );
#13573 = ORIENTED_EDGE('',*,*,#13574,.T.);
#13574 = EDGE_CURVE('',#13547,#13575,#13577,.T.);
#13575 = VERTEX_POINT('',#13576);
#13576 = CARTESIAN_POINT('',(5.E+03,-476.,300.));
#13577 = SURFACE_CURVE('',#13578,(#13582,#13589),.PCURVE_S1.);
#13578 = LINE('',#13579,#13580);
#13579 = CARTESIAN_POINT('',(5.E+03,-476.,-300.));
#13580 = VECTOR('',#13581,1.);
#13581 = DIRECTION('',(0.,0.,1.));
#13582 = PCURVE('',#13522,#13583);
#13583 = DEFINITIONAL_REPRESENTATION('',(#13584),#13588);
#13584 = LINE('',#13585,#13586);
#13585 = CARTESIAN_POINT('',(0.,-4.));
#13586 = VECTOR('',#13587,1.);
#13587 = DIRECTION('',(1.,0.));
#13588 = ( GEOMETRIC_REPRESENTATION_CONTEXT(2) 
PARAMETRIC_REPRESENTATION_CONTEXT() REPRESENTATION_CONTEXT('2D SPACE',''
  ) );
#13589 = PCURVE('',#13590,#13595);
#13590 = PLANE('',#13591);
#13591 = AXIS2_PLACEMENT_3D('',#13592,#13593,#13594);
#13592 = CARTESIAN_POINT('',(5.E+03,-476.,-300.));
#13593 = DIRECTION('',(0.,1.,0.));
#13594 = DIRECTION('',(0.,0.,1.));
#13595 = DEFINITIONAL_REPRESENTATION('',(#13596),#13600);
#13596 = LINE('',#13597,#13598);
#13597 = CARTESIAN_POINT('',(0.,0.));
#13598 = VECTOR('',#13599,1.);
#13599 = DIRECTION('',(1.,0.));
#13600 = ( GEOMETRIC_REPRESENTATION_CONTEXT(2) 
PARAMETRIC_REPRESENTATION_CONTEXT() REPRESENTATION_CONTEXT('2D SPACE',''
  ) );
#13601 = ORIENTED_EDGE('',*,*,#13602,.F.);
#13602 = EDGE_CURVE('',#13514,#13575,#13603,.T.);
#13603 = SURFACE_CURVE('',#13604,(#13608,#13615),.PCURVE_S1.);
#13604 = LINE('',#13605,#13606);
#13605 = CARTESIAN_POINT('',(5.E+03,-480.,300.));
#13606 = VECTOR('',#13607,1.);
#13607 = DIRECTION('',(0.,1.,0.));
#13608 = PCURVE('',#13522,#13609);
#13609 = DEFINITIONAL_REPRESENTATION('',(#13610),#13614);
#13610 = LINE('',#13611,#13612);
#13611 = CARTESIAN_POINT('',(600.,0.));
#13612 = VECTOR('',#13613,1.);
#13613 = DIRECTION('',(0.,-1.));
#13614 = ( GEOMETRIC_REPRESENTATION_CONTEXT(2) 
PARAMETRIC_REPRESENTATION_CONTEXT() REPRESENTATION_CONTEXT('2D SPACE',''
  ) );
#13615 = PCURVE('',#13616,#13621);
#13616 = PLANE('',#13617);
#13617 = AXIS2_PLACEMENT_3D('',#13618,#13619,#13620);
#13618 = CARTESIAN_POINT('',(5.E+03,-480.,300.));
#13619 = DIRECTION('',(0.,0.,1.));
#13620 = DIRECTION('',(1.,0.,0.));
#13621 = DEFINITIONAL_REPRESENTATION('',(#13622),#13626);
#13622 = LINE('',#13623,#13624);
#13623 = CARTESIAN_POINT('',(0.,0.));
#13624 = VECTOR('',#13625,1.);
#13625 = DIRECTION('',(0.,1.));
#13626 = ( GEOMETRIC_REPRESENTATION_CONTEXT(2) 
PARAMETRIC_REPRESENTATION_CONTEXT() REPRESENTATION_CONTEXT('2D SPACE',''
  ) );
#13627 = ADVANCED_FACE('',(#13628),#13642,.T.);
#13628 = FACE_BOUND('',#13629,.T.);
#13629 = EDGE_LOOP('',(#13630,#13660,#13683,#13706));
#13630 = ORIENTED_EDGE('',*,*,#13631,.F.);
#13631 = EDGE_CURVE('',#13632,#13634,#13636,.T.);
#13632 = VERTEX_POINT('',#13633);
#13633 = CARTESIAN_POINT('',(5.8E+03,-480.,-300.));
#13634 = VERTEX_POINT('',#13635);
#13635 = CARTESIAN_POINT('',(5.8E+03,-480.,300.));
#13636 = SURFACE_CURVE('',#13637,(#13641,#13653),.PCURVE_S1.);
#13637 = LINE('',#13638,#13639);
#13638 = CARTESIAN_POINT('',(5.8E+03,-480.,-300.));
#13639 = VECTOR('',#13640,1.);
#13640 = DIRECTION('',(0.,0.,1.));
#13641 = PCURVE('',#13642,#13647);
#13642 = PLANE('',#13643);
#13643 = AXIS2_PLACEMENT_3D('',#13644,#13645,#13646);
#13644 = CARTESIAN_POINT('',(5.8E+03,-480.,-300.));
#13645 = DIRECTION('',(1.,0.,0.));
#13646 = DIRECTION('',(0.,0.,1.));
#13647 = DEFINITIONAL_REPRESENTATION('',(#13648),#13652);
#13648 = LINE('',#13649,#13650);
#13649 = CARTESIAN_POINT('',(0.,0.));
#13650 = VECTOR('',#13651,1.);
#13651 = DIRECTION('',(1.,0.));
#13652 = ( GEOMETRIC_REPRESENTATION_CONTEXT(2) 
PARAMETRIC_REPRESENTATION_CONTEXT() REPRESENTATION_CONTEXT('2D SPACE',''
  ) );
#13653 = PCURVE('',#13534,#13654);
#13654 = DEFINITIONAL_REPRESENTATION('',(#13655),#13659);
#13655 = LINE('',#13656,#13657);
#13656 = CARTESIAN_POINT('',(0.,800.));
#13657 = VECTOR('',#13658,1.);
#13658 = DIRECTION('',(1.,0.));
#13659 = ( GEOMETRIC_REPRESENTATION_CONTEXT(2) 
PARAMETRIC_REPRESENTATION_CONTEXT() REPRESENTATION_CONTEXT('2D SPACE',''
  ) );
#13660 = ORIENTED_EDGE('',*,*,#13661,.T.);
#13661 = EDGE_CURVE('',#13632,#13662,#13664,.T.);
#13662 = VERTEX_POINT('',#13663);
#13663 = CARTESIAN_POINT('',(5.8E+03,-476.,-300.));
#13664 = SURFACE_CURVE('',#13665,(#13669,#13676),.PCURVE_S1.);
#13665 = LINE('',#13666,#13667);
#13666 = CARTESIAN_POINT('',(5.8E+03,-480.,-300.));
#13667 = VECTOR('',#13668,1.);
#13668 = DIRECTION('',(0.,1.,0.));
#13669 = PCURVE('',#13642,#13670);
#13670 = DEFINITIONAL_REPRESENTATION('',(#13671),#13675);
#13671 = LINE('',#13672,#13673);
#13672 = CARTESIAN_POINT('',(0.,0.));
#13673 = VECTOR('',#13674,1.);
#13674 = DIRECTION('',(0.,-1.));
#13675 = ( GEOMETRIC_REPRESENTATION_CONTEXT(2) 
PARAMETRIC_REPRESENTATION_CONTEXT() REPRESENTATION_CONTEXT('2D SPACE',''
  ) );
#13676 = PCURVE('',#13562,#13677);
#13677 = DEFINITIONAL_REPRESENTATION('',(#13678),#13682);
#13678 = LINE('',#13679,#13680);
#13679 = CARTESIAN_POINT('',(800.,0.));
#13680 = VECTOR('',#13681,1.);
#13681 = DIRECTION('',(0.,1.));
#13682 = ( GEOMETRIC_REPRESENTATION_CONTEXT(2) 
PARAMETRIC_REPRESENTATION_CONTEXT() REPRESENTATION_CONTEXT('2D SPACE',''
  ) );
#13683 = ORIENTED_EDGE('',*,*,#13684,.T.);
#13684 = EDGE_CURVE('',#13662,#13685,#13687,.T.);
#13685 = VERTEX_POINT('',#13686);
#13686 = CARTESIAN_POINT('',(5.8E+03,-476.,300.));
#13687 = SURFACE_CURVE('',#13688,(#13692,#13699),.PCURVE_S1.);
#13688 = LINE('',#13689,#13690);
#13689 = CARTESIAN_POINT('',(5.8E+03,-476.,-300.));
#13690 = VECTOR('',#13691,1.);
#13691 = DIRECTION('',(0.,0.,1.));
#13692 = PCURVE('',#13642,#13693);
#13693 = DEFINITIONAL_REPRESENTATION('',(#13694),#13698);
#13694 = LINE('',#13695,#13696);
#13695 = CARTESIAN_POINT('',(0.,-4.));
#13696 = VECTOR('',#13697,1.);
#13697 = DIRECTION('',(1.,0.));
#13698 = ( GEOMETRIC_REPRESENTATION_CONTEXT(2) 
PARAMETRIC_REPRESENTATION_CONTEXT() REPRESENTATION_CONTEXT('2D SPACE',''
  ) );
#13699 = PCURVE('',#13590,#13700);
#13700 = DEFINITIONAL_REPRESENTATION('',(#13701),#13705);
#13701 = LINE('',#13702,#13703);
#13702 = CARTESIAN_POINT('',(0.,800.));
#13703 = VECTOR('',#13704,1.);
#13704 = DIRECTION('',(1.,0.));
#13705 = ( GEOMETRIC_REPRESENTATION_CONTEXT(2) 
PARAMETRIC_REPRESENTATION_CONTEXT() REPRESENTATION_CONTEXT('2D SPACE',''
  ) );
#13706 = ORIENTED_EDGE('',*,*,#13707,.F.);
#13707 = EDGE_CURVE('',#13634,#13685,#13708,.T.);
#13708 = SURFACE_CURVE('',#13709,(#13713,#13720),.PCURVE_S1.);
#13709 = LINE('',#13710,#13711);
#13710 = CARTESIAN_POINT('',(5.8E+03,-480.,300.));
#13711 = VECTOR('',#13712,1.);
#13712 = DIRECTION('',(0.,1.,0.));
#13713 = PCURVE('',#13642,#13714);
#13714 = DEFINITIONAL_REPRESENTATION('',(#13715),#13719);
#13715 = LINE('',#13716,#13717);
#13716 = CARTESIAN_POINT('',(600.,0.));
#13717 = VECTOR('',#13718,1.);
#13718 = DIRECTION('',(0.,-1.));
#13719 = ( GEOMETRIC_REPRESENTATION_CONTEXT(2) 
PARAMETRIC_REPRESENTATION_CONTEXT() REPRESENTATION_CONTEXT('2D SPACE',''
  ) );
#13720 = PCURVE('',#13616,#13721);
#13721 = DEFINITIONAL_REPRESENTATION('',(#13722),#13726);
#13722 = LINE('',#13723,#13724);
#13723 = CARTESIAN_POINT('',(800.,0.));
#13724 = VECTOR('',#13725,1.);
#13725 = DIRECTION('',(0.,1.));
#13726 = ( GEOMETRIC_REPRESENTATION_CONTEXT(2) 
PARAMETRIC_REPRESENTATION_CONTEXT() REPRESENTATION_CONTEXT('2D SPACE',''
  ) );
#13727 = ADVANCED_FACE('',(#13728),#13534,.F.);
#13728 = FACE_BOUND('',#13729,.F.);
#13729 = EDGE_LOOP('',(#13730,#13751,#13752,#13773));
#13730 = ORIENTED_EDGE('',*,*,#13731,.F.);
#13731 = EDGE_CURVE('',#13512,#13632,#13732,.T.);
#13732 = SURFACE_CURVE('',#13733,(#13737,#13744),.PCURVE_S1.);
#13733 = LINE('',#13734,#13735);
#13734 = CARTESIAN_POINT('',(5.E+03,-480.,-300.));
#13735 = VECTOR('',#13736,1.);
#13736 = DIRECTION('',(1.,0.,0.));
#13737 = PCURVE('',#13534,#13738);
#13738 = DEFINITIONAL_REPRESENTATION('',(#13739),#13743);
#13739 = LINE('',#13740,#13741);
#13740 = CARTESIAN_POINT('',(0.,0.));
#13741 = VECTOR('',#13742,1.);
#13742 = DIRECTION('',(0.,1.));
#13743 = ( GEOMETRIC_REPRESENTATION_CONTEXT(2) 
PARAMETRIC_REPRESENTATION_CONTEXT() REPRESENTATION_CONTEXT('2D SPACE',''
  ) );
#13744 = PCURVE('',#13562,#13745);
#13745 = DEFINITIONAL_REPRESENTATION('',(#13746),#13750);
#13746 = LINE('',#13747,#13748);
#13747 = CARTESIAN_POINT('',(0.,0.));
#13748 = VECTOR('',#13749,1.);
#13749 = DIRECTION('',(1.,0.));
#13750 = ( GEOMETRIC_REPRESENTATION_CONTEXT(2) 
PARAMETRIC_REPRESENTATION_CONTEXT() REPRESENTATION_CONTEXT('2D SPACE',''
  ) );
#13751 = ORIENTED_EDGE('',*,*,#13511,.T.);
#13752 = ORIENTED_EDGE('',*,*,#13753,.T.);
#13753 = EDGE_CURVE('',#13514,#13634,#13754,.T.);
#13754 = SURFACE_CURVE('',#13755,(#13759,#13766),.PCURVE_S1.);
#13755 = LINE('',#13756,#13757);
#13756 = CARTESIAN_POINT('',(5.E+03,-480.,300.));
#13757 = VECTOR('',#13758,1.);
#13758 = DIRECTION('',(1.,0.,0.));
#13759 = PCURVE('',#13534,#13760);
#13760 = DEFINITIONAL_REPRESENTATION('',(#13761),#13765);
#13761 = LINE('',#13762,#13763);
#13762 = CARTESIAN_POINT('',(600.,0.));
#13763 = VECTOR('',#13764,1.);
#13764 = DIRECTION('',(0.,1.));
#13765 = ( GEOMETRIC_REPRESENTATION_CONTEXT(2) 
PARAMETRIC_REPRESENTATION_CONTEXT() REPRESENTATION_CONTEXT('2D SPACE',''
  ) );
#13766 = PCURVE('',#13616,#13767);
#13767 = DEFINITIONAL_REPRESENTATION('',(#13768),#13772);
#13768 = LINE('',#13769,#13770);
#13769 = CARTESIAN_POINT('',(0.,0.));
#13770 = VECTOR('',#13771,1.);
#13771 = DIRECTION('',(1.,0.));
#13772 = ( GEOMETRIC_REPRESENTATION_CONTEXT(2) 
PARAMETRIC_REPRESENTATION_CONTEXT() REPRESENTATION_CONTEXT('2D SPACE',''
  ) );
#13773 = ORIENTED_EDGE('',*,*,#13631,.F.);
#13774 = ADVANCED_FACE('',(#13775),#13590,.T.);
#13775 = FACE_BOUND('',#13776,.T.);
#13776 = EDGE_LOOP('',(#13777,#13798,#13799,#13820));
#13777 = ORIENTED_EDGE('',*,*,#13778,.F.);
#13778 = EDGE_CURVE('',#13547,#13662,#13779,.T.);
#13779 = SURFACE_CURVE('',#13780,(#13784,#13791),.PCURVE_S1.);
#13780 = LINE('',#13781,#13782);
#13781 = CARTESIAN_POINT('',(5.E+03,-476.,-300.));
#13782 = VECTOR('',#13783,1.);
#13783 = DIRECTION('',(1.,0.,0.));
#13784 = PCURVE('',#13590,#13785);
#13785 = DEFINITIONAL_REPRESENTATION('',(#13786),#13790);
#13786 = LINE('',#13787,#13788);
#13787 = CARTESIAN_POINT('',(0.,0.));
#13788 = VECTOR('',#13789,1.);
#13789 = DIRECTION('',(0.,1.));
#13790 = ( GEOMETRIC_REPRESENTATION_CONTEXT(2) 
PARAMETRIC_REPRESENTATION_CONTEXT() REPRESENTATION_CONTEXT('2D SPACE',''
  ) );
#13791 = PCURVE('',#13562,#13792);
#13792 = DEFINITIONAL_REPRESENTATION('',(#13793),#13797);
#13793 = LINE('',#13794,#13795);
#13794 = CARTESIAN_POINT('',(0.,4.));
#13795 = VECTOR('',#13796,1.);
#13796 = DIRECTION('',(1.,0.));
#13797 = ( GEOMETRIC_REPRESENTATION_CONTEXT(2) 
PARAMETRIC_REPRESENTATION_CONTEXT() REPRESENTATION_CONTEXT('2D SPACE',''
  ) );
#13798 = ORIENTED_EDGE('',*,*,#13574,.T.);
#13799 = ORIENTED_EDGE('',*,*,#13800,.T.);
#13800 = EDGE_CURVE('',#13575,#13685,#13801,.T.);
#13801 = SURFACE_CURVE('',#13802,(#13806,#13813),.PCURVE_S1.);
#13802 = LINE('',#13803,#13804);
#13803 = CARTESIAN_POINT('',(5.E+03,-476.,300.));
#13804 = VECTOR('',#13805,1.);
#13805 = DIRECTION('',(1.,0.,0.));
#13806 = PCURVE('',#13590,#13807);
#13807 = DEFINITIONAL_REPRESENTATION('',(#13808),#13812);
#13808 = LINE('',#13809,#13810);
#13809 = CARTESIAN_POINT('',(600.,0.));
#13810 = VECTOR('',#13811,1.);
#13811 = DIRECTION('',(0.,1.));
#13812 = ( GEOMETRIC_REPRESENTATION_CONTEXT(2) 
PARAMETRIC_REPRESENTATION_CONTEXT() REPRESENTATION_CONTEXT('2D SPACE',''
  ) );
#13813 = PCURVE('',#13616,#13814);
#13814 = DEFINITIONAL_REPRESENTATION('',(#13815),#13819);
#13815 = LINE('',#13816,#13817);
#13816 = CARTESIAN_POINT('',(0.,4.));
#13817 = VECTOR('',#13818,1.);
#13818 = DIRECTION('',(1.,0.));
#13819 = ( GEOMETRIC_REPRESENTATION_CONTEXT(2) 
PARAMETRIC_REPRESENTATION_CONTEXT() REPRESENTATION_CONTEXT('2D SPACE',''
  ) );
#13820 = ORIENTED_EDGE('',*,*,#13684,.F.);
#13821 = ADVANCED_FACE('',(#13822),#13562,.F.);
#13822 = FACE_BOUND('',#13823,.F.);
#13823 = EDGE_LOOP('',(#13824,#13825,#13826,#13827));
#13824 = ORIENTED_EDGE('',*,*,#13546,.F.);
#13825 = ORIENTED_EDGE('',*,*,#13731,.T.);
#13826 = ORIENTED_EDGE('',*,*,#13661,.T.);
#13827 = ORIENTED_EDGE('',*,*,#13778,.F.);
#13828 = ADVANCED_FACE('',(#13829),#13616,.T.);
#13829 = FACE_BOUND('',#13830,.T.);
#13830 = EDGE_LOOP('',(#13831,#13832,#13833,#13834));
#13831 = ORIENTED_EDGE('',*,*,#13602,.F.);
#13832 = ORIENTED_EDGE('',*,*,#13753,.T.);
#13833 = ORIENTED_EDGE('',*,*,#13707,.T.);
#13834 = ORIENTED_EDGE('',*,*,#13800,.F.);
#13835 = ( GEOMETRIC_REPRESENTATION_CONTEXT(3) 
GLOBAL_UNCERTAINTY_ASSIGNED_CONTEXT((#13839)) 
GLOBAL_UNIT_ASSIGNED_CONTEXT((#13836,#13837,#13838)) 
REPRESENTATION_CONTEXT('Context #1',
  '3D Context with UNIT and UNCERTAINTY') );
#13836 = ( LENGTH_UNIT() NAMED_UNIT(*) SI_UNIT($,.METRE.) );
#13837 = ( NAMED_UNIT(*) PLANE_ANGLE_UNIT() SI_UNIT($,.RADIAN.) );
#13838 = ( NAMED_UNIT(*) SI_UNIT($,.STERADIAN.) SOLID_ANGLE_UNIT() );
#13839 = UNCERTAINTY_MEASURE_WITH_UNIT(LENGTH_MEASURE(1.E-07),#13836,
  'distance_accuracy_value','confusion accuracy');
#13840 = PRODUCT_RELATED_PRODUCT_CATEGORY('part',$,(#13501));
#13841 = SHAPE_DEFINITION_REPRESENTATION(#13842,#13848);
#13842 = PRODUCT_DEFINITION_SHAPE('','',#13843);
#13843 = PRODUCT_DEFINITION('design','',#13844,#13847);
#13844 = PRODUCT_DEFINITION_FORMATION('','',#13845);
#13845 = PRODUCT('Rad_4_1','Rad_4_1','',(#13846));
#13846 = PRODUCT_CONTEXT('',#2,'mechanical');
#13847 = PRODUCT_DEFINITION_CONTEXT('part definition',#2,'design');
#13848 = ADVANCED_BREP_SHAPE_REPRESENTATION('',(#11,#13849),#14179);
#13849 = MANIFOLD_SOLID_BREP('',#13850);
#13850 = CLOSED_SHELL('',(#13851,#13971,#14071,#14118,#14165,#14172));
#13851 = ADVANCED_FACE('',(#13852),#13866,.F.);
#13852 = FACE_BOUND('',#13853,.F.);
#13853 = EDGE_LOOP('',(#13854,#13889,#13917,#13945));
#13854 = ORIENTED_EDGE('',*,*,#13855,.F.);
#13855 = EDGE_CURVE('',#13856,#13858,#13860,.T.);
#13856 = VERTEX_POINT('',#13857);
#13857 = CARTESIAN_POINT('',(5.86E+03,476.,-300.));
#13858 = VERTEX_POINT('',#13859);
#13859 = CARTESIAN_POINT('',(5.86E+03,476.,300.));
#13860 = SURFACE_CURVE('',#13861,(#13865,#13877),.PCURVE_S1.);
#13861 = LINE('',#13862,#13863);
#13862 = CARTESIAN_POINT('',(5.86E+03,476.,-300.));
#13863 = VECTOR('',#13864,1.);
#13864 = DIRECTION('',(0.,0.,1.));
#13865 = PCURVE('',#13866,#13871);
#13866 = PLANE('',#13867);
#13867 = AXIS2_PLACEMENT_3D('',#13868,#13869,#13870);
#13868 = CARTESIAN_POINT('',(5.86E+03,476.,-300.));
#13869 = DIRECTION('',(1.,0.,0.));
#13870 = DIRECTION('',(0.,0.,1.));
#13871 = DEFINITIONAL_REPRESENTATION('',(#13872),#13876);
#13872 = LINE('',#13873,#13874);
#13873 = CARTESIAN_POINT('',(0.,0.));
#13874 = VECTOR('',#13875,1.);
#13875 = DIRECTION('',(1.,0.));
#13876 = ( GEOMETRIC_REPRESENTATION_CONTEXT(2) 
PARAMETRIC_REPRESENTATION_CONTEXT() REPRESENTATION_CONTEXT('2D SPACE',''
  ) );
#13877 = PCURVE('',#13878,#13883);
#13878 = PLANE('',#13879);
#13879 = AXIS2_PLACEMENT_3D('',#13880,#13881,#13882);
#13880 = CARTESIAN_POINT('',(5.86E+03,476.,-300.));
#13881 = DIRECTION('',(0.,1.,0.));
#13882 = DIRECTION('',(0.,0.,1.));
#13883 = DEFINITIONAL_REPRESENTATION('',(#13884),#13888);
#13884 = LINE('',#13885,#13886);
#13885 = CARTESIAN_POINT('',(0.,0.));
#13886 = VECTOR('',#13887,1.);
#13887 = DIRECTION('',(1.,0.));
#13888 = ( GEOMETRIC_REPRESENTATION_CONTEXT(2) 
PARAMETRIC_REPRESENTATION_CONTEXT() REPRESENTATION_CONTEXT('2D SPACE',''
  ) );
#13889 = ORIENTED_EDGE('',*,*,#13890,.T.);
#13890 = EDGE_CURVE('',#13856,#13891,#13893,.T.);
#13891 = VERTEX_POINT('',#13892);
#13892 = CARTESIAN_POINT('',(5.86E+03,480.,-300.));
#13893 = SURFACE_CURVE('',#13894,(#13898,#13905),.PCURVE_S1.);
#13894 = LINE('',#13895,#13896);
#13895 = CARTESIAN_POINT('',(5.86E+03,476.,-300.));
#13896 = VECTOR('',#13897,1.);
#13897 = DIRECTION('',(0.,1.,0.));
#13898 = PCURVE('',#13866,#13899);
#13899 = DEFINITIONAL_REPRESENTATION('',(#13900),#13904);
#13900 = LINE('',#13901,#13902);
#13901 = CARTESIAN_POINT('',(0.,0.));
#13902 = VECTOR('',#13903,1.);
#13903 = DIRECTION('',(0.,-1.));
#13904 = ( GEOMETRIC_REPRESENTATION_CONTEXT(2) 
PARAMETRIC_REPRESENTATION_CONTEXT() REPRESENTATION_CONTEXT('2D SPACE',''
  ) );
#13905 = PCURVE('',#13906,#13911);
#13906 = PLANE('',#13907);
#13907 = AXIS2_PLACEMENT_3D('',#13908,#13909,#13910);
#13908 = CARTESIAN_POINT('',(5.86E+03,476.,-300.));
#13909 = DIRECTION('',(0.,0.,1.));
#13910 = DIRECTION('',(1.,0.,0.));
#13911 = DEFINITIONAL_REPRESENTATION('',(#13912),#13916);
#13912 = LINE('',#13913,#13914);
#13913 = CARTESIAN_POINT('',(0.,0.));
#13914 = VECTOR('',#13915,1.);
#13915 = DIRECTION('',(0.,1.));
#13916 = ( GEOMETRIC_REPRESENTATION_CONTEXT(2) 
PARAMETRIC_REPRESENTATION_CONTEXT() REPRESENTATION_CONTEXT('2D SPACE',''
  ) );
#13917 = ORIENTED_EDGE('',*,*,#13918,.T.);
#13918 = EDGE_CURVE('',#13891,#13919,#13921,.T.);
#13919 = VERTEX_POINT('',#13920);
#13920 = CARTESIAN_POINT('',(5.86E+03,480.,300.));
#13921 = SURFACE_CURVE('',#13922,(#13926,#13933),.PCURVE_S1.);
#13922 = LINE('',#13923,#13924);
#13923 = CARTESIAN_POINT('',(5.86E+03,480.,-300.));
#13924 = VECTOR('',#13925,1.);
#13925 = DIRECTION('',(0.,0.,1.));
#13926 = PCURVE('',#13866,#13927);
#13927 = DEFINITIONAL_REPRESENTATION('',(#13928),#13932);
#13928 = LINE('',#13929,#13930);
#13929 = CARTESIAN_POINT('',(0.,-4.));
#13930 = VECTOR('',#13931,1.);
#13931 = DIRECTION('',(1.,0.));
#13932 = ( GEOMETRIC_REPRESENTATION_CONTEXT(2) 
PARAMETRIC_REPRESENTATION_CONTEXT() REPRESENTATION_CONTEXT('2D SPACE',''
  ) );
#13933 = PCURVE('',#13934,#13939);
#13934 = PLANE('',#13935);
#13935 = AXIS2_PLACEMENT_3D('',#13936,#13937,#13938);
#13936 = CARTESIAN_POINT('',(5.86E+03,480.,-300.));
#13937 = DIRECTION('',(0.,1.,0.));
#13938 = DIRECTION('',(0.,0.,1.));
#13939 = DEFINITIONAL_REPRESENTATION('',(#13940),#13944);
#13940 = LINE('',#13941,#13942);
#13941 = CARTESIAN_POINT('',(0.,0.));
#13942 = VECTOR('',#13943,1.);
#13943 = DIRECTION('',(1.,0.));
#13944 = ( GEOMETRIC_REPRESENTATION_CONTEXT(2) 
PARAMETRIC_REPRESENTATION_CONTEXT() REPRESENTATION_CONTEXT('2D SPACE',''
  ) );
#13945 = ORIENTED_EDGE('',*,*,#13946,.F.);
#13946 = EDGE_CURVE('',#13858,#13919,#13947,.T.);
#13947 = SURFACE_CURVE('',#13948,(#13952,#13959),.PCURVE_S1.);
#13948 = LINE('',#13949,#13950);
#13949 = CARTESIAN_POINT('',(5.86E+03,476.,300.));
#13950 = VECTOR('',#13951,1.);
#13951 = DIRECTION('',(0.,1.,0.));
#13952 = PCURVE('',#13866,#13953);
#13953 = DEFINITIONAL_REPRESENTATION('',(#13954),#13958);
#13954 = LINE('',#13955,#13956);
#13955 = CARTESIAN_POINT('',(600.,0.));
#13956 = VECTOR('',#13957,1.);
#13957 = DIRECTION('',(0.,-1.));
#13958 = ( GEOMETRIC_REPRESENTATION_CONTEXT(2) 
PARAMETRIC_REPRESENTATION_CONTEXT() REPRESENTATION_CONTEXT('2D SPACE',''
  ) );
#13959 = PCURVE('',#13960,#13965);
#13960 = PLANE('',#13961);
#13961 = AXIS2_PLACEMENT_3D('',#13962,#13963,#13964);
#13962 = CARTESIAN_POINT('',(5.86E+03,476.,300.));
#13963 = DIRECTION('',(0.,0.,1.));
#13964 = DIRECTION('',(1.,0.,0.));
#13965 = DEFINITIONAL_REPRESENTATION('',(#13966),#13970);
#13966 = LINE('',#13967,#13968);
#13967 = CARTESIAN_POINT('',(0.,0.));
#13968 = VECTOR('',#13969,1.);
#13969 = DIRECTION('',(0.,1.));
#13970 = ( GEOMETRIC_REPRESENTATION_CONTEXT(2) 
PARAMETRIC_REPRESENTATION_CONTEXT() REPRESENTATION_CONTEXT('2D SPACE',''
  ) );
#13971 = ADVANCED_FACE('',(#13972),#13986,.T.);
#13972 = FACE_BOUND('',#13973,.T.);
#13973 = EDGE_LOOP('',(#13974,#14004,#14027,#14050));
#13974 = ORIENTED_EDGE('',*,*,#13975,.F.);
#13975 = EDGE_CURVE('',#13976,#13978,#13980,.T.);
#13976 = VERTEX_POINT('',#13977);
#13977 = CARTESIAN_POINT('',(6.66E+03,476.,-300.));
#13978 = VERTEX_POINT('',#13979);
#13979 = CARTESIAN_POINT('',(6.66E+03,476.,300.));
#13980 = SURFACE_CURVE('',#13981,(#13985,#13997),.PCURVE_S1.);
#13981 = LINE('',#13982,#13983);
#13982 = CARTESIAN_POINT('',(6.66E+03,476.,-300.));
#13983 = VECTOR('',#13984,1.);
#13984 = DIRECTION('',(0.,0.,1.));
#13985 = PCURVE('',#13986,#13991);
#13986 = PLANE('',#13987);
#13987 = AXIS2_PLACEMENT_3D('',#13988,#13989,#13990);
#13988 = CARTESIAN_POINT('',(6.66E+03,476.,-300.));
#13989 = DIRECTION('',(1.,0.,0.));
#13990 = DIRECTION('',(0.,0.,1.));
#13991 = DEFINITIONAL_REPRESENTATION('',(#13992),#13996);
#13992 = LINE('',#13993,#13994);
#13993 = CARTESIAN_POINT('',(0.,0.));
#13994 = VECTOR('',#13995,1.);
#13995 = DIRECTION('',(1.,0.));
#13996 = ( GEOMETRIC_REPRESENTATION_CONTEXT(2) 
PARAMETRIC_REPRESENTATION_CONTEXT() REPRESENTATION_CONTEXT('2D SPACE',''
  ) );
#13997 = PCURVE('',#13878,#13998);
#13998 = DEFINITIONAL_REPRESENTATION('',(#13999),#14003);
#13999 = LINE('',#14000,#14001);
#14000 = CARTESIAN_POINT('',(0.,800.));
#14001 = VECTOR('',#14002,1.);
#14002 = DIRECTION('',(1.,0.));
#14003 = ( GEOMETRIC_REPRESENTATION_CONTEXT(2) 
PARAMETRIC_REPRESENTATION_CONTEXT() REPRESENTATION_CONTEXT('2D SPACE',''
  ) );
#14004 = ORIENTED_EDGE('',*,*,#14005,.T.);
#14005 = EDGE_CURVE('',#13976,#14006,#14008,.T.);
#14006 = VERTEX_POINT('',#14007);
#14007 = CARTESIAN_POINT('',(6.66E+03,480.,-300.));
#14008 = SURFACE_CURVE('',#14009,(#14013,#14020),.PCURVE_S1.);
#14009 = LINE('',#14010,#14011);
#14010 = CARTESIAN_POINT('',(6.66E+03,476.,-300.));
#14011 = VECTOR('',#14012,1.);
#14012 = DIRECTION('',(0.,1.,0.));
#14013 = PCURVE('',#13986,#14014);
#14014 = DEFINITIONAL_REPRESENTATION('',(#14015),#14019);
#14015 = LINE('',#14016,#14017);
#14016 = CARTESIAN_POINT('',(0.,0.));
#14017 = VECTOR('',#14018,1.);
#14018 = DIRECTION('',(0.,-1.));
#14019 = ( GEOMETRIC_REPRESENTATION_CONTEXT(2) 
PARAMETRIC_REPRESENTATION_CONTEXT() REPRESENTATION_CONTEXT('2D SPACE',''
  ) );
#14020 = PCURVE('',#13906,#14021);
#14021 = DEFINITIONAL_REPRESENTATION('',(#14022),#14026);
#14022 = LINE('',#14023,#14024);
#14023 = CARTESIAN_POINT('',(800.,0.));
#14024 = VECTOR('',#14025,1.);
#14025 = DIRECTION('',(0.,1.));
#14026 = ( GEOMETRIC_REPRESENTATION_CONTEXT(2) 
PARAMETRIC_REPRESENTATION_CONTEXT() REPRESENTATION_CONTEXT('2D SPACE',''
  ) );
#14027 = ORIENTED_EDGE('',*,*,#14028,.T.);
#14028 = EDGE_CURVE('',#14006,#14029,#14031,.T.);
#14029 = VERTEX_POINT('',#14030);
#14030 = CARTESIAN_POINT('',(6.66E+03,480.,300.));
#14031 = SURFACE_CURVE('',#14032,(#14036,#14043),.PCURVE_S1.);
#14032 = LINE('',#14033,#14034);
#14033 = CARTESIAN_POINT('',(6.66E+03,480.,-300.));
#14034 = VECTOR('',#14035,1.);
#14035 = DIRECTION('',(0.,0.,1.));
#14036 = PCURVE('',#13986,#14037);
#14037 = DEFINITIONAL_REPRESENTATION('',(#14038),#14042);
#14038 = LINE('',#14039,#14040);
#14039 = CARTESIAN_POINT('',(0.,-4.));
#14040 = VECTOR('',#14041,1.);
#14041 = DIRECTION('',(1.,0.));
#14042 = ( GEOMETRIC_REPRESENTATION_CONTEXT(2) 
PARAMETRIC_REPRESENTATION_CONTEXT() REPRESENTATION_CONTEXT('2D SPACE',''
  ) );
#14043 = PCURVE('',#13934,#14044);
#14044 = DEFINITIONAL_REPRESENTATION('',(#14045),#14049);
#14045 = LINE('',#14046,#14047);
#14046 = CARTESIAN_POINT('',(0.,800.));
#14047 = VECTOR('',#14048,1.);
#14048 = DIRECTION('',(1.,0.));
#14049 = ( GEOMETRIC_REPRESENTATION_CONTEXT(2) 
PARAMETRIC_REPRESENTATION_CONTEXT() REPRESENTATION_CONTEXT('2D SPACE',''
  ) );
#14050 = ORIENTED_EDGE('',*,*,#14051,.F.);
#14051 = EDGE_CURVE('',#13978,#14029,#14052,.T.);
#14052 = SURFACE_CURVE('',#14053,(#14057,#14064),.PCURVE_S1.);
#14053 = LINE('',#14054,#14055);
#14054 = CARTESIAN_POINT('',(6.66E+03,476.,300.));
#14055 = VECTOR('',#14056,1.);
#14056 = DIRECTION('',(0.,1.,0.));
#14057 = PCURVE('',#13986,#14058);
#14058 = DEFINITIONAL_REPRESENTATION('',(#14059),#14063);
#14059 = LINE('',#14060,#14061);
#14060 = CARTESIAN_POINT('',(600.,0.));
#14061 = VECTOR('',#14062,1.);
#14062 = DIRECTION('',(0.,-1.));
#14063 = ( GEOMETRIC_REPRESENTATION_CONTEXT(2) 
PARAMETRIC_REPRESENTATION_CONTEXT() REPRESENTATION_CONTEXT('2D SPACE',''
  ) );
#14064 = PCURVE('',#13960,#14065);
#14065 = DEFINITIONAL_REPRESENTATION('',(#14066),#14070);
#14066 = LINE('',#14067,#14068);
#14067 = CARTESIAN_POINT('',(800.,0.));
#14068 = VECTOR('',#14069,1.);
#14069 = DIRECTION('',(0.,1.));
#14070 = ( GEOMETRIC_REPRESENTATION_CONTEXT(2) 
PARAMETRIC_REPRESENTATION_CONTEXT() REPRESENTATION_CONTEXT('2D SPACE',''
  ) );
#14071 = ADVANCED_FACE('',(#14072),#13878,.F.);
#14072 = FACE_BOUND('',#14073,.F.);
#14073 = EDGE_LOOP('',(#14074,#14095,#14096,#14117));
#14074 = ORIENTED_EDGE('',*,*,#14075,.F.);
#14075 = EDGE_CURVE('',#13856,#13976,#14076,.T.);
#14076 = SURFACE_CURVE('',#14077,(#14081,#14088),.PCURVE_S1.);
#14077 = LINE('',#14078,#14079);
#14078 = CARTESIAN_POINT('',(5.86E+03,476.,-300.));
#14079 = VECTOR('',#14080,1.);
#14080 = DIRECTION('',(1.,0.,0.));
#14081 = PCURVE('',#13878,#14082);
#14082 = DEFINITIONAL_REPRESENTATION('',(#14083),#14087);
#14083 = LINE('',#14084,#14085);
#14084 = CARTESIAN_POINT('',(0.,0.));
#14085 = VECTOR('',#14086,1.);
#14086 = DIRECTION('',(0.,1.));
#14087 = ( GEOMETRIC_REPRESENTATION_CONTEXT(2) 
PARAMETRIC_REPRESENTATION_CONTEXT() REPRESENTATION_CONTEXT('2D SPACE',''
  ) );
#14088 = PCURVE('',#13906,#14089);
#14089 = DEFINITIONAL_REPRESENTATION('',(#14090),#14094);
#14090 = LINE('',#14091,#14092);
#14091 = CARTESIAN_POINT('',(0.,0.));
#14092 = VECTOR('',#14093,1.);
#14093 = DIRECTION('',(1.,0.));
#14094 = ( GEOMETRIC_REPRESENTATION_CONTEXT(2) 
PARAMETRIC_REPRESENTATION_CONTEXT() REPRESENTATION_CONTEXT('2D SPACE',''
  ) );
#14095 = ORIENTED_EDGE('',*,*,#13855,.T.);
#14096 = ORIENTED_EDGE('',*,*,#14097,.T.);
#14097 = EDGE_CURVE('',#13858,#13978,#14098,.T.);
#14098 = SURFACE_CURVE('',#14099,(#14103,#14110),.PCURVE_S1.);
#14099 = LINE('',#14100,#14101);
#14100 = CARTESIAN_POINT('',(5.86E+03,476.,300.));
#14101 = VECTOR('',#14102,1.);
#14102 = DIRECTION('',(1.,0.,0.));
#14103 = PCURVE('',#13878,#14104);
#14104 = DEFINITIONAL_REPRESENTATION('',(#14105),#14109);
#14105 = LINE('',#14106,#14107);
#14106 = CARTESIAN_POINT('',(600.,0.));
#14107 = VECTOR('',#14108,1.);
#14108 = DIRECTION('',(0.,1.));
#14109 = ( GEOMETRIC_REPRESENTATION_CONTEXT(2) 
PARAMETRIC_REPRESENTATION_CONTEXT() REPRESENTATION_CONTEXT('2D SPACE',''
  ) );
#14110 = PCURVE('',#13960,#14111);
#14111 = DEFINITIONAL_REPRESENTATION('',(#14112),#14116);
#14112 = LINE('',#14113,#14114);
#14113 = CARTESIAN_POINT('',(0.,0.));
#14114 = VECTOR('',#14115,1.);
#14115 = DIRECTION('',(1.,0.));
#14116 = ( GEOMETRIC_REPRESENTATION_CONTEXT(2) 
PARAMETRIC_REPRESENTATION_CONTEXT() REPRESENTATION_CONTEXT('2D SPACE',''
  ) );
#14117 = ORIENTED_EDGE('',*,*,#13975,.F.);
#14118 = ADVANCED_FACE('',(#14119),#13934,.T.);
#14119 = FACE_BOUND('',#14120,.T.);
#14120 = EDGE_LOOP('',(#14121,#14142,#14143,#14164));
#14121 = ORIENTED_EDGE('',*,*,#14122,.F.);
#14122 = EDGE_CURVE('',#13891,#14006,#14123,.T.);
#14123 = SURFACE_CURVE('',#14124,(#14128,#14135),.PCURVE_S1.);
#14124 = LINE('',#14125,#14126);
#14125 = CARTESIAN_POINT('',(5.86E+03,480.,-300.));
#14126 = VECTOR('',#14127,1.);
#14127 = DIRECTION('',(1.,0.,0.));
#14128 = PCURVE('',#13934,#14129);
#14129 = DEFINITIONAL_REPRESENTATION('',(#14130),#14134);
#14130 = LINE('',#14131,#14132);
#14131 = CARTESIAN_POINT('',(0.,0.));
#14132 = VECTOR('',#14133,1.);
#14133 = DIRECTION('',(0.,1.));
#14134 = ( GEOMETRIC_REPRESENTATION_CONTEXT(2) 
PARAMETRIC_REPRESENTATION_CONTEXT() REPRESENTATION_CONTEXT('2D SPACE',''
  ) );
#14135 = PCURVE('',#13906,#14136);
#14136 = DEFINITIONAL_REPRESENTATION('',(#14137),#14141);
#14137 = LINE('',#14138,#14139);
#14138 = CARTESIAN_POINT('',(0.,4.));
#14139 = VECTOR('',#14140,1.);
#14140 = DIRECTION('',(1.,0.));
#14141 = ( GEOMETRIC_REPRESENTATION_CONTEXT(2) 
PARAMETRIC_REPRESENTATION_CONTEXT() REPRESENTATION_CONTEXT('2D SPACE',''
  ) );
#14142 = ORIENTED_EDGE('',*,*,#13918,.T.);
#14143 = ORIENTED_EDGE('',*,*,#14144,.T.);
#14144 = EDGE_CURVE('',#13919,#14029,#14145,.T.);
#14145 = SURFACE_CURVE('',#14146,(#14150,#14157),.PCURVE_S1.);
#14146 = LINE('',#14147,#14148);
#14147 = CARTESIAN_POINT('',(5.86E+03,480.,300.));
#14148 = VECTOR('',#14149,1.);
#14149 = DIRECTION('',(1.,0.,0.));
#14150 = PCURVE('',#13934,#14151);
#14151 = DEFINITIONAL_REPRESENTATION('',(#14152),#14156);
#14152 = LINE('',#14153,#14154);
#14153 = CARTESIAN_POINT('',(600.,0.));
#14154 = VECTOR('',#14155,1.);
#14155 = DIRECTION('',(0.,1.));
#14156 = ( GEOMETRIC_REPRESENTATION_CONTEXT(2) 
PARAMETRIC_REPRESENTATION_CONTEXT() REPRESENTATION_CONTEXT('2D SPACE',''
  ) );
#14157 = PCURVE('',#13960,#14158);
#14158 = DEFINITIONAL_REPRESENTATION('',(#14159),#14163);
#14159 = LINE('',#14160,#14161);
#14160 = CARTESIAN_POINT('',(0.,4.));
#14161 = VECTOR('',#14162,1.);
#14162 = DIRECTION('',(1.,0.));
#14163 = ( GEOMETRIC_REPRESENTATION_CONTEXT(2) 
PARAMETRIC_REPRESENTATION_CONTEXT() REPRESENTATION_CONTEXT('2D SPACE',''
  ) );
#14164 = ORIENTED_EDGE('',*,*,#14028,.F.);
#14165 = ADVANCED_FACE('',(#14166),#13906,.F.);
#14166 = FACE_BOUND('',#14167,.F.);
#14167 = EDGE_LOOP('',(#14168,#14169,#14170,#14171));
#14168 = ORIENTED_EDGE('',*,*,#13890,.F.);
#14169 = ORIENTED_EDGE('',*,*,#14075,.T.);
#14170 = ORIENTED_EDGE('',*,*,#14005,.T.);
#14171 = ORIENTED_EDGE('',*,*,#14122,.F.);
#14172 = ADVANCED_FACE('',(#14173),#13960,.T.);
#14173 = FACE_BOUND('',#14174,.T.);
#14174 = EDGE_LOOP('',(#14175,#14176,#14177,#14178));
#14175 = ORIENTED_EDGE('',*,*,#13946,.F.);
#14176 = ORIENTED_EDGE('',*,*,#14097,.T.);
#14177 = ORIENTED_EDGE('',*,*,#14051,.T.);
#14178 = ORIENTED_EDGE('',*,*,#14144,.F.);
#14179 = ( GEOMETRIC_REPRESENTATION_CONTEXT(3) 
GLOBAL_UNCERTAINTY_ASSIGNED_CONTEXT((#14183)) 
GLOBAL_UNIT_ASSIGNED_CONTEXT((#14180,#14181,#14182)) 
REPRESENTATION_CONTEXT('Context #1',
  '3D Context with UNIT and UNCERTAINTY') );
#14180 = ( LENGTH_UNIT() NAMED_UNIT(*) SI_UNIT($,.METRE.) );
#14181 = ( NAMED_UNIT(*) PLANE_ANGLE_UNIT() SI_UNIT($,.RADIAN.) );
#14182 = ( NAMED_UNIT(*) SI_UNIT($,.STERADIAN.) SOLID_ANGLE_UNIT() );
#14183 = UNCERTAINTY_MEASURE_WITH_UNIT(LENGTH_MEASURE(1.E-07),#14180,
  'distance_accuracy_value','confusion accuracy');
#14184 = PRODUCT_RELATED_PRODUCT_CATEGORY('part',$,(#13845));
#14185 = MECHANICAL_DESIGN_GEOMETRIC_PRESENTATION_REPRESENTATION('',(
    #14186),#6643);
#14186 = STYLED_ITEM('color',(#14187),#6587);
#14187 = PRESENTATION_STYLE_ASSIGNMENT((#14188));
#14188 = SURFACE_STYLE_USAGE(.BOTH.,#14189);
#14189 = SURFACE_SIDE_STYLE('',(#14190));
#14190 = SURFACE_STYLE_FILL_AREA(#14191);
#14191 = FILL_AREA_STYLE('',(#14192));
#14192 = FILL_AREA_STYLE_COLOUR('',#14193);
#14193 = COLOUR_RGB('',0.199999998682,0.399999997426,0.800000010877);
#14194 = MECHANICAL_DESIGN_GEOMETRIC_PRESENTATION_REPRESENTATION('',(
    #14195),#6302);
#14195 = STYLED_ITEM('color',(#14196),#6204);
#14196 = PRESENTATION_STYLE_ASSIGNMENT((#14197,#14202));
#14197 = SURFACE_STYLE_USAGE(.BOTH.,#14198);
#14198 = SURFACE_SIDE_STYLE('',(#14199));
#14199 = SURFACE_STYLE_FILL_AREA(#14200);
#14200 = FILL_AREA_STYLE('',(#14201));
#14201 = FILL_AREA_STYLE_COLOUR('',#14193);
#14202 = CURVE_STYLE('',#14203,POSITIVE_LENGTH_MEASURE(0.1),#14193);
#14203 = DRAUGHTING_PRE_DEFINED_CURVE_FONT('continuous');
#14204 = MECHANICAL_DESIGN_GEOMETRIC_PRESENTATION_REPRESENTATION('',(
    #14205),#4564);
#14205 = STYLED_ITEM('color',(#14206),#4448);
#14206 = PRESENTATION_STYLE_ASSIGNMENT((#14207,#14213));
#14207 = SURFACE_STYLE_USAGE(.BOTH.,#14208);
#14208 = SURFACE_SIDE_STYLE('',(#14209));
#14209 = SURFACE_STYLE_FILL_AREA(#14210);
#14210 = FILL_AREA_STYLE('',(#14211));
#14211 = FILL_AREA_STYLE_COLOUR('',#14212);
#14212 = COLOUR_RGB('',0.850000012718,0.500000003429,0.199999998682);
#14213 = CURVE_STYLE('',#14214,POSITIVE_LENGTH_MEASURE(0.1),#14212);
#14214 = DRAUGHTING_PRE_DEFINED_CURVE_FONT('continuous');
#14215 = MECHANICAL_DESIGN_GEOMETRIC_PRESENTATION_REPRESENTATION('',(
    #14216),#7413);
#14216 = STYLED_ITEM('color',(#14217),#7187);
#14217 = PRESENTATION_STYLE_ASSIGNMENT((#14218,#14223));
#14218 = SURFACE_STYLE_USAGE(.BOTH.,#14219);
#14219 = SURFACE_SIDE_STYLE('',(#14220));
#14220 = SURFACE_STYLE_FILL_AREA(#14221);
#14221 = FILL_AREA_STYLE('',(#14222));
#14222 = FILL_AREA_STYLE_COLOUR('',#14193);
#14223 = CURVE_STYLE('',#14224,POSITIVE_LENGTH_MEASURE(0.1),#14193);
#14224 = DRAUGHTING_PRE_DEFINED_CURVE_FONT('continuous');
#14225 = MECHANICAL_DESIGN_GEOMETRIC_PRESENTATION_REPRESENTATION('',(
    #14226),#2444);
#14226 = STYLED_ITEM('color',(#14227),#2328);
#14227 = PRESENTATION_STYLE_ASSIGNMENT((#14228,#14233));
#14228 = SURFACE_STYLE_USAGE(.BOTH.,#14229);
#14229 = SURFACE_SIDE_STYLE('',(#14230));
#14230 = SURFACE_STYLE_FILL_AREA(#14231);
#14231 = FILL_AREA_STYLE('',(#14232));
#14232 = FILL_AREA_STYLE_COLOUR('',#14212);
#14233 = CURVE_STYLE('',#14234,POSITIVE_LENGTH_MEASURE(0.1),#14212);
#14234 = DRAUGHTING_PRE_DEFINED_CURVE_FONT('continuous');
#14235 = MECHANICAL_DESIGN_GEOMETRIC_PRESENTATION_REPRESENTATION('',(
    #14236),#9127);
#14236 = STYLED_ITEM('color',(#14237),#9029);
#14237 = PRESENTATION_STYLE_ASSIGNMENT((#14238,#14243));
#14238 = SURFACE_STYLE_USAGE(.BOTH.,#14239);
#14239 = SURFACE_SIDE_STYLE('',(#14240));
#14240 = SURFACE_STYLE_FILL_AREA(#14241);
#14241 = FILL_AREA_STYLE('',(#14242));
#14242 = FILL_AREA_STYLE_COLOUR('',#14193);
#14243 = CURVE_STYLE('',#14244,POSITIVE_LENGTH_MEASURE(0.1),#14193);
#14244 = DRAUGHTING_PRE_DEFINED_CURVE_FONT('continuous');
#14245 = MECHANICAL_DESIGN_GEOMETRIC_PRESENTATION_REPRESENTATION('',(
    #14246),#9015);
#14246 = STYLED_ITEM('color',(#14247),#8917);
#14247 = PRESENTATION_STYLE_ASSIGNMENT((#14248,#14253));
#14248 = SURFACE_STYLE_USAGE(.BOTH.,#14249);
#14249 = SURFACE_SIDE_STYLE('',(#14250));
#14250 = SURFACE_STYLE_FILL_AREA(#14251);
#14251 = FILL_AREA_STYLE('',(#14252));
#14252 = FILL_AREA_STYLE_COLOUR('',#14193);
#14253 = CURVE_STYLE('',#14254,POSITIVE_LENGTH_MEASURE(0.1),#14193);
#14254 = DRAUGHTING_PRE_DEFINED_CURVE_FONT('continuous');
#14255 = MECHANICAL_DESIGN_GEOMETRIC_PRESENTATION_REPRESENTATION('',(
    #14256),#2588);
#14256 = STYLED_ITEM('color',(#14257),#2532);
#14257 = PRESENTATION_STYLE_ASSIGNMENT((#14258));
#14258 = SURFACE_STYLE_USAGE(.BOTH.,#14259);
#14259 = SURFACE_SIDE_STYLE('',(#14260));
#14260 = SURFACE_STYLE_FILL_AREA(#14261);
#14261 = FILL_AREA_STYLE('',(#14262));
#14262 = FILL_AREA_STYLE_COLOUR('',#14193);
#14263 = MECHANICAL_DESIGN_GEOMETRIC_PRESENTATION_REPRESENTATION('',(
    #14264),#3410);
#14264 = STYLED_ITEM('color',(#14265),#3354);
#14265 = PRESENTATION_STYLE_ASSIGNMENT((#14266));
#14266 = SURFACE_STYLE_USAGE(.BOTH.,#14267);
#14267 = SURFACE_SIDE_STYLE('',(#14268));
#14268 = SURFACE_STYLE_FILL_AREA(#14269);
#14269 = FILL_AREA_STYLE('',(#14270));
#14270 = FILL_AREA_STYLE_COLOUR('',#14193);
#14271 = MECHANICAL_DESIGN_GEOMETRIC_PRESENTATION_REPRESENTATION('',(
    #14272),#5112);
#14272 = STYLED_ITEM('color',(#14273),#5056);
#14273 = PRESENTATION_STYLE_ASSIGNMENT((#14274));
#14274 = SURFACE_STYLE_USAGE(.BOTH.,#14275);
#14275 = SURFACE_SIDE_STYLE('',(#14276));
#14276 = SURFACE_STYLE_FILL_AREA(#14277);
#14277 = FILL_AREA_STYLE('',(#14278));
#14278 = FILL_AREA_STYLE_COLOUR('',#14193);
#14279 = MECHANICAL_DESIGN_GEOMETRIC_PRESENTATION_REPRESENTATION('',(
    #14280),#1694);
#14280 = STYLED_ITEM('color',(#14281),#1638);
#14281 = PRESENTATION_STYLE_ASSIGNMENT((#14282));
#14282 = SURFACE_STYLE_USAGE(.BOTH.,#14283);
#14283 = SURFACE_SIDE_STYLE('',(#14284));
#14284 = SURFACE_STYLE_FILL_AREA(#14285);
#14285 = FILL_AREA_STYLE('',(#14286));
#14286 = FILL_AREA_STYLE_COLOUR('',#14193);
#14287 = MECHANICAL_DESIGN_GEOMETRIC_PRESENTATION_REPRESENTATION('',(
    #14288),#9713);
#14288 = STYLED_ITEM('color',(#14289),#9597);
#14289 = PRESENTATION_STYLE_ASSIGNMENT((#14290,#14295));
#14290 = SURFACE_STYLE_USAGE(.BOTH.,#14291);
#14291 = SURFACE_SIDE_STYLE('',(#14292));
#14292 = SURFACE_STYLE_FILL_AREA(#14293);
#14293 = FILL_AREA_STYLE('',(#14294));
#14294 = FILL_AREA_STYLE_COLOUR('',#14212);
#14295 = CURVE_STYLE('',#14296,POSITIVE_LENGTH_MEASURE(0.1),#14212);
#14296 = DRAUGHTING_PRE_DEFINED_CURVE_FONT('continuous');
#14297 = MECHANICAL_DESIGN_GEOMETRIC_PRESENTATION_REPRESENTATION('',(
    #14298),#10361);
#14298 = STYLED_ITEM('color',(#14299),#10305);
#14299 = PRESENTATION_STYLE_ASSIGNMENT((#14300));
#14300 = SURFACE_STYLE_USAGE(.BOTH.,#14301);
#14301 = SURFACE_SIDE_STYLE('',(#14302));
#14302 = SURFACE_STYLE_FILL_AREA(#14303);
#14303 = FILL_AREA_STYLE('',(#14304));
#14304 = FILL_AREA_STYLE_COLOUR('',#14193);
#14305 = MECHANICAL_DESIGN_GEOMETRIC_PRESENTATION_REPRESENTATION('',(
    #14306),#5732);
#14306 = STYLED_ITEM('color',(#14307),#5676);
#14307 = PRESENTATION_STYLE_ASSIGNMENT((#14308));
#14308 = SURFACE_STYLE_USAGE(.BOTH.,#14309);
#14309 = SURFACE_SIDE_STYLE('',(#14310));
#14310 = SURFACE_STYLE_FILL_AREA(#14311);
#14311 = FILL_AREA_STYLE('',(#14312));
#14312 = FILL_AREA_STYLE_COLOUR('',#14193);
#14313 = MECHANICAL_DESIGN_GEOMETRIC_PRESENTATION_REPRESENTATION('',(
    #14314),#11083);
#14314 = STYLED_ITEM('color',(#14315),#10985);
#14315 = PRESENTATION_STYLE_ASSIGNMENT((#14316,#14322));
#14316 = SURFACE_STYLE_USAGE(.BOTH.,#14317);
#14317 = SURFACE_SIDE_STYLE('',(#14318));
#14318 = SURFACE_STYLE_FILL_AREA(#14319);
#14319 = FILL_AREA_STYLE('',(#14320));
#14320 = FILL_AREA_STYLE_COLOUR('',#14321);
#14321 = COLOUR_RGB('',0.500000003429,0.600000020288,0.699999984889);
#14322 = CURVE_STYLE('',#14323,POSITIVE_LENGTH_MEASURE(0.1),#14321);
#14323 = DRAUGHTING_PRE_DEFINED_CURVE_FONT('continuous');
#14324 = MECHANICAL_DESIGN_GEOMETRIC_PRESENTATION_REPRESENTATION('',(
    #14325),#4434);
#14325 = STYLED_ITEM('color',(#14326),#4318);
#14326 = PRESENTATION_STYLE_ASSIGNMENT((#14327,#14332));
#14327 = SURFACE_STYLE_USAGE(.BOTH.,#14328);
#14328 = SURFACE_SIDE_STYLE('',(#14329));
#14329 = SURFACE_STYLE_FILL_AREA(#14330);
#14330 = FILL_AREA_STYLE('',(#14331));
#14331 = FILL_AREA_STYLE_COLOUR('',#14212);
#14332 = CURVE_STYLE('',#14333,POSITIVE_LENGTH_MEASURE(0.1),#14212);
#14333 = DRAUGHTING_PRE_DEFINED_CURVE_FONT('continuous');
#14334 = MECHANICAL_DESIGN_GEOMETRIC_PRESENTATION_REPRESENTATION('',(
    #14335),#1896);
#14335 = STYLED_ITEM('color',(#14336),#1840);
#14336 = PRESENTATION_STYLE_ASSIGNMENT((#14337));
#14337 = SURFACE_STYLE_USAGE(.BOTH.,#14338);
#14338 = SURFACE_SIDE_STYLE('',(#14339));
#14339 = SURFACE_STYLE_FILL_AREA(#14340);
#14340 = FILL_AREA_STYLE('',(#14341));
#14341 = FILL_AREA_STYLE_COLOUR('',#14193);
#14342 = MECHANICAL_DESIGN_GEOMETRIC_PRESENTATION_REPRESENTATION('',(
    #14343),#194);
#14343 = STYLED_ITEM('color',(#14344),#127);
#14344 = PRESENTATION_STYLE_ASSIGNMENT((#14345,#14350));
#14345 = SURFACE_STYLE_USAGE(.BOTH.,#14346);
#14346 = SURFACE_SIDE_STYLE('',(#14347));
#14347 = SURFACE_STYLE_FILL_AREA(#14348);
#14348 = FILL_AREA_STYLE('',(#14349));
#14349 = FILL_AREA_STYLE_COLOUR('',#14193);
#14350 = CURVE_STYLE('',#14351,POSITIVE_LENGTH_MEASURE(0.1),#14193);
#14351 = DRAUGHTING_PRE_DEFINED_CURVE_FONT('continuous');
#14352 = MECHANICAL_DESIGN_GEOMETRIC_PRESENTATION_REPRESENTATION('',(
    #14353),#10217);
#14353 = STYLED_ITEM('color',(#14354),#10161);
#14354 = PRESENTATION_STYLE_ASSIGNMENT((#14355));
#14355 = SURFACE_STYLE_USAGE(.BOTH.,#14356);
#14356 = SURFACE_SIDE_STYLE('',(#14357));
#14357 = SURFACE_STYLE_FILL_AREA(#14358);
#14358 = FILL_AREA_STYLE('',(#14359));
#14359 = FILL_AREA_STYLE_COLOUR('',#14193);
#14360 = MECHANICAL_DESIGN_GEOMETRIC_PRESENTATION_REPRESENTATION('',(
    #14361),#454);
#14361 = STYLED_ITEM('color',(#14362),#338);
#14362 = PRESENTATION_STYLE_ASSIGNMENT((#14363,#14368));
#14363 = SURFACE_STYLE_USAGE(.BOTH.,#14364);
#14364 = SURFACE_SIDE_STYLE('',(#14365));
#14365 = SURFACE_STYLE_FILL_AREA(#14366);
#14366 = FILL_AREA_STYLE('',(#14367));
#14367 = FILL_AREA_STYLE_COLOUR('',#14212);
#14368 = CURVE_STYLE('',#14369,POSITIVE_LENGTH_MEASURE(0.1),#14212);
#14369 = DRAUGHTING_PRE_DEFINED_CURVE_FONT('continuous');
#14370 = MECHANICAL_DESIGN_GEOMETRIC_PRESENTATION_REPRESENTATION('',(
    #14371),#7101);
#14371 = STYLED_ITEM('color',(#14372),#6985);
#14372 = PRESENTATION_STYLE_ASSIGNMENT((#14373,#14378));
#14373 = SURFACE_STYLE_USAGE(.BOTH.,#14374);
#14374 = SURFACE_SIDE_STYLE('',(#14375));
#14375 = SURFACE_STYLE_FILL_AREA(#14376);
#14376 = FILL_AREA_STYLE('',(#14377));
#14377 = FILL_AREA_STYLE_COLOUR('',#14212);
#14378 = CURVE_STYLE('',#14379,POSITIVE_LENGTH_MEASURE(0.1),#14212);
#14379 = DRAUGHTING_PRE_DEFINED_CURVE_FONT('continuous');
#14380 = MECHANICAL_DESIGN_GEOMETRIC_PRESENTATION_REPRESENTATION('',(
    #14381),#7485);
#14381 = STYLED_ITEM('color',(#14382),#7429);
#14382 = PRESENTATION_STYLE_ASSIGNMENT((#14383));
#14383 = SURFACE_STYLE_USAGE(.BOTH.,#14384);
#14384 = SURFACE_SIDE_STYLE('',(#14385));
#14385 = SURFACE_STYLE_FILL_AREA(#14386);
#14386 = FILL_AREA_STYLE('',(#14387));
#14387 = FILL_AREA_STYLE_COLOUR('',#14193);
#14388 = MECHANICAL_DESIGN_GEOMETRIC_PRESENTATION_REPRESENTATION('',(
    #14389),#6190);
#14389 = STYLED_ITEM('color',(#14390),#6092);
#14390 = PRESENTATION_STYLE_ASSIGNMENT((#14391,#14396));
#14391 = SURFACE_STYLE_USAGE(.BOTH.,#14392);
#14392 = SURFACE_SIDE_STYLE('',(#14393));
#14393 = SURFACE_STYLE_FILL_AREA(#14394);
#14394 = FILL_AREA_STYLE('',(#14395));
#14395 = FILL_AREA_STYLE_COLOUR('',#14193);
#14396 = CURVE_STYLE('',#14397,POSITIVE_LENGTH_MEASURE(0.1),#14193);
#14397 = DRAUGHTING_PRE_DEFINED_CURVE_FONT('continuous');
#14398 = MECHANICAL_DESIGN_GEOMETRIC_PRESENTATION_REPRESENTATION('',(
    #14399),#1146);
#14399 = STYLED_ITEM('color',(#14400),#1030);
#14400 = PRESENTATION_STYLE_ASSIGNMENT((#14401,#14406));
#14401 = SURFACE_STYLE_USAGE(.BOTH.,#14402);
#14402 = SURFACE_SIDE_STYLE('',(#14403));
#14403 = SURFACE_STYLE_FILL_AREA(#14404);
#14404 = FILL_AREA_STYLE('',(#14405));
#14405 = FILL_AREA_STYLE_COLOUR('',#14212);
#14406 = CURVE_STYLE('',#14407,POSITIVE_LENGTH_MEASURE(0.1),#14212);
#14407 = DRAUGHTING_PRE_DEFINED_CURVE_FONT('continuous');
#14408 = MECHANICAL_DESIGN_GEOMETRIC_PRESENTATION_REPRESENTATION('',(
    #14409),#8485);
#14409 = STYLED_ITEM('color',(#14410),#8387);
#14410 = PRESENTATION_STYLE_ASSIGNMENT((#14411,#14416));
#14411 = SURFACE_STYLE_USAGE(.BOTH.,#14412);
#14412 = SURFACE_SIDE_STYLE('',(#14413));
#14413 = SURFACE_STYLE_FILL_AREA(#14414);
#14414 = FILL_AREA_STYLE('',(#14415));
#14415 = FILL_AREA_STYLE_COLOUR('',#14193);
#14416 = CURVE_STYLE('',#14417,POSITIVE_LENGTH_MEASURE(0.1),#14193);
#14417 = DRAUGHTING_PRE_DEFINED_CURVE_FONT('continuous');
#14418 = MECHANICAL_DESIGN_GEOMETRIC_PRESENTATION_REPRESENTATION('',(
    #14419),#8701);
#14419 = STYLED_ITEM('color',(#14420),#8645);
#14420 = PRESENTATION_STYLE_ASSIGNMENT((#14421));
#14421 = SURFACE_STYLE_USAGE(.BOTH.,#14422);
#14422 = SURFACE_SIDE_STYLE('',(#14423));
#14423 = SURFACE_STYLE_FILL_AREA(#14424);
#14424 = FILL_AREA_STYLE('',(#14425));
#14425 = FILL_AREA_STYLE_COLOUR('',#14193);
#14426 = MECHANICAL_DESIGN_GEOMETRIC_PRESENTATION_REPRESENTATION('',(
    #14427),#10971);
#14427 = STYLED_ITEM('color',(#14428),#10873);
#14428 = PRESENTATION_STYLE_ASSIGNMENT((#14429,#14434));
#14429 = SURFACE_STYLE_USAGE(.BOTH.,#14430);
#14430 = SURFACE_SIDE_STYLE('',(#14431));
#14431 = SURFACE_STYLE_FILL_AREA(#14432);
#14432 = FILL_AREA_STYLE('',(#14433));
#14433 = FILL_AREA_STYLE_COLOUR('',#14193);
#14434 = CURVE_STYLE('',#14435,POSITIVE_LENGTH_MEASURE(0.1),#14193);
#14435 = DRAUGHTING_PRE_DEFINED_CURVE_FONT('continuous');
#14436 = MECHANICAL_DESIGN_GEOMETRIC_PRESENTATION_REPRESENTATION('',(
    #14437),#5386);
#14437 = STYLED_ITEM('color',(#14438),#5330);
#14438 = PRESENTATION_STYLE_ASSIGNMENT((#14439));
#14439 = SURFACE_STYLE_USAGE(.BOTH.,#14440);
#14440 = SURFACE_SIDE_STYLE('',(#14441));
#14441 = SURFACE_STYLE_FILL_AREA(#14442);
#14442 = FILL_AREA_STYLE('',(#14443));
#14443 = FILL_AREA_STYLE_COLOUR('',#14193);
#14444 = MECHANICAL_DESIGN_GEOMETRIC_PRESENTATION_REPRESENTATION('',(
    #14445),#8629);
#14445 = STYLED_ITEM('color',(#14446),#8573);
#14446 = PRESENTATION_STYLE_ASSIGNMENT((#14447));
#14447 = SURFACE_STYLE_USAGE(.BOTH.,#14448);
#14448 = SURFACE_SIDE_STYLE('',(#14449));
#14449 = SURFACE_STYLE_FILL_AREA(#14450);
#14450 = FILL_AREA_STYLE('',(#14451));
#14451 = FILL_AREA_STYLE_COLOUR('',#14193);
#14452 = MECHANICAL_DESIGN_GEOMETRIC_PRESENTATION_REPRESENTATION('',(
    #14453),#9239);
#14453 = STYLED_ITEM('color',(#14454),#9141);
#14454 = PRESENTATION_STYLE_ASSIGNMENT((#14455,#14460));
#14455 = SURFACE_STYLE_USAGE(.BOTH.,#14456);
#14456 = SURFACE_SIDE_STYLE('',(#14457));
#14457 = SURFACE_STYLE_FILL_AREA(#14458);
#14458 = FILL_AREA_STYLE('',(#14459));
#14459 = FILL_AREA_STYLE_COLOUR('',#14193);
#14460 = CURVE_STYLE('',#14461,POSITIVE_LENGTH_MEASURE(0.1),#14193);
#14461 = DRAUGHTING_PRE_DEFINED_CURVE_FONT('continuous');
#14462 = MECHANICAL_DESIGN_GEOMETRIC_PRESENTATION_REPRESENTATION('',(
    #14463),#6078);
#14463 = STYLED_ITEM('color',(#14464),#6022);
#14464 = PRESENTATION_STYLE_ASSIGNMENT((#14465));
#14465 = SURFACE_STYLE_USAGE(.BOTH.,#14466);
#14466 = SURFACE_SIDE_STYLE('',(#14467));
#14467 = SURFACE_STYLE_FILL_AREA(#14468);
#14468 = FILL_AREA_STYLE('',(#14469));
#14469 = FILL_AREA_STYLE_COLOUR('',#14193);
#14470 = MECHANICAL_DESIGN_GEOMETRIC_PRESENTATION_REPRESENTATION('',(
    #14471),#5314);
#14471 = STYLED_ITEM('color',(#14472),#5258);
#14472 = PRESENTATION_STYLE_ASSIGNMENT((#14473));
#14473 = SURFACE_STYLE_USAGE(.BOTH.,#14474);
#14474 = SURFACE_SIDE_STYLE('',(#14475));
#14475 = SURFACE_STYLE_FILL_AREA(#14476);
#14476 = FILL_AREA_STYLE('',(#14477));
#14477 = FILL_AREA_STYLE_COLOUR('',#14193);
#14478 = MECHANICAL_DESIGN_GEOMETRIC_PRESENTATION_REPRESENTATION('',(
    #14479),#2516);
#14479 = STYLED_ITEM('color',(#14480),#2460);
#14480 = PRESENTATION_STYLE_ASSIGNMENT((#14481));
#14481 = SURFACE_STYLE_USAGE(.BOTH.,#14482);
#14482 = SURFACE_SIDE_STYLE('',(#14483));
#14483 = SURFACE_STYLE_FILL_AREA(#14484);
#14484 = FILL_AREA_STYLE('',(#14485));
#14485 = FILL_AREA_STYLE_COLOUR('',#14193);
#14486 = MECHANICAL_DESIGN_GEOMETRIC_PRESENTATION_REPRESENTATION('',(
    #14487),#7965);
#14487 = STYLED_ITEM('color',(#14488),#7867);
#14488 = PRESENTATION_STYLE_ASSIGNMENT((#14489,#14494));
#14489 = SURFACE_STYLE_USAGE(.BOTH.,#14490);
#14490 = SURFACE_SIDE_STYLE('',(#14491));
#14491 = SURFACE_STYLE_FILL_AREA(#14492);
#14492 = FILL_AREA_STYLE('',(#14493));
#14493 = FILL_AREA_STYLE_COLOUR('',#14321);
#14494 = CURVE_STYLE('',#14495,POSITIVE_LENGTH_MEASURE(0.1),#14321);
#14495 = DRAUGHTING_PRE_DEFINED_CURVE_FONT('continuous');
#14496 = MECHANICAL_DESIGN_GEOMETRIC_PRESENTATION_REPRESENTATION('',(
    #14497),#7173);
#14497 = STYLED_ITEM('color',(#14498),#7117);
#14498 = PRESENTATION_STYLE_ASSIGNMENT((#14499));
#14499 = SURFACE_STYLE_USAGE(.BOTH.,#14500);
#14500 = SURFACE_SIDE_STYLE('',(#14501));
#14501 = SURFACE_STYLE_FILL_AREA(#14502);
#14502 = FILL_AREA_STYLE('',(#14503));
#14503 = FILL_AREA_STYLE_COLOUR('',#14193);
#14504 = MECHANICAL_DESIGN_GEOMETRIC_PRESENTATION_REPRESENTATION('',(
    #14505),#1290);
#14505 = STYLED_ITEM('color',(#14506),#1234);
#14506 = PRESENTATION_STYLE_ASSIGNMENT((#14507));
#14507 = SURFACE_STYLE_USAGE(.BOTH.,#14508);
#14508 = SURFACE_SIDE_STYLE('',(#14509));
#14509 = SURFACE_STYLE_FILL_AREA(#14510);
#14510 = FILL_AREA_STYLE('',(#14511));
#14511 = FILL_AREA_STYLE_COLOUR('',#14193);
#14512 = MECHANICAL_DESIGN_GEOMETRIC_PRESENTATION_REPRESENTATION('',(
    #14513),#3338);
#14513 = STYLED_ITEM('color',(#14514),#3282);
#14514 = PRESENTATION_STYLE_ASSIGNMENT((#14515));
#14515 = SURFACE_STYLE_USAGE(.BOTH.,#14516);
#14516 = SURFACE_SIDE_STYLE('',(#14517));
#14517 = SURFACE_STYLE_FILL_AREA(#14518);
#14518 = FILL_AREA_STYLE('',(#14519));
#14519 = FILL_AREA_STYLE_COLOUR('',#14193);
#14520 = MECHANICAL_DESIGN_GEOMETRIC_PRESENTATION_REPRESENTATION('',(
    #14521),#10145);
#14521 = STYLED_ITEM('color',(#14522),#10089);
#14522 = PRESENTATION_STYLE_ASSIGNMENT((#14523));
#14523 = SURFACE_STYLE_USAGE(.BOTH.,#14524);
#14524 = SURFACE_SIDE_STYLE('',(#14525));
#14525 = SURFACE_STYLE_FILL_AREA(#14526);
#14526 = FILL_AREA_STYLE('',(#14527));
#14527 = FILL_AREA_STYLE_COLOUR('',#14193);
#14528 = MECHANICAL_DESIGN_GEOMETRIC_PRESENTATION_REPRESENTATION('',(
    #14529),#3958);
#14529 = STYLED_ITEM('color',(#14530),#3842);
#14530 = PRESENTATION_STYLE_ASSIGNMENT((#14531,#14536));
#14531 = SURFACE_STYLE_USAGE(.BOTH.,#14532);
#14532 = SURFACE_SIDE_STYLE('',(#14533));
#14533 = SURFACE_STYLE_FILL_AREA(#14534);
#14534 = FILL_AREA_STYLE('',(#14535));
#14535 = FILL_AREA_STYLE_COLOUR('',#14212);
#14536 = CURVE_STYLE('',#14537,POSITIVE_LENGTH_MEASURE(0.1),#14212);
#14537 = DRAUGHTING_PRE_DEFINED_CURVE_FONT('continuous');
#14538 = MECHANICAL_DESIGN_GEOMETRIC_PRESENTATION_REPRESENTATION('',(
    #14539),#9929);
#14539 = STYLED_ITEM('color',(#14540),#9873);
#14540 = PRESENTATION_STYLE_ASSIGNMENT((#14541));
#14541 = SURFACE_STYLE_USAGE(.BOTH.,#14542);
#14542 = SURFACE_SIDE_STYLE('',(#14543));
#14543 = SURFACE_STYLE_FILL_AREA(#14544);
#14544 = FILL_AREA_STYLE('',(#14545));
#14545 = FILL_AREA_STYLE_COLOUR('',#14193);
#14546 = MECHANICAL_DESIGN_GEOMETRIC_PRESENTATION_REPRESENTATION('',(
    #14547),#1824);
#14547 = STYLED_ITEM('color',(#14548),#1708);
#14548 = PRESENTATION_STYLE_ASSIGNMENT((#14549,#14554));
#14549 = SURFACE_STYLE_USAGE(.BOTH.,#14550);
#14550 = SURFACE_SIDE_STYLE('',(#14551));
#14551 = SURFACE_STYLE_FILL_AREA(#14552);
#14552 = FILL_AREA_STYLE('',(#14553));
#14553 = FILL_AREA_STYLE_COLOUR('',#14212);
#14554 = CURVE_STYLE('',#14555,POSITIVE_LENGTH_MEASURE(0.1),#14212);
#14555 = DRAUGHTING_PRE_DEFINED_CURVE_FONT('continuous');
#14556 = MECHANICAL_DESIGN_GEOMETRIC_PRESENTATION_REPRESENTATION('',(
    #14557),#9785);
#14557 = STYLED_ITEM('color',(#14558),#9729);
#14558 = PRESENTATION_STYLE_ASSIGNMENT((#14559));
#14559 = SURFACE_STYLE_USAGE(.BOTH.,#14560);
#14560 = SURFACE_SIDE_STYLE('',(#14561));
#14561 = SURFACE_STYLE_FILL_AREA(#14562);
#14562 = FILL_AREA_STYLE('',(#14563));
#14563 = FILL_AREA_STYLE_COLOUR('',#14193);
#14564 = MECHANICAL_DESIGN_GEOMETRIC_PRESENTATION_REPRESENTATION('',(
    #14565),#2992);
#14565 = STYLED_ITEM('color',(#14566),#2876);
#14566 = PRESENTATION_STYLE_ASSIGNMENT((#14567,#14572));
#14567 = SURFACE_STYLE_USAGE(.BOTH.,#14568);
#14568 = SURFACE_SIDE_STYLE('',(#14569));
#14569 = SURFACE_STYLE_FILL_AREA(#14570);
#14570 = FILL_AREA_STYLE('',(#14571));
#14571 = FILL_AREA_STYLE_COLOUR('',#14212);
#14572 = CURVE_STYLE('',#14573,POSITIVE_LENGTH_MEASURE(0.1),#14212);
#14573 = DRAUGHTING_PRE_DEFINED_CURVE_FONT('continuous');
#14574 = MECHANICAL_DESIGN_GEOMETRIC_PRESENTATION_REPRESENTATION('',(
    #14575),#13835);
#14575 = STYLED_ITEM('color',(#14576),#13505);
#14576 = PRESENTATION_STYLE_ASSIGNMENT((#14577,#14582));
#14577 = SURFACE_STYLE_USAGE(.BOTH.,#14578);
#14578 = SURFACE_SIDE_STYLE('',(#14579));
#14579 = SURFACE_STYLE_FILL_AREA(#14580);
#14580 = FILL_AREA_STYLE('',(#14581));
#14581 = FILL_AREA_STYLE_COLOUR('',#14193);
#14582 = CURVE_STYLE('',#14583,POSITIVE_LENGTH_MEASURE(0.1),#14193);
#14583 = DRAUGHTING_PRE_DEFINED_CURVE_FONT('continuous');
#14584 = MECHANICAL_DESIGN_GEOMETRIC_PRESENTATION_REPRESENTATION('',(
    #14585),#4910);
#14585 = STYLED_ITEM('color',(#14586),#4794);
#14586 = PRESENTATION_STYLE_ASSIGNMENT((#14587,#14592));
#14587 = SURFACE_STYLE_USAGE(.BOTH.,#14588);
#14588 = SURFACE_SIDE_STYLE('',(#14589));
#14589 = SURFACE_STYLE_FILL_AREA(#14590);
#14590 = FILL_AREA_STYLE('',(#14591));
#14591 = FILL_AREA_STYLE_COLOUR('',#14212);
#14592 = CURVE_STYLE('',#14593,POSITIVE_LENGTH_MEASURE(0.1),#14212);
#14593 = DRAUGHTING_PRE_DEFINED_CURVE_FONT('continuous');
#14594 = MECHANICAL_DESIGN_GEOMETRIC_PRESENTATION_REPRESENTATION('',(
    #14595),#13491);
#14595 = STYLED_ITEM('color',(#14596),#13161);
#14596 = PRESENTATION_STYLE_ASSIGNMENT((#14597,#14602));
#14597 = SURFACE_STYLE_USAGE(.BOTH.,#14598);
#14598 = SURFACE_SIDE_STYLE('',(#14599));
#14599 = SURFACE_STYLE_FILL_AREA(#14600);
#14600 = FILL_AREA_STYLE('',(#14601));
#14601 = FILL_AREA_STYLE_COLOUR('',#14193);
#14602 = CURVE_STYLE('',#14603,POSITIVE_LENGTH_MEASURE(0.1),#14193);
#14603 = DRAUGHTING_PRE_DEFINED_CURVE_FONT('continuous');
#14604 = MECHANICAL_DESIGN_GEOMETRIC_PRESENTATION_REPRESENTATION('',(
    #14605),#1218);
#14605 = STYLED_ITEM('color',(#14606),#1162);
#14606 = PRESENTATION_STYLE_ASSIGNMENT((#14607));
#14607 = SURFACE_STYLE_USAGE(.BOTH.,#14608);
#14608 = SURFACE_SIDE_STYLE('',(#14609));
#14609 = SURFACE_STYLE_FILL_AREA(#14610);
#14610 = FILL_AREA_STYLE('',(#14611));
#14611 = FILL_AREA_STYLE_COLOUR('',#14193);
#14612 = MECHANICAL_DESIGN_GEOMETRIC_PRESENTATION_REPRESENTATION('',(
    #14613),#12459);
#14613 = STYLED_ITEM('color',(#14614),#12129);
#14614 = PRESENTATION_STYLE_ASSIGNMENT((#14615,#14620));
#14615 = SURFACE_STYLE_USAGE(.BOTH.,#14616);
#14616 = SURFACE_SIDE_STYLE('',(#14617));
#14617 = SURFACE_STYLE_FILL_AREA(#14618);
#14618 = FILL_AREA_STYLE('',(#14619));
#14619 = FILL_AREA_STYLE_COLOUR('',#14193);
#14620 = CURVE_STYLE('',#14621,POSITIVE_LENGTH_MEASURE(0.1),#14193);
#14621 = DRAUGHTING_PRE_DEFINED_CURVE_FONT('continuous');
#14622 = MECHANICAL_DESIGN_GEOMETRIC_PRESENTATION_REPRESENTATION('',(
    #14623),#9583);
#14623 = STYLED_ITEM('color',(#14624),#9253);
#14624 = PRESENTATION_STYLE_ASSIGNMENT((#14625,#14630));
#14625 = SURFACE_STYLE_USAGE(.BOTH.,#14626);
#14626 = SURFACE_SIDE_STYLE('',(#14627));
#14627 = SURFACE_STYLE_FILL_AREA(#14628);
#14628 = FILL_AREA_STYLE('',(#14629));
#14629 = FILL_AREA_STYLE_COLOUR('',#14193);
#14630 = CURVE_STYLE('',#14631,POSITIVE_LENGTH_MEASURE(0.1),#14193);
#14631 = DRAUGHTING_PRE_DEFINED_CURVE_FONT('continuous');
#14632 = MECHANICAL_DESIGN_GEOMETRIC_PRESENTATION_REPRESENTATION('',(
    #14633),#3482);
#14633 = STYLED_ITEM('color',(#14634),#3426);
#14634 = PRESENTATION_STYLE_ASSIGNMENT((#14635));
#14635 = SURFACE_STYLE_USAGE(.BOTH.,#14636);
#14636 = SURFACE_SIDE_STYLE('',(#14637));
#14637 = SURFACE_STYLE_FILL_AREA(#14638);
#14638 = FILL_AREA_STYLE('',(#14639));
#14639 = FILL_AREA_STYLE_COLOUR('',#14193);
#14640 = MECHANICAL_DESIGN_GEOMETRIC_PRESENTATION_REPRESENTATION('',(
    #14641),#10747);
#14641 = STYLED_ITEM('color',(#14642),#10649);
#14642 = PRESENTATION_STYLE_ASSIGNMENT((#14643,#14648));
#14643 = SURFACE_STYLE_USAGE(.BOTH.,#14644);
#14644 = SURFACE_SIDE_STYLE('',(#14645));
#14645 = SURFACE_STYLE_FILL_AREA(#14646);
#14646 = FILL_AREA_STYLE('',(#14647));
#14647 = FILL_AREA_STYLE_COLOUR('',#14193);
#14648 = CURVE_STYLE('',#14649,POSITIVE_LENGTH_MEASURE(0.1),#14193);
#14649 = DRAUGHTING_PRE_DEFINED_CURVE_FONT('continuous');
#14650 = MECHANICAL_DESIGN_GEOMETRIC_PRESENTATION_REPRESENTATION('',(
    #14651),#814);
#14651 = STYLED_ITEM('color',(#14652),#758);
#14652 = PRESENTATION_STYLE_ASSIGNMENT((#14653));
#14653 = SURFACE_STYLE_USAGE(.BOTH.,#14654);
#14654 = SURFACE_SIDE_STYLE('',(#14655));
#14655 = SURFACE_STYLE_FILL_AREA(#14656);
#14656 = FILL_AREA_STYLE('',(#14657));
#14657 = FILL_AREA_STYLE_COLOUR('',#14193);
#14658 = MECHANICAL_DESIGN_GEOMETRIC_PRESENTATION_REPRESENTATION('',(
    #14659),#5934);
#14659 = STYLED_ITEM('color',(#14660),#5878);
#14660 = PRESENTATION_STYLE_ASSIGNMENT((#14661));
#14661 = SURFACE_STYLE_USAGE(.BOTH.,#14662);
#14662 = SURFACE_SIDE_STYLE('',(#14663));
#14663 = SURFACE_STYLE_FILL_AREA(#14664);
#14664 = FILL_AREA_STYLE('',(#14665));
#14665 = FILL_AREA_STYLE_COLOUR('',#14193);
#14666 = MECHANICAL_DESIGN_GEOMETRIC_PRESENTATION_REPRESENTATION('',(
    #14667),#4160);
#14667 = STYLED_ITEM('color',(#14668),#4044);
#14668 = PRESENTATION_STYLE_ASSIGNMENT((#14669,#14674));
#14669 = SURFACE_STYLE_USAGE(.BOTH.,#14670);
#14670 = SURFACE_SIDE_STYLE('',(#14671));
#14671 = SURFACE_STYLE_FILL_AREA(#14672);
#14672 = FILL_AREA_STYLE('',(#14673));
#14673 = FILL_AREA_STYLE_COLOUR('',#14212);
#14674 = CURVE_STYLE('',#14675,POSITIVE_LENGTH_MEASURE(0.1),#14212);
#14675 = DRAUGHTING_PRE_DEFINED_CURVE_FONT('continuous');
#14676 = MECHANICAL_DESIGN_GEOMETRIC_PRESENTATION_REPRESENTATION('',(
    #14677),#5040);
#14677 = STYLED_ITEM('color',(#14678),#4924);
#14678 = PRESENTATION_STYLE_ASSIGNMENT((#14679,#14684));
#14679 = SURFACE_STYLE_USAGE(.BOTH.,#14680);
#14680 = SURFACE_SIDE_STYLE('',(#14681));
#14681 = SURFACE_STYLE_FILL_AREA(#14682);
#14682 = FILL_AREA_STYLE('',(#14683));
#14683 = FILL_AREA_STYLE_COLOUR('',#14212);
#14684 = CURVE_STYLE('',#14685,POSITIVE_LENGTH_MEASURE(0.1),#14212);
#14685 = DRAUGHTING_PRE_DEFINED_CURVE_FONT('continuous');
#14686 = MECHANICAL_DESIGN_GEOMETRIC_PRESENTATION_REPRESENTATION('',(
    #14687),#742);
#14687 = STYLED_ITEM('color',(#14688),#686);
#14688 = PRESENTATION_STYLE_ASSIGNMENT((#14689));
#14689 = SURFACE_STYLE_USAGE(.BOTH.,#14690);
#14690 = SURFACE_SIDE_STYLE('',(#14691));
#14691 = SURFACE_STYLE_FILL_AREA(#14692);
#14692 = FILL_AREA_STYLE('',(#14693));
#14693 = FILL_AREA_STYLE_COLOUR('',#14193);
#14694 = MECHANICAL_DESIGN_GEOMETRIC_PRESENTATION_REPRESENTATION('',(
    #14695),#2660);
#14695 = STYLED_ITEM('color',(#14696),#2604);
#14696 = PRESENTATION_STYLE_ASSIGNMENT((#14697));
#14697 = SURFACE_STYLE_USAGE(.BOTH.,#14698);
#14698 = SURFACE_SIDE_STYLE('',(#14699));
#14699 = SURFACE_STYLE_FILL_AREA(#14700);
#14700 = FILL_AREA_STYLE('',(#14701));
#14701 = FILL_AREA_STYLE_COLOUR('',#14193);
#14702 = MECHANICAL_DESIGN_GEOMETRIC_PRESENTATION_REPRESENTATION('',(
    #14703),#13147);
#14703 = STYLED_ITEM('color',(#14704),#12817);
#14704 = PRESENTATION_STYLE_ASSIGNMENT((#14705,#14710));
#14705 = SURFACE_STYLE_USAGE(.BOTH.,#14706);
#14706 = SURFACE_SIDE_STYLE('',(#14707));
#14707 = SURFACE_STYLE_FILL_AREA(#14708);
#14708 = FILL_AREA_STYLE('',(#14709));
#14709 = FILL_AREA_STYLE_COLOUR('',#14193);
#14710 = CURVE_STYLE('',#14711,POSITIVE_LENGTH_MEASURE(0.1),#14193);
#14711 = DRAUGHTING_PRE_DEFINED_CURVE_FONT('continuous');
#14712 = MECHANICAL_DESIGN_GEOMETRIC_PRESENTATION_REPRESENTATION('',(
    #14713),#3266);
#14713 = STYLED_ITEM('color',(#14714),#3150);
#14714 = PRESENTATION_STYLE_ASSIGNMENT((#14715,#14720));
#14715 = SURFACE_STYLE_USAGE(.BOTH.,#14716);
#14716 = SURFACE_SIDE_STYLE('',(#14717));
#14717 = SURFACE_STYLE_FILL_AREA(#14718);
#14718 = FILL_AREA_STYLE('',(#14719));
#14719 = FILL_AREA_STYLE_COLOUR('',#14212);
#14720 = CURVE_STYLE('',#14721,POSITIVE_LENGTH_MEASURE(0.1),#14212);
#14721 = DRAUGHTING_PRE_DEFINED_CURVE_FONT('continuous');
#14722 = MECHANICAL_DESIGN_GEOMETRIC_PRESENTATION_REPRESENTATION('',(
    #14723),#10001);
#14723 = STYLED_ITEM('color',(#14724),#9945);
#14724 = PRESENTATION_STYLE_ASSIGNMENT((#14725));
#14725 = SURFACE_STYLE_USAGE(.BOTH.,#14726);
#14726 = SURFACE_SIDE_STYLE('',(#14727));
#14727 = SURFACE_STYLE_FILL_AREA(#14728);
#14728 = FILL_AREA_STYLE('',(#14729));
#14729 = FILL_AREA_STYLE_COLOUR('',#14193);
#14730 = MECHANICAL_DESIGN_GEOMETRIC_PRESENTATION_REPRESENTATION('',(
    #14731),#5242);
#14731 = STYLED_ITEM('color',(#14732),#5126);
#14732 = PRESENTATION_STYLE_ASSIGNMENT((#14733,#14738));
#14733 = SURFACE_STYLE_USAGE(.BOTH.,#14734);
#14734 = SURFACE_SIDE_STYLE('',(#14735));
#14735 = SURFACE_STYLE_FILL_AREA(#14736);
#14736 = FILL_AREA_STYLE('',(#14737));
#14737 = FILL_AREA_STYLE_COLOUR('',#14212);
#14738 = CURVE_STYLE('',#14739,POSITIVE_LENGTH_MEASURE(0.1),#14212);
#14739 = DRAUGHTING_PRE_DEFINED_CURVE_FONT('continuous');
#14740 = MECHANICAL_DESIGN_GEOMETRIC_PRESENTATION_REPRESENTATION('',(
    #14741),#5530);
#14741 = STYLED_ITEM('color',(#14742),#5474);
#14742 = PRESENTATION_STYLE_ASSIGNMENT((#14743));
#14743 = SURFACE_STYLE_USAGE(.BOTH.,#14744);
#14744 = SURFACE_SIDE_STYLE('',(#14745));
#14745 = SURFACE_STYLE_FILL_AREA(#14746);
#14746 = FILL_AREA_STYLE('',(#14747));
#14747 = FILL_AREA_STYLE_COLOUR('',#14193);
#14748 = MECHANICAL_DESIGN_GEOMETRIC_PRESENTATION_REPRESENTATION('',(
    #14749),#2790);
#14749 = STYLED_ITEM('color',(#14750),#2674);
#14750 = PRESENTATION_STYLE_ASSIGNMENT((#14751,#14756));
#14751 = SURFACE_STYLE_USAGE(.BOTH.,#14752);
#14752 = SURFACE_SIDE_STYLE('',(#14753));
#14753 = SURFACE_STYLE_FILL_AREA(#14754);
#14754 = FILL_AREA_STYLE('',(#14755));
#14755 = FILL_AREA_STYLE_COLOUR('',#14212);
#14756 = CURVE_STYLE('',#14757,POSITIVE_LENGTH_MEASURE(0.1),#14212);
#14757 = DRAUGHTING_PRE_DEFINED_CURVE_FONT('continuous');
#14758 = MECHANICAL_DESIGN_GEOMETRIC_PRESENTATION_REPRESENTATION('',(
    #14759),#3756);
#14759 = STYLED_ITEM('color',(#14760),#3700);
#14760 = PRESENTATION_STYLE_ASSIGNMENT((#14761));
#14761 = SURFACE_STYLE_USAGE(.BOTH.,#14762);
#14762 = SURFACE_SIDE_STYLE('',(#14763));
#14763 = SURFACE_STYLE_FILL_AREA(#14764);
#14764 = FILL_AREA_STYLE('',(#14765));
#14765 = FILL_AREA_STYLE_COLOUR('',#14193);
#14766 = MECHANICAL_DESIGN_GEOMETRIC_PRESENTATION_REPRESENTATION('',(
    #14767),#12803);
#14767 = STYLED_ITEM('color',(#14768),#12473);
#14768 = PRESENTATION_STYLE_ASSIGNMENT((#14769,#14774));
#14769 = SURFACE_STYLE_USAGE(.BOTH.,#14770);
#14770 = SURFACE_SIDE_STYLE('',(#14771));
#14771 = SURFACE_STYLE_FILL_AREA(#14772);
#14772 = FILL_AREA_STYLE('',(#14773));
#14773 = FILL_AREA_STYLE_COLOUR('',#14193);
#14774 = CURVE_STYLE('',#14775,POSITIVE_LENGTH_MEASURE(0.1),#14193);
#14775 = DRAUGHTING_PRE_DEFINED_CURVE_FONT('continuous');
#14776 = MECHANICAL_DESIGN_GEOMETRIC_PRESENTATION_REPRESENTATION('',(
    #14777),#8077);
#14777 = STYLED_ITEM('color',(#14778),#7979);
#14778 = PRESENTATION_STYLE_ASSIGNMENT((#14779,#14784));
#14779 = SURFACE_STYLE_USAGE(.BOTH.,#14780);
#14780 = SURFACE_SIDE_STYLE('',(#14781));
#14781 = SURFACE_STYLE_FILL_AREA(#14782);
#14782 = FILL_AREA_STYLE('',(#14783));
#14783 = FILL_AREA_STYLE_COLOUR('',#14321);
#14784 = CURVE_STYLE('',#14785,POSITIVE_LENGTH_MEASURE(0.1),#14321);
#14785 = DRAUGHTING_PRE_DEFINED_CURVE_FONT('continuous');
#14786 = MECHANICAL_DESIGN_GEOMETRIC_PRESENTATION_REPRESENTATION('',(
    #14787),#2040);
#14787 = STYLED_ITEM('color',(#14788),#1984);
#14788 = PRESENTATION_STYLE_ASSIGNMENT((#14789));
#14789 = SURFACE_STYLE_USAGE(.BOTH.,#14790);
#14790 = SURFACE_SIDE_STYLE('',(#14791));
#14791 = SURFACE_STYLE_FILL_AREA(#14792);
#14792 = FILL_AREA_STYLE('',(#14793));
#14793 = FILL_AREA_STYLE_COLOUR('',#14193);
#14794 = MECHANICAL_DESIGN_GEOMETRIC_PRESENTATION_REPRESENTATION('',(
    #14795),#3828);
#14795 = STYLED_ITEM('color',(#14796),#3772);
#14796 = PRESENTATION_STYLE_ASSIGNMENT((#14797));
#14797 = SURFACE_STYLE_USAGE(.BOTH.,#14798);
#14798 = SURFACE_SIDE_STYLE('',(#14799));
#14799 = SURFACE_STYLE_FILL_AREA(#14800);
#14800 = FILL_AREA_STYLE('',(#14801));
#14801 = FILL_AREA_STYLE_COLOUR('',#14193);
#14802 = MECHANICAL_DESIGN_GEOMETRIC_PRESENTATION_REPRESENTATION('',(
    #14803),#8373);
#14803 = STYLED_ITEM('color',(#14804),#8317);
#14804 = PRESENTATION_STYLE_ASSIGNMENT((#14805));
#14805 = SURFACE_STYLE_USAGE(.BOTH.,#14806);
#14806 = SURFACE_SIDE_STYLE('',(#14807));
#14807 = SURFACE_STYLE_FILL_AREA(#14808);
#14808 = FILL_AREA_STYLE('',(#14809));
#14809 = FILL_AREA_STYLE_COLOUR('',#14193);
#14810 = MECHANICAL_DESIGN_GEOMETRIC_PRESENTATION_REPRESENTATION('',(
    #14811),#3064);
#14811 = STYLED_ITEM('color',(#14812),#3008);
#14812 = PRESENTATION_STYLE_ASSIGNMENT((#14813));
#14813 = SURFACE_STYLE_USAGE(.BOTH.,#14814);
#14814 = SURFACE_SIDE_STYLE('',(#14815));
#14815 = SURFACE_STYLE_FILL_AREA(#14816);
#14816 = FILL_AREA_STYLE('',(#14817));
#14817 = FILL_AREA_STYLE_COLOUR('',#14193);
#14818 = MECHANICAL_DESIGN_GEOMETRIC_PRESENTATION_REPRESENTATION('',(
    #14819),#6006);
#14819 = STYLED_ITEM('color',(#14820),#5950);
#14820 = PRESENTATION_STYLE_ASSIGNMENT((#14821));
#14821 = SURFACE_STYLE_USAGE(.BOTH.,#14822);
#14822 = SURFACE_SIDE_STYLE('',(#14823));
#14823 = SURFACE_STYLE_FILL_AREA(#14824);
#14824 = FILL_AREA_STYLE('',(#14825));
#14825 = FILL_AREA_STYLE_COLOUR('',#14193);
#14826 = MECHANICAL_DESIGN_GEOMETRIC_PRESENTATION_REPRESENTATION('',(
    #14827),#1362);
#14827 = STYLED_ITEM('color',(#14828),#1306);
#14828 = PRESENTATION_STYLE_ASSIGNMENT((#14829));
#14829 = SURFACE_STYLE_USAGE(.BOTH.,#14830);
#14830 = SURFACE_SIDE_STYLE('',(#14831));
#14831 = SURFACE_STYLE_FILL_AREA(#14832);
#14832 = FILL_AREA_STYLE('',(#14833));
#14833 = FILL_AREA_STYLE_COLOUR('',#14193);
#14834 = MECHANICAL_DESIGN_GEOMETRIC_PRESENTATION_REPRESENTATION('',(
    #14835),#5458);
#14835 = STYLED_ITEM('color',(#14836),#5402);
#14836 = PRESENTATION_STYLE_ASSIGNMENT((#14837));
#14837 = SURFACE_STYLE_USAGE(.BOTH.,#14838);
#14838 = SURFACE_SIDE_STYLE('',(#14839));
#14839 = SURFACE_STYLE_FILL_AREA(#14840);
#14840 = FILL_AREA_STYLE('',(#14841));
#14841 = FILL_AREA_STYLE_COLOUR('',#14193);
#14842 = MECHANICAL_DESIGN_GEOMETRIC_PRESENTATION_REPRESENTATION('',(
    #14843),#2314);
#14843 = STYLED_ITEM('color',(#14844),#2258);
#14844 = PRESENTATION_STYLE_ASSIGNMENT((#14845));
#14845 = SURFACE_STYLE_USAGE(.BOTH.,#14846);
#14846 = SURFACE_SIDE_STYLE('',(#14847));
#14847 = SURFACE_STYLE_FILL_AREA(#14848);
#14848 = FILL_AREA_STYLE('',(#14849));
#14849 = FILL_AREA_STYLE_COLOUR('',#14193);
#14850 = MECHANICAL_DESIGN_GEOMETRIC_PRESENTATION_REPRESENTATION('',(
    #14851),#5660);
#14851 = STYLED_ITEM('color',(#14852),#5544);
#14852 = PRESENTATION_STYLE_ASSIGNMENT((#14853,#14858));
#14853 = SURFACE_STYLE_USAGE(.BOTH.,#14854);
#14854 = SURFACE_SIDE_STYLE('',(#14855));
#14855 = SURFACE_STYLE_FILL_AREA(#14856);
#14856 = FILL_AREA_STYLE('',(#14857));
#14857 = FILL_AREA_STYLE_COLOUR('',#14212);
#14858 = CURVE_STYLE('',#14859,POSITIVE_LENGTH_MEASURE(0.1),#14212);
#14859 = DRAUGHTING_PRE_DEFINED_CURVE_FONT('continuous');
#14860 = MECHANICAL_DESIGN_GEOMETRIC_PRESENTATION_REPRESENTATION('',(
    #14861),#1492);
#14861 = STYLED_ITEM('color',(#14862),#1376);
#14862 = PRESENTATION_STYLE_ASSIGNMENT((#14863,#14868));
#14863 = SURFACE_STYLE_USAGE(.BOTH.,#14864);
#14864 = SURFACE_SIDE_STYLE('',(#14865));
#14865 = SURFACE_STYLE_FILL_AREA(#14866);
#14866 = FILL_AREA_STYLE('',(#14867));
#14867 = FILL_AREA_STYLE_COLOUR('',#14212);
#14868 = CURVE_STYLE('',#14869,POSITIVE_LENGTH_MEASURE(0.1),#14212);
#14869 = DRAUGHTING_PRE_DEFINED_CURVE_FONT('continuous');
#14870 = MECHANICAL_DESIGN_GEOMETRIC_PRESENTATION_REPRESENTATION('',(
    #14871),#1968);
#14871 = STYLED_ITEM('color',(#14872),#1912);
#14872 = PRESENTATION_STYLE_ASSIGNMENT((#14873));
#14873 = SURFACE_STYLE_USAGE(.BOTH.,#14874);
#14874 = SURFACE_SIDE_STYLE('',(#14875));
#14875 = SURFACE_STYLE_FILL_AREA(#14876);
#14876 = FILL_AREA_STYLE('',(#14877));
#14877 = FILL_AREA_STYLE_COLOUR('',#14193);
#14878 = MECHANICAL_DESIGN_GEOMETRIC_PRESENTATION_REPRESENTATION('',(
    #14879),#324);
#14879 = STYLED_ITEM('color',(#14880),#208);
#14880 = PRESENTATION_STYLE_ASSIGNMENT((#14881,#14886));
#14881 = SURFACE_STYLE_USAGE(.BOTH.,#14882);
#14882 = SURFACE_SIDE_STYLE('',(#14883));
#14883 = SURFACE_STYLE_FILL_AREA(#14884);
#14884 = FILL_AREA_STYLE('',(#14885));
#14885 = FILL_AREA_STYLE_COLOUR('',#14212);
#14886 = CURVE_STYLE('',#14887,POSITIVE_LENGTH_MEASURE(0.1),#14212);
#14887 = DRAUGHTING_PRE_DEFINED_CURVE_FONT('continuous');
#14888 = MECHANICAL_DESIGN_GEOMETRIC_PRESENTATION_REPRESENTATION('',(
    #14889),#1016);
#14889 = STYLED_ITEM('color',(#14890),#960);
#14890 = PRESENTATION_STYLE_ASSIGNMENT((#14891));
#14891 = SURFACE_STYLE_USAGE(.BOTH.,#14892);
#14892 = SURFACE_SIDE_STYLE('',(#14893));
#14893 = SURFACE_STYLE_FILL_AREA(#14894);
#14894 = FILL_AREA_STYLE('',(#14895));
#14895 = FILL_AREA_STYLE_COLOUR('',#14193);
#14896 = MECHANICAL_DESIGN_GEOMETRIC_PRESENTATION_REPRESENTATION('',(
    #14897),#3554);
#14897 = STYLED_ITEM('color',(#14898),#3498);
#14898 = PRESENTATION_STYLE_ASSIGNMENT((#14899));
#14899 = SURFACE_STYLE_USAGE(.BOTH.,#14900);
#14900 = SURFACE_SIDE_STYLE('',(#14901));
#14901 = SURFACE_STYLE_FILL_AREA(#14902);
#14902 = FILL_AREA_STYLE('',(#14903));
#14903 = FILL_AREA_STYLE_COLOUR('',#14193);
#14904 = MECHANICAL_DESIGN_GEOMETRIC_PRESENTATION_REPRESENTATION('',(
    #14905),#6971);
#14905 = STYLED_ITEM('color',(#14906),#6915);
#14906 = PRESENTATION_STYLE_ASSIGNMENT((#14907));
#14907 = SURFACE_STYLE_USAGE(.BOTH.,#14908);
#14908 = SURFACE_SIDE_STYLE('',(#14909));
#14909 = SURFACE_STYLE_FILL_AREA(#14910);
#14910 = FILL_AREA_STYLE('',(#14911));
#14911 = FILL_AREA_STYLE_COLOUR('',#14193);
#14912 = MECHANICAL_DESIGN_GEOMETRIC_PRESENTATION_REPRESENTATION('',(
    #14913,#14922),#6571);
#14913 = STYLED_ITEM('color',(#14914),#6316);
#14914 = PRESENTATION_STYLE_ASSIGNMENT((#14915,#14920));
#14915 = SURFACE_STYLE_USAGE(.BOTH.,#14916);
#14916 = SURFACE_SIDE_STYLE('',(#14917));
#14917 = SURFACE_STYLE_FILL_AREA(#14918);
#14918 = FILL_AREA_STYLE('',(#14919));
#14919 = FILL_AREA_STYLE_COLOUR('',#14193);
#14920 = CURVE_STYLE('',#14921,POSITIVE_LENGTH_MEASURE(0.1),#14193);
#14921 = DRAUGHTING_PRE_DEFINED_CURVE_FONT('continuous');
#14922 = STYLED_ITEM('color',(#14923),#6504);
#14923 = PRESENTATION_STYLE_ASSIGNMENT((#14924,#14929));
#14924 = SURFACE_STYLE_USAGE(.BOTH.,#14925);
#14925 = SURFACE_SIDE_STYLE('',(#14926));
#14926 = SURFACE_STYLE_FILL_AREA(#14927);
#14927 = FILL_AREA_STYLE('',(#14928));
#14928 = FILL_AREA_STYLE_COLOUR('',#14193);
#14929 = CURVE_STYLE('',#14930,POSITIVE_LENGTH_MEASURE(0.1),#14193);
#14930 = DRAUGHTING_PRE_DEFINED_CURVE_FONT('continuous');
#14931 = MECHANICAL_DESIGN_GEOMETRIC_PRESENTATION_REPRESENTATION('',(
    #14932),#2112);
#14932 = STYLED_ITEM('color',(#14933),#2056);
#14933 = PRESENTATION_STYLE_ASSIGNMENT((#14934));
#14934 = SURFACE_STYLE_USAGE(.BOTH.,#14935);
#14935 = SURFACE_SIDE_STYLE('',(#14936));
#14936 = SURFACE_STYLE_FILL_AREA(#14937);
#14937 = FILL_AREA_STYLE('',(#14938));
#14938 = FILL_AREA_STYLE_COLOUR('',#14193);
#14939 = MECHANICAL_DESIGN_GEOMETRIC_PRESENTATION_REPRESENTATION('',(
    #14940),#4636);
#14940 = STYLED_ITEM('color',(#14941),#4580);
#14941 = PRESENTATION_STYLE_ASSIGNMENT((#14942));
#14942 = SURFACE_STYLE_USAGE(.BOTH.,#14943);
#14943 = SURFACE_SIDE_STYLE('',(#14944));
#14944 = SURFACE_STYLE_FILL_AREA(#14945);
#14945 = FILL_AREA_STYLE('',(#14946));
#14946 = FILL_AREA_STYLE_COLOUR('',#14193);
#14947 = MECHANICAL_DESIGN_GEOMETRIC_PRESENTATION_REPRESENTATION('',(
    #14948),#10073);
#14948 = STYLED_ITEM('color',(#14949),#10017);
#14949 = PRESENTATION_STYLE_ASSIGNMENT((#14950));
#14950 = SURFACE_STYLE_USAGE(.BOTH.,#14951);
#14951 = SURFACE_SIDE_STYLE('',(#14952));
#14952 = SURFACE_STYLE_FILL_AREA(#14953);
#14953 = FILL_AREA_STYLE('',(#14954));
#14954 = FILL_AREA_STYLE_COLOUR('',#14193);
#14955 = MECHANICAL_DESIGN_GEOMETRIC_PRESENTATION_REPRESENTATION('',(
    #14956),#12115);
#14956 = STYLED_ITEM('color',(#14957),#11785);
#14957 = PRESENTATION_STYLE_ASSIGNMENT((#14958,#14963));
#14958 = SURFACE_STYLE_USAGE(.BOTH.,#14959);
#14959 = SURFACE_SIDE_STYLE('',(#14960));
#14960 = SURFACE_STYLE_FILL_AREA(#14961);
#14961 = FILL_AREA_STYLE('',(#14962));
#14962 = FILL_AREA_STYLE_COLOUR('',#14193);
#14963 = CURVE_STYLE('',#14964,POSITIVE_LENGTH_MEASURE(0.1),#14193);
#14964 = DRAUGHTING_PRE_DEFINED_CURVE_FONT('continuous');
#14965 = MECHANICAL_DESIGN_GEOMETRIC_PRESENTATION_REPRESENTATION('',(
    #14966),#7741);
#14966 = STYLED_ITEM('color',(#14967),#7643);
#14967 = PRESENTATION_STYLE_ASSIGNMENT((#14968,#14973));
#14968 = SURFACE_STYLE_USAGE(.BOTH.,#14969);
#14969 = SURFACE_SIDE_STYLE('',(#14970));
#14970 = SURFACE_STYLE_FILL_AREA(#14971);
#14971 = FILL_AREA_STYLE('',(#14972));
#14972 = FILL_AREA_STYLE_COLOUR('',#14321);
#14973 = CURVE_STYLE('',#14974,POSITIVE_LENGTH_MEASURE(0.1),#14321);
#14974 = DRAUGHTING_PRE_DEFINED_CURVE_FONT('continuous');
#14975 = MECHANICAL_DESIGN_GEOMETRIC_PRESENTATION_REPRESENTATION('',(
    #14976),#9857);
#14976 = STYLED_ITEM('color',(#14977),#9801);
#14977 = PRESENTATION_STYLE_ASSIGNMENT((#14978));
#14978 = SURFACE_STYLE_USAGE(.BOTH.,#14979);
#14979 = SURFACE_SIDE_STYLE('',(#14980));
#14980 = SURFACE_STYLE_FILL_AREA(#14981);
#14981 = FILL_AREA_STYLE('',(#14982));
#14982 = FILL_AREA_STYLE_COLOUR('',#14193);
#14983 = MECHANICAL_DESIGN_GEOMETRIC_PRESENTATION_REPRESENTATION('',(
    #14984),#3684);
#14984 = STYLED_ITEM('color',(#14985),#3568);
#14985 = PRESENTATION_STYLE_ASSIGNMENT((#14986,#14991));
#14986 = SURFACE_STYLE_USAGE(.BOTH.,#14987);
#14987 = SURFACE_SIDE_STYLE('',(#14988));
#14988 = SURFACE_STYLE_FILL_AREA(#14989);
#14989 = FILL_AREA_STYLE('',(#14990));
#14990 = FILL_AREA_STYLE_COLOUR('',#14212);
#14991 = CURVE_STYLE('',#14992,POSITIVE_LENGTH_MEASURE(0.1),#14212);
#14992 = DRAUGHTING_PRE_DEFINED_CURVE_FONT('continuous');
#14993 = MECHANICAL_DESIGN_GEOMETRIC_PRESENTATION_REPRESENTATION('',(
    #14994),#8557);
#14994 = STYLED_ITEM('color',(#14995),#8501);
#14995 = PRESENTATION_STYLE_ASSIGNMENT((#14996));
#14996 = SURFACE_STYLE_USAGE(.BOTH.,#14997);
#14997 = SURFACE_SIDE_STYLE('',(#14998));
#14998 = SURFACE_STYLE_FILL_AREA(#14999);
#14999 = FILL_AREA_STYLE('',(#15000));
#15000 = FILL_AREA_STYLE_COLOUR('',#14193);
#15001 = MECHANICAL_DESIGN_GEOMETRIC_PRESENTATION_REPRESENTATION('',(
    #15002),#2862);
#15002 = STYLED_ITEM('color',(#15003),#2806);
#15003 = PRESENTATION_STYLE_ASSIGNMENT((#15004));
#15004 = SURFACE_STYLE_USAGE(.BOTH.,#15005);
#15005 = SURFACE_SIDE_STYLE('',(#15006));
#15006 = SURFACE_STYLE_FILL_AREA(#15007);
#15007 = FILL_AREA_STYLE('',(#15008));
#15008 = FILL_AREA_STYLE_COLOUR('',#14193);
#15009 = MECHANICAL_DESIGN_GEOMETRIC_PRESENTATION_REPRESENTATION('',(
    #15010),#526);
#15010 = STYLED_ITEM('color',(#15011),#470);
#15011 = PRESENTATION_STYLE_ASSIGNMENT((#15012));
#15012 = SURFACE_STYLE_USAGE(.BOTH.,#15013);
#15013 = SURFACE_SIDE_STYLE('',(#15014));
#15014 = SURFACE_STYLE_FILL_AREA(#15015);
#15015 = FILL_AREA_STYLE('',(#15016));
#15016 = FILL_AREA_STYLE_COLOUR('',#14193);
#15017 = MECHANICAL_DESIGN_GEOMETRIC_PRESENTATION_REPRESENTATION('',(
    #15018),#7629);
#15018 = STYLED_ITEM('color',(#15019),#7573);
#15019 = PRESENTATION_STYLE_ASSIGNMENT((#15020));
#15020 = SURFACE_STYLE_USAGE(.BOTH.,#15021);
#15021 = SURFACE_SIDE_STYLE('',(#15022));
#15022 = SURFACE_STYLE_FILL_AREA(#15023);
#15023 = FILL_AREA_STYLE('',(#15024));
#15024 = FILL_AREA_STYLE_COLOUR('',#14193);
#15025 = MECHANICAL_DESIGN_GEOMETRIC_PRESENTATION_REPRESENTATION('',(
    #15026),#10289);
#15026 = STYLED_ITEM('color',(#15027),#10233);
#15027 = PRESENTATION_STYLE_ASSIGNMENT((#15028));
#15028 = SURFACE_STYLE_USAGE(.BOTH.,#15029);
#15029 = SURFACE_SIDE_STYLE('',(#15030));
#15030 = SURFACE_STYLE_FILL_AREA(#15031);
#15031 = FILL_AREA_STYLE('',(#15032));
#15032 = FILL_AREA_STYLE_COLOUR('',#14193);
#15033 = MECHANICAL_DESIGN_GEOMETRIC_PRESENTATION_REPRESENTATION('',(
    #15034),#944);
#15034 = STYLED_ITEM('color',(#15035),#828);
#15035 = PRESENTATION_STYLE_ASSIGNMENT((#15036,#15041));
#15036 = SURFACE_STYLE_USAGE(.BOTH.,#15037);
#15037 = SURFACE_SIDE_STYLE('',(#15038));
#15038 = SURFACE_STYLE_FILL_AREA(#15039);
#15039 = FILL_AREA_STYLE('',(#15040));
#15040 = FILL_AREA_STYLE_COLOUR('',#14212);
#15041 = CURVE_STYLE('',#15042,POSITIVE_LENGTH_MEASURE(0.1),#14212);
#15042 = DRAUGHTING_PRE_DEFINED_CURVE_FONT('continuous');
#15043 = MECHANICAL_DESIGN_GEOMETRIC_PRESENTATION_REPRESENTATION('',(
    #15044),#3136);
#15044 = STYLED_ITEM('color',(#15045),#3080);
#15045 = PRESENTATION_STYLE_ASSIGNMENT((#15046));
#15046 = SURFACE_STYLE_USAGE(.BOTH.,#15047);
#15047 = SURFACE_SIDE_STYLE('',(#15048));
#15048 = SURFACE_STYLE_FILL_AREA(#15049);
#15049 = FILL_AREA_STYLE('',(#15050));
#15050 = FILL_AREA_STYLE_COLOUR('',#14193);
#15051 = MECHANICAL_DESIGN_GEOMETRIC_PRESENTATION_REPRESENTATION('',(
    #15052),#5862);
#15052 = STYLED_ITEM('color',(#15053),#5746);
#15053 = PRESENTATION_STYLE_ASSIGNMENT((#15054,#15059));
#15054 = SURFACE_STYLE_USAGE(.BOTH.,#15055);
#15055 = SURFACE_SIDE_STYLE('',(#15056));
#15056 = SURFACE_STYLE_FILL_AREA(#15057);
#15057 = FILL_AREA_STYLE('',(#15058));
#15058 = FILL_AREA_STYLE_COLOUR('',#14212);
#15059 = CURVE_STYLE('',#15060,POSITIVE_LENGTH_MEASURE(0.1),#14212);
#15060 = DRAUGHTING_PRE_DEFINED_CURVE_FONT('continuous');
#15061 = MECHANICAL_DESIGN_GEOMETRIC_PRESENTATION_REPRESENTATION('',(
    #15062),#10433);
#15062 = STYLED_ITEM('color',(#15063),#10377);
#15063 = PRESENTATION_STYLE_ASSIGNMENT((#15064));
#15064 = SURFACE_STYLE_USAGE(.BOTH.,#15065);
#15065 = SURFACE_SIDE_STYLE('',(#15066));
#15066 = SURFACE_STYLE_FILL_AREA(#15067);
#15067 = FILL_AREA_STYLE('',(#15068));
#15068 = FILL_AREA_STYLE_COLOUR('',#14193);
#15069 = MECHANICAL_DESIGN_GEOMETRIC_PRESENTATION_REPRESENTATION('',(
    #15070),#1622);
#15070 = STYLED_ITEM('color',(#15071),#1506);
#15071 = PRESENTATION_STYLE_ASSIGNMENT((#15072,#15077));
#15072 = SURFACE_STYLE_USAGE(.BOTH.,#15073);
#15073 = SURFACE_SIDE_STYLE('',(#15074));
#15074 = SURFACE_STYLE_FILL_AREA(#15075);
#15075 = FILL_AREA_STYLE('',(#15076));
#15076 = FILL_AREA_STYLE_COLOUR('',#14212);
#15077 = CURVE_STYLE('',#15078,POSITIVE_LENGTH_MEASURE(0.1),#14212);
#15078 = DRAUGHTING_PRE_DEFINED_CURVE_FONT('continuous');
#15079 = MECHANICAL_DESIGN_GEOMETRIC_PRESENTATION_REPRESENTATION('',(
    #15080),#6827);
#15080 = STYLED_ITEM('color',(#15081),#6729);
#15081 = PRESENTATION_STYLE_ASSIGNMENT((#15082,#15087));
#15082 = SURFACE_STYLE_USAGE(.BOTH.,#15083);
#15083 = SURFACE_SIDE_STYLE('',(#15084));
#15084 = SURFACE_STYLE_FILL_AREA(#15085);
#15085 = FILL_AREA_STYLE('',(#15086));
#15086 = FILL_AREA_STYLE_COLOUR('',#14193);
#15087 = CURVE_STYLE('',#15088,POSITIVE_LENGTH_MEASURE(0.1),#14193);
#15088 = DRAUGHTING_PRE_DEFINED_CURVE_FONT('continuous');
#15089 = MECHANICAL_DESIGN_GEOMETRIC_PRESENTATION_REPRESENTATION('',(
    #15090),#8301);
#15090 = STYLED_ITEM('color',(#15091),#8203);
#15091 = PRESENTATION_STYLE_ASSIGNMENT((#15092,#15097));
#15092 = SURFACE_STYLE_USAGE(.BOTH.,#15093);
#15093 = SURFACE_SIDE_STYLE('',(#15094));
#15094 = SURFACE_STYLE_FILL_AREA(#15095);
#15095 = FILL_AREA_STYLE('',(#15096));
#15096 = FILL_AREA_STYLE_COLOUR('',#14321);
#15097 = CURVE_STYLE('',#15098,POSITIVE_LENGTH_MEASURE(0.1),#14321);
#15098 = DRAUGHTING_PRE_DEFINED_CURVE_FONT('continuous');
#15099 = MECHANICAL_DESIGN_GEOMETRIC_PRESENTATION_REPRESENTATION('',(
    #15100),#10859);
#15100 = STYLED_ITEM('color',(#15101),#10761);
#15101 = PRESENTATION_STYLE_ASSIGNMENT((#15102,#15107));
#15102 = SURFACE_STYLE_USAGE(.BOTH.,#15103);
#15103 = SURFACE_SIDE_STYLE('',(#15104));
#15104 = SURFACE_STYLE_FILL_AREA(#15105);
#15105 = FILL_AREA_STYLE('',(#15106));
#15106 = FILL_AREA_STYLE_COLOUR('',#14321);
#15107 = CURVE_STYLE('',#15108,POSITIVE_LENGTH_MEASURE(0.1),#14321);
#15108 = DRAUGHTING_PRE_DEFINED_CURVE_FONT('continuous');
#15109 = MECHANICAL_DESIGN_GEOMETRIC_PRESENTATION_REPRESENTATION('',(
    #15110),#6899);
#15110 = STYLED_ITEM('color',(#15111),#6843);
#15111 = PRESENTATION_STYLE_ASSIGNMENT((#15112));
#15112 = SURFACE_STYLE_USAGE(.BOTH.,#15113);
#15113 = SURFACE_SIDE_STYLE('',(#15114));
#15114 = SURFACE_STYLE_FILL_AREA(#15115);
#15115 = FILL_AREA_STYLE('',(#15116));
#15116 = FILL_AREA_STYLE_COLOUR('',#14193);
#15117 = MECHANICAL_DESIGN_GEOMETRIC_PRESENTATION_REPRESENTATION('',(
    #15118),#8189);
#15118 = STYLED_ITEM('color',(#15119),#8091);
#15119 = PRESENTATION_STYLE_ASSIGNMENT((#15120,#15125));
#15120 = SURFACE_STYLE_USAGE(.BOTH.,#15121);
#15121 = SURFACE_SIDE_STYLE('',(#15122));
#15122 = SURFACE_STYLE_FILL_AREA(#15123);
#15123 = FILL_AREA_STYLE('',(#15124));
#15124 = FILL_AREA_STYLE_COLOUR('',#14321);
#15125 = CURVE_STYLE('',#15126,POSITIVE_LENGTH_MEASURE(0.1),#14321);
#15126 = DRAUGHTING_PRE_DEFINED_CURVE_FONT('continuous');
#15127 = MECHANICAL_DESIGN_GEOMETRIC_PRESENTATION_REPRESENTATION('',(
    #15128),#113);
#15128 = STYLED_ITEM('color',(#15129),#15);
#15129 = PRESENTATION_STYLE_ASSIGNMENT((#15130,#15135));
#15130 = SURFACE_STYLE_USAGE(.BOTH.,#15131);
#15131 = SURFACE_SIDE_STYLE('',(#15132));
#15132 = SURFACE_STYLE_FILL_AREA(#15133);
#15133 = FILL_AREA_STYLE('',(#15134));
#15134 = FILL_AREA_STYLE_COLOUR('',#14193);
#15135 = CURVE_STYLE('',#15136,POSITIVE_LENGTH_MEASURE(0.1),#14193);
#15136 = DRAUGHTING_PRE_DEFINED_CURVE_FONT('continuous');
#15137 = MECHANICAL_DESIGN_GEOMETRIC_PRESENTATION_REPRESENTATION('',(
    #15138),#11427);
#15138 = STYLED_ITEM('color',(#15139),#11097);
#15139 = PRESENTATION_STYLE_ASSIGNMENT((#15140,#15145));
#15140 = SURFACE_STYLE_USAGE(.BOTH.,#15141);
#15141 = SURFACE_SIDE_STYLE('',(#15142));
#15142 = SURFACE_STYLE_FILL_AREA(#15143);
#15143 = FILL_AREA_STYLE('',(#15144));
#15144 = FILL_AREA_STYLE_COLOUR('',#14193);
#15145 = CURVE_STYLE('',#15146,POSITIVE_LENGTH_MEASURE(0.1),#14193);
#15146 = DRAUGHTING_PRE_DEFINED_CURVE_FONT('continuous');
#15147 = MECHANICAL_DESIGN_GEOMETRIC_PRESENTATION_REPRESENTATION('',(
    #15148),#4304);
#15148 = STYLED_ITEM('color',(#15149),#4248);
#15149 = PRESENTATION_STYLE_ASSIGNMENT((#15150));
#15150 = SURFACE_STYLE_USAGE(.BOTH.,#15151);
#15151 = SURFACE_SIDE_STYLE('',(#15152));
#15152 = SURFACE_STYLE_FILL_AREA(#15153);
#15153 = FILL_AREA_STYLE('',(#15154));
#15154 = FILL_AREA_STYLE_COLOUR('',#14193);
#15155 = MECHANICAL_DESIGN_GEOMETRIC_PRESENTATION_REPRESENTATION('',(
    #15156),#4232);
#15156 = STYLED_ITEM('color',(#15157),#4176);
#15157 = PRESENTATION_STYLE_ASSIGNMENT((#15158));
#15158 = SURFACE_STYLE_USAGE(.BOTH.,#15159);
#15159 = SURFACE_SIDE_STYLE('',(#15160));
#15160 = SURFACE_STYLE_FILL_AREA(#15161);
#15161 = FILL_AREA_STYLE('',(#15162));
#15162 = FILL_AREA_STYLE_COLOUR('',#14193);
#15163 = MECHANICAL_DESIGN_GEOMETRIC_PRESENTATION_REPRESENTATION('',(
    #15164),#670);
#15164 = STYLED_ITEM('color',(#15165),#614);
#15165 = PRESENTATION_STYLE_ASSIGNMENT((#15166));
#15166 = SURFACE_STYLE_USAGE(.BOTH.,#15167);
#15167 = SURFACE_SIDE_STYLE('',(#15168));
#15168 = SURFACE_STYLE_FILL_AREA(#15169);
#15169 = FILL_AREA_STYLE('',(#15170));
#15170 = FILL_AREA_STYLE_COLOUR('',#14193);
#15171 = MECHANICAL_DESIGN_GEOMETRIC_PRESENTATION_REPRESENTATION('',(
    #15172),#7853);
#15172 = STYLED_ITEM('color',(#15173),#7755);
#15173 = PRESENTATION_STYLE_ASSIGNMENT((#15174,#15179));
#15174 = SURFACE_STYLE_USAGE(.BOTH.,#15175);
#15175 = SURFACE_SIDE_STYLE('',(#15176));
#15176 = SURFACE_STYLE_FILL_AREA(#15177);
#15177 = FILL_AREA_STYLE('',(#15178));
#15178 = FILL_AREA_STYLE_COLOUR('',#14321);
#15179 = CURVE_STYLE('',#15180,POSITIVE_LENGTH_MEASURE(0.1),#14321);
#15180 = DRAUGHTING_PRE_DEFINED_CURVE_FONT('continuous');
#15181 = MECHANICAL_DESIGN_GEOMETRIC_PRESENTATION_REPRESENTATION('',(
    #15182),#6715);
#15182 = STYLED_ITEM('color',(#15183),#6659);
#15183 = PRESENTATION_STYLE_ASSIGNMENT((#15184));
#15184 = SURFACE_STYLE_USAGE(.BOTH.,#15185);
#15185 = SURFACE_SIDE_STYLE('',(#15186));
#15186 = SURFACE_STYLE_FILL_AREA(#15187);
#15187 = FILL_AREA_STYLE('',(#15188));
#15188 = FILL_AREA_STYLE_COLOUR('',#14193);
#15189 = MECHANICAL_DESIGN_GEOMETRIC_PRESENTATION_REPRESENTATION('',(
    #15190),#598);
#15190 = STYLED_ITEM('color',(#15191),#542);
#15191 = PRESENTATION_STYLE_ASSIGNMENT((#15192));
#15192 = SURFACE_STYLE_USAGE(.BOTH.,#15193);
#15193 = SURFACE_SIDE_STYLE('',(#15194));
#15194 = SURFACE_STYLE_FILL_AREA(#15195);
#15195 = FILL_AREA_STYLE('',(#15196));
#15196 = FILL_AREA_STYLE_COLOUR('',#14193);
#15197 = MECHANICAL_DESIGN_GEOMETRIC_PRESENTATION_REPRESENTATION('',(
    #15198),#11771);
#15198 = STYLED_ITEM('color',(#15199),#11441);
#15199 = PRESENTATION_STYLE_ASSIGNMENT((#15200,#15205));
#15200 = SURFACE_STYLE_USAGE(.BOTH.,#15201);
#15201 = SURFACE_SIDE_STYLE('',(#15202));
#15202 = SURFACE_STYLE_FILL_AREA(#15203);
#15203 = FILL_AREA_STYLE('',(#15204));
#15204 = FILL_AREA_STYLE_COLOUR('',#14193);
#15205 = CURVE_STYLE('',#15206,POSITIVE_LENGTH_MEASURE(0.1),#14193);
#15206 = DRAUGHTING_PRE_DEFINED_CURVE_FONT('continuous');
#15207 = MECHANICAL_DESIGN_GEOMETRIC_PRESENTATION_REPRESENTATION('',(
    #15208),#7557);
#15208 = STYLED_ITEM('color',(#15209),#7501);
#15209 = PRESENTATION_STYLE_ASSIGNMENT((#15210));
#15210 = SURFACE_STYLE_USAGE(.BOTH.,#15211);
#15211 = SURFACE_SIDE_STYLE('',(#15212));
#15212 = SURFACE_STYLE_FILL_AREA(#15213);
#15213 = FILL_AREA_STYLE('',(#15214));
#15214 = FILL_AREA_STYLE_COLOUR('',#14193);
#15215 = MECHANICAL_DESIGN_GEOMETRIC_PRESENTATION_REPRESENTATION('',(
    #15216),#4708);
#15216 = STYLED_ITEM('color',(#15217),#4652);
#15217 = PRESENTATION_STYLE_ASSIGNMENT((#15218));
#15218 = SURFACE_STYLE_USAGE(.BOTH.,#15219);
#15219 = SURFACE_SIDE_STYLE('',(#15220));
#15220 = SURFACE_STYLE_FILL_AREA(#15221);
#15221 = FILL_AREA_STYLE('',(#15222));
#15222 = FILL_AREA_STYLE_COLOUR('',#14193);
#15223 = MECHANICAL_DESIGN_GEOMETRIC_PRESENTATION_REPRESENTATION('',(
    #15224),#4030);
#15224 = STYLED_ITEM('color',(#15225),#3974);
#15225 = PRESENTATION_STYLE_ASSIGNMENT((#15226));
#15226 = SURFACE_STYLE_USAGE(.BOTH.,#15227);
#15227 = SURFACE_SIDE_STYLE('',(#15228));
#15228 = SURFACE_STYLE_FILL_AREA(#15229);
#15229 = FILL_AREA_STYLE('',(#15230));
#15230 = FILL_AREA_STYLE_COLOUR('',#14193);
#15231 = MECHANICAL_DESIGN_GEOMETRIC_PRESENTATION_REPRESENTATION('',(
    #15232),#14179);
#15232 = STYLED_ITEM('color',(#15233),#13849);
#15233 = PRESENTATION_STYLE_ASSIGNMENT((#15234,#15239));
#15234 = SURFACE_STYLE_USAGE(.BOTH.,#15235);
#15235 = SURFACE_SIDE_STYLE('',(#15236));
#15236 = SURFACE_STYLE_FILL_AREA(#15237);
#15237 = FILL_AREA_STYLE('',(#15238));
#15238 = FILL_AREA_STYLE_COLOUR('',#14193);
#15239 = CURVE_STYLE('',#15240,POSITIVE_LENGTH_MEASURE(0.1),#14193);
#15240 = DRAUGHTING_PRE_DEFINED_CURVE_FONT('continuous');
#15241 = MECHANICAL_DESIGN_GEOMETRIC_PRESENTATION_REPRESENTATION('',(
    #15242),#10635);
#15242 = STYLED_ITEM('color',(#15243),#10447);
#15243 = PRESENTATION_STYLE_ASSIGNMENT((#15244,#15249));
#15244 = SURFACE_STYLE_USAGE(.BOTH.,#15245);
#15245 = SURFACE_SIDE_STYLE('',(#15246));
#15246 = SURFACE_STYLE_FILL_AREA(#15247);
#15247 = FILL_AREA_STYLE('',(#15248));
#15248 = FILL_AREA_STYLE_COLOUR('',#14193);
#15249 = CURVE_STYLE('',#15250,POSITIVE_LENGTH_MEASURE(0.1),#14193);
#15250 = DRAUGHTING_PRE_DEFINED_CURVE_FONT('continuous');
#15251 = MECHANICAL_DESIGN_GEOMETRIC_PRESENTATION_REPRESENTATION('',(
    #15252),#4780);
#15252 = STYLED_ITEM('color',(#15253),#4724);
#15253 = PRESENTATION_STYLE_ASSIGNMENT((#15254));
#15254 = SURFACE_STYLE_USAGE(.BOTH.,#15255);
#15255 = SURFACE_SIDE_STYLE('',(#15256));
#15256 = SURFACE_STYLE_FILL_AREA(#15257);
#15257 = FILL_AREA_STYLE('',(#15258));
#15258 = FILL_AREA_STYLE_COLOUR('',#14193);
#15259 = MECHANICAL_DESIGN_GEOMETRIC_PRESENTATION_REPRESENTATION('',(
    #15260),#8903);
#15260 = STYLED_ITEM('color',(#15261),#8715);
#15261 = PRESENTATION_STYLE_ASSIGNMENT((#15262,#15267));
#15262 = SURFACE_STYLE_USAGE(.BOTH.,#15263);
#15263 = SURFACE_SIDE_STYLE('',(#15264));
#15264 = SURFACE_STYLE_FILL_AREA(#15265);
#15265 = FILL_AREA_STYLE('',(#15266));
#15266 = FILL_AREA_STYLE_COLOUR('',#14193);
#15267 = CURVE_STYLE('',#15268,POSITIVE_LENGTH_MEASURE(0.1),#14193);
#15268 = DRAUGHTING_PRE_DEFINED_CURVE_FONT('continuous');
#15269 = MECHANICAL_DESIGN_GEOMETRIC_PRESENTATION_REPRESENTATION('',(
    #15270),#2242);
#15270 = STYLED_ITEM('color',(#15271),#2126);
#15271 = PRESENTATION_STYLE_ASSIGNMENT((#15272,#15277));
#15272 = SURFACE_STYLE_USAGE(.BOTH.,#15273);
#15273 = SURFACE_SIDE_STYLE('',(#15274));
#15274 = SURFACE_STYLE_FILL_AREA(#15275);
#15275 = FILL_AREA_STYLE('',(#15276));
#15276 = FILL_AREA_STYLE_COLOUR('',#14212);
#15277 = CURVE_STYLE('',#15278,POSITIVE_LENGTH_MEASURE(0.1),#14212);
#15278 = DRAUGHTING_PRE_DEFINED_CURVE_FONT('continuous');
ENDSEC;
END-ISO-10303-21;
