ISO-10303-21;
HEADER;
FILE_DESCRIPTION(('FreeCAD Model'),'2;1');
FILE_NAME('Open CASCADE Shape Model','2025-09-16T14:51:13',('Author'),(
    ''),'Open CASCADE STEP processor 7.8','FreeCAD','Unknown');
FILE_SCHEMA(('AUTOMOTIVE_DESIGN { 1 0 10303 214 1 1 1 1 }'));
ENDSEC;
DATA;
#1 = APPLICATION_PROTOCOL_DEFINITION('international standard',
  'automotive_design',2000,#2);
#2 = APPLICATION_CONTEXT(
  'core data for automotive mechanical design processes');
#3 = SHAPE_DEFINITION_REPRESENTATION(#4,#10);
#4 = PRODUCT_DEFINITION_SHAPE('','',#5);
#5 = PRODUCT_DEFINITION('design','',#6,#9);
#6 = PRODUCT_DEFINITION_FORMATION('','',#7);
#7 = PRODUCT('Mid','Mid','',(#8));
#8 = PRODUCT_CONTEXT('',#2,'mechanical');
#9 = PRODUCT_DEFINITION_CONTEXT('part definition',#2,'design');
#10 = ADVANCED_BREP_SHAPE_REPRESENTATION('',(#11,#15),#113);
#11 = AXIS2_PLACEMENT_3D('',#12,#13,#14);
#12 = CARTESIAN_POINT('',(0.,0.,0.));
#13 = DIRECTION('',(0.,0.,1.));
#14 = DIRECTION('',(1.,0.,-0.));
#15 = MANIFOLD_SOLID_BREP('',#16);
#16 = CLOSED_SHELL('',(#17,#105,#109));
#17 = ADVANCED_FACE('',(#18),#31,.T.);
#18 = FACE_BOUND('',#19,.T.);
#19 = EDGE_LOOP('',(#20,#54,#77,#104));
#20 = ORIENTED_EDGE('',*,*,#21,.F.);
#21 = EDGE_CURVE('',#22,#22,#24,.T.);
#22 = VERTEX_POINT('',#23);
#23 = CARTESIAN_POINT('',(2.2E+03,-1.102182119233E-13,-450.));
#24 = SURFACE_CURVE('',#25,(#30,#42),.PCURVE_S1.);
#25 = CIRCLE('',#26,450.);
#26 = AXIS2_PLACEMENT_3D('',#27,#28,#29);
#27 = CARTESIAN_POINT('',(2.2E+03,0.,3.10862446895E-13));
#28 = DIRECTION('',(1.,-0.,2.22044604925E-16));
#29 = DIRECTION('',(2.22044604925E-16,0.,-1.));
#30 = PCURVE('',#31,#36);
#31 = CYLINDRICAL_SURFACE('',#32,450.);
#32 = AXIS2_PLACEMENT_3D('',#33,#34,#35);
#33 = CARTESIAN_POINT('',(800.,0.,0.));
#34 = DIRECTION('',(1.,0.,2.22044604925E-16));
#35 = DIRECTION('',(2.22044604925E-16,0.,-1.));
#36 = DEFINITIONAL_REPRESENTATION('',(#37),#41);
#37 = LINE('',#38,#39);
#38 = CARTESIAN_POINT('',(0.,1.4E+03));
#39 = VECTOR('',#40,1.);
#40 = DIRECTION('',(1.,0.));
#41 = ( GEOMETRIC_REPRESENTATION_CONTEXT(2) 
PARAMETRIC_REPRESENTATION_CONTEXT() REPRESENTATION_CONTEXT('2D SPACE',''
  ) );
#42 = PCURVE('',#43,#48);
#43 = PLANE('',#44);
#44 = AXIS2_PLACEMENT_3D('',#45,#46,#47);
#45 = CARTESIAN_POINT('',(2.2E+03,0.,3.10862446895E-13));
#46 = DIRECTION('',(1.,0.,2.22044604925E-16));
#47 = DIRECTION('',(2.22044604925E-16,0.,-1.));
#48 = DEFINITIONAL_REPRESENTATION('',(#49),#53);
#49 = CIRCLE('',#50,450.);
#50 = AXIS2_PLACEMENT_2D('',#51,#52);
#51 = CARTESIAN_POINT('',(0.,0.));
#52 = DIRECTION('',(1.,0.));
#53 = ( GEOMETRIC_REPRESENTATION_CONTEXT(2) 
PARAMETRIC_REPRESENTATION_CONTEXT() REPRESENTATION_CONTEXT('2D SPACE',''
  ) );
#54 = ORIENTED_EDGE('',*,*,#55,.F.);
#55 = EDGE_CURVE('',#56,#22,#58,.T.);
#56 = VERTEX_POINT('',#57);
#57 = CARTESIAN_POINT('',(800.,-1.102182119233E-13,-450.));
#58 = SEAM_CURVE('',#59,(#63,#70),.PCURVE_S1.);
#59 = LINE('',#60,#61);
#60 = CARTESIAN_POINT('',(800.,-1.102182119233E-13,-450.));
#61 = VECTOR('',#62,1.);
#62 = DIRECTION('',(1.,0.,2.22044604925E-16));
#63 = PCURVE('',#31,#64);
#64 = DEFINITIONAL_REPRESENTATION('',(#65),#69);
#65 = LINE('',#66,#67);
#66 = CARTESIAN_POINT('',(6.28318530718,-0.));
#67 = VECTOR('',#68,1.);
#68 = DIRECTION('',(0.,1.));
#69 = ( GEOMETRIC_REPRESENTATION_CONTEXT(2) 
PARAMETRIC_REPRESENTATION_CONTEXT() REPRESENTATION_CONTEXT('2D SPACE',''
  ) );
#70 = PCURVE('',#31,#71);
#71 = DEFINITIONAL_REPRESENTATION('',(#72),#76);
#72 = LINE('',#73,#74);
#73 = CARTESIAN_POINT('',(0.,-0.));
#74 = VECTOR('',#75,1.);
#75 = DIRECTION('',(0.,1.));
#76 = ( GEOMETRIC_REPRESENTATION_CONTEXT(2) 
PARAMETRIC_REPRESENTATION_CONTEXT() REPRESENTATION_CONTEXT('2D SPACE',''
  ) );
#77 = ORIENTED_EDGE('',*,*,#78,.T.);
#78 = EDGE_CURVE('',#56,#56,#79,.T.);
#79 = SURFACE_CURVE('',#80,(#85,#92),.PCURVE_S1.);
#80 = CIRCLE('',#81,450.);
#81 = AXIS2_PLACEMENT_3D('',#82,#83,#84);
#82 = CARTESIAN_POINT('',(800.,0.,0.));
#83 = DIRECTION('',(1.,-0.,2.22044604925E-16));
#84 = DIRECTION('',(2.22044604925E-16,0.,-1.));
#85 = PCURVE('',#31,#86);
#86 = DEFINITIONAL_REPRESENTATION('',(#87),#91);
#87 = LINE('',#88,#89);
#88 = CARTESIAN_POINT('',(0.,0.));
#89 = VECTOR('',#90,1.);
#90 = DIRECTION('',(1.,0.));
#91 = ( GEOMETRIC_REPRESENTATION_CONTEXT(2) 
PARAMETRIC_REPRESENTATION_CONTEXT() REPRESENTATION_CONTEXT('2D SPACE',''
  ) );
#92 = PCURVE('',#93,#98);
#93 = PLANE('',#94);
#94 = AXIS2_PLACEMENT_3D('',#95,#96,#97);
#95 = CARTESIAN_POINT('',(800.,0.,0.));
#96 = DIRECTION('',(1.,0.,2.22044604925E-16));
#97 = DIRECTION('',(2.22044604925E-16,0.,-1.));
#98 = DEFINITIONAL_REPRESENTATION('',(#99),#103);
#99 = CIRCLE('',#100,450.);
#100 = AXIS2_PLACEMENT_2D('',#101,#102);
#101 = CARTESIAN_POINT('',(0.,0.));
#102 = DIRECTION('',(1.,0.));
#103 = ( GEOMETRIC_REPRESENTATION_CONTEXT(2) 
PARAMETRIC_REPRESENTATION_CONTEXT() REPRESENTATION_CONTEXT('2D SPACE',''
  ) );
#104 = ORIENTED_EDGE('',*,*,#55,.T.);
#105 = ADVANCED_FACE('',(#106),#43,.T.);
#106 = FACE_BOUND('',#107,.T.);
#107 = EDGE_LOOP('',(#108));
#108 = ORIENTED_EDGE('',*,*,#21,.T.);
#109 = ADVANCED_FACE('',(#110),#93,.F.);
#110 = FACE_BOUND('',#111,.T.);
#111 = EDGE_LOOP('',(#112));
#112 = ORIENTED_EDGE('',*,*,#78,.F.);
#113 = ( GEOMETRIC_REPRESENTATION_CONTEXT(3) 
GLOBAL_UNCERTAINTY_ASSIGNED_CONTEXT((#117)) GLOBAL_UNIT_ASSIGNED_CONTEXT
((#114,#115,#116)) REPRESENTATION_CONTEXT('Context #1',
  '3D Context with UNIT and UNCERTAINTY') );
#114 = ( LENGTH_UNIT() NAMED_UNIT(*) SI_UNIT($,.METRE.) );
#115 = ( NAMED_UNIT(*) PLANE_ANGLE_UNIT() SI_UNIT($,.RADIAN.) );
#116 = ( NAMED_UNIT(*) SI_UNIT($,.STERADIAN.) SOLID_ANGLE_UNIT() );
#117 = UNCERTAINTY_MEASURE_WITH_UNIT(LENGTH_MEASURE(1.E-07),#114,
  'distance_accuracy_value','confusion accuracy');
#118 = PRODUCT_RELATED_PRODUCT_CATEGORY('part',$,(#7));
#119 = SHAPE_DEFINITION_REPRESENTATION(#120,#126);
#120 = PRODUCT_DEFINITION_SHAPE('','',#121);
#121 = PRODUCT_DEFINITION('design','',#122,#125);
#122 = PRODUCT_DEFINITION_FORMATION('','',#123);
#123 = PRODUCT('Nose','Nose','',(#124));
#124 = PRODUCT_CONTEXT('',#2,'mechanical');
#125 = PRODUCT_DEFINITION_CONTEXT('part definition',#2,'design');
#126 = ADVANCED_BREP_SHAPE_REPRESENTATION('',(#11,#127),#194);
#127 = MANIFOLD_SOLID_BREP('',#128);
#128 = CLOSED_SHELL('',(#129,#190));
#129 = ADVANCED_FACE('',(#130),#144,.T.);
#130 = FACE_BOUND('',#131,.T.);
#131 = EDGE_LOOP('',(#132,#162,#189));
#132 = ORIENTED_EDGE('',*,*,#133,.F.);
#133 = EDGE_CURVE('',#134,#136,#138,.T.);
#134 = VERTEX_POINT('',#135);
#135 = CARTESIAN_POINT('',(6.661338147751E-14,-7.347880794884E-14,-300.)
  );
#136 = VERTEX_POINT('',#137);
#137 = CARTESIAN_POINT('',(800.,-1.39226221921E-29,1.207922650792E-13));
#138 = SEAM_CURVE('',#139,(#143,#155),.PCURVE_S1.);
#139 = LINE('',#140,#141);
#140 = CARTESIAN_POINT('',(6.661338147751E-14,-7.347880794884E-14,-300.)
  );
#141 = VECTOR('',#142,1.);
#142 = DIRECTION('',(0.936329177569,8.600043976937E-17,0.351123441588));
#143 = PCURVE('',#144,#149);
#144 = CONICAL_SURFACE('',#145,300.,0.358770670271);
#145 = AXIS2_PLACEMENT_3D('',#146,#147,#148);
#146 = CARTESIAN_POINT('',(0.,0.,0.));
#147 = DIRECTION('',(-1.,-0.,-2.22044604925E-16));
#148 = DIRECTION('',(2.22044604925E-16,0.,-1.));
#149 = DEFINITIONAL_REPRESENTATION('',(#150),#154);
#150 = LINE('',#151,#152);
#151 = CARTESIAN_POINT('',(-6.28318530718,0.));
#152 = VECTOR('',#153,1.);
#153 = DIRECTION('',(-0.,-1.));
#154 = ( GEOMETRIC_REPRESENTATION_CONTEXT(2) 
PARAMETRIC_REPRESENTATION_CONTEXT() REPRESENTATION_CONTEXT('2D SPACE',''
  ) );
#155 = PCURVE('',#144,#156);
#156 = DEFINITIONAL_REPRESENTATION('',(#157),#161);
#157 = LINE('',#158,#159);
#158 = CARTESIAN_POINT('',(0.,-0.));
#159 = VECTOR('',#160,1.);
#160 = DIRECTION('',(-0.,-1.));
#161 = ( GEOMETRIC_REPRESENTATION_CONTEXT(2) 
PARAMETRIC_REPRESENTATION_CONTEXT() REPRESENTATION_CONTEXT('2D SPACE',''
  ) );
#162 = ORIENTED_EDGE('',*,*,#163,.T.);
#163 = EDGE_CURVE('',#134,#134,#164,.T.);
#164 = SURFACE_CURVE('',#165,(#170,#177),.PCURVE_S1.);
#165 = CIRCLE('',#166,300.);
#166 = AXIS2_PLACEMENT_3D('',#167,#168,#169);
#167 = CARTESIAN_POINT('',(0.,0.,0.));
#168 = DIRECTION('',(1.,-0.,2.22044604925E-16));
#169 = DIRECTION('',(2.22044604925E-16,0.,-1.));
#170 = PCURVE('',#144,#171);
#171 = DEFINITIONAL_REPRESENTATION('',(#172),#176);
#172 = LINE('',#173,#174);
#173 = CARTESIAN_POINT('',(-0.,-0.));
#174 = VECTOR('',#175,1.);
#175 = DIRECTION('',(-1.,-0.));
#176 = ( GEOMETRIC_REPRESENTATION_CONTEXT(2) 
PARAMETRIC_REPRESENTATION_CONTEXT() REPRESENTATION_CONTEXT('2D SPACE',''
  ) );
#177 = PCURVE('',#178,#183);
#178 = PLANE('',#179);
#179 = AXIS2_PLACEMENT_3D('',#180,#181,#182);
#180 = CARTESIAN_POINT('',(0.,0.,0.));
#181 = DIRECTION('',(1.,0.,2.22044604925E-16));
#182 = DIRECTION('',(2.22044604925E-16,0.,-1.));
#183 = DEFINITIONAL_REPRESENTATION('',(#184),#188);
#184 = CIRCLE('',#185,300.);
#185 = AXIS2_PLACEMENT_2D('',#186,#187);
#186 = CARTESIAN_POINT('',(0.,0.));
#187 = DIRECTION('',(1.,0.));
#188 = ( GEOMETRIC_REPRESENTATION_CONTEXT(2) 
PARAMETRIC_REPRESENTATION_CONTEXT() REPRESENTATION_CONTEXT('2D SPACE',''
  ) );
#189 = ORIENTED_EDGE('',*,*,#133,.T.);
#190 = ADVANCED_FACE('',(#191),#178,.F.);
#191 = FACE_BOUND('',#192,.T.);
#192 = EDGE_LOOP('',(#193));
#193 = ORIENTED_EDGE('',*,*,#163,.F.);
#194 = ( GEOMETRIC_REPRESENTATION_CONTEXT(3) 
GLOBAL_UNCERTAINTY_ASSIGNED_CONTEXT((#198)) GLOBAL_UNIT_ASSIGNED_CONTEXT
((#195,#196,#197)) REPRESENTATION_CONTEXT('Context #1',
  '3D Context with UNIT and UNCERTAINTY') );
#195 = ( LENGTH_UNIT() NAMED_UNIT(*) SI_UNIT($,.METRE.) );
#196 = ( NAMED_UNIT(*) PLANE_ANGLE_UNIT() SI_UNIT($,.RADIAN.) );
#197 = ( NAMED_UNIT(*) SI_UNIT($,.STERADIAN.) SOLID_ANGLE_UNIT() );
#198 = UNCERTAINTY_MEASURE_WITH_UNIT(LENGTH_MEASURE(1.E-07),#195,
  'distance_accuracy_value','confusion accuracy');
#199 = PRODUCT_RELATED_PRODUCT_CATEGORY('part',$,(#123));
#200 = SHAPE_DEFINITION_REPRESENTATION(#201,#207);
#201 = PRODUCT_DEFINITION_SHAPE('','',#202);
#202 = PRODUCT_DEFINITION('design','',#203,#206);
#203 = PRODUCT_DEFINITION_FORMATION('','',#204);
#204 = PRODUCT('ModeratorOuter','ModeratorOuter','',(#205));
#205 = PRODUCT_CONTEXT('',#2,'mechanical');
#206 = PRODUCT_DEFINITION_CONTEXT('part definition',#2,'design');
#207 = ADVANCED_BREP_SHAPE_REPRESENTATION('',(#11,#208),#306);
#208 = MANIFOLD_SOLID_BREP('',#209);
#209 = CLOSED_SHELL('',(#210,#298,#302));
#210 = ADVANCED_FACE('',(#211),#224,.T.);
#211 = FACE_BOUND('',#212,.T.);
#212 = EDGE_LOOP('',(#213,#247,#270,#297));
#213 = ORIENTED_EDGE('',*,*,#214,.F.);
#214 = EDGE_CURVE('',#215,#215,#217,.T.);
#215 = VERTEX_POINT('',#216);
#216 = CARTESIAN_POINT('',(3.15E+03,-1.224646799147E-13,-500.));
#217 = SURFACE_CURVE('',#218,(#223,#235),.PCURVE_S1.);
#218 = CIRCLE('',#219,500.);
#219 = AXIS2_PLACEMENT_3D('',#220,#221,#222);
#220 = CARTESIAN_POINT('',(3.15E+03,0.,2.442490654175E-13));
#221 = DIRECTION('',(1.,-0.,2.22044604925E-16));
#222 = DIRECTION('',(2.22044604925E-16,0.,-1.));
#223 = PCURVE('',#224,#229);
#224 = CYLINDRICAL_SURFACE('',#225,500.);
#225 = AXIS2_PLACEMENT_3D('',#226,#227,#228);
#226 = CARTESIAN_POINT('',(2.05E+03,0.,0.));
#227 = DIRECTION('',(1.,0.,2.22044604925E-16));
#228 = DIRECTION('',(2.22044604925E-16,0.,-1.));
#229 = DEFINITIONAL_REPRESENTATION('',(#230),#234);
#230 = LINE('',#231,#232);
#231 = CARTESIAN_POINT('',(0.,1.1E+03));
#232 = VECTOR('',#233,1.);
#233 = DIRECTION('',(1.,0.));
#234 = ( GEOMETRIC_REPRESENTATION_CONTEXT(2) 
PARAMETRIC_REPRESENTATION_CONTEXT() REPRESENTATION_CONTEXT('2D SPACE',''
  ) );
#235 = PCURVE('',#236,#241);
#236 = PLANE('',#237);
#237 = AXIS2_PLACEMENT_3D('',#238,#239,#240);
#238 = CARTESIAN_POINT('',(3.15E+03,0.,2.442490654175E-13));
#239 = DIRECTION('',(1.,0.,2.22044604925E-16));
#240 = DIRECTION('',(2.22044604925E-16,0.,-1.));
#241 = DEFINITIONAL_REPRESENTATION('',(#242),#246);
#242 = CIRCLE('',#243,500.);
#243 = AXIS2_PLACEMENT_2D('',#244,#245);
#244 = CARTESIAN_POINT('',(0.,0.));
#245 = DIRECTION('',(1.,0.));
#246 = ( GEOMETRIC_REPRESENTATION_CONTEXT(2) 
PARAMETRIC_REPRESENTATION_CONTEXT() REPRESENTATION_CONTEXT('2D SPACE',''
  ) );
#247 = ORIENTED_EDGE('',*,*,#248,.F.);
#248 = EDGE_CURVE('',#249,#215,#251,.T.);
#249 = VERTEX_POINT('',#250);
#250 = CARTESIAN_POINT('',(2.05E+03,-1.224646799147E-13,-500.));
#251 = SEAM_CURVE('',#252,(#256,#263),.PCURVE_S1.);
#252 = LINE('',#253,#254);
#253 = CARTESIAN_POINT('',(2.05E+03,-1.224646799147E-13,-500.));
#254 = VECTOR('',#255,1.);
#255 = DIRECTION('',(1.,0.,2.22044604925E-16));
#256 = PCURVE('',#224,#257);
#257 = DEFINITIONAL_REPRESENTATION('',(#258),#262);
#258 = LINE('',#259,#260);
#259 = CARTESIAN_POINT('',(6.28318530718,-0.));
#260 = VECTOR('',#261,1.);
#261 = DIRECTION('',(0.,1.));
#262 = ( GEOMETRIC_REPRESENTATION_CONTEXT(2) 
PARAMETRIC_REPRESENTATION_CONTEXT() REPRESENTATION_CONTEXT('2D SPACE',''
  ) );
#263 = PCURVE('',#224,#264);
#264 = DEFINITIONAL_REPRESENTATION('',(#265),#269);
#265 = LINE('',#266,#267);
#266 = CARTESIAN_POINT('',(0.,-0.));
#267 = VECTOR('',#268,1.);
#268 = DIRECTION('',(0.,1.));
#269 = ( GEOMETRIC_REPRESENTATION_CONTEXT(2) 
PARAMETRIC_REPRESENTATION_CONTEXT() REPRESENTATION_CONTEXT('2D SPACE',''
  ) );
#270 = ORIENTED_EDGE('',*,*,#271,.T.);
#271 = EDGE_CURVE('',#249,#249,#272,.T.);
#272 = SURFACE_CURVE('',#273,(#278,#285),.PCURVE_S1.);
#273 = CIRCLE('',#274,500.);
#274 = AXIS2_PLACEMENT_3D('',#275,#276,#277);
#275 = CARTESIAN_POINT('',(2.05E+03,0.,0.));
#276 = DIRECTION('',(1.,-0.,2.22044604925E-16));
#277 = DIRECTION('',(2.22044604925E-16,0.,-1.));
#278 = PCURVE('',#224,#279);
#279 = DEFINITIONAL_REPRESENTATION('',(#280),#284);
#280 = LINE('',#281,#282);
#281 = CARTESIAN_POINT('',(0.,0.));
#282 = VECTOR('',#283,1.);
#283 = DIRECTION('',(1.,0.));
#284 = ( GEOMETRIC_REPRESENTATION_CONTEXT(2) 
PARAMETRIC_REPRESENTATION_CONTEXT() REPRESENTATION_CONTEXT('2D SPACE',''
  ) );
#285 = PCURVE('',#286,#291);
#286 = PLANE('',#287);
#287 = AXIS2_PLACEMENT_3D('',#288,#289,#290);
#288 = CARTESIAN_POINT('',(2.05E+03,0.,0.));
#289 = DIRECTION('',(1.,0.,2.22044604925E-16));
#290 = DIRECTION('',(2.22044604925E-16,0.,-1.));
#291 = DEFINITIONAL_REPRESENTATION('',(#292),#296);
#292 = CIRCLE('',#293,500.);
#293 = AXIS2_PLACEMENT_2D('',#294,#295);
#294 = CARTESIAN_POINT('',(0.,0.));
#295 = DIRECTION('',(1.,0.));
#296 = ( GEOMETRIC_REPRESENTATION_CONTEXT(2) 
PARAMETRIC_REPRESENTATION_CONTEXT() REPRESENTATION_CONTEXT('2D SPACE',''
  ) );
#297 = ORIENTED_EDGE('',*,*,#248,.T.);
#298 = ADVANCED_FACE('',(#299),#236,.T.);
#299 = FACE_BOUND('',#300,.T.);
#300 = EDGE_LOOP('',(#301));
#301 = ORIENTED_EDGE('',*,*,#214,.T.);
#302 = ADVANCED_FACE('',(#303),#286,.F.);
#303 = FACE_BOUND('',#304,.T.);
#304 = EDGE_LOOP('',(#305));
#305 = ORIENTED_EDGE('',*,*,#271,.F.);
#306 = ( GEOMETRIC_REPRESENTATION_CONTEXT(3) 
GLOBAL_UNCERTAINTY_ASSIGNED_CONTEXT((#310)) GLOBAL_UNIT_ASSIGNED_CONTEXT
((#307,#308,#309)) REPRESENTATION_CONTEXT('Context #1',
  '3D Context with UNIT and UNCERTAINTY') );
#307 = ( LENGTH_UNIT() NAMED_UNIT(*) SI_UNIT($,.METRE.) );
#308 = ( NAMED_UNIT(*) PLANE_ANGLE_UNIT() SI_UNIT($,.RADIAN.) );
#309 = ( NAMED_UNIT(*) SI_UNIT($,.STERADIAN.) SOLID_ANGLE_UNIT() );
#310 = UNCERTAINTY_MEASURE_WITH_UNIT(LENGTH_MEASURE(1.E-07),#307,
  'distance_accuracy_value','confusion accuracy');
#311 = PRODUCT_RELATED_PRODUCT_CATEGORY('part',$,(#204));
#312 = SHAPE_DEFINITION_REPRESENTATION(#313,#319);
#313 = PRODUCT_DEFINITION_SHAPE('','',#314);
#314 = PRODUCT_DEFINITION('design','',#315,#318);
#315 = PRODUCT_DEFINITION_FORMATION('','',#316);
#316 = PRODUCT('W_Post_0','W_Post_0','',(#317));
#317 = PRODUCT_CONTEXT('',#2,'mechanical');
#318 = PRODUCT_DEFINITION_CONTEXT('part definition',#2,'design');
#319 = ADVANCED_BREP_SHAPE_REPRESENTATION('',(#11,#320),#650);
#320 = MANIFOLD_SOLID_BREP('',#321);
#321 = CLOSED_SHELL('',(#322,#442,#542,#589,#636,#643));
#322 = ADVANCED_FACE('',(#323),#337,.F.);
#323 = FACE_BOUND('',#324,.F.);
#324 = EDGE_LOOP('',(#325,#360,#388,#416));
#325 = ORIENTED_EDGE('',*,*,#326,.F.);
#326 = EDGE_CURVE('',#327,#329,#331,.T.);
#327 = VERTEX_POINT('',#328);
#328 = CARTESIAN_POINT('',(2.5E+03,405.,-30.));
#329 = VERTEX_POINT('',#330);
#330 = CARTESIAN_POINT('',(2.5E+03,405.,30.));
#331 = SURFACE_CURVE('',#332,(#336,#348),.PCURVE_S1.);
#332 = LINE('',#333,#334);
#333 = CARTESIAN_POINT('',(2.5E+03,405.,-30.));
#334 = VECTOR('',#335,1.);
#335 = DIRECTION('',(0.,0.,1.));
#336 = PCURVE('',#337,#342);
#337 = PLANE('',#338);
#338 = AXIS2_PLACEMENT_3D('',#339,#340,#341);
#339 = CARTESIAN_POINT('',(2.5E+03,405.,-30.));
#340 = DIRECTION('',(1.,0.,0.));
#341 = DIRECTION('',(0.,0.,1.));
#342 = DEFINITIONAL_REPRESENTATION('',(#343),#347);
#343 = LINE('',#344,#345);
#344 = CARTESIAN_POINT('',(0.,0.));
#345 = VECTOR('',#346,1.);
#346 = DIRECTION('',(1.,0.));
#347 = ( GEOMETRIC_REPRESENTATION_CONTEXT(2) 
PARAMETRIC_REPRESENTATION_CONTEXT() REPRESENTATION_CONTEXT('2D SPACE',''
  ) );
#348 = PCURVE('',#349,#354);
#349 = PLANE('',#350);
#350 = AXIS2_PLACEMENT_3D('',#351,#352,#353);
#351 = CARTESIAN_POINT('',(2.5E+03,405.,-30.));
#352 = DIRECTION('',(0.,1.,0.));
#353 = DIRECTION('',(0.,0.,1.));
#354 = DEFINITIONAL_REPRESENTATION('',(#355),#359);
#355 = LINE('',#356,#357);
#356 = CARTESIAN_POINT('',(0.,0.));
#357 = VECTOR('',#358,1.);
#358 = DIRECTION('',(1.,0.));
#359 = ( GEOMETRIC_REPRESENTATION_CONTEXT(2) 
PARAMETRIC_REPRESENTATION_CONTEXT() REPRESENTATION_CONTEXT('2D SPACE',''
  ) );
#360 = ORIENTED_EDGE('',*,*,#361,.T.);
#361 = EDGE_CURVE('',#327,#362,#364,.T.);
#362 = VERTEX_POINT('',#363);
#363 = CARTESIAN_POINT('',(2.5E+03,415.,-30.));
#364 = SURFACE_CURVE('',#365,(#369,#376),.PCURVE_S1.);
#365 = LINE('',#366,#367);
#366 = CARTESIAN_POINT('',(2.5E+03,405.,-30.));
#367 = VECTOR('',#368,1.);
#368 = DIRECTION('',(0.,1.,0.));
#369 = PCURVE('',#337,#370);
#370 = DEFINITIONAL_REPRESENTATION('',(#371),#375);
#371 = LINE('',#372,#373);
#372 = CARTESIAN_POINT('',(0.,0.));
#373 = VECTOR('',#374,1.);
#374 = DIRECTION('',(0.,-1.));
#375 = ( GEOMETRIC_REPRESENTATION_CONTEXT(2) 
PARAMETRIC_REPRESENTATION_CONTEXT() REPRESENTATION_CONTEXT('2D SPACE',''
  ) );
#376 = PCURVE('',#377,#382);
#377 = PLANE('',#378);
#378 = AXIS2_PLACEMENT_3D('',#379,#380,#381);
#379 = CARTESIAN_POINT('',(2.5E+03,405.,-30.));
#380 = DIRECTION('',(0.,0.,1.));
#381 = DIRECTION('',(1.,0.,0.));
#382 = DEFINITIONAL_REPRESENTATION('',(#383),#387);
#383 = LINE('',#384,#385);
#384 = CARTESIAN_POINT('',(0.,0.));
#385 = VECTOR('',#386,1.);
#386 = DIRECTION('',(0.,1.));
#387 = ( GEOMETRIC_REPRESENTATION_CONTEXT(2) 
PARAMETRIC_REPRESENTATION_CONTEXT() REPRESENTATION_CONTEXT('2D SPACE',''
  ) );
#388 = ORIENTED_EDGE('',*,*,#389,.T.);
#389 = EDGE_CURVE('',#362,#390,#392,.T.);
#390 = VERTEX_POINT('',#391);
#391 = CARTESIAN_POINT('',(2.5E+03,415.,30.));
#392 = SURFACE_CURVE('',#393,(#397,#404),.PCURVE_S1.);
#393 = LINE('',#394,#395);
#394 = CARTESIAN_POINT('',(2.5E+03,415.,-30.));
#395 = VECTOR('',#396,1.);
#396 = DIRECTION('',(0.,0.,1.));
#397 = PCURVE('',#337,#398);
#398 = DEFINITIONAL_REPRESENTATION('',(#399),#403);
#399 = LINE('',#400,#401);
#400 = CARTESIAN_POINT('',(0.,-10.));
#401 = VECTOR('',#402,1.);
#402 = DIRECTION('',(1.,0.));
#403 = ( GEOMETRIC_REPRESENTATION_CONTEXT(2) 
PARAMETRIC_REPRESENTATION_CONTEXT() REPRESENTATION_CONTEXT('2D SPACE',''
  ) );
#404 = PCURVE('',#405,#410);
#405 = PLANE('',#406);
#406 = AXIS2_PLACEMENT_3D('',#407,#408,#409);
#407 = CARTESIAN_POINT('',(2.5E+03,415.,-30.));
#408 = DIRECTION('',(0.,1.,0.));
#409 = DIRECTION('',(0.,0.,1.));
#410 = DEFINITIONAL_REPRESENTATION('',(#411),#415);
#411 = LINE('',#412,#413);
#412 = CARTESIAN_POINT('',(0.,0.));
#413 = VECTOR('',#414,1.);
#414 = DIRECTION('',(1.,0.));
#415 = ( GEOMETRIC_REPRESENTATION_CONTEXT(2) 
PARAMETRIC_REPRESENTATION_CONTEXT() REPRESENTATION_CONTEXT('2D SPACE',''
  ) );
#416 = ORIENTED_EDGE('',*,*,#417,.F.);
#417 = EDGE_CURVE('',#329,#390,#418,.T.);
#418 = SURFACE_CURVE('',#419,(#423,#430),.PCURVE_S1.);
#419 = LINE('',#420,#421);
#420 = CARTESIAN_POINT('',(2.5E+03,405.,30.));
#421 = VECTOR('',#422,1.);
#422 = DIRECTION('',(0.,1.,0.));
#423 = PCURVE('',#337,#424);
#424 = DEFINITIONAL_REPRESENTATION('',(#425),#429);
#425 = LINE('',#426,#427);
#426 = CARTESIAN_POINT('',(60.,0.));
#427 = VECTOR('',#428,1.);
#428 = DIRECTION('',(0.,-1.));
#429 = ( GEOMETRIC_REPRESENTATION_CONTEXT(2) 
PARAMETRIC_REPRESENTATION_CONTEXT() REPRESENTATION_CONTEXT('2D SPACE',''
  ) );
#430 = PCURVE('',#431,#436);
#431 = PLANE('',#432);
#432 = AXIS2_PLACEMENT_3D('',#433,#434,#435);
#433 = CARTESIAN_POINT('',(2.5E+03,405.,30.));
#434 = DIRECTION('',(0.,0.,1.));
#435 = DIRECTION('',(1.,0.,0.));
#436 = DEFINITIONAL_REPRESENTATION('',(#437),#441);
#437 = LINE('',#438,#439);
#438 = CARTESIAN_POINT('',(0.,0.));
#439 = VECTOR('',#440,1.);
#440 = DIRECTION('',(0.,1.));
#441 = ( GEOMETRIC_REPRESENTATION_CONTEXT(2) 
PARAMETRIC_REPRESENTATION_CONTEXT() REPRESENTATION_CONTEXT('2D SPACE',''
  ) );
#442 = ADVANCED_FACE('',(#443),#457,.T.);
#443 = FACE_BOUND('',#444,.T.);
#444 = EDGE_LOOP('',(#445,#475,#498,#521));
#445 = ORIENTED_EDGE('',*,*,#446,.F.);
#446 = EDGE_CURVE('',#447,#449,#451,.T.);
#447 = VERTEX_POINT('',#448);
#448 = CARTESIAN_POINT('',(2.7E+03,405.,-30.));
#449 = VERTEX_POINT('',#450);
#450 = CARTESIAN_POINT('',(2.7E+03,405.,30.));
#451 = SURFACE_CURVE('',#452,(#456,#468),.PCURVE_S1.);
#452 = LINE('',#453,#454);
#453 = CARTESIAN_POINT('',(2.7E+03,405.,-30.));
#454 = VECTOR('',#455,1.);
#455 = DIRECTION('',(0.,0.,1.));
#456 = PCURVE('',#457,#462);
#457 = PLANE('',#458);
#458 = AXIS2_PLACEMENT_3D('',#459,#460,#461);
#459 = CARTESIAN_POINT('',(2.7E+03,405.,-30.));
#460 = DIRECTION('',(1.,0.,0.));
#461 = DIRECTION('',(0.,0.,1.));
#462 = DEFINITIONAL_REPRESENTATION('',(#463),#467);
#463 = LINE('',#464,#465);
#464 = CARTESIAN_POINT('',(0.,0.));
#465 = VECTOR('',#466,1.);
#466 = DIRECTION('',(1.,0.));
#467 = ( GEOMETRIC_REPRESENTATION_CONTEXT(2) 
PARAMETRIC_REPRESENTATION_CONTEXT() REPRESENTATION_CONTEXT('2D SPACE',''
  ) );
#468 = PCURVE('',#349,#469);
#469 = DEFINITIONAL_REPRESENTATION('',(#470),#474);
#470 = LINE('',#471,#472);
#471 = CARTESIAN_POINT('',(0.,200.));
#472 = VECTOR('',#473,1.);
#473 = DIRECTION('',(1.,0.));
#474 = ( GEOMETRIC_REPRESENTATION_CONTEXT(2) 
PARAMETRIC_REPRESENTATION_CONTEXT() REPRESENTATION_CONTEXT('2D SPACE',''
  ) );
#475 = ORIENTED_EDGE('',*,*,#476,.T.);
#476 = EDGE_CURVE('',#447,#477,#479,.T.);
#477 = VERTEX_POINT('',#478);
#478 = CARTESIAN_POINT('',(2.7E+03,415.,-30.));
#479 = SURFACE_CURVE('',#480,(#484,#491),.PCURVE_S1.);
#480 = LINE('',#481,#482);
#481 = CARTESIAN_POINT('',(2.7E+03,405.,-30.));
#482 = VECTOR('',#483,1.);
#483 = DIRECTION('',(0.,1.,0.));
#484 = PCURVE('',#457,#485);
#485 = DEFINITIONAL_REPRESENTATION('',(#486),#490);
#486 = LINE('',#487,#488);
#487 = CARTESIAN_POINT('',(0.,0.));
#488 = VECTOR('',#489,1.);
#489 = DIRECTION('',(0.,-1.));
#490 = ( GEOMETRIC_REPRESENTATION_CONTEXT(2) 
PARAMETRIC_REPRESENTATION_CONTEXT() REPRESENTATION_CONTEXT('2D SPACE',''
  ) );
#491 = PCURVE('',#377,#492);
#492 = DEFINITIONAL_REPRESENTATION('',(#493),#497);
#493 = LINE('',#494,#495);
#494 = CARTESIAN_POINT('',(200.,0.));
#495 = VECTOR('',#496,1.);
#496 = DIRECTION('',(0.,1.));
#497 = ( GEOMETRIC_REPRESENTATION_CONTEXT(2) 
PARAMETRIC_REPRESENTATION_CONTEXT() REPRESENTATION_CONTEXT('2D SPACE',''
  ) );
#498 = ORIENTED_EDGE('',*,*,#499,.T.);
#499 = EDGE_CURVE('',#477,#500,#502,.T.);
#500 = VERTEX_POINT('',#501);
#501 = CARTESIAN_POINT('',(2.7E+03,415.,30.));
#502 = SURFACE_CURVE('',#503,(#507,#514),.PCURVE_S1.);
#503 = LINE('',#504,#505);
#504 = CARTESIAN_POINT('',(2.7E+03,415.,-30.));
#505 = VECTOR('',#506,1.);
#506 = DIRECTION('',(0.,0.,1.));
#507 = PCURVE('',#457,#508);
#508 = DEFINITIONAL_REPRESENTATION('',(#509),#513);
#509 = LINE('',#510,#511);
#510 = CARTESIAN_POINT('',(0.,-10.));
#511 = VECTOR('',#512,1.);
#512 = DIRECTION('',(1.,0.));
#513 = ( GEOMETRIC_REPRESENTATION_CONTEXT(2) 
PARAMETRIC_REPRESENTATION_CONTEXT() REPRESENTATION_CONTEXT('2D SPACE',''
  ) );
#514 = PCURVE('',#405,#515);
#515 = DEFINITIONAL_REPRESENTATION('',(#516),#520);
#516 = LINE('',#517,#518);
#517 = CARTESIAN_POINT('',(0.,200.));
#518 = VECTOR('',#519,1.);
#519 = DIRECTION('',(1.,0.));
#520 = ( GEOMETRIC_REPRESENTATION_CONTEXT(2) 
PARAMETRIC_REPRESENTATION_CONTEXT() REPRESENTATION_CONTEXT('2D SPACE',''
  ) );
#521 = ORIENTED_EDGE('',*,*,#522,.F.);
#522 = EDGE_CURVE('',#449,#500,#523,.T.);
#523 = SURFACE_CURVE('',#524,(#528,#535),.PCURVE_S1.);
#524 = LINE('',#525,#526);
#525 = CARTESIAN_POINT('',(2.7E+03,405.,30.));
#526 = VECTOR('',#527,1.);
#527 = DIRECTION('',(0.,1.,0.));
#528 = PCURVE('',#457,#529);
#529 = DEFINITIONAL_REPRESENTATION('',(#530),#534);
#530 = LINE('',#531,#532);
#531 = CARTESIAN_POINT('',(60.,0.));
#532 = VECTOR('',#533,1.);
#533 = DIRECTION('',(0.,-1.));
#534 = ( GEOMETRIC_REPRESENTATION_CONTEXT(2) 
PARAMETRIC_REPRESENTATION_CONTEXT() REPRESENTATION_CONTEXT('2D SPACE',''
  ) );
#535 = PCURVE('',#431,#536);
#536 = DEFINITIONAL_REPRESENTATION('',(#537),#541);
#537 = LINE('',#538,#539);
#538 = CARTESIAN_POINT('',(200.,0.));
#539 = VECTOR('',#540,1.);
#540 = DIRECTION('',(0.,1.));
#541 = ( GEOMETRIC_REPRESENTATION_CONTEXT(2) 
PARAMETRIC_REPRESENTATION_CONTEXT() REPRESENTATION_CONTEXT('2D SPACE',''
  ) );
#542 = ADVANCED_FACE('',(#543),#349,.F.);
#543 = FACE_BOUND('',#544,.F.);
#544 = EDGE_LOOP('',(#545,#566,#567,#588));
#545 = ORIENTED_EDGE('',*,*,#546,.F.);
#546 = EDGE_CURVE('',#327,#447,#547,.T.);
#547 = SURFACE_CURVE('',#548,(#552,#559),.PCURVE_S1.);
#548 = LINE('',#549,#550);
#549 = CARTESIAN_POINT('',(2.5E+03,405.,-30.));
#550 = VECTOR('',#551,1.);
#551 = DIRECTION('',(1.,0.,0.));
#552 = PCURVE('',#349,#553);
#553 = DEFINITIONAL_REPRESENTATION('',(#554),#558);
#554 = LINE('',#555,#556);
#555 = CARTESIAN_POINT('',(0.,0.));
#556 = VECTOR('',#557,1.);
#557 = DIRECTION('',(0.,1.));
#558 = ( GEOMETRIC_REPRESENTATION_CONTEXT(2) 
PARAMETRIC_REPRESENTATION_CONTEXT() REPRESENTATION_CONTEXT('2D SPACE',''
  ) );
#559 = PCURVE('',#377,#560);
#560 = DEFINITIONAL_REPRESENTATION('',(#561),#565);
#561 = LINE('',#562,#563);
#562 = CARTESIAN_POINT('',(0.,0.));
#563 = VECTOR('',#564,1.);
#564 = DIRECTION('',(1.,0.));
#565 = ( GEOMETRIC_REPRESENTATION_CONTEXT(2) 
PARAMETRIC_REPRESENTATION_CONTEXT() REPRESENTATION_CONTEXT('2D SPACE',''
  ) );
#566 = ORIENTED_EDGE('',*,*,#326,.T.);
#567 = ORIENTED_EDGE('',*,*,#568,.T.);
#568 = EDGE_CURVE('',#329,#449,#569,.T.);
#569 = SURFACE_CURVE('',#570,(#574,#581),.PCURVE_S1.);
#570 = LINE('',#571,#572);
#571 = CARTESIAN_POINT('',(2.5E+03,405.,30.));
#572 = VECTOR('',#573,1.);
#573 = DIRECTION('',(1.,0.,0.));
#574 = PCURVE('',#349,#575);
#575 = DEFINITIONAL_REPRESENTATION('',(#576),#580);
#576 = LINE('',#577,#578);
#577 = CARTESIAN_POINT('',(60.,0.));
#578 = VECTOR('',#579,1.);
#579 = DIRECTION('',(0.,1.));
#580 = ( GEOMETRIC_REPRESENTATION_CONTEXT(2) 
PARAMETRIC_REPRESENTATION_CONTEXT() REPRESENTATION_CONTEXT('2D SPACE',''
  ) );
#581 = PCURVE('',#431,#582);
#582 = DEFINITIONAL_REPRESENTATION('',(#583),#587);
#583 = LINE('',#584,#585);
#584 = CARTESIAN_POINT('',(0.,0.));
#585 = VECTOR('',#586,1.);
#586 = DIRECTION('',(1.,0.));
#587 = ( GEOMETRIC_REPRESENTATION_CONTEXT(2) 
PARAMETRIC_REPRESENTATION_CONTEXT() REPRESENTATION_CONTEXT('2D SPACE',''
  ) );
#588 = ORIENTED_EDGE('',*,*,#446,.F.);
#589 = ADVANCED_FACE('',(#590),#405,.T.);
#590 = FACE_BOUND('',#591,.T.);
#591 = EDGE_LOOP('',(#592,#613,#614,#635));
#592 = ORIENTED_EDGE('',*,*,#593,.F.);
#593 = EDGE_CURVE('',#362,#477,#594,.T.);
#594 = SURFACE_CURVE('',#595,(#599,#606),.PCURVE_S1.);
#595 = LINE('',#596,#597);
#596 = CARTESIAN_POINT('',(2.5E+03,415.,-30.));
#597 = VECTOR('',#598,1.);
#598 = DIRECTION('',(1.,0.,0.));
#599 = PCURVE('',#405,#600);
#600 = DEFINITIONAL_REPRESENTATION('',(#601),#605);
#601 = LINE('',#602,#603);
#602 = CARTESIAN_POINT('',(0.,0.));
#603 = VECTOR('',#604,1.);
#604 = DIRECTION('',(0.,1.));
#605 = ( GEOMETRIC_REPRESENTATION_CONTEXT(2) 
PARAMETRIC_REPRESENTATION_CONTEXT() REPRESENTATION_CONTEXT('2D SPACE',''
  ) );
#606 = PCURVE('',#377,#607);
#607 = DEFINITIONAL_REPRESENTATION('',(#608),#612);
#608 = LINE('',#609,#610);
#609 = CARTESIAN_POINT('',(0.,10.));
#610 = VECTOR('',#611,1.);
#611 = DIRECTION('',(1.,0.));
#612 = ( GEOMETRIC_REPRESENTATION_CONTEXT(2) 
PARAMETRIC_REPRESENTATION_CONTEXT() REPRESENTATION_CONTEXT('2D SPACE',''
  ) );
#613 = ORIENTED_EDGE('',*,*,#389,.T.);
#614 = ORIENTED_EDGE('',*,*,#615,.T.);
#615 = EDGE_CURVE('',#390,#500,#616,.T.);
#616 = SURFACE_CURVE('',#617,(#621,#628),.PCURVE_S1.);
#617 = LINE('',#618,#619);
#618 = CARTESIAN_POINT('',(2.5E+03,415.,30.));
#619 = VECTOR('',#620,1.);
#620 = DIRECTION('',(1.,0.,0.));
#621 = PCURVE('',#405,#622);
#622 = DEFINITIONAL_REPRESENTATION('',(#623),#627);
#623 = LINE('',#624,#625);
#624 = CARTESIAN_POINT('',(60.,0.));
#625 = VECTOR('',#626,1.);
#626 = DIRECTION('',(0.,1.));
#627 = ( GEOMETRIC_REPRESENTATION_CONTEXT(2) 
PARAMETRIC_REPRESENTATION_CONTEXT() REPRESENTATION_CONTEXT('2D SPACE',''
  ) );
#628 = PCURVE('',#431,#629);
#629 = DEFINITIONAL_REPRESENTATION('',(#630),#634);
#630 = LINE('',#631,#632);
#631 = CARTESIAN_POINT('',(0.,10.));
#632 = VECTOR('',#633,1.);
#633 = DIRECTION('',(1.,0.));
#634 = ( GEOMETRIC_REPRESENTATION_CONTEXT(2) 
PARAMETRIC_REPRESENTATION_CONTEXT() REPRESENTATION_CONTEXT('2D SPACE',''
  ) );
#635 = ORIENTED_EDGE('',*,*,#499,.F.);
#636 = ADVANCED_FACE('',(#637),#377,.F.);
#637 = FACE_BOUND('',#638,.F.);
#638 = EDGE_LOOP('',(#639,#640,#641,#642));
#639 = ORIENTED_EDGE('',*,*,#361,.F.);
#640 = ORIENTED_EDGE('',*,*,#546,.T.);
#641 = ORIENTED_EDGE('',*,*,#476,.T.);
#642 = ORIENTED_EDGE('',*,*,#593,.F.);
#643 = ADVANCED_FACE('',(#644),#431,.T.);
#644 = FACE_BOUND('',#645,.T.);
#645 = EDGE_LOOP('',(#646,#647,#648,#649));
#646 = ORIENTED_EDGE('',*,*,#417,.F.);
#647 = ORIENTED_EDGE('',*,*,#568,.T.);
#648 = ORIENTED_EDGE('',*,*,#522,.T.);
#649 = ORIENTED_EDGE('',*,*,#615,.F.);
#650 = ( GEOMETRIC_REPRESENTATION_CONTEXT(3) 
GLOBAL_UNCERTAINTY_ASSIGNED_CONTEXT((#654)) GLOBAL_UNIT_ASSIGNED_CONTEXT
((#651,#652,#653)) REPRESENTATION_CONTEXT('Context #1',
  '3D Context with UNIT and UNCERTAINTY') );
#651 = ( LENGTH_UNIT() NAMED_UNIT(*) SI_UNIT($,.METRE.) );
#652 = ( NAMED_UNIT(*) PLANE_ANGLE_UNIT() SI_UNIT($,.RADIAN.) );
#653 = ( NAMED_UNIT(*) SI_UNIT($,.STERADIAN.) SOLID_ANGLE_UNIT() );
#654 = UNCERTAINTY_MEASURE_WITH_UNIT(LENGTH_MEASURE(1.E-07),#651,
  'distance_accuracy_value','confusion accuracy');
#655 = PRODUCT_RELATED_PRODUCT_CATEGORY('part',$,(#316));
#656 = SHAPE_DEFINITION_REPRESENTATION(#657,#663);
#657 = PRODUCT_DEFINITION_SHAPE('','',#658);
#658 = PRODUCT_DEFINITION('design','',#659,#662);
#659 = PRODUCT_DEFINITION_FORMATION('','',#660);
#660 = PRODUCT('W_Post_2','W_Post_2','',(#661));
#661 = PRODUCT_CONTEXT('',#2,'mechanical');
#662 = PRODUCT_DEFINITION_CONTEXT('part definition',#2,'design');
#663 = ADVANCED_BREP_SHAPE_REPRESENTATION('',(#11,#664),#994);
#664 = MANIFOLD_SOLID_BREP('',#665);
#665 = CLOSED_SHELL('',(#666,#786,#886,#933,#980,#987));
#666 = ADVANCED_FACE('',(#667),#681,.F.);
#667 = FACE_BOUND('',#668,.F.);
#668 = EDGE_LOOP('',(#669,#704,#732,#760));
#669 = ORIENTED_EDGE('',*,*,#670,.F.);
#670 = EDGE_CURVE('',#671,#673,#675,.T.);
#671 = VERTEX_POINT('',#672);
#672 = CARTESIAN_POINT('',(2.5E+03,-210.,325.07041555162));
#673 = VERTEX_POINT('',#674);
#674 = CARTESIAN_POINT('',(2.5E+03,-210.,385.07041555162));
#675 = SURFACE_CURVE('',#676,(#680,#692),.PCURVE_S1.);
#676 = LINE('',#677,#678);
#677 = CARTESIAN_POINT('',(2.5E+03,-210.,325.07041555162));
#678 = VECTOR('',#679,1.);
#679 = DIRECTION('',(0.,0.,1.));
#680 = PCURVE('',#681,#686);
#681 = PLANE('',#682);
#682 = AXIS2_PLACEMENT_3D('',#683,#684,#685);
#683 = CARTESIAN_POINT('',(2.5E+03,-210.,325.07041555162));
#684 = DIRECTION('',(1.,0.,0.));
#685 = DIRECTION('',(0.,0.,1.));
#686 = DEFINITIONAL_REPRESENTATION('',(#687),#691);
#687 = LINE('',#688,#689);
#688 = CARTESIAN_POINT('',(0.,0.));
#689 = VECTOR('',#690,1.);
#690 = DIRECTION('',(1.,0.));
#691 = ( GEOMETRIC_REPRESENTATION_CONTEXT(2) 
PARAMETRIC_REPRESENTATION_CONTEXT() REPRESENTATION_CONTEXT('2D SPACE',''
  ) );
#692 = PCURVE('',#693,#698);
#693 = PLANE('',#694);
#694 = AXIS2_PLACEMENT_3D('',#695,#696,#697);
#695 = CARTESIAN_POINT('',(2.5E+03,-210.,325.07041555162));
#696 = DIRECTION('',(0.,1.,0.));
#697 = DIRECTION('',(0.,0.,1.));
#698 = DEFINITIONAL_REPRESENTATION('',(#699),#703);
#699 = LINE('',#700,#701);
#700 = CARTESIAN_POINT('',(0.,0.));
#701 = VECTOR('',#702,1.);
#702 = DIRECTION('',(1.,0.));
#703 = ( GEOMETRIC_REPRESENTATION_CONTEXT(2) 
PARAMETRIC_REPRESENTATION_CONTEXT() REPRESENTATION_CONTEXT('2D SPACE',''
  ) );
#704 = ORIENTED_EDGE('',*,*,#705,.T.);
#705 = EDGE_CURVE('',#671,#706,#708,.T.);
#706 = VERTEX_POINT('',#707);
#707 = CARTESIAN_POINT('',(2.5E+03,-200.,325.07041555162));
#708 = SURFACE_CURVE('',#709,(#713,#720),.PCURVE_S1.);
#709 = LINE('',#710,#711);
#710 = CARTESIAN_POINT('',(2.5E+03,-210.,325.07041555162));
#711 = VECTOR('',#712,1.);
#712 = DIRECTION('',(0.,1.,0.));
#713 = PCURVE('',#681,#714);
#714 = DEFINITIONAL_REPRESENTATION('',(#715),#719);
#715 = LINE('',#716,#717);
#716 = CARTESIAN_POINT('',(0.,0.));
#717 = VECTOR('',#718,1.);
#718 = DIRECTION('',(0.,-1.));
#719 = ( GEOMETRIC_REPRESENTATION_CONTEXT(2) 
PARAMETRIC_REPRESENTATION_CONTEXT() REPRESENTATION_CONTEXT('2D SPACE',''
  ) );
#720 = PCURVE('',#721,#726);
#721 = PLANE('',#722);
#722 = AXIS2_PLACEMENT_3D('',#723,#724,#725);
#723 = CARTESIAN_POINT('',(2.5E+03,-210.,325.07041555162));
#724 = DIRECTION('',(0.,0.,1.));
#725 = DIRECTION('',(1.,0.,0.));
#726 = DEFINITIONAL_REPRESENTATION('',(#727),#731);
#727 = LINE('',#728,#729);
#728 = CARTESIAN_POINT('',(0.,0.));
#729 = VECTOR('',#730,1.);
#730 = DIRECTION('',(0.,1.));
#731 = ( GEOMETRIC_REPRESENTATION_CONTEXT(2) 
PARAMETRIC_REPRESENTATION_CONTEXT() REPRESENTATION_CONTEXT('2D SPACE',''
  ) );
#732 = ORIENTED_EDGE('',*,*,#733,.T.);
#733 = EDGE_CURVE('',#706,#734,#736,.T.);
#734 = VERTEX_POINT('',#735);
#735 = CARTESIAN_POINT('',(2.5E+03,-200.,385.07041555162));
#736 = SURFACE_CURVE('',#737,(#741,#748),.PCURVE_S1.);
#737 = LINE('',#738,#739);
#738 = CARTESIAN_POINT('',(2.5E+03,-200.,325.07041555162));
#739 = VECTOR('',#740,1.);
#740 = DIRECTION('',(0.,0.,1.));
#741 = PCURVE('',#681,#742);
#742 = DEFINITIONAL_REPRESENTATION('',(#743),#747);
#743 = LINE('',#744,#745);
#744 = CARTESIAN_POINT('',(0.,-10.));
#745 = VECTOR('',#746,1.);
#746 = DIRECTION('',(1.,0.));
#747 = ( GEOMETRIC_REPRESENTATION_CONTEXT(2) 
PARAMETRIC_REPRESENTATION_CONTEXT() REPRESENTATION_CONTEXT('2D SPACE',''
  ) );
#748 = PCURVE('',#749,#754);
#749 = PLANE('',#750);
#750 = AXIS2_PLACEMENT_3D('',#751,#752,#753);
#751 = CARTESIAN_POINT('',(2.5E+03,-200.,325.07041555162));
#752 = DIRECTION('',(0.,1.,0.));
#753 = DIRECTION('',(0.,0.,1.));
#754 = DEFINITIONAL_REPRESENTATION('',(#755),#759);
#755 = LINE('',#756,#757);
#756 = CARTESIAN_POINT('',(0.,0.));
#757 = VECTOR('',#758,1.);
#758 = DIRECTION('',(1.,0.));
#759 = ( GEOMETRIC_REPRESENTATION_CONTEXT(2) 
PARAMETRIC_REPRESENTATION_CONTEXT() REPRESENTATION_CONTEXT('2D SPACE',''
  ) );
#760 = ORIENTED_EDGE('',*,*,#761,.F.);
#761 = EDGE_CURVE('',#673,#734,#762,.T.);
#762 = SURFACE_CURVE('',#763,(#767,#774),.PCURVE_S1.);
#763 = LINE('',#764,#765);
#764 = CARTESIAN_POINT('',(2.5E+03,-210.,385.07041555162));
#765 = VECTOR('',#766,1.);
#766 = DIRECTION('',(0.,1.,0.));
#767 = PCURVE('',#681,#768);
#768 = DEFINITIONAL_REPRESENTATION('',(#769),#773);
#769 = LINE('',#770,#771);
#770 = CARTESIAN_POINT('',(60.,0.));
#771 = VECTOR('',#772,1.);
#772 = DIRECTION('',(0.,-1.));
#773 = ( GEOMETRIC_REPRESENTATION_CONTEXT(2) 
PARAMETRIC_REPRESENTATION_CONTEXT() REPRESENTATION_CONTEXT('2D SPACE',''
  ) );
#774 = PCURVE('',#775,#780);
#775 = PLANE('',#776);
#776 = AXIS2_PLACEMENT_3D('',#777,#778,#779);
#777 = CARTESIAN_POINT('',(2.5E+03,-210.,385.07041555162));
#778 = DIRECTION('',(0.,0.,1.));
#779 = DIRECTION('',(1.,0.,0.));
#780 = DEFINITIONAL_REPRESENTATION('',(#781),#785);
#781 = LINE('',#782,#783);
#782 = CARTESIAN_POINT('',(0.,0.));
#783 = VECTOR('',#784,1.);
#784 = DIRECTION('',(0.,1.));
#785 = ( GEOMETRIC_REPRESENTATION_CONTEXT(2) 
PARAMETRIC_REPRESENTATION_CONTEXT() REPRESENTATION_CONTEXT('2D SPACE',''
  ) );
#786 = ADVANCED_FACE('',(#787),#801,.T.);
#787 = FACE_BOUND('',#788,.T.);
#788 = EDGE_LOOP('',(#789,#819,#842,#865));
#789 = ORIENTED_EDGE('',*,*,#790,.F.);
#790 = EDGE_CURVE('',#791,#793,#795,.T.);
#791 = VERTEX_POINT('',#792);
#792 = CARTESIAN_POINT('',(2.7E+03,-210.,325.07041555162));
#793 = VERTEX_POINT('',#794);
#794 = CARTESIAN_POINT('',(2.7E+03,-210.,385.07041555162));
#795 = SURFACE_CURVE('',#796,(#800,#812),.PCURVE_S1.);
#796 = LINE('',#797,#798);
#797 = CARTESIAN_POINT('',(2.7E+03,-210.,325.07041555162));
#798 = VECTOR('',#799,1.);
#799 = DIRECTION('',(0.,0.,1.));
#800 = PCURVE('',#801,#806);
#801 = PLANE('',#802);
#802 = AXIS2_PLACEMENT_3D('',#803,#804,#805);
#803 = CARTESIAN_POINT('',(2.7E+03,-210.,325.07041555162));
#804 = DIRECTION('',(1.,0.,0.));
#805 = DIRECTION('',(0.,0.,1.));
#806 = DEFINITIONAL_REPRESENTATION('',(#807),#811);
#807 = LINE('',#808,#809);
#808 = CARTESIAN_POINT('',(0.,0.));
#809 = VECTOR('',#810,1.);
#810 = DIRECTION('',(1.,0.));
#811 = ( GEOMETRIC_REPRESENTATION_CONTEXT(2) 
PARAMETRIC_REPRESENTATION_CONTEXT() REPRESENTATION_CONTEXT('2D SPACE',''
  ) );
#812 = PCURVE('',#693,#813);
#813 = DEFINITIONAL_REPRESENTATION('',(#814),#818);
#814 = LINE('',#815,#816);
#815 = CARTESIAN_POINT('',(0.,200.));
#816 = VECTOR('',#817,1.);
#817 = DIRECTION('',(1.,0.));
#818 = ( GEOMETRIC_REPRESENTATION_CONTEXT(2) 
PARAMETRIC_REPRESENTATION_CONTEXT() REPRESENTATION_CONTEXT('2D SPACE',''
  ) );
#819 = ORIENTED_EDGE('',*,*,#820,.T.);
#820 = EDGE_CURVE('',#791,#821,#823,.T.);
#821 = VERTEX_POINT('',#822);
#822 = CARTESIAN_POINT('',(2.7E+03,-200.,325.07041555162));
#823 = SURFACE_CURVE('',#824,(#828,#835),.PCURVE_S1.);
#824 = LINE('',#825,#826);
#825 = CARTESIAN_POINT('',(2.7E+03,-210.,325.07041555162));
#826 = VECTOR('',#827,1.);
#827 = DIRECTION('',(0.,1.,0.));
#828 = PCURVE('',#801,#829);
#829 = DEFINITIONAL_REPRESENTATION('',(#830),#834);
#830 = LINE('',#831,#832);
#831 = CARTESIAN_POINT('',(0.,0.));
#832 = VECTOR('',#833,1.);
#833 = DIRECTION('',(0.,-1.));
#834 = ( GEOMETRIC_REPRESENTATION_CONTEXT(2) 
PARAMETRIC_REPRESENTATION_CONTEXT() REPRESENTATION_CONTEXT('2D SPACE',''
  ) );
#835 = PCURVE('',#721,#836);
#836 = DEFINITIONAL_REPRESENTATION('',(#837),#841);
#837 = LINE('',#838,#839);
#838 = CARTESIAN_POINT('',(200.,0.));
#839 = VECTOR('',#840,1.);
#840 = DIRECTION('',(0.,1.));
#841 = ( GEOMETRIC_REPRESENTATION_CONTEXT(2) 
PARAMETRIC_REPRESENTATION_CONTEXT() REPRESENTATION_CONTEXT('2D SPACE',''
  ) );
#842 = ORIENTED_EDGE('',*,*,#843,.T.);
#843 = EDGE_CURVE('',#821,#844,#846,.T.);
#844 = VERTEX_POINT('',#845);
#845 = CARTESIAN_POINT('',(2.7E+03,-200.,385.07041555162));
#846 = SURFACE_CURVE('',#847,(#851,#858),.PCURVE_S1.);
#847 = LINE('',#848,#849);
#848 = CARTESIAN_POINT('',(2.7E+03,-200.,325.07041555162));
#849 = VECTOR('',#850,1.);
#850 = DIRECTION('',(0.,0.,1.));
#851 = PCURVE('',#801,#852);
#852 = DEFINITIONAL_REPRESENTATION('',(#853),#857);
#853 = LINE('',#854,#855);
#854 = CARTESIAN_POINT('',(0.,-10.));
#855 = VECTOR('',#856,1.);
#856 = DIRECTION('',(1.,0.));
#857 = ( GEOMETRIC_REPRESENTATION_CONTEXT(2) 
PARAMETRIC_REPRESENTATION_CONTEXT() REPRESENTATION_CONTEXT('2D SPACE',''
  ) );
#858 = PCURVE('',#749,#859);
#859 = DEFINITIONAL_REPRESENTATION('',(#860),#864);
#860 = LINE('',#861,#862);
#861 = CARTESIAN_POINT('',(0.,200.));
#862 = VECTOR('',#863,1.);
#863 = DIRECTION('',(1.,0.));
#864 = ( GEOMETRIC_REPRESENTATION_CONTEXT(2) 
PARAMETRIC_REPRESENTATION_CONTEXT() REPRESENTATION_CONTEXT('2D SPACE',''
  ) );
#865 = ORIENTED_EDGE('',*,*,#866,.F.);
#866 = EDGE_CURVE('',#793,#844,#867,.T.);
#867 = SURFACE_CURVE('',#868,(#872,#879),.PCURVE_S1.);
#868 = LINE('',#869,#870);
#869 = CARTESIAN_POINT('',(2.7E+03,-210.,385.07041555162));
#870 = VECTOR('',#871,1.);
#871 = DIRECTION('',(0.,1.,0.));
#872 = PCURVE('',#801,#873);
#873 = DEFINITIONAL_REPRESENTATION('',(#874),#878);
#874 = LINE('',#875,#876);
#875 = CARTESIAN_POINT('',(60.,0.));
#876 = VECTOR('',#877,1.);
#877 = DIRECTION('',(0.,-1.));
#878 = ( GEOMETRIC_REPRESENTATION_CONTEXT(2) 
PARAMETRIC_REPRESENTATION_CONTEXT() REPRESENTATION_CONTEXT('2D SPACE',''
  ) );
#879 = PCURVE('',#775,#880);
#880 = DEFINITIONAL_REPRESENTATION('',(#881),#885);
#881 = LINE('',#882,#883);
#882 = CARTESIAN_POINT('',(200.,0.));
#883 = VECTOR('',#884,1.);
#884 = DIRECTION('',(0.,1.));
#885 = ( GEOMETRIC_REPRESENTATION_CONTEXT(2) 
PARAMETRIC_REPRESENTATION_CONTEXT() REPRESENTATION_CONTEXT('2D SPACE',''
  ) );
#886 = ADVANCED_FACE('',(#887),#693,.F.);
#887 = FACE_BOUND('',#888,.F.);
#888 = EDGE_LOOP('',(#889,#910,#911,#932));
#889 = ORIENTED_EDGE('',*,*,#890,.F.);
#890 = EDGE_CURVE('',#671,#791,#891,.T.);
#891 = SURFACE_CURVE('',#892,(#896,#903),.PCURVE_S1.);
#892 = LINE('',#893,#894);
#893 = CARTESIAN_POINT('',(2.5E+03,-210.,325.07041555162));
#894 = VECTOR('',#895,1.);
#895 = DIRECTION('',(1.,0.,0.));
#896 = PCURVE('',#693,#897);
#897 = DEFINITIONAL_REPRESENTATION('',(#898),#902);
#898 = LINE('',#899,#900);
#899 = CARTESIAN_POINT('',(0.,0.));
#900 = VECTOR('',#901,1.);
#901 = DIRECTION('',(0.,1.));
#902 = ( GEOMETRIC_REPRESENTATION_CONTEXT(2) 
PARAMETRIC_REPRESENTATION_CONTEXT() REPRESENTATION_CONTEXT('2D SPACE',''
  ) );
#903 = PCURVE('',#721,#904);
#904 = DEFINITIONAL_REPRESENTATION('',(#905),#909);
#905 = LINE('',#906,#907);
#906 = CARTESIAN_POINT('',(0.,0.));
#907 = VECTOR('',#908,1.);
#908 = DIRECTION('',(1.,0.));
#909 = ( GEOMETRIC_REPRESENTATION_CONTEXT(2) 
PARAMETRIC_REPRESENTATION_CONTEXT() REPRESENTATION_CONTEXT('2D SPACE',''
  ) );
#910 = ORIENTED_EDGE('',*,*,#670,.T.);
#911 = ORIENTED_EDGE('',*,*,#912,.T.);
#912 = EDGE_CURVE('',#673,#793,#913,.T.);
#913 = SURFACE_CURVE('',#914,(#918,#925),.PCURVE_S1.);
#914 = LINE('',#915,#916);
#915 = CARTESIAN_POINT('',(2.5E+03,-210.,385.07041555162));
#916 = VECTOR('',#917,1.);
#917 = DIRECTION('',(1.,0.,0.));
#918 = PCURVE('',#693,#919);
#919 = DEFINITIONAL_REPRESENTATION('',(#920),#924);
#920 = LINE('',#921,#922);
#921 = CARTESIAN_POINT('',(60.,0.));
#922 = VECTOR('',#923,1.);
#923 = DIRECTION('',(0.,1.));
#924 = ( GEOMETRIC_REPRESENTATION_CONTEXT(2) 
PARAMETRIC_REPRESENTATION_CONTEXT() REPRESENTATION_CONTEXT('2D SPACE',''
  ) );
#925 = PCURVE('',#775,#926);
#926 = DEFINITIONAL_REPRESENTATION('',(#927),#931);
#927 = LINE('',#928,#929);
#928 = CARTESIAN_POINT('',(0.,0.));
#929 = VECTOR('',#930,1.);
#930 = DIRECTION('',(1.,0.));
#931 = ( GEOMETRIC_REPRESENTATION_CONTEXT(2) 
PARAMETRIC_REPRESENTATION_CONTEXT() REPRESENTATION_CONTEXT('2D SPACE',''
  ) );
#932 = ORIENTED_EDGE('',*,*,#790,.F.);
#933 = ADVANCED_FACE('',(#934),#749,.T.);
#934 = FACE_BOUND('',#935,.T.);
#935 = EDGE_LOOP('',(#936,#957,#958,#979));
#936 = ORIENTED_EDGE('',*,*,#937,.F.);
#937 = EDGE_CURVE('',#706,#821,#938,.T.);
#938 = SURFACE_CURVE('',#939,(#943,#950),.PCURVE_S1.);
#939 = LINE('',#940,#941);
#940 = CARTESIAN_POINT('',(2.5E+03,-200.,325.07041555162));
#941 = VECTOR('',#942,1.);
#942 = DIRECTION('',(1.,0.,0.));
#943 = PCURVE('',#749,#944);
#944 = DEFINITIONAL_REPRESENTATION('',(#945),#949);
#945 = LINE('',#946,#947);
#946 = CARTESIAN_POINT('',(0.,0.));
#947 = VECTOR('',#948,1.);
#948 = DIRECTION('',(0.,1.));
#949 = ( GEOMETRIC_REPRESENTATION_CONTEXT(2) 
PARAMETRIC_REPRESENTATION_CONTEXT() REPRESENTATION_CONTEXT('2D SPACE',''
  ) );
#950 = PCURVE('',#721,#951);
#951 = DEFINITIONAL_REPRESENTATION('',(#952),#956);
#952 = LINE('',#953,#954);
#953 = CARTESIAN_POINT('',(0.,10.));
#954 = VECTOR('',#955,1.);
#955 = DIRECTION('',(1.,0.));
#956 = ( GEOMETRIC_REPRESENTATION_CONTEXT(2) 
PARAMETRIC_REPRESENTATION_CONTEXT() REPRESENTATION_CONTEXT('2D SPACE',''
  ) );
#957 = ORIENTED_EDGE('',*,*,#733,.T.);
#958 = ORIENTED_EDGE('',*,*,#959,.T.);
#959 = EDGE_CURVE('',#734,#844,#960,.T.);
#960 = SURFACE_CURVE('',#961,(#965,#972),.PCURVE_S1.);
#961 = LINE('',#962,#963);
#962 = CARTESIAN_POINT('',(2.5E+03,-200.,385.07041555162));
#963 = VECTOR('',#964,1.);
#964 = DIRECTION('',(1.,0.,0.));
#965 = PCURVE('',#749,#966);
#966 = DEFINITIONAL_REPRESENTATION('',(#967),#971);
#967 = LINE('',#968,#969);
#968 = CARTESIAN_POINT('',(60.,0.));
#969 = VECTOR('',#970,1.);
#970 = DIRECTION('',(0.,1.));
#971 = ( GEOMETRIC_REPRESENTATION_CONTEXT(2) 
PARAMETRIC_REPRESENTATION_CONTEXT() REPRESENTATION_CONTEXT('2D SPACE',''
  ) );
#972 = PCURVE('',#775,#973);
#973 = DEFINITIONAL_REPRESENTATION('',(#974),#978);
#974 = LINE('',#975,#976);
#975 = CARTESIAN_POINT('',(0.,10.));
#976 = VECTOR('',#977,1.);
#977 = DIRECTION('',(1.,0.));
#978 = ( GEOMETRIC_REPRESENTATION_CONTEXT(2) 
PARAMETRIC_REPRESENTATION_CONTEXT() REPRESENTATION_CONTEXT('2D SPACE',''
  ) );
#979 = ORIENTED_EDGE('',*,*,#843,.F.);
#980 = ADVANCED_FACE('',(#981),#721,.F.);
#981 = FACE_BOUND('',#982,.F.);
#982 = EDGE_LOOP('',(#983,#984,#985,#986));
#983 = ORIENTED_EDGE('',*,*,#705,.F.);
#984 = ORIENTED_EDGE('',*,*,#890,.T.);
#985 = ORIENTED_EDGE('',*,*,#820,.T.);
#986 = ORIENTED_EDGE('',*,*,#937,.F.);
#987 = ADVANCED_FACE('',(#988),#775,.T.);
#988 = FACE_BOUND('',#989,.T.);
#989 = EDGE_LOOP('',(#990,#991,#992,#993));
#990 = ORIENTED_EDGE('',*,*,#761,.F.);
#991 = ORIENTED_EDGE('',*,*,#912,.T.);
#992 = ORIENTED_EDGE('',*,*,#866,.T.);
#993 = ORIENTED_EDGE('',*,*,#959,.F.);
#994 = ( GEOMETRIC_REPRESENTATION_CONTEXT(3) 
GLOBAL_UNCERTAINTY_ASSIGNED_CONTEXT((#998)) GLOBAL_UNIT_ASSIGNED_CONTEXT
((#995,#996,#997)) REPRESENTATION_CONTEXT('Context #1',
  '3D Context with UNIT and UNCERTAINTY') );
#995 = ( LENGTH_UNIT() NAMED_UNIT(*) SI_UNIT($,.METRE.) );
#996 = ( NAMED_UNIT(*) PLANE_ANGLE_UNIT() SI_UNIT($,.RADIAN.) );
#997 = ( NAMED_UNIT(*) SI_UNIT($,.STERADIAN.) SOLID_ANGLE_UNIT() );
#998 = UNCERTAINTY_MEASURE_WITH_UNIT(LENGTH_MEASURE(1.E-07),#995,
  'distance_accuracy_value','confusion accuracy');
#999 = PRODUCT_RELATED_PRODUCT_CATEGORY('part',$,(#660));
#1000 = SHAPE_DEFINITION_REPRESENTATION(#1001,#1007);
#1001 = PRODUCT_DEFINITION_SHAPE('','',#1002);
#1002 = PRODUCT_DEFINITION('design','',#1003,#1006);
#1003 = PRODUCT_DEFINITION_FORMATION('','',#1004);
#1004 = PRODUCT('Moderator_Shell','Moderator_Shell','',(#1005));
#1005 = PRODUCT_CONTEXT('',#2,'mechanical');
#1006 = PRODUCT_DEFINITION_CONTEXT('part definition',#2,'design');
#1007 = ADVANCED_BREP_SHAPE_REPRESENTATION('',(#11,#1008),#1190);
#1008 = MANIFOLD_SOLID_BREP('',#1009);
#1009 = CLOSED_SHELL('',(#1010,#1098,#1133,#1163));
#1010 = ADVANCED_FACE('',(#1011),#1024,.T.);
#1011 = FACE_BOUND('',#1012,.T.);
#1012 = EDGE_LOOP('',(#1013,#1047,#1070,#1097));
#1013 = ORIENTED_EDGE('',*,*,#1014,.F.);
#1014 = EDGE_CURVE('',#1015,#1015,#1017,.T.);
#1015 = VERTEX_POINT('',#1016);
#1016 = CARTESIAN_POINT('',(3.15E+03,-1.224646799147E-13,-500.));
#1017 = SURFACE_CURVE('',#1018,(#1023,#1035),.PCURVE_S1.);
#1018 = CIRCLE('',#1019,500.);
#1019 = AXIS2_PLACEMENT_3D('',#1020,#1021,#1022);
#1020 = CARTESIAN_POINT('',(3.15E+03,0.,2.442490654175E-13));
#1021 = DIRECTION('',(1.,-0.,2.22044604925E-16));
#1022 = DIRECTION('',(2.22044604925E-16,0.,-1.));
#1023 = PCURVE('',#1024,#1029);
#1024 = CYLINDRICAL_SURFACE('',#1025,500.);
#1025 = AXIS2_PLACEMENT_3D('',#1026,#1027,#1028);
#1026 = CARTESIAN_POINT('',(2.05E+03,0.,0.));
#1027 = DIRECTION('',(1.,0.,2.22044604925E-16));
#1028 = DIRECTION('',(2.22044604925E-16,0.,-1.));
#1029 = DEFINITIONAL_REPRESENTATION('',(#1030),#1034);
#1030 = LINE('',#1031,#1032);
#1031 = CARTESIAN_POINT('',(0.,1.1E+03));
#1032 = VECTOR('',#1033,1.);
#1033 = DIRECTION('',(1.,0.));
#1034 = ( GEOMETRIC_REPRESENTATION_CONTEXT(2) 
PARAMETRIC_REPRESENTATION_CONTEXT() REPRESENTATION_CONTEXT('2D SPACE',''
  ) );
#1035 = PCURVE('',#1036,#1041);
#1036 = PLANE('',#1037);
#1037 = AXIS2_PLACEMENT_3D('',#1038,#1039,#1040);
#1038 = CARTESIAN_POINT('',(3.15E+03,0.,2.442490654175E-13));
#1039 = DIRECTION('',(1.,0.,2.22044604925E-16));
#1040 = DIRECTION('',(2.22044604925E-16,0.,-1.));
#1041 = DEFINITIONAL_REPRESENTATION('',(#1042),#1046);
#1042 = CIRCLE('',#1043,500.);
#1043 = AXIS2_PLACEMENT_2D('',#1044,#1045);
#1044 = CARTESIAN_POINT('',(0.,0.));
#1045 = DIRECTION('',(1.,0.));
#1046 = ( GEOMETRIC_REPRESENTATION_CONTEXT(2) 
PARAMETRIC_REPRESENTATION_CONTEXT() REPRESENTATION_CONTEXT('2D SPACE',''
  ) );
#1047 = ORIENTED_EDGE('',*,*,#1048,.F.);
#1048 = EDGE_CURVE('',#1049,#1015,#1051,.T.);
#1049 = VERTEX_POINT('',#1050);
#1050 = CARTESIAN_POINT('',(2.05E+03,-1.224646799147E-13,-500.));
#1051 = SEAM_CURVE('',#1052,(#1056,#1063),.PCURVE_S1.);
#1052 = LINE('',#1053,#1054);
#1053 = CARTESIAN_POINT('',(2.05E+03,-1.224646799147E-13,-500.));
#1054 = VECTOR('',#1055,1.);
#1055 = DIRECTION('',(1.,0.,2.22044604925E-16));
#1056 = PCURVE('',#1024,#1057);
#1057 = DEFINITIONAL_REPRESENTATION('',(#1058),#1062);
#1058 = LINE('',#1059,#1060);
#1059 = CARTESIAN_POINT('',(6.28318530718,-0.));
#1060 = VECTOR('',#1061,1.);
#1061 = DIRECTION('',(0.,1.));
#1062 = ( GEOMETRIC_REPRESENTATION_CONTEXT(2) 
PARAMETRIC_REPRESENTATION_CONTEXT() REPRESENTATION_CONTEXT('2D SPACE',''
  ) );
#1063 = PCURVE('',#1024,#1064);
#1064 = DEFINITIONAL_REPRESENTATION('',(#1065),#1069);
#1065 = LINE('',#1066,#1067);
#1066 = CARTESIAN_POINT('',(0.,-0.));
#1067 = VECTOR('',#1068,1.);
#1068 = DIRECTION('',(0.,1.));
#1069 = ( GEOMETRIC_REPRESENTATION_CONTEXT(2) 
PARAMETRIC_REPRESENTATION_CONTEXT() REPRESENTATION_CONTEXT('2D SPACE',''
  ) );
#1070 = ORIENTED_EDGE('',*,*,#1071,.T.);
#1071 = EDGE_CURVE('',#1049,#1049,#1072,.T.);
#1072 = SURFACE_CURVE('',#1073,(#1078,#1085),.PCURVE_S1.);
#1073 = CIRCLE('',#1074,500.);
#1074 = AXIS2_PLACEMENT_3D('',#1075,#1076,#1077);
#1075 = CARTESIAN_POINT('',(2.05E+03,0.,0.));
#1076 = DIRECTION('',(1.,-0.,2.22044604925E-16));
#1077 = DIRECTION('',(2.22044604925E-16,0.,-1.));
#1078 = PCURVE('',#1024,#1079);
#1079 = DEFINITIONAL_REPRESENTATION('',(#1080),#1084);
#1080 = LINE('',#1081,#1082);
#1081 = CARTESIAN_POINT('',(0.,0.));
#1082 = VECTOR('',#1083,1.);
#1083 = DIRECTION('',(1.,0.));
#1084 = ( GEOMETRIC_REPRESENTATION_CONTEXT(2) 
PARAMETRIC_REPRESENTATION_CONTEXT() REPRESENTATION_CONTEXT('2D SPACE',''
  ) );
#1085 = PCURVE('',#1086,#1091);
#1086 = PLANE('',#1087);
#1087 = AXIS2_PLACEMENT_3D('',#1088,#1089,#1090);
#1088 = CARTESIAN_POINT('',(2.05E+03,0.,0.));
#1089 = DIRECTION('',(1.,0.,2.22044604925E-16));
#1090 = DIRECTION('',(2.22044604925E-16,0.,-1.));
#1091 = DEFINITIONAL_REPRESENTATION('',(#1092),#1096);
#1092 = CIRCLE('',#1093,500.);
#1093 = AXIS2_PLACEMENT_2D('',#1094,#1095);
#1094 = CARTESIAN_POINT('',(0.,0.));
#1095 = DIRECTION('',(1.,0.));
#1096 = ( GEOMETRIC_REPRESENTATION_CONTEXT(2) 
PARAMETRIC_REPRESENTATION_CONTEXT() REPRESENTATION_CONTEXT('2D SPACE',''
  ) );
#1097 = ORIENTED_EDGE('',*,*,#1048,.T.);
#1098 = ADVANCED_FACE('',(#1099,#1102),#1036,.T.);
#1099 = FACE_BOUND('',#1100,.T.);
#1100 = EDGE_LOOP('',(#1101));
#1101 = ORIENTED_EDGE('',*,*,#1014,.T.);
#1102 = FACE_BOUND('',#1103,.T.);
#1103 = EDGE_LOOP('',(#1104));
#1104 = ORIENTED_EDGE('',*,*,#1105,.F.);
#1105 = EDGE_CURVE('',#1106,#1106,#1108,.T.);
#1106 = VERTEX_POINT('',#1107);
#1107 = CARTESIAN_POINT('',(3.15E+03,-1.028703311284E-13,-420.));
#1108 = SURFACE_CURVE('',#1109,(#1114,#1121),.PCURVE_S1.);
#1109 = CIRCLE('',#1110,420.);
#1110 = AXIS2_PLACEMENT_3D('',#1111,#1112,#1113);
#1111 = CARTESIAN_POINT('',(3.15E+03,0.,2.442490654175E-13));
#1112 = DIRECTION('',(1.,-0.,2.22044604925E-16));
#1113 = DIRECTION('',(2.22044604925E-16,0.,-1.));
#1114 = PCURVE('',#1036,#1115);
#1115 = DEFINITIONAL_REPRESENTATION('',(#1116),#1120);
#1116 = CIRCLE('',#1117,420.);
#1117 = AXIS2_PLACEMENT_2D('',#1118,#1119);
#1118 = CARTESIAN_POINT('',(0.,0.));
#1119 = DIRECTION('',(1.,0.));
#1120 = ( GEOMETRIC_REPRESENTATION_CONTEXT(2) 
PARAMETRIC_REPRESENTATION_CONTEXT() REPRESENTATION_CONTEXT('2D SPACE',''
  ) );
#1121 = PCURVE('',#1122,#1127);
#1122 = CYLINDRICAL_SURFACE('',#1123,420.);
#1123 = AXIS2_PLACEMENT_3D('',#1124,#1125,#1126);
#1124 = CARTESIAN_POINT('',(2.05E+03,0.,0.));
#1125 = DIRECTION('',(1.,0.,2.22044604925E-16));
#1126 = DIRECTION('',(2.22044604925E-16,0.,-1.));
#1127 = DEFINITIONAL_REPRESENTATION('',(#1128),#1132);
#1128 = LINE('',#1129,#1130);
#1129 = CARTESIAN_POINT('',(0.,1.1E+03));
#1130 = VECTOR('',#1131,1.);
#1131 = DIRECTION('',(1.,0.));
#1132 = ( GEOMETRIC_REPRESENTATION_CONTEXT(2) 
PARAMETRIC_REPRESENTATION_CONTEXT() REPRESENTATION_CONTEXT('2D SPACE',''
  ) );
#1133 = ADVANCED_FACE('',(#1134,#1137),#1086,.F.);
#1134 = FACE_BOUND('',#1135,.F.);
#1135 = EDGE_LOOP('',(#1136));
#1136 = ORIENTED_EDGE('',*,*,#1071,.T.);
#1137 = FACE_BOUND('',#1138,.F.);
#1138 = EDGE_LOOP('',(#1139));
#1139 = ORIENTED_EDGE('',*,*,#1140,.F.);
#1140 = EDGE_CURVE('',#1141,#1141,#1143,.T.);
#1141 = VERTEX_POINT('',#1142);
#1142 = CARTESIAN_POINT('',(2.05E+03,-1.028703311284E-13,-420.));
#1143 = SURFACE_CURVE('',#1144,(#1149,#1156),.PCURVE_S1.);
#1144 = CIRCLE('',#1145,420.);
#1145 = AXIS2_PLACEMENT_3D('',#1146,#1147,#1148);
#1146 = CARTESIAN_POINT('',(2.05E+03,0.,0.));
#1147 = DIRECTION('',(1.,-0.,2.22044604925E-16));
#1148 = DIRECTION('',(2.22044604925E-16,0.,-1.));
#1149 = PCURVE('',#1086,#1150);
#1150 = DEFINITIONAL_REPRESENTATION('',(#1151),#1155);
#1151 = CIRCLE('',#1152,420.);
#1152 = AXIS2_PLACEMENT_2D('',#1153,#1154);
#1153 = CARTESIAN_POINT('',(0.,0.));
#1154 = DIRECTION('',(1.,0.));
#1155 = ( GEOMETRIC_REPRESENTATION_CONTEXT(2) 
PARAMETRIC_REPRESENTATION_CONTEXT() REPRESENTATION_CONTEXT('2D SPACE',''
  ) );
#1156 = PCURVE('',#1122,#1157);
#1157 = DEFINITIONAL_REPRESENTATION('',(#1158),#1162);
#1158 = LINE('',#1159,#1160);
#1159 = CARTESIAN_POINT('',(0.,0.));
#1160 = VECTOR('',#1161,1.);
#1161 = DIRECTION('',(1.,0.));
#1162 = ( GEOMETRIC_REPRESENTATION_CONTEXT(2) 
PARAMETRIC_REPRESENTATION_CONTEXT() REPRESENTATION_CONTEXT('2D SPACE',''
  ) );
#1163 = ADVANCED_FACE('',(#1164),#1122,.F.);
#1164 = FACE_BOUND('',#1165,.F.);
#1165 = EDGE_LOOP('',(#1166,#1167,#1188,#1189));
#1166 = ORIENTED_EDGE('',*,*,#1105,.F.);
#1167 = ORIENTED_EDGE('',*,*,#1168,.F.);
#1168 = EDGE_CURVE('',#1141,#1106,#1169,.T.);
#1169 = SEAM_CURVE('',#1170,(#1174,#1181),.PCURVE_S1.);
#1170 = LINE('',#1171,#1172);
#1171 = CARTESIAN_POINT('',(2.05E+03,-1.028703311284E-13,-420.));
#1172 = VECTOR('',#1173,1.);
#1173 = DIRECTION('',(1.,0.,2.22044604925E-16));
#1174 = PCURVE('',#1122,#1175);
#1175 = DEFINITIONAL_REPRESENTATION('',(#1176),#1180);
#1176 = LINE('',#1177,#1178);
#1177 = CARTESIAN_POINT('',(6.28318530718,-0.));
#1178 = VECTOR('',#1179,1.);
#1179 = DIRECTION('',(0.,1.));
#1180 = ( GEOMETRIC_REPRESENTATION_CONTEXT(2) 
PARAMETRIC_REPRESENTATION_CONTEXT() REPRESENTATION_CONTEXT('2D SPACE',''
  ) );
#1181 = PCURVE('',#1122,#1182);
#1182 = DEFINITIONAL_REPRESENTATION('',(#1183),#1187);
#1183 = LINE('',#1184,#1185);
#1184 = CARTESIAN_POINT('',(0.,-0.));
#1185 = VECTOR('',#1186,1.);
#1186 = DIRECTION('',(0.,1.));
#1187 = ( GEOMETRIC_REPRESENTATION_CONTEXT(2) 
PARAMETRIC_REPRESENTATION_CONTEXT() REPRESENTATION_CONTEXT('2D SPACE',''
  ) );
#1188 = ORIENTED_EDGE('',*,*,#1140,.T.);
#1189 = ORIENTED_EDGE('',*,*,#1168,.T.);
#1190 = ( GEOMETRIC_REPRESENTATION_CONTEXT(3) 
GLOBAL_UNCERTAINTY_ASSIGNED_CONTEXT((#1194)) 
GLOBAL_UNIT_ASSIGNED_CONTEXT((#1191,#1192,#1193)) REPRESENTATION_CONTEXT
('Context #1','3D Context with UNIT and UNCERTAINTY') );
#1191 = ( LENGTH_UNIT() NAMED_UNIT(*) SI_UNIT($,.METRE.) );
#1192 = ( NAMED_UNIT(*) PLANE_ANGLE_UNIT() SI_UNIT($,.RADIAN.) );
#1193 = ( NAMED_UNIT(*) SI_UNIT($,.STERADIAN.) SOLID_ANGLE_UNIT() );
#1194 = UNCERTAINTY_MEASURE_WITH_UNIT(LENGTH_MEASURE(1.E-07),#1191,
  'distance_accuracy_value','confusion accuracy');
#1195 = PRODUCT_RELATED_PRODUCT_CATEGORY('part',$,(#1004));
#1196 = SHAPE_DEFINITION_REPRESENTATION(#1197,#1203);
#1197 = PRODUCT_DEFINITION_SHAPE('','',#1198);
#1198 = PRODUCT_DEFINITION('design','',#1199,#1202);
#1199 = PRODUCT_DEFINITION_FORMATION('','',#1200);
#1200 = PRODUCT('ModeratorInner','ModeratorInner','',(#1201));
#1201 = PRODUCT_CONTEXT('',#2,'mechanical');
#1202 = PRODUCT_DEFINITION_CONTEXT('part definition',#2,'design');
#1203 = ADVANCED_BREP_SHAPE_REPRESENTATION('',(#11,#1204),#1302);
#1204 = MANIFOLD_SOLID_BREP('',#1205);
#1205 = CLOSED_SHELL('',(#1206,#1294,#1298));
#1206 = ADVANCED_FACE('',(#1207),#1220,.T.);
#1207 = FACE_BOUND('',#1208,.T.);
#1208 = EDGE_LOOP('',(#1209,#1243,#1266,#1293));
#1209 = ORIENTED_EDGE('',*,*,#1210,.F.);
#1210 = EDGE_CURVE('',#1211,#1211,#1213,.T.);
#1211 = VERTEX_POINT('',#1212);
#1212 = CARTESIAN_POINT('',(3.15E+03,-1.028703311284E-13,-420.));
#1213 = SURFACE_CURVE('',#1214,(#1219,#1231),.PCURVE_S1.);
#1214 = CIRCLE('',#1215,420.);
#1215 = AXIS2_PLACEMENT_3D('',#1216,#1217,#1218);
#1216 = CARTESIAN_POINT('',(3.15E+03,0.,2.442490654175E-13));
#1217 = DIRECTION('',(1.,-0.,2.22044604925E-16));
#1218 = DIRECTION('',(2.22044604925E-16,0.,-1.));
#1219 = PCURVE('',#1220,#1225);
#1220 = CYLINDRICAL_SURFACE('',#1221,420.);
#1221 = AXIS2_PLACEMENT_3D('',#1222,#1223,#1224);
#1222 = CARTESIAN_POINT('',(2.05E+03,0.,0.));
#1223 = DIRECTION('',(1.,0.,2.22044604925E-16));
#1224 = DIRECTION('',(2.22044604925E-16,0.,-1.));
#1225 = DEFINITIONAL_REPRESENTATION('',(#1226),#1230);
#1226 = LINE('',#1227,#1228);
#1227 = CARTESIAN_POINT('',(0.,1.1E+03));
#1228 = VECTOR('',#1229,1.);
#1229 = DIRECTION('',(1.,0.));
#1230 = ( GEOMETRIC_REPRESENTATION_CONTEXT(2) 
PARAMETRIC_REPRESENTATION_CONTEXT() REPRESENTATION_CONTEXT('2D SPACE',''
  ) );
#1231 = PCURVE('',#1232,#1237);
#1232 = PLANE('',#1233);
#1233 = AXIS2_PLACEMENT_3D('',#1234,#1235,#1236);
#1234 = CARTESIAN_POINT('',(3.15E+03,0.,2.442490654175E-13));
#1235 = DIRECTION('',(1.,0.,2.22044604925E-16));
#1236 = DIRECTION('',(2.22044604925E-16,0.,-1.));
#1237 = DEFINITIONAL_REPRESENTATION('',(#1238),#1242);
#1238 = CIRCLE('',#1239,420.);
#1239 = AXIS2_PLACEMENT_2D('',#1240,#1241);
#1240 = CARTESIAN_POINT('',(0.,0.));
#1241 = DIRECTION('',(1.,0.));
#1242 = ( GEOMETRIC_REPRESENTATION_CONTEXT(2) 
PARAMETRIC_REPRESENTATION_CONTEXT() REPRESENTATION_CONTEXT('2D SPACE',''
  ) );
#1243 = ORIENTED_EDGE('',*,*,#1244,.F.);
#1244 = EDGE_CURVE('',#1245,#1211,#1247,.T.);
#1245 = VERTEX_POINT('',#1246);
#1246 = CARTESIAN_POINT('',(2.05E+03,-1.028703311284E-13,-420.));
#1247 = SEAM_CURVE('',#1248,(#1252,#1259),.PCURVE_S1.);
#1248 = LINE('',#1249,#1250);
#1249 = CARTESIAN_POINT('',(2.05E+03,-1.028703311284E-13,-420.));
#1250 = VECTOR('',#1251,1.);
#1251 = DIRECTION('',(1.,0.,2.22044604925E-16));
#1252 = PCURVE('',#1220,#1253);
#1253 = DEFINITIONAL_REPRESENTATION('',(#1254),#1258);
#1254 = LINE('',#1255,#1256);
#1255 = CARTESIAN_POINT('',(6.28318530718,-0.));
#1256 = VECTOR('',#1257,1.);
#1257 = DIRECTION('',(0.,1.));
#1258 = ( GEOMETRIC_REPRESENTATION_CONTEXT(2) 
PARAMETRIC_REPRESENTATION_CONTEXT() REPRESENTATION_CONTEXT('2D SPACE',''
  ) );
#1259 = PCURVE('',#1220,#1260);
#1260 = DEFINITIONAL_REPRESENTATION('',(#1261),#1265);
#1261 = LINE('',#1262,#1263);
#1262 = CARTESIAN_POINT('',(0.,-0.));
#1263 = VECTOR('',#1264,1.);
#1264 = DIRECTION('',(0.,1.));
#1265 = ( GEOMETRIC_REPRESENTATION_CONTEXT(2) 
PARAMETRIC_REPRESENTATION_CONTEXT() REPRESENTATION_CONTEXT('2D SPACE',''
  ) );
#1266 = ORIENTED_EDGE('',*,*,#1267,.T.);
#1267 = EDGE_CURVE('',#1245,#1245,#1268,.T.);
#1268 = SURFACE_CURVE('',#1269,(#1274,#1281),.PCURVE_S1.);
#1269 = CIRCLE('',#1270,420.);
#1270 = AXIS2_PLACEMENT_3D('',#1271,#1272,#1273);
#1271 = CARTESIAN_POINT('',(2.05E+03,0.,0.));
#1272 = DIRECTION('',(1.,-0.,2.22044604925E-16));
#1273 = DIRECTION('',(2.22044604925E-16,0.,-1.));
#1274 = PCURVE('',#1220,#1275);
#1275 = DEFINITIONAL_REPRESENTATION('',(#1276),#1280);
#1276 = LINE('',#1277,#1278);
#1277 = CARTESIAN_POINT('',(0.,0.));
#1278 = VECTOR('',#1279,1.);
#1279 = DIRECTION('',(1.,0.));
#1280 = ( GEOMETRIC_REPRESENTATION_CONTEXT(2) 
PARAMETRIC_REPRESENTATION_CONTEXT() REPRESENTATION_CONTEXT('2D SPACE',''
  ) );
#1281 = PCURVE('',#1282,#1287);
#1282 = PLANE('',#1283);
#1283 = AXIS2_PLACEMENT_3D('',#1284,#1285,#1286);
#1284 = CARTESIAN_POINT('',(2.05E+03,0.,0.));
#1285 = DIRECTION('',(1.,0.,2.22044604925E-16));
#1286 = DIRECTION('',(2.22044604925E-16,0.,-1.));
#1287 = DEFINITIONAL_REPRESENTATION('',(#1288),#1292);
#1288 = CIRCLE('',#1289,420.);
#1289 = AXIS2_PLACEMENT_2D('',#1290,#1291);
#1290 = CARTESIAN_POINT('',(0.,0.));
#1291 = DIRECTION('',(1.,0.));
#1292 = ( GEOMETRIC_REPRESENTATION_CONTEXT(2) 
PARAMETRIC_REPRESENTATION_CONTEXT() REPRESENTATION_CONTEXT('2D SPACE',''
  ) );
#1293 = ORIENTED_EDGE('',*,*,#1244,.T.);
#1294 = ADVANCED_FACE('',(#1295),#1232,.T.);
#1295 = FACE_BOUND('',#1296,.T.);
#1296 = EDGE_LOOP('',(#1297));
#1297 = ORIENTED_EDGE('',*,*,#1210,.T.);
#1298 = ADVANCED_FACE('',(#1299),#1282,.F.);
#1299 = FACE_BOUND('',#1300,.T.);
#1300 = EDGE_LOOP('',(#1301));
#1301 = ORIENTED_EDGE('',*,*,#1267,.F.);
#1302 = ( GEOMETRIC_REPRESENTATION_CONTEXT(3) 
GLOBAL_UNCERTAINTY_ASSIGNED_CONTEXT((#1306)) 
GLOBAL_UNIT_ASSIGNED_CONTEXT((#1303,#1304,#1305)) REPRESENTATION_CONTEXT
('Context #1','3D Context with UNIT and UNCERTAINTY') );
#1303 = ( LENGTH_UNIT() NAMED_UNIT(*) SI_UNIT($,.METRE.) );
#1304 = ( NAMED_UNIT(*) PLANE_ANGLE_UNIT() SI_UNIT($,.RADIAN.) );
#1305 = ( NAMED_UNIT(*) SI_UNIT($,.STERADIAN.) SOLID_ANGLE_UNIT() );
#1306 = UNCERTAINTY_MEASURE_WITH_UNIT(LENGTH_MEASURE(1.E-07),#1303,
  'distance_accuracy_value','confusion accuracy');
#1307 = PRODUCT_RELATED_PRODUCT_CATEGORY('part',$,(#1200));
#1308 = SHAPE_DEFINITION_REPRESENTATION(#1309,#1315);
#1309 = PRODUCT_DEFINITION_SHAPE('','',#1310);
#1310 = PRODUCT_DEFINITION('design','',#1311,#1314);
#1311 = PRODUCT_DEFINITION_FORMATION('','',#1312);
#1312 = PRODUCT('W_Post_1','W_Post_1','',(#1313));
#1313 = PRODUCT_CONTEXT('',#2,'mechanical');
#1314 = PRODUCT_DEFINITION_CONTEXT('part definition',#2,'design');
#1315 = ADVANCED_BREP_SHAPE_REPRESENTATION('',(#11,#1316),#1646);
#1316 = MANIFOLD_SOLID_BREP('',#1317);
#1317 = CLOSED_SHELL('',(#1318,#1438,#1538,#1585,#1632,#1639));
#1318 = ADVANCED_FACE('',(#1319),#1333,.F.);
#1319 = FACE_BOUND('',#1320,.F.);
#1320 = EDGE_LOOP('',(#1321,#1356,#1384,#1412));
#1321 = ORIENTED_EDGE('',*,*,#1322,.F.);
#1322 = EDGE_CURVE('',#1323,#1325,#1327,.T.);
#1323 = VERTEX_POINT('',#1324);
#1324 = CARTESIAN_POINT('',(2.5E+03,200.,325.07041555162));
#1325 = VERTEX_POINT('',#1326);
#1326 = CARTESIAN_POINT('',(2.5E+03,200.,385.07041555162));
#1327 = SURFACE_CURVE('',#1328,(#1332,#1344),.PCURVE_S1.);
#1328 = LINE('',#1329,#1330);
#1329 = CARTESIAN_POINT('',(2.5E+03,200.,325.07041555162));
#1330 = VECTOR('',#1331,1.);
#1331 = DIRECTION('',(0.,0.,1.));
#1332 = PCURVE('',#1333,#1338);
#1333 = PLANE('',#1334);
#1334 = AXIS2_PLACEMENT_3D('',#1335,#1336,#1337);
#1335 = CARTESIAN_POINT('',(2.5E+03,200.,325.07041555162));
#1336 = DIRECTION('',(1.,0.,0.));
#1337 = DIRECTION('',(0.,0.,1.));
#1338 = DEFINITIONAL_REPRESENTATION('',(#1339),#1343);
#1339 = LINE('',#1340,#1341);
#1340 = CARTESIAN_POINT('',(0.,0.));
#1341 = VECTOR('',#1342,1.);
#1342 = DIRECTION('',(1.,0.));
#1343 = ( GEOMETRIC_REPRESENTATION_CONTEXT(2) 
PARAMETRIC_REPRESENTATION_CONTEXT() REPRESENTATION_CONTEXT('2D SPACE',''
  ) );
#1344 = PCURVE('',#1345,#1350);
#1345 = PLANE('',#1346);
#1346 = AXIS2_PLACEMENT_3D('',#1347,#1348,#1349);
#1347 = CARTESIAN_POINT('',(2.5E+03,200.,325.07041555162));
#1348 = DIRECTION('',(0.,1.,0.));
#1349 = DIRECTION('',(0.,0.,1.));
#1350 = DEFINITIONAL_REPRESENTATION('',(#1351),#1355);
#1351 = LINE('',#1352,#1353);
#1352 = CARTESIAN_POINT('',(0.,0.));
#1353 = VECTOR('',#1354,1.);
#1354 = DIRECTION('',(1.,0.));
#1355 = ( GEOMETRIC_REPRESENTATION_CONTEXT(2) 
PARAMETRIC_REPRESENTATION_CONTEXT() REPRESENTATION_CONTEXT('2D SPACE',''
  ) );
#1356 = ORIENTED_EDGE('',*,*,#1357,.T.);
#1357 = EDGE_CURVE('',#1323,#1358,#1360,.T.);
#1358 = VERTEX_POINT('',#1359);
#1359 = CARTESIAN_POINT('',(2.5E+03,210.,325.07041555162));
#1360 = SURFACE_CURVE('',#1361,(#1365,#1372),.PCURVE_S1.);
#1361 = LINE('',#1362,#1363);
#1362 = CARTESIAN_POINT('',(2.5E+03,200.,325.07041555162));
#1363 = VECTOR('',#1364,1.);
#1364 = DIRECTION('',(0.,1.,0.));
#1365 = PCURVE('',#1333,#1366);
#1366 = DEFINITIONAL_REPRESENTATION('',(#1367),#1371);
#1367 = LINE('',#1368,#1369);
#1368 = CARTESIAN_POINT('',(0.,0.));
#1369 = VECTOR('',#1370,1.);
#1370 = DIRECTION('',(0.,-1.));
#1371 = ( GEOMETRIC_REPRESENTATION_CONTEXT(2) 
PARAMETRIC_REPRESENTATION_CONTEXT() REPRESENTATION_CONTEXT('2D SPACE',''
  ) );
#1372 = PCURVE('',#1373,#1378);
#1373 = PLANE('',#1374);
#1374 = AXIS2_PLACEMENT_3D('',#1375,#1376,#1377);
#1375 = CARTESIAN_POINT('',(2.5E+03,200.,325.07041555162));
#1376 = DIRECTION('',(0.,0.,1.));
#1377 = DIRECTION('',(1.,0.,0.));
#1378 = DEFINITIONAL_REPRESENTATION('',(#1379),#1383);
#1379 = LINE('',#1380,#1381);
#1380 = CARTESIAN_POINT('',(0.,0.));
#1381 = VECTOR('',#1382,1.);
#1382 = DIRECTION('',(0.,1.));
#1383 = ( GEOMETRIC_REPRESENTATION_CONTEXT(2) 
PARAMETRIC_REPRESENTATION_CONTEXT() REPRESENTATION_CONTEXT('2D SPACE',''
  ) );
#1384 = ORIENTED_EDGE('',*,*,#1385,.T.);
#1385 = EDGE_CURVE('',#1358,#1386,#1388,.T.);
#1386 = VERTEX_POINT('',#1387);
#1387 = CARTESIAN_POINT('',(2.5E+03,210.,385.07041555162));
#1388 = SURFACE_CURVE('',#1389,(#1393,#1400),.PCURVE_S1.);
#1389 = LINE('',#1390,#1391);
#1390 = CARTESIAN_POINT('',(2.5E+03,210.,325.07041555162));
#1391 = VECTOR('',#1392,1.);
#1392 = DIRECTION('',(0.,0.,1.));
#1393 = PCURVE('',#1333,#1394);
#1394 = DEFINITIONAL_REPRESENTATION('',(#1395),#1399);
#1395 = LINE('',#1396,#1397);
#1396 = CARTESIAN_POINT('',(0.,-10.));
#1397 = VECTOR('',#1398,1.);
#1398 = DIRECTION('',(1.,0.));
#1399 = ( GEOMETRIC_REPRESENTATION_CONTEXT(2) 
PARAMETRIC_REPRESENTATION_CONTEXT() REPRESENTATION_CONTEXT('2D SPACE',''
  ) );
#1400 = PCURVE('',#1401,#1406);
#1401 = PLANE('',#1402);
#1402 = AXIS2_PLACEMENT_3D('',#1403,#1404,#1405);
#1403 = CARTESIAN_POINT('',(2.5E+03,210.,325.07041555162));
#1404 = DIRECTION('',(0.,1.,0.));
#1405 = DIRECTION('',(0.,0.,1.));
#1406 = DEFINITIONAL_REPRESENTATION('',(#1407),#1411);
#1407 = LINE('',#1408,#1409);
#1408 = CARTESIAN_POINT('',(0.,0.));
#1409 = VECTOR('',#1410,1.);
#1410 = DIRECTION('',(1.,0.));
#1411 = ( GEOMETRIC_REPRESENTATION_CONTEXT(2) 
PARAMETRIC_REPRESENTATION_CONTEXT() REPRESENTATION_CONTEXT('2D SPACE',''
  ) );
#1412 = ORIENTED_EDGE('',*,*,#1413,.F.);
#1413 = EDGE_CURVE('',#1325,#1386,#1414,.T.);
#1414 = SURFACE_CURVE('',#1415,(#1419,#1426),.PCURVE_S1.);
#1415 = LINE('',#1416,#1417);
#1416 = CARTESIAN_POINT('',(2.5E+03,200.,385.07041555162));
#1417 = VECTOR('',#1418,1.);
#1418 = DIRECTION('',(0.,1.,0.));
#1419 = PCURVE('',#1333,#1420);
#1420 = DEFINITIONAL_REPRESENTATION('',(#1421),#1425);
#1421 = LINE('',#1422,#1423);
#1422 = CARTESIAN_POINT('',(60.,0.));
#1423 = VECTOR('',#1424,1.);
#1424 = DIRECTION('',(0.,-1.));
#1425 = ( GEOMETRIC_REPRESENTATION_CONTEXT(2) 
PARAMETRIC_REPRESENTATION_CONTEXT() REPRESENTATION_CONTEXT('2D SPACE',''
  ) );
#1426 = PCURVE('',#1427,#1432);
#1427 = PLANE('',#1428);
#1428 = AXIS2_PLACEMENT_3D('',#1429,#1430,#1431);
#1429 = CARTESIAN_POINT('',(2.5E+03,200.,385.07041555162));
#1430 = DIRECTION('',(0.,0.,1.));
#1431 = DIRECTION('',(1.,0.,0.));
#1432 = DEFINITIONAL_REPRESENTATION('',(#1433),#1437);
#1433 = LINE('',#1434,#1435);
#1434 = CARTESIAN_POINT('',(0.,0.));
#1435 = VECTOR('',#1436,1.);
#1436 = DIRECTION('',(0.,1.));
#1437 = ( GEOMETRIC_REPRESENTATION_CONTEXT(2) 
PARAMETRIC_REPRESENTATION_CONTEXT() REPRESENTATION_CONTEXT('2D SPACE',''
  ) );
#1438 = ADVANCED_FACE('',(#1439),#1453,.T.);
#1439 = FACE_BOUND('',#1440,.T.);
#1440 = EDGE_LOOP('',(#1441,#1471,#1494,#1517));
#1441 = ORIENTED_EDGE('',*,*,#1442,.F.);
#1442 = EDGE_CURVE('',#1443,#1445,#1447,.T.);
#1443 = VERTEX_POINT('',#1444);
#1444 = CARTESIAN_POINT('',(2.7E+03,200.,325.07041555162));
#1445 = VERTEX_POINT('',#1446);
#1446 = CARTESIAN_POINT('',(2.7E+03,200.,385.07041555162));
#1447 = SURFACE_CURVE('',#1448,(#1452,#1464),.PCURVE_S1.);
#1448 = LINE('',#1449,#1450);
#1449 = CARTESIAN_POINT('',(2.7E+03,200.,325.07041555162));
#1450 = VECTOR('',#1451,1.);
#1451 = DIRECTION('',(0.,0.,1.));
#1452 = PCURVE('',#1453,#1458);
#1453 = PLANE('',#1454);
#1454 = AXIS2_PLACEMENT_3D('',#1455,#1456,#1457);
#1455 = CARTESIAN_POINT('',(2.7E+03,200.,325.07041555162));
#1456 = DIRECTION('',(1.,0.,0.));
#1457 = DIRECTION('',(0.,0.,1.));
#1458 = DEFINITIONAL_REPRESENTATION('',(#1459),#1463);
#1459 = LINE('',#1460,#1461);
#1460 = CARTESIAN_POINT('',(0.,0.));
#1461 = VECTOR('',#1462,1.);
#1462 = DIRECTION('',(1.,0.));
#1463 = ( GEOMETRIC_REPRESENTATION_CONTEXT(2) 
PARAMETRIC_REPRESENTATION_CONTEXT() REPRESENTATION_CONTEXT('2D SPACE',''
  ) );
#1464 = PCURVE('',#1345,#1465);
#1465 = DEFINITIONAL_REPRESENTATION('',(#1466),#1470);
#1466 = LINE('',#1467,#1468);
#1467 = CARTESIAN_POINT('',(0.,200.));
#1468 = VECTOR('',#1469,1.);
#1469 = DIRECTION('',(1.,0.));
#1470 = ( GEOMETRIC_REPRESENTATION_CONTEXT(2) 
PARAMETRIC_REPRESENTATION_CONTEXT() REPRESENTATION_CONTEXT('2D SPACE',''
  ) );
#1471 = ORIENTED_EDGE('',*,*,#1472,.T.);
#1472 = EDGE_CURVE('',#1443,#1473,#1475,.T.);
#1473 = VERTEX_POINT('',#1474);
#1474 = CARTESIAN_POINT('',(2.7E+03,210.,325.07041555162));
#1475 = SURFACE_CURVE('',#1476,(#1480,#1487),.PCURVE_S1.);
#1476 = LINE('',#1477,#1478);
#1477 = CARTESIAN_POINT('',(2.7E+03,200.,325.07041555162));
#1478 = VECTOR('',#1479,1.);
#1479 = DIRECTION('',(0.,1.,0.));
#1480 = PCURVE('',#1453,#1481);
#1481 = DEFINITIONAL_REPRESENTATION('',(#1482),#1486);
#1482 = LINE('',#1483,#1484);
#1483 = CARTESIAN_POINT('',(0.,0.));
#1484 = VECTOR('',#1485,1.);
#1485 = DIRECTION('',(0.,-1.));
#1486 = ( GEOMETRIC_REPRESENTATION_CONTEXT(2) 
PARAMETRIC_REPRESENTATION_CONTEXT() REPRESENTATION_CONTEXT('2D SPACE',''
  ) );
#1487 = PCURVE('',#1373,#1488);
#1488 = DEFINITIONAL_REPRESENTATION('',(#1489),#1493);
#1489 = LINE('',#1490,#1491);
#1490 = CARTESIAN_POINT('',(200.,0.));
#1491 = VECTOR('',#1492,1.);
#1492 = DIRECTION('',(0.,1.));
#1493 = ( GEOMETRIC_REPRESENTATION_CONTEXT(2) 
PARAMETRIC_REPRESENTATION_CONTEXT() REPRESENTATION_CONTEXT('2D SPACE',''
  ) );
#1494 = ORIENTED_EDGE('',*,*,#1495,.T.);
#1495 = EDGE_CURVE('',#1473,#1496,#1498,.T.);
#1496 = VERTEX_POINT('',#1497);
#1497 = CARTESIAN_POINT('',(2.7E+03,210.,385.07041555162));
#1498 = SURFACE_CURVE('',#1499,(#1503,#1510),.PCURVE_S1.);
#1499 = LINE('',#1500,#1501);
#1500 = CARTESIAN_POINT('',(2.7E+03,210.,325.07041555162));
#1501 = VECTOR('',#1502,1.);
#1502 = DIRECTION('',(0.,0.,1.));
#1503 = PCURVE('',#1453,#1504);
#1504 = DEFINITIONAL_REPRESENTATION('',(#1505),#1509);
#1505 = LINE('',#1506,#1507);
#1506 = CARTESIAN_POINT('',(0.,-10.));
#1507 = VECTOR('',#1508,1.);
#1508 = DIRECTION('',(1.,0.));
#1509 = ( GEOMETRIC_REPRESENTATION_CONTEXT(2) 
PARAMETRIC_REPRESENTATION_CONTEXT() REPRESENTATION_CONTEXT('2D SPACE',''
  ) );
#1510 = PCURVE('',#1401,#1511);
#1511 = DEFINITIONAL_REPRESENTATION('',(#1512),#1516);
#1512 = LINE('',#1513,#1514);
#1513 = CARTESIAN_POINT('',(0.,200.));
#1514 = VECTOR('',#1515,1.);
#1515 = DIRECTION('',(1.,0.));
#1516 = ( GEOMETRIC_REPRESENTATION_CONTEXT(2) 
PARAMETRIC_REPRESENTATION_CONTEXT() REPRESENTATION_CONTEXT('2D SPACE',''
  ) );
#1517 = ORIENTED_EDGE('',*,*,#1518,.F.);
#1518 = EDGE_CURVE('',#1445,#1496,#1519,.T.);
#1519 = SURFACE_CURVE('',#1520,(#1524,#1531),.PCURVE_S1.);
#1520 = LINE('',#1521,#1522);
#1521 = CARTESIAN_POINT('',(2.7E+03,200.,385.07041555162));
#1522 = VECTOR('',#1523,1.);
#1523 = DIRECTION('',(0.,1.,0.));
#1524 = PCURVE('',#1453,#1525);
#1525 = DEFINITIONAL_REPRESENTATION('',(#1526),#1530);
#1526 = LINE('',#1527,#1528);
#1527 = CARTESIAN_POINT('',(60.,0.));
#1528 = VECTOR('',#1529,1.);
#1529 = DIRECTION('',(0.,-1.));
#1530 = ( GEOMETRIC_REPRESENTATION_CONTEXT(2) 
PARAMETRIC_REPRESENTATION_CONTEXT() REPRESENTATION_CONTEXT('2D SPACE',''
  ) );
#1531 = PCURVE('',#1427,#1532);
#1532 = DEFINITIONAL_REPRESENTATION('',(#1533),#1537);
#1533 = LINE('',#1534,#1535);
#1534 = CARTESIAN_POINT('',(200.,0.));
#1535 = VECTOR('',#1536,1.);
#1536 = DIRECTION('',(0.,1.));
#1537 = ( GEOMETRIC_REPRESENTATION_CONTEXT(2) 
PARAMETRIC_REPRESENTATION_CONTEXT() REPRESENTATION_CONTEXT('2D SPACE',''
  ) );
#1538 = ADVANCED_FACE('',(#1539),#1345,.F.);
#1539 = FACE_BOUND('',#1540,.F.);
#1540 = EDGE_LOOP('',(#1541,#1562,#1563,#1584));
#1541 = ORIENTED_EDGE('',*,*,#1542,.F.);
#1542 = EDGE_CURVE('',#1323,#1443,#1543,.T.);
#1543 = SURFACE_CURVE('',#1544,(#1548,#1555),.PCURVE_S1.);
#1544 = LINE('',#1545,#1546);
#1545 = CARTESIAN_POINT('',(2.5E+03,200.,325.07041555162));
#1546 = VECTOR('',#1547,1.);
#1547 = DIRECTION('',(1.,0.,0.));
#1548 = PCURVE('',#1345,#1549);
#1549 = DEFINITIONAL_REPRESENTATION('',(#1550),#1554);
#1550 = LINE('',#1551,#1552);
#1551 = CARTESIAN_POINT('',(0.,0.));
#1552 = VECTOR('',#1553,1.);
#1553 = DIRECTION('',(0.,1.));
#1554 = ( GEOMETRIC_REPRESENTATION_CONTEXT(2) 
PARAMETRIC_REPRESENTATION_CONTEXT() REPRESENTATION_CONTEXT('2D SPACE',''
  ) );
#1555 = PCURVE('',#1373,#1556);
#1556 = DEFINITIONAL_REPRESENTATION('',(#1557),#1561);
#1557 = LINE('',#1558,#1559);
#1558 = CARTESIAN_POINT('',(0.,0.));
#1559 = VECTOR('',#1560,1.);
#1560 = DIRECTION('',(1.,0.));
#1561 = ( GEOMETRIC_REPRESENTATION_CONTEXT(2) 
PARAMETRIC_REPRESENTATION_CONTEXT() REPRESENTATION_CONTEXT('2D SPACE',''
  ) );
#1562 = ORIENTED_EDGE('',*,*,#1322,.T.);
#1563 = ORIENTED_EDGE('',*,*,#1564,.T.);
#1564 = EDGE_CURVE('',#1325,#1445,#1565,.T.);
#1565 = SURFACE_CURVE('',#1566,(#1570,#1577),.PCURVE_S1.);
#1566 = LINE('',#1567,#1568);
#1567 = CARTESIAN_POINT('',(2.5E+03,200.,385.07041555162));
#1568 = VECTOR('',#1569,1.);
#1569 = DIRECTION('',(1.,0.,0.));
#1570 = PCURVE('',#1345,#1571);
#1571 = DEFINITIONAL_REPRESENTATION('',(#1572),#1576);
#1572 = LINE('',#1573,#1574);
#1573 = CARTESIAN_POINT('',(60.,0.));
#1574 = VECTOR('',#1575,1.);
#1575 = DIRECTION('',(0.,1.));
#1576 = ( GEOMETRIC_REPRESENTATION_CONTEXT(2) 
PARAMETRIC_REPRESENTATION_CONTEXT() REPRESENTATION_CONTEXT('2D SPACE',''
  ) );
#1577 = PCURVE('',#1427,#1578);
#1578 = DEFINITIONAL_REPRESENTATION('',(#1579),#1583);
#1579 = LINE('',#1580,#1581);
#1580 = CARTESIAN_POINT('',(0.,0.));
#1581 = VECTOR('',#1582,1.);
#1582 = DIRECTION('',(1.,0.));
#1583 = ( GEOMETRIC_REPRESENTATION_CONTEXT(2) 
PARAMETRIC_REPRESENTATION_CONTEXT() REPRESENTATION_CONTEXT('2D SPACE',''
  ) );
#1584 = ORIENTED_EDGE('',*,*,#1442,.F.);
#1585 = ADVANCED_FACE('',(#1586),#1401,.T.);
#1586 = FACE_BOUND('',#1587,.T.);
#1587 = EDGE_LOOP('',(#1588,#1609,#1610,#1631));
#1588 = ORIENTED_EDGE('',*,*,#1589,.F.);
#1589 = EDGE_CURVE('',#1358,#1473,#1590,.T.);
#1590 = SURFACE_CURVE('',#1591,(#1595,#1602),.PCURVE_S1.);
#1591 = LINE('',#1592,#1593);
#1592 = CARTESIAN_POINT('',(2.5E+03,210.,325.07041555162));
#1593 = VECTOR('',#1594,1.);
#1594 = DIRECTION('',(1.,0.,0.));
#1595 = PCURVE('',#1401,#1596);
#1596 = DEFINITIONAL_REPRESENTATION('',(#1597),#1601);
#1597 = LINE('',#1598,#1599);
#1598 = CARTESIAN_POINT('',(0.,0.));
#1599 = VECTOR('',#1600,1.);
#1600 = DIRECTION('',(0.,1.));
#1601 = ( GEOMETRIC_REPRESENTATION_CONTEXT(2) 
PARAMETRIC_REPRESENTATION_CONTEXT() REPRESENTATION_CONTEXT('2D SPACE',''
  ) );
#1602 = PCURVE('',#1373,#1603);
#1603 = DEFINITIONAL_REPRESENTATION('',(#1604),#1608);
#1604 = LINE('',#1605,#1606);
#1605 = CARTESIAN_POINT('',(0.,10.));
#1606 = VECTOR('',#1607,1.);
#1607 = DIRECTION('',(1.,0.));
#1608 = ( GEOMETRIC_REPRESENTATION_CONTEXT(2) 
PARAMETRIC_REPRESENTATION_CONTEXT() REPRESENTATION_CONTEXT('2D SPACE',''
  ) );
#1609 = ORIENTED_EDGE('',*,*,#1385,.T.);
#1610 = ORIENTED_EDGE('',*,*,#1611,.T.);
#1611 = EDGE_CURVE('',#1386,#1496,#1612,.T.);
#1612 = SURFACE_CURVE('',#1613,(#1617,#1624),.PCURVE_S1.);
#1613 = LINE('',#1614,#1615);
#1614 = CARTESIAN_POINT('',(2.5E+03,210.,385.07041555162));
#1615 = VECTOR('',#1616,1.);
#1616 = DIRECTION('',(1.,0.,0.));
#1617 = PCURVE('',#1401,#1618);
#1618 = DEFINITIONAL_REPRESENTATION('',(#1619),#1623);
#1619 = LINE('',#1620,#1621);
#1620 = CARTESIAN_POINT('',(60.,0.));
#1621 = VECTOR('',#1622,1.);
#1622 = DIRECTION('',(0.,1.));
#1623 = ( GEOMETRIC_REPRESENTATION_CONTEXT(2) 
PARAMETRIC_REPRESENTATION_CONTEXT() REPRESENTATION_CONTEXT('2D SPACE',''
  ) );
#1624 = PCURVE('',#1427,#1625);
#1625 = DEFINITIONAL_REPRESENTATION('',(#1626),#1630);
#1626 = LINE('',#1627,#1628);
#1627 = CARTESIAN_POINT('',(0.,10.));
#1628 = VECTOR('',#1629,1.);
#1629 = DIRECTION('',(1.,0.));
#1630 = ( GEOMETRIC_REPRESENTATION_CONTEXT(2) 
PARAMETRIC_REPRESENTATION_CONTEXT() REPRESENTATION_CONTEXT('2D SPACE',''
  ) );
#1631 = ORIENTED_EDGE('',*,*,#1495,.F.);
#1632 = ADVANCED_FACE('',(#1633),#1373,.F.);
#1633 = FACE_BOUND('',#1634,.F.);
#1634 = EDGE_LOOP('',(#1635,#1636,#1637,#1638));
#1635 = ORIENTED_EDGE('',*,*,#1357,.F.);
#1636 = ORIENTED_EDGE('',*,*,#1542,.T.);
#1637 = ORIENTED_EDGE('',*,*,#1472,.T.);
#1638 = ORIENTED_EDGE('',*,*,#1589,.F.);
#1639 = ADVANCED_FACE('',(#1640),#1427,.T.);
#1640 = FACE_BOUND('',#1641,.T.);
#1641 = EDGE_LOOP('',(#1642,#1643,#1644,#1645));
#1642 = ORIENTED_EDGE('',*,*,#1413,.F.);
#1643 = ORIENTED_EDGE('',*,*,#1564,.T.);
#1644 = ORIENTED_EDGE('',*,*,#1518,.T.);
#1645 = ORIENTED_EDGE('',*,*,#1611,.F.);
#1646 = ( GEOMETRIC_REPRESENTATION_CONTEXT(3) 
GLOBAL_UNCERTAINTY_ASSIGNED_CONTEXT((#1650)) 
GLOBAL_UNIT_ASSIGNED_CONTEXT((#1647,#1648,#1649)) REPRESENTATION_CONTEXT
('Context #1','3D Context with UNIT and UNCERTAINTY') );
#1647 = ( LENGTH_UNIT() NAMED_UNIT(*) SI_UNIT($,.METRE.) );
#1648 = ( NAMED_UNIT(*) PLANE_ANGLE_UNIT() SI_UNIT($,.RADIAN.) );
#1649 = ( NAMED_UNIT(*) SI_UNIT($,.STERADIAN.) SOLID_ANGLE_UNIT() );
#1650 = UNCERTAINTY_MEASURE_WITH_UNIT(LENGTH_MEASURE(1.E-07),#1647,
  'distance_accuracy_value','confusion accuracy');
#1651 = PRODUCT_RELATED_PRODUCT_CATEGORY('part',$,(#1312));
#1652 = SHAPE_DEFINITION_REPRESENTATION(#1653,#1659);
#1653 = PRODUCT_DEFINITION_SHAPE('','',#1654);
#1654 = PRODUCT_DEFINITION('design','',#1655,#1658);
#1655 = PRODUCT_DEFINITION_FORMATION('','',#1656);
#1656 = PRODUCT('W_Post_4','W_Post_4','',(#1657));
#1657 = PRODUCT_CONTEXT('',#2,'mechanical');
#1658 = PRODUCT_DEFINITION_CONTEXT('part definition',#2,'design');
#1659 = ADVANCED_BREP_SHAPE_REPRESENTATION('',(#11,#1660),#1990);
#1660 = MANIFOLD_SOLID_BREP('',#1661);
#1661 = CLOSED_SHELL('',(#1662,#1782,#1882,#1929,#1976,#1983));
#1662 = ADVANCED_FACE('',(#1663),#1677,.F.);
#1663 = FACE_BOUND('',#1664,.F.);
#1664 = EDGE_LOOP('',(#1665,#1700,#1728,#1756));
#1665 = ORIENTED_EDGE('',*,*,#1666,.F.);
#1666 = EDGE_CURVE('',#1667,#1669,#1671,.T.);
#1667 = VERTEX_POINT('',#1668);
#1668 = CARTESIAN_POINT('',(2.5E+03,-210.,-385.0704155516));
#1669 = VERTEX_POINT('',#1670);
#1670 = CARTESIAN_POINT('',(2.5E+03,-210.,-325.0704155516));
#1671 = SURFACE_CURVE('',#1672,(#1676,#1688),.PCURVE_S1.);
#1672 = LINE('',#1673,#1674);
#1673 = CARTESIAN_POINT('',(2.5E+03,-210.,-385.0704155516));
#1674 = VECTOR('',#1675,1.);
#1675 = DIRECTION('',(0.,0.,1.));
#1676 = PCURVE('',#1677,#1682);
#1677 = PLANE('',#1678);
#1678 = AXIS2_PLACEMENT_3D('',#1679,#1680,#1681);
#1679 = CARTESIAN_POINT('',(2.5E+03,-210.,-385.0704155516));
#1680 = DIRECTION('',(1.,0.,0.));
#1681 = DIRECTION('',(0.,0.,1.));
#1682 = DEFINITIONAL_REPRESENTATION('',(#1683),#1687);
#1683 = LINE('',#1684,#1685);
#1684 = CARTESIAN_POINT('',(0.,0.));
#1685 = VECTOR('',#1686,1.);
#1686 = DIRECTION('',(1.,0.));
#1687 = ( GEOMETRIC_REPRESENTATION_CONTEXT(2) 
PARAMETRIC_REPRESENTATION_CONTEXT() REPRESENTATION_CONTEXT('2D SPACE',''
  ) );
#1688 = PCURVE('',#1689,#1694);
#1689 = PLANE('',#1690);
#1690 = AXIS2_PLACEMENT_3D('',#1691,#1692,#1693);
#1691 = CARTESIAN_POINT('',(2.5E+03,-210.,-385.0704155516));
#1692 = DIRECTION('',(0.,1.,0.));
#1693 = DIRECTION('',(0.,0.,1.));
#1694 = DEFINITIONAL_REPRESENTATION('',(#1695),#1699);
#1695 = LINE('',#1696,#1697);
#1696 = CARTESIAN_POINT('',(0.,0.));
#1697 = VECTOR('',#1698,1.);
#1698 = DIRECTION('',(1.,0.));
#1699 = ( GEOMETRIC_REPRESENTATION_CONTEXT(2) 
PARAMETRIC_REPRESENTATION_CONTEXT() REPRESENTATION_CONTEXT('2D SPACE',''
  ) );
#1700 = ORIENTED_EDGE('',*,*,#1701,.T.);
#1701 = EDGE_CURVE('',#1667,#1702,#1704,.T.);
#1702 = VERTEX_POINT('',#1703);
#1703 = CARTESIAN_POINT('',(2.5E+03,-200.,-385.0704155516));
#1704 = SURFACE_CURVE('',#1705,(#1709,#1716),.PCURVE_S1.);
#1705 = LINE('',#1706,#1707);
#1706 = CARTESIAN_POINT('',(2.5E+03,-210.,-385.0704155516));
#1707 = VECTOR('',#1708,1.);
#1708 = DIRECTION('',(0.,1.,0.));
#1709 = PCURVE('',#1677,#1710);
#1710 = DEFINITIONAL_REPRESENTATION('',(#1711),#1715);
#1711 = LINE('',#1712,#1713);
#1712 = CARTESIAN_POINT('',(0.,0.));
#1713 = VECTOR('',#1714,1.);
#1714 = DIRECTION('',(0.,-1.));
#1715 = ( GEOMETRIC_REPRESENTATION_CONTEXT(2) 
PARAMETRIC_REPRESENTATION_CONTEXT() REPRESENTATION_CONTEXT('2D SPACE',''
  ) );
#1716 = PCURVE('',#1717,#1722);
#1717 = PLANE('',#1718);
#1718 = AXIS2_PLACEMENT_3D('',#1719,#1720,#1721);
#1719 = CARTESIAN_POINT('',(2.5E+03,-210.,-385.0704155516));
#1720 = DIRECTION('',(0.,0.,1.));
#1721 = DIRECTION('',(1.,0.,0.));
#1722 = DEFINITIONAL_REPRESENTATION('',(#1723),#1727);
#1723 = LINE('',#1724,#1725);
#1724 = CARTESIAN_POINT('',(0.,0.));
#1725 = VECTOR('',#1726,1.);
#1726 = DIRECTION('',(0.,1.));
#1727 = ( GEOMETRIC_REPRESENTATION_CONTEXT(2) 
PARAMETRIC_REPRESENTATION_CONTEXT() REPRESENTATION_CONTEXT('2D SPACE',''
  ) );
#1728 = ORIENTED_EDGE('',*,*,#1729,.T.);
#1729 = EDGE_CURVE('',#1702,#1730,#1732,.T.);
#1730 = VERTEX_POINT('',#1731);
#1731 = CARTESIAN_POINT('',(2.5E+03,-200.,-325.0704155516));
#1732 = SURFACE_CURVE('',#1733,(#1737,#1744),.PCURVE_S1.);
#1733 = LINE('',#1734,#1735);
#1734 = CARTESIAN_POINT('',(2.5E+03,-200.,-385.0704155516));
#1735 = VECTOR('',#1736,1.);
#1736 = DIRECTION('',(0.,0.,1.));
#1737 = PCURVE('',#1677,#1738);
#1738 = DEFINITIONAL_REPRESENTATION('',(#1739),#1743);
#1739 = LINE('',#1740,#1741);
#1740 = CARTESIAN_POINT('',(0.,-10.));
#1741 = VECTOR('',#1742,1.);
#1742 = DIRECTION('',(1.,0.));
#1743 = ( GEOMETRIC_REPRESENTATION_CONTEXT(2) 
PARAMETRIC_REPRESENTATION_CONTEXT() REPRESENTATION_CONTEXT('2D SPACE',''
  ) );
#1744 = PCURVE('',#1745,#1750);
#1745 = PLANE('',#1746);
#1746 = AXIS2_PLACEMENT_3D('',#1747,#1748,#1749);
#1747 = CARTESIAN_POINT('',(2.5E+03,-200.,-385.0704155516));
#1748 = DIRECTION('',(0.,1.,0.));
#1749 = DIRECTION('',(0.,0.,1.));
#1750 = DEFINITIONAL_REPRESENTATION('',(#1751),#1755);
#1751 = LINE('',#1752,#1753);
#1752 = CARTESIAN_POINT('',(0.,0.));
#1753 = VECTOR('',#1754,1.);
#1754 = DIRECTION('',(1.,0.));
#1755 = ( GEOMETRIC_REPRESENTATION_CONTEXT(2) 
PARAMETRIC_REPRESENTATION_CONTEXT() REPRESENTATION_CONTEXT('2D SPACE',''
  ) );
#1756 = ORIENTED_EDGE('',*,*,#1757,.F.);
#1757 = EDGE_CURVE('',#1669,#1730,#1758,.T.);
#1758 = SURFACE_CURVE('',#1759,(#1763,#1770),.PCURVE_S1.);
#1759 = LINE('',#1760,#1761);
#1760 = CARTESIAN_POINT('',(2.5E+03,-210.,-325.0704155516));
#1761 = VECTOR('',#1762,1.);
#1762 = DIRECTION('',(0.,1.,0.));
#1763 = PCURVE('',#1677,#1764);
#1764 = DEFINITIONAL_REPRESENTATION('',(#1765),#1769);
#1765 = LINE('',#1766,#1767);
#1766 = CARTESIAN_POINT('',(60.,0.));
#1767 = VECTOR('',#1768,1.);
#1768 = DIRECTION('',(0.,-1.));
#1769 = ( GEOMETRIC_REPRESENTATION_CONTEXT(2) 
PARAMETRIC_REPRESENTATION_CONTEXT() REPRESENTATION_CONTEXT('2D SPACE',''
  ) );
#1770 = PCURVE('',#1771,#1776);
#1771 = PLANE('',#1772);
#1772 = AXIS2_PLACEMENT_3D('',#1773,#1774,#1775);
#1773 = CARTESIAN_POINT('',(2.5E+03,-210.,-325.0704155516));
#1774 = DIRECTION('',(0.,0.,1.));
#1775 = DIRECTION('',(1.,0.,0.));
#1776 = DEFINITIONAL_REPRESENTATION('',(#1777),#1781);
#1777 = LINE('',#1778,#1779);
#1778 = CARTESIAN_POINT('',(0.,0.));
#1779 = VECTOR('',#1780,1.);
#1780 = DIRECTION('',(0.,1.));
#1781 = ( GEOMETRIC_REPRESENTATION_CONTEXT(2) 
PARAMETRIC_REPRESENTATION_CONTEXT() REPRESENTATION_CONTEXT('2D SPACE',''
  ) );
#1782 = ADVANCED_FACE('',(#1783),#1797,.T.);
#1783 = FACE_BOUND('',#1784,.T.);
#1784 = EDGE_LOOP('',(#1785,#1815,#1838,#1861));
#1785 = ORIENTED_EDGE('',*,*,#1786,.F.);
#1786 = EDGE_CURVE('',#1787,#1789,#1791,.T.);
#1787 = VERTEX_POINT('',#1788);
#1788 = CARTESIAN_POINT('',(2.7E+03,-210.,-385.0704155516));
#1789 = VERTEX_POINT('',#1790);
#1790 = CARTESIAN_POINT('',(2.7E+03,-210.,-325.0704155516));
#1791 = SURFACE_CURVE('',#1792,(#1796,#1808),.PCURVE_S1.);
#1792 = LINE('',#1793,#1794);
#1793 = CARTESIAN_POINT('',(2.7E+03,-210.,-385.0704155516));
#1794 = VECTOR('',#1795,1.);
#1795 = DIRECTION('',(0.,0.,1.));
#1796 = PCURVE('',#1797,#1802);
#1797 = PLANE('',#1798);
#1798 = AXIS2_PLACEMENT_3D('',#1799,#1800,#1801);
#1799 = CARTESIAN_POINT('',(2.7E+03,-210.,-385.0704155516));
#1800 = DIRECTION('',(1.,0.,0.));
#1801 = DIRECTION('',(0.,0.,1.));
#1802 = DEFINITIONAL_REPRESENTATION('',(#1803),#1807);
#1803 = LINE('',#1804,#1805);
#1804 = CARTESIAN_POINT('',(0.,0.));
#1805 = VECTOR('',#1806,1.);
#1806 = DIRECTION('',(1.,0.));
#1807 = ( GEOMETRIC_REPRESENTATION_CONTEXT(2) 
PARAMETRIC_REPRESENTATION_CONTEXT() REPRESENTATION_CONTEXT('2D SPACE',''
  ) );
#1808 = PCURVE('',#1689,#1809);
#1809 = DEFINITIONAL_REPRESENTATION('',(#1810),#1814);
#1810 = LINE('',#1811,#1812);
#1811 = CARTESIAN_POINT('',(0.,200.));
#1812 = VECTOR('',#1813,1.);
#1813 = DIRECTION('',(1.,0.));
#1814 = ( GEOMETRIC_REPRESENTATION_CONTEXT(2) 
PARAMETRIC_REPRESENTATION_CONTEXT() REPRESENTATION_CONTEXT('2D SPACE',''
  ) );
#1815 = ORIENTED_EDGE('',*,*,#1816,.T.);
#1816 = EDGE_CURVE('',#1787,#1817,#1819,.T.);
#1817 = VERTEX_POINT('',#1818);
#1818 = CARTESIAN_POINT('',(2.7E+03,-200.,-385.0704155516));
#1819 = SURFACE_CURVE('',#1820,(#1824,#1831),.PCURVE_S1.);
#1820 = LINE('',#1821,#1822);
#1821 = CARTESIAN_POINT('',(2.7E+03,-210.,-385.0704155516));
#1822 = VECTOR('',#1823,1.);
#1823 = DIRECTION('',(0.,1.,0.));
#1824 = PCURVE('',#1797,#1825);
#1825 = DEFINITIONAL_REPRESENTATION('',(#1826),#1830);
#1826 = LINE('',#1827,#1828);
#1827 = CARTESIAN_POINT('',(0.,0.));
#1828 = VECTOR('',#1829,1.);
#1829 = DIRECTION('',(0.,-1.));
#1830 = ( GEOMETRIC_REPRESENTATION_CONTEXT(2) 
PARAMETRIC_REPRESENTATION_CONTEXT() REPRESENTATION_CONTEXT('2D SPACE',''
  ) );
#1831 = PCURVE('',#1717,#1832);
#1832 = DEFINITIONAL_REPRESENTATION('',(#1833),#1837);
#1833 = LINE('',#1834,#1835);
#1834 = CARTESIAN_POINT('',(200.,0.));
#1835 = VECTOR('',#1836,1.);
#1836 = DIRECTION('',(0.,1.));
#1837 = ( GEOMETRIC_REPRESENTATION_CONTEXT(2) 
PARAMETRIC_REPRESENTATION_CONTEXT() REPRESENTATION_CONTEXT('2D SPACE',''
  ) );
#1838 = ORIENTED_EDGE('',*,*,#1839,.T.);
#1839 = EDGE_CURVE('',#1817,#1840,#1842,.T.);
#1840 = VERTEX_POINT('',#1841);
#1841 = CARTESIAN_POINT('',(2.7E+03,-200.,-325.0704155516));
#1842 = SURFACE_CURVE('',#1843,(#1847,#1854),.PCURVE_S1.);
#1843 = LINE('',#1844,#1845);
#1844 = CARTESIAN_POINT('',(2.7E+03,-200.,-385.0704155516));
#1845 = VECTOR('',#1846,1.);
#1846 = DIRECTION('',(0.,0.,1.));
#1847 = PCURVE('',#1797,#1848);
#1848 = DEFINITIONAL_REPRESENTATION('',(#1849),#1853);
#1849 = LINE('',#1850,#1851);
#1850 = CARTESIAN_POINT('',(0.,-10.));
#1851 = VECTOR('',#1852,1.);
#1852 = DIRECTION('',(1.,0.));
#1853 = ( GEOMETRIC_REPRESENTATION_CONTEXT(2) 
PARAMETRIC_REPRESENTATION_CONTEXT() REPRESENTATION_CONTEXT('2D SPACE',''
  ) );
#1854 = PCURVE('',#1745,#1855);
#1855 = DEFINITIONAL_REPRESENTATION('',(#1856),#1860);
#1856 = LINE('',#1857,#1858);
#1857 = CARTESIAN_POINT('',(0.,200.));
#1858 = VECTOR('',#1859,1.);
#1859 = DIRECTION('',(1.,0.));
#1860 = ( GEOMETRIC_REPRESENTATION_CONTEXT(2) 
PARAMETRIC_REPRESENTATION_CONTEXT() REPRESENTATION_CONTEXT('2D SPACE',''
  ) );
#1861 = ORIENTED_EDGE('',*,*,#1862,.F.);
#1862 = EDGE_CURVE('',#1789,#1840,#1863,.T.);
#1863 = SURFACE_CURVE('',#1864,(#1868,#1875),.PCURVE_S1.);
#1864 = LINE('',#1865,#1866);
#1865 = CARTESIAN_POINT('',(2.7E+03,-210.,-325.0704155516));
#1866 = VECTOR('',#1867,1.);
#1867 = DIRECTION('',(0.,1.,0.));
#1868 = PCURVE('',#1797,#1869);
#1869 = DEFINITIONAL_REPRESENTATION('',(#1870),#1874);
#1870 = LINE('',#1871,#1872);
#1871 = CARTESIAN_POINT('',(60.,0.));
#1872 = VECTOR('',#1873,1.);
#1873 = DIRECTION('',(0.,-1.));
#1874 = ( GEOMETRIC_REPRESENTATION_CONTEXT(2) 
PARAMETRIC_REPRESENTATION_CONTEXT() REPRESENTATION_CONTEXT('2D SPACE',''
  ) );
#1875 = PCURVE('',#1771,#1876);
#1876 = DEFINITIONAL_REPRESENTATION('',(#1877),#1881);
#1877 = LINE('',#1878,#1879);
#1878 = CARTESIAN_POINT('',(200.,0.));
#1879 = VECTOR('',#1880,1.);
#1880 = DIRECTION('',(0.,1.));
#1881 = ( GEOMETRIC_REPRESENTATION_CONTEXT(2) 
PARAMETRIC_REPRESENTATION_CONTEXT() REPRESENTATION_CONTEXT('2D SPACE',''
  ) );
#1882 = ADVANCED_FACE('',(#1883),#1689,.F.);
#1883 = FACE_BOUND('',#1884,.F.);
#1884 = EDGE_LOOP('',(#1885,#1906,#1907,#1928));
#1885 = ORIENTED_EDGE('',*,*,#1886,.F.);
#1886 = EDGE_CURVE('',#1667,#1787,#1887,.T.);
#1887 = SURFACE_CURVE('',#1888,(#1892,#1899),.PCURVE_S1.);
#1888 = LINE('',#1889,#1890);
#1889 = CARTESIAN_POINT('',(2.5E+03,-210.,-385.0704155516));
#1890 = VECTOR('',#1891,1.);
#1891 = DIRECTION('',(1.,0.,0.));
#1892 = PCURVE('',#1689,#1893);
#1893 = DEFINITIONAL_REPRESENTATION('',(#1894),#1898);
#1894 = LINE('',#1895,#1896);
#1895 = CARTESIAN_POINT('',(0.,0.));
#1896 = VECTOR('',#1897,1.);
#1897 = DIRECTION('',(0.,1.));
#1898 = ( GEOMETRIC_REPRESENTATION_CONTEXT(2) 
PARAMETRIC_REPRESENTATION_CONTEXT() REPRESENTATION_CONTEXT('2D SPACE',''
  ) );
#1899 = PCURVE('',#1717,#1900);
#1900 = DEFINITIONAL_REPRESENTATION('',(#1901),#1905);
#1901 = LINE('',#1902,#1903);
#1902 = CARTESIAN_POINT('',(0.,0.));
#1903 = VECTOR('',#1904,1.);
#1904 = DIRECTION('',(1.,0.));
#1905 = ( GEOMETRIC_REPRESENTATION_CONTEXT(2) 
PARAMETRIC_REPRESENTATION_CONTEXT() REPRESENTATION_CONTEXT('2D SPACE',''
  ) );
#1906 = ORIENTED_EDGE('',*,*,#1666,.T.);
#1907 = ORIENTED_EDGE('',*,*,#1908,.T.);
#1908 = EDGE_CURVE('',#1669,#1789,#1909,.T.);
#1909 = SURFACE_CURVE('',#1910,(#1914,#1921),.PCURVE_S1.);
#1910 = LINE('',#1911,#1912);
#1911 = CARTESIAN_POINT('',(2.5E+03,-210.,-325.0704155516));
#1912 = VECTOR('',#1913,1.);
#1913 = DIRECTION('',(1.,0.,0.));
#1914 = PCURVE('',#1689,#1915);
#1915 = DEFINITIONAL_REPRESENTATION('',(#1916),#1920);
#1916 = LINE('',#1917,#1918);
#1917 = CARTESIAN_POINT('',(60.,0.));
#1918 = VECTOR('',#1919,1.);
#1919 = DIRECTION('',(0.,1.));
#1920 = ( GEOMETRIC_REPRESENTATION_CONTEXT(2) 
PARAMETRIC_REPRESENTATION_CONTEXT() REPRESENTATION_CONTEXT('2D SPACE',''
  ) );
#1921 = PCURVE('',#1771,#1922);
#1922 = DEFINITIONAL_REPRESENTATION('',(#1923),#1927);
#1923 = LINE('',#1924,#1925);
#1924 = CARTESIAN_POINT('',(0.,0.));
#1925 = VECTOR('',#1926,1.);
#1926 = DIRECTION('',(1.,0.));
#1927 = ( GEOMETRIC_REPRESENTATION_CONTEXT(2) 
PARAMETRIC_REPRESENTATION_CONTEXT() REPRESENTATION_CONTEXT('2D SPACE',''
  ) );
#1928 = ORIENTED_EDGE('',*,*,#1786,.F.);
#1929 = ADVANCED_FACE('',(#1930),#1745,.T.);
#1930 = FACE_BOUND('',#1931,.T.);
#1931 = EDGE_LOOP('',(#1932,#1953,#1954,#1975));
#1932 = ORIENTED_EDGE('',*,*,#1933,.F.);
#1933 = EDGE_CURVE('',#1702,#1817,#1934,.T.);
#1934 = SURFACE_CURVE('',#1935,(#1939,#1946),.PCURVE_S1.);
#1935 = LINE('',#1936,#1937);
#1936 = CARTESIAN_POINT('',(2.5E+03,-200.,-385.0704155516));
#1937 = VECTOR('',#1938,1.);
#1938 = DIRECTION('',(1.,0.,0.));
#1939 = PCURVE('',#1745,#1940);
#1940 = DEFINITIONAL_REPRESENTATION('',(#1941),#1945);
#1941 = LINE('',#1942,#1943);
#1942 = CARTESIAN_POINT('',(0.,0.));
#1943 = VECTOR('',#1944,1.);
#1944 = DIRECTION('',(0.,1.));
#1945 = ( GEOMETRIC_REPRESENTATION_CONTEXT(2) 
PARAMETRIC_REPRESENTATION_CONTEXT() REPRESENTATION_CONTEXT('2D SPACE',''
  ) );
#1946 = PCURVE('',#1717,#1947);
#1947 = DEFINITIONAL_REPRESENTATION('',(#1948),#1952);
#1948 = LINE('',#1949,#1950);
#1949 = CARTESIAN_POINT('',(0.,10.));
#1950 = VECTOR('',#1951,1.);
#1951 = DIRECTION('',(1.,0.));
#1952 = ( GEOMETRIC_REPRESENTATION_CONTEXT(2) 
PARAMETRIC_REPRESENTATION_CONTEXT() REPRESENTATION_CONTEXT('2D SPACE',''
  ) );
#1953 = ORIENTED_EDGE('',*,*,#1729,.T.);
#1954 = ORIENTED_EDGE('',*,*,#1955,.T.);
#1955 = EDGE_CURVE('',#1730,#1840,#1956,.T.);
#1956 = SURFACE_CURVE('',#1957,(#1961,#1968),.PCURVE_S1.);
#1957 = LINE('',#1958,#1959);
#1958 = CARTESIAN_POINT('',(2.5E+03,-200.,-325.0704155516));
#1959 = VECTOR('',#1960,1.);
#1960 = DIRECTION('',(1.,0.,0.));
#1961 = PCURVE('',#1745,#1962);
#1962 = DEFINITIONAL_REPRESENTATION('',(#1963),#1967);
#1963 = LINE('',#1964,#1965);
#1964 = CARTESIAN_POINT('',(60.,0.));
#1965 = VECTOR('',#1966,1.);
#1966 = DIRECTION('',(0.,1.));
#1967 = ( GEOMETRIC_REPRESENTATION_CONTEXT(2) 
PARAMETRIC_REPRESENTATION_CONTEXT() REPRESENTATION_CONTEXT('2D SPACE',''
  ) );
#1968 = PCURVE('',#1771,#1969);
#1969 = DEFINITIONAL_REPRESENTATION('',(#1970),#1974);
#1970 = LINE('',#1971,#1972);
#1971 = CARTESIAN_POINT('',(0.,10.));
#1972 = VECTOR('',#1973,1.);
#1973 = DIRECTION('',(1.,0.));
#1974 = ( GEOMETRIC_REPRESENTATION_CONTEXT(2) 
PARAMETRIC_REPRESENTATION_CONTEXT() REPRESENTATION_CONTEXT('2D SPACE',''
  ) );
#1975 = ORIENTED_EDGE('',*,*,#1839,.F.);
#1976 = ADVANCED_FACE('',(#1977),#1717,.F.);
#1977 = FACE_BOUND('',#1978,.F.);
#1978 = EDGE_LOOP('',(#1979,#1980,#1981,#1982));
#1979 = ORIENTED_EDGE('',*,*,#1701,.F.);
#1980 = ORIENTED_EDGE('',*,*,#1886,.T.);
#1981 = ORIENTED_EDGE('',*,*,#1816,.T.);
#1982 = ORIENTED_EDGE('',*,*,#1933,.F.);
#1983 = ADVANCED_FACE('',(#1984),#1771,.T.);
#1984 = FACE_BOUND('',#1985,.T.);
#1985 = EDGE_LOOP('',(#1986,#1987,#1988,#1989));
#1986 = ORIENTED_EDGE('',*,*,#1757,.F.);
#1987 = ORIENTED_EDGE('',*,*,#1908,.T.);
#1988 = ORIENTED_EDGE('',*,*,#1862,.T.);
#1989 = ORIENTED_EDGE('',*,*,#1955,.F.);
#1990 = ( GEOMETRIC_REPRESENTATION_CONTEXT(3) 
GLOBAL_UNCERTAINTY_ASSIGNED_CONTEXT((#1994)) 
GLOBAL_UNIT_ASSIGNED_CONTEXT((#1991,#1992,#1993)) REPRESENTATION_CONTEXT
('Context #1','3D Context with UNIT and UNCERTAINTY') );
#1991 = ( LENGTH_UNIT() NAMED_UNIT(*) SI_UNIT($,.METRE.) );
#1992 = ( NAMED_UNIT(*) PLANE_ANGLE_UNIT() SI_UNIT($,.RADIAN.) );
#1993 = ( NAMED_UNIT(*) SI_UNIT($,.STERADIAN.) SOLID_ANGLE_UNIT() );
#1994 = UNCERTAINTY_MEASURE_WITH_UNIT(LENGTH_MEASURE(1.E-07),#1991,
  'distance_accuracy_value','confusion accuracy');
#1995 = PRODUCT_RELATED_PRODUCT_CATEGORY('part',$,(#1656));
#1996 = SHAPE_DEFINITION_REPRESENTATION(#1997,#2003);
#1997 = PRODUCT_DEFINITION_SHAPE('','',#1998);
#1998 = PRODUCT_DEFINITION('design','',#1999,#2002);
#1999 = PRODUCT_DEFINITION_FORMATION('','',#2000);
#2000 = PRODUCT('Nozzle','Nozzle','',(#2001));
#2001 = PRODUCT_CONTEXT('',#2,'mechanical');
#2002 = PRODUCT_DEFINITION_CONTEXT('part definition',#2,'design');
#2003 = ADVANCED_BREP_SHAPE_REPRESENTATION('',(#11,#2004),#2102);
#2004 = MANIFOLD_SOLID_BREP('',#2005);
#2005 = CLOSED_SHELL('',(#2006,#2094,#2098));
#2006 = ADVANCED_FACE('',(#2007),#2020,.T.);
#2007 = FACE_BOUND('',#2008,.T.);
#2008 = EDGE_LOOP('',(#2009,#2043,#2066,#2093));
#2009 = ORIENTED_EDGE('',*,*,#2010,.F.);
#2010 = EDGE_CURVE('',#2011,#2011,#2013,.T.);
#2011 = VERTEX_POINT('',#2012);
#2012 = CARTESIAN_POINT('',(3.2E+03,-1.102182119233E-13,-450.));
#2013 = SURFACE_CURVE('',#2014,(#2019,#2031),.PCURVE_S1.);
#2014 = CIRCLE('',#2015,450.);
#2015 = AXIS2_PLACEMENT_3D('',#2016,#2017,#2018);
#2016 = CARTESIAN_POINT('',(3.2E+03,0.,1.554312234475E-13));
#2017 = DIRECTION('',(1.,-0.,2.22044604925E-16));
#2018 = DIRECTION('',(2.22044604925E-16,0.,-1.));
#2019 = PCURVE('',#2020,#2025);
#2020 = CONICAL_SURFACE('',#2021,150.,0.404891786285);
#2021 = AXIS2_PLACEMENT_3D('',#2022,#2023,#2024);
#2022 = CARTESIAN_POINT('',(2.5E+03,0.,0.));
#2023 = DIRECTION('',(1.,0.,2.22044604925E-16));
#2024 = DIRECTION('',(2.22044604925E-16,0.,-1.));
#2025 = DEFINITIONAL_REPRESENTATION('',(#2026),#2030);
#2026 = LINE('',#2027,#2028);
#2027 = CARTESIAN_POINT('',(0.,700.));
#2028 = VECTOR('',#2029,1.);
#2029 = DIRECTION('',(1.,0.));
#2030 = ( GEOMETRIC_REPRESENTATION_CONTEXT(2) 
PARAMETRIC_REPRESENTATION_CONTEXT() REPRESENTATION_CONTEXT('2D SPACE',''
  ) );
#2031 = PCURVE('',#2032,#2037);
#2032 = PLANE('',#2033);
#2033 = AXIS2_PLACEMENT_3D('',#2034,#2035,#2036);
#2034 = CARTESIAN_POINT('',(3.2E+03,0.,1.554312234475E-13));
#2035 = DIRECTION('',(1.,0.,2.22044604925E-16));
#2036 = DIRECTION('',(2.22044604925E-16,0.,-1.));
#2037 = DEFINITIONAL_REPRESENTATION('',(#2038),#2042);
#2038 = CIRCLE('',#2039,450.);
#2039 = AXIS2_PLACEMENT_2D('',#2040,#2041);
#2040 = CARTESIAN_POINT('',(0.,0.));
#2041 = DIRECTION('',(1.,0.));
#2042 = ( GEOMETRIC_REPRESENTATION_CONTEXT(2) 
PARAMETRIC_REPRESENTATION_CONTEXT() REPRESENTATION_CONTEXT('2D SPACE',''
  ) );
#2043 = ORIENTED_EDGE('',*,*,#2044,.F.);
#2044 = EDGE_CURVE('',#2045,#2011,#2047,.T.);
#2045 = VERTEX_POINT('',#2046);
#2046 = CARTESIAN_POINT('',(2.5E+03,-3.673940397442E-14,-150.));
#2047 = SEAM_CURVE('',#2048,(#2052,#2059),.PCURVE_S1.);
#2048 = LINE('',#2049,#2050);
#2049 = CARTESIAN_POINT('',(2.5E+03,-3.673940397442E-14,-150.));
#2050 = VECTOR('',#2051,1.);
#2051 = DIRECTION('',(0.919145030018,-9.648240162547E-17,-0.393919298579
    ));
#2052 = PCURVE('',#2020,#2053);
#2053 = DEFINITIONAL_REPRESENTATION('',(#2054),#2058);
#2054 = LINE('',#2055,#2056);
#2055 = CARTESIAN_POINT('',(6.28318530718,-0.));
#2056 = VECTOR('',#2057,1.);
#2057 = DIRECTION('',(0.,1.));
#2058 = ( GEOMETRIC_REPRESENTATION_CONTEXT(2) 
PARAMETRIC_REPRESENTATION_CONTEXT() REPRESENTATION_CONTEXT('2D SPACE',''
  ) );
#2059 = PCURVE('',#2020,#2060);
#2060 = DEFINITIONAL_REPRESENTATION('',(#2061),#2065);
#2061 = LINE('',#2062,#2063);
#2062 = CARTESIAN_POINT('',(0.,-0.));
#2063 = VECTOR('',#2064,1.);
#2064 = DIRECTION('',(0.,1.));
#2065 = ( GEOMETRIC_REPRESENTATION_CONTEXT(2) 
PARAMETRIC_REPRESENTATION_CONTEXT() REPRESENTATION_CONTEXT('2D SPACE',''
  ) );
#2066 = ORIENTED_EDGE('',*,*,#2067,.T.);
#2067 = EDGE_CURVE('',#2045,#2045,#2068,.T.);
#2068 = SURFACE_CURVE('',#2069,(#2074,#2081),.PCURVE_S1.);
#2069 = CIRCLE('',#2070,150.);
#2070 = AXIS2_PLACEMENT_3D('',#2071,#2072,#2073);
#2071 = CARTESIAN_POINT('',(2.5E+03,0.,0.));
#2072 = DIRECTION('',(1.,-0.,2.22044604925E-16));
#2073 = DIRECTION('',(2.22044604925E-16,0.,-1.));
#2074 = PCURVE('',#2020,#2075);
#2075 = DEFINITIONAL_REPRESENTATION('',(#2076),#2080);
#2076 = LINE('',#2077,#2078);
#2077 = CARTESIAN_POINT('',(0.,0.));
#2078 = VECTOR('',#2079,1.);
#2079 = DIRECTION('',(1.,0.));
#2080 = ( GEOMETRIC_REPRESENTATION_CONTEXT(2) 
PARAMETRIC_REPRESENTATION_CONTEXT() REPRESENTATION_CONTEXT('2D SPACE',''
  ) );
#2081 = PCURVE('',#2082,#2087);
#2082 = PLANE('',#2083);
#2083 = AXIS2_PLACEMENT_3D('',#2084,#2085,#2086);
#2084 = CARTESIAN_POINT('',(2.5E+03,0.,0.));
#2085 = DIRECTION('',(1.,0.,2.22044604925E-16));
#2086 = DIRECTION('',(2.22044604925E-16,0.,-1.));
#2087 = DEFINITIONAL_REPRESENTATION('',(#2088),#2092);
#2088 = CIRCLE('',#2089,150.);
#2089 = AXIS2_PLACEMENT_2D('',#2090,#2091);
#2090 = CARTESIAN_POINT('',(0.,0.));
#2091 = DIRECTION('',(1.,0.));
#2092 = ( GEOMETRIC_REPRESENTATION_CONTEXT(2) 
PARAMETRIC_REPRESENTATION_CONTEXT() REPRESENTATION_CONTEXT('2D SPACE',''
  ) );
#2093 = ORIENTED_EDGE('',*,*,#2044,.T.);
#2094 = ADVANCED_FACE('',(#2095),#2032,.T.);
#2095 = FACE_BOUND('',#2096,.T.);
#2096 = EDGE_LOOP('',(#2097));
#2097 = ORIENTED_EDGE('',*,*,#2010,.T.);
#2098 = ADVANCED_FACE('',(#2099),#2082,.F.);
#2099 = FACE_BOUND('',#2100,.T.);
#2100 = EDGE_LOOP('',(#2101));
#2101 = ORIENTED_EDGE('',*,*,#2067,.F.);
#2102 = ( GEOMETRIC_REPRESENTATION_CONTEXT(3) 
GLOBAL_UNCERTAINTY_ASSIGNED_CONTEXT((#2106)) 
GLOBAL_UNIT_ASSIGNED_CONTEXT((#2103,#2104,#2105)) REPRESENTATION_CONTEXT
('Context #1','3D Context with UNIT and UNCERTAINTY') );
#2103 = ( LENGTH_UNIT() NAMED_UNIT(*) SI_UNIT($,.METRE.) );
#2104 = ( NAMED_UNIT(*) PLANE_ANGLE_UNIT() SI_UNIT($,.RADIAN.) );
#2105 = ( NAMED_UNIT(*) SI_UNIT($,.STERADIAN.) SOLID_ANGLE_UNIT() );
#2106 = UNCERTAINTY_MEASURE_WITH_UNIT(LENGTH_MEASURE(1.E-07),#2103,
  'distance_accuracy_value','confusion accuracy');
#2107 = PRODUCT_RELATED_PRODUCT_CATEGORY('part',$,(#2000));
#2108 = SHAPE_DEFINITION_REPRESENTATION(#2109,#2115);
#2109 = PRODUCT_DEFINITION_SHAPE('','',#2110);
#2110 = PRODUCT_DEFINITION('design','',#2111,#2114);
#2111 = PRODUCT_DEFINITION_FORMATION('','',#2112);
#2112 = PRODUCT('W_Post_3','W_Post_3','',(#2113));
#2113 = PRODUCT_CONTEXT('',#2,'mechanical');
#2114 = PRODUCT_DEFINITION_CONTEXT('part definition',#2,'design');
#2115 = ADVANCED_BREP_SHAPE_REPRESENTATION('',(#11,#2116),#2446);
#2116 = MANIFOLD_SOLID_BREP('',#2117);
#2117 = CLOSED_SHELL('',(#2118,#2238,#2338,#2385,#2432,#2439));
#2118 = ADVANCED_FACE('',(#2119),#2133,.F.);
#2119 = FACE_BOUND('',#2120,.F.);
#2120 = EDGE_LOOP('',(#2121,#2156,#2184,#2212));
#2121 = ORIENTED_EDGE('',*,*,#2122,.F.);
#2122 = EDGE_CURVE('',#2123,#2125,#2127,.T.);
#2123 = VERTEX_POINT('',#2124);
#2124 = CARTESIAN_POINT('',(2.5E+03,-415.,-30.));
#2125 = VERTEX_POINT('',#2126);
#2126 = CARTESIAN_POINT('',(2.5E+03,-415.,30.));
#2127 = SURFACE_CURVE('',#2128,(#2132,#2144),.PCURVE_S1.);
#2128 = LINE('',#2129,#2130);
#2129 = CARTESIAN_POINT('',(2.5E+03,-415.,-30.));
#2130 = VECTOR('',#2131,1.);
#2131 = DIRECTION('',(0.,0.,1.));
#2132 = PCURVE('',#2133,#2138);
#2133 = PLANE('',#2134);
#2134 = AXIS2_PLACEMENT_3D('',#2135,#2136,#2137);
#2135 = CARTESIAN_POINT('',(2.5E+03,-415.,-30.));
#2136 = DIRECTION('',(1.,0.,0.));
#2137 = DIRECTION('',(0.,0.,1.));
#2138 = DEFINITIONAL_REPRESENTATION('',(#2139),#2143);
#2139 = LINE('',#2140,#2141);
#2140 = CARTESIAN_POINT('',(0.,0.));
#2141 = VECTOR('',#2142,1.);
#2142 = DIRECTION('',(1.,0.));
#2143 = ( GEOMETRIC_REPRESENTATION_CONTEXT(2) 
PARAMETRIC_REPRESENTATION_CONTEXT() REPRESENTATION_CONTEXT('2D SPACE',''
  ) );
#2144 = PCURVE('',#2145,#2150);
#2145 = PLANE('',#2146);
#2146 = AXIS2_PLACEMENT_3D('',#2147,#2148,#2149);
#2147 = CARTESIAN_POINT('',(2.5E+03,-415.,-30.));
#2148 = DIRECTION('',(0.,1.,0.));
#2149 = DIRECTION('',(0.,0.,1.));
#2150 = DEFINITIONAL_REPRESENTATION('',(#2151),#2155);
#2151 = LINE('',#2152,#2153);
#2152 = CARTESIAN_POINT('',(0.,0.));
#2153 = VECTOR('',#2154,1.);
#2154 = DIRECTION('',(1.,0.));
#2155 = ( GEOMETRIC_REPRESENTATION_CONTEXT(2) 
PARAMETRIC_REPRESENTATION_CONTEXT() REPRESENTATION_CONTEXT('2D SPACE',''
  ) );
#2156 = ORIENTED_EDGE('',*,*,#2157,.T.);
#2157 = EDGE_CURVE('',#2123,#2158,#2160,.T.);
#2158 = VERTEX_POINT('',#2159);
#2159 = CARTESIAN_POINT('',(2.5E+03,-405.,-30.));
#2160 = SURFACE_CURVE('',#2161,(#2165,#2172),.PCURVE_S1.);
#2161 = LINE('',#2162,#2163);
#2162 = CARTESIAN_POINT('',(2.5E+03,-415.,-30.));
#2163 = VECTOR('',#2164,1.);
#2164 = DIRECTION('',(0.,1.,0.));
#2165 = PCURVE('',#2133,#2166);
#2166 = DEFINITIONAL_REPRESENTATION('',(#2167),#2171);
#2167 = LINE('',#2168,#2169);
#2168 = CARTESIAN_POINT('',(0.,0.));
#2169 = VECTOR('',#2170,1.);
#2170 = DIRECTION('',(0.,-1.));
#2171 = ( GEOMETRIC_REPRESENTATION_CONTEXT(2) 
PARAMETRIC_REPRESENTATION_CONTEXT() REPRESENTATION_CONTEXT('2D SPACE',''
  ) );
#2172 = PCURVE('',#2173,#2178);
#2173 = PLANE('',#2174);
#2174 = AXIS2_PLACEMENT_3D('',#2175,#2176,#2177);
#2175 = CARTESIAN_POINT('',(2.5E+03,-415.,-30.));
#2176 = DIRECTION('',(0.,0.,1.));
#2177 = DIRECTION('',(1.,0.,0.));
#2178 = DEFINITIONAL_REPRESENTATION('',(#2179),#2183);
#2179 = LINE('',#2180,#2181);
#2180 = CARTESIAN_POINT('',(0.,0.));
#2181 = VECTOR('',#2182,1.);
#2182 = DIRECTION('',(0.,1.));
#2183 = ( GEOMETRIC_REPRESENTATION_CONTEXT(2) 
PARAMETRIC_REPRESENTATION_CONTEXT() REPRESENTATION_CONTEXT('2D SPACE',''
  ) );
#2184 = ORIENTED_EDGE('',*,*,#2185,.T.);
#2185 = EDGE_CURVE('',#2158,#2186,#2188,.T.);
#2186 = VERTEX_POINT('',#2187);
#2187 = CARTESIAN_POINT('',(2.5E+03,-405.,30.));
#2188 = SURFACE_CURVE('',#2189,(#2193,#2200),.PCURVE_S1.);
#2189 = LINE('',#2190,#2191);
#2190 = CARTESIAN_POINT('',(2.5E+03,-405.,-30.));
#2191 = VECTOR('',#2192,1.);
#2192 = DIRECTION('',(0.,0.,1.));
#2193 = PCURVE('',#2133,#2194);
#2194 = DEFINITIONAL_REPRESENTATION('',(#2195),#2199);
#2195 = LINE('',#2196,#2197);
#2196 = CARTESIAN_POINT('',(0.,-10.));
#2197 = VECTOR('',#2198,1.);
#2198 = DIRECTION('',(1.,0.));
#2199 = ( GEOMETRIC_REPRESENTATION_CONTEXT(2) 
PARAMETRIC_REPRESENTATION_CONTEXT() REPRESENTATION_CONTEXT('2D SPACE',''
  ) );
#2200 = PCURVE('',#2201,#2206);
#2201 = PLANE('',#2202);
#2202 = AXIS2_PLACEMENT_3D('',#2203,#2204,#2205);
#2203 = CARTESIAN_POINT('',(2.5E+03,-405.,-30.));
#2204 = DIRECTION('',(0.,1.,0.));
#2205 = DIRECTION('',(0.,0.,1.));
#2206 = DEFINITIONAL_REPRESENTATION('',(#2207),#2211);
#2207 = LINE('',#2208,#2209);
#2208 = CARTESIAN_POINT('',(0.,0.));
#2209 = VECTOR('',#2210,1.);
#2210 = DIRECTION('',(1.,0.));
#2211 = ( GEOMETRIC_REPRESENTATION_CONTEXT(2) 
PARAMETRIC_REPRESENTATION_CONTEXT() REPRESENTATION_CONTEXT('2D SPACE',''
  ) );
#2212 = ORIENTED_EDGE('',*,*,#2213,.F.);
#2213 = EDGE_CURVE('',#2125,#2186,#2214,.T.);
#2214 = SURFACE_CURVE('',#2215,(#2219,#2226),.PCURVE_S1.);
#2215 = LINE('',#2216,#2217);
#2216 = CARTESIAN_POINT('',(2.5E+03,-415.,30.));
#2217 = VECTOR('',#2218,1.);
#2218 = DIRECTION('',(0.,1.,0.));
#2219 = PCURVE('',#2133,#2220);
#2220 = DEFINITIONAL_REPRESENTATION('',(#2221),#2225);
#2221 = LINE('',#2222,#2223);
#2222 = CARTESIAN_POINT('',(60.,0.));
#2223 = VECTOR('',#2224,1.);
#2224 = DIRECTION('',(0.,-1.));
#2225 = ( GEOMETRIC_REPRESENTATION_CONTEXT(2) 
PARAMETRIC_REPRESENTATION_CONTEXT() REPRESENTATION_CONTEXT('2D SPACE',''
  ) );
#2226 = PCURVE('',#2227,#2232);
#2227 = PLANE('',#2228);
#2228 = AXIS2_PLACEMENT_3D('',#2229,#2230,#2231);
#2229 = CARTESIAN_POINT('',(2.5E+03,-415.,30.));
#2230 = DIRECTION('',(0.,0.,1.));
#2231 = DIRECTION('',(1.,0.,0.));
#2232 = DEFINITIONAL_REPRESENTATION('',(#2233),#2237);
#2233 = LINE('',#2234,#2235);
#2234 = CARTESIAN_POINT('',(0.,0.));
#2235 = VECTOR('',#2236,1.);
#2236 = DIRECTION('',(0.,1.));
#2237 = ( GEOMETRIC_REPRESENTATION_CONTEXT(2) 
PARAMETRIC_REPRESENTATION_CONTEXT() REPRESENTATION_CONTEXT('2D SPACE',''
  ) );
#2238 = ADVANCED_FACE('',(#2239),#2253,.T.);
#2239 = FACE_BOUND('',#2240,.T.);
#2240 = EDGE_LOOP('',(#2241,#2271,#2294,#2317));
#2241 = ORIENTED_EDGE('',*,*,#2242,.F.);
#2242 = EDGE_CURVE('',#2243,#2245,#2247,.T.);
#2243 = VERTEX_POINT('',#2244);
#2244 = CARTESIAN_POINT('',(2.7E+03,-415.,-30.));
#2245 = VERTEX_POINT('',#2246);
#2246 = CARTESIAN_POINT('',(2.7E+03,-415.,30.));
#2247 = SURFACE_CURVE('',#2248,(#2252,#2264),.PCURVE_S1.);
#2248 = LINE('',#2249,#2250);
#2249 = CARTESIAN_POINT('',(2.7E+03,-415.,-30.));
#2250 = VECTOR('',#2251,1.);
#2251 = DIRECTION('',(0.,0.,1.));
#2252 = PCURVE('',#2253,#2258);
#2253 = PLANE('',#2254);
#2254 = AXIS2_PLACEMENT_3D('',#2255,#2256,#2257);
#2255 = CARTESIAN_POINT('',(2.7E+03,-415.,-30.));
#2256 = DIRECTION('',(1.,0.,0.));
#2257 = DIRECTION('',(0.,0.,1.));
#2258 = DEFINITIONAL_REPRESENTATION('',(#2259),#2263);
#2259 = LINE('',#2260,#2261);
#2260 = CARTESIAN_POINT('',(0.,0.));
#2261 = VECTOR('',#2262,1.);
#2262 = DIRECTION('',(1.,0.));
#2263 = ( GEOMETRIC_REPRESENTATION_CONTEXT(2) 
PARAMETRIC_REPRESENTATION_CONTEXT() REPRESENTATION_CONTEXT('2D SPACE',''
  ) );
#2264 = PCURVE('',#2145,#2265);
#2265 = DEFINITIONAL_REPRESENTATION('',(#2266),#2270);
#2266 = LINE('',#2267,#2268);
#2267 = CARTESIAN_POINT('',(0.,200.));
#2268 = VECTOR('',#2269,1.);
#2269 = DIRECTION('',(1.,0.));
#2270 = ( GEOMETRIC_REPRESENTATION_CONTEXT(2) 
PARAMETRIC_REPRESENTATION_CONTEXT() REPRESENTATION_CONTEXT('2D SPACE',''
  ) );
#2271 = ORIENTED_EDGE('',*,*,#2272,.T.);
#2272 = EDGE_CURVE('',#2243,#2273,#2275,.T.);
#2273 = VERTEX_POINT('',#2274);
#2274 = CARTESIAN_POINT('',(2.7E+03,-405.,-30.));
#2275 = SURFACE_CURVE('',#2276,(#2280,#2287),.PCURVE_S1.);
#2276 = LINE('',#2277,#2278);
#2277 = CARTESIAN_POINT('',(2.7E+03,-415.,-30.));
#2278 = VECTOR('',#2279,1.);
#2279 = DIRECTION('',(0.,1.,0.));
#2280 = PCURVE('',#2253,#2281);
#2281 = DEFINITIONAL_REPRESENTATION('',(#2282),#2286);
#2282 = LINE('',#2283,#2284);
#2283 = CARTESIAN_POINT('',(0.,0.));
#2284 = VECTOR('',#2285,1.);
#2285 = DIRECTION('',(0.,-1.));
#2286 = ( GEOMETRIC_REPRESENTATION_CONTEXT(2) 
PARAMETRIC_REPRESENTATION_CONTEXT() REPRESENTATION_CONTEXT('2D SPACE',''
  ) );
#2287 = PCURVE('',#2173,#2288);
#2288 = DEFINITIONAL_REPRESENTATION('',(#2289),#2293);
#2289 = LINE('',#2290,#2291);
#2290 = CARTESIAN_POINT('',(200.,0.));
#2291 = VECTOR('',#2292,1.);
#2292 = DIRECTION('',(0.,1.));
#2293 = ( GEOMETRIC_REPRESENTATION_CONTEXT(2) 
PARAMETRIC_REPRESENTATION_CONTEXT() REPRESENTATION_CONTEXT('2D SPACE',''
  ) );
#2294 = ORIENTED_EDGE('',*,*,#2295,.T.);
#2295 = EDGE_CURVE('',#2273,#2296,#2298,.T.);
#2296 = VERTEX_POINT('',#2297);
#2297 = CARTESIAN_POINT('',(2.7E+03,-405.,30.));
#2298 = SURFACE_CURVE('',#2299,(#2303,#2310),.PCURVE_S1.);
#2299 = LINE('',#2300,#2301);
#2300 = CARTESIAN_POINT('',(2.7E+03,-405.,-30.));
#2301 = VECTOR('',#2302,1.);
#2302 = DIRECTION('',(0.,0.,1.));
#2303 = PCURVE('',#2253,#2304);
#2304 = DEFINITIONAL_REPRESENTATION('',(#2305),#2309);
#2305 = LINE('',#2306,#2307);
#2306 = CARTESIAN_POINT('',(0.,-10.));
#2307 = VECTOR('',#2308,1.);
#2308 = DIRECTION('',(1.,0.));
#2309 = ( GEOMETRIC_REPRESENTATION_CONTEXT(2) 
PARAMETRIC_REPRESENTATION_CONTEXT() REPRESENTATION_CONTEXT('2D SPACE',''
  ) );
#2310 = PCURVE('',#2201,#2311);
#2311 = DEFINITIONAL_REPRESENTATION('',(#2312),#2316);
#2312 = LINE('',#2313,#2314);
#2313 = CARTESIAN_POINT('',(0.,200.));
#2314 = VECTOR('',#2315,1.);
#2315 = DIRECTION('',(1.,0.));
#2316 = ( GEOMETRIC_REPRESENTATION_CONTEXT(2) 
PARAMETRIC_REPRESENTATION_CONTEXT() REPRESENTATION_CONTEXT('2D SPACE',''
  ) );
#2317 = ORIENTED_EDGE('',*,*,#2318,.F.);
#2318 = EDGE_CURVE('',#2245,#2296,#2319,.T.);
#2319 = SURFACE_CURVE('',#2320,(#2324,#2331),.PCURVE_S1.);
#2320 = LINE('',#2321,#2322);
#2321 = CARTESIAN_POINT('',(2.7E+03,-415.,30.));
#2322 = VECTOR('',#2323,1.);
#2323 = DIRECTION('',(0.,1.,0.));
#2324 = PCURVE('',#2253,#2325);
#2325 = DEFINITIONAL_REPRESENTATION('',(#2326),#2330);
#2326 = LINE('',#2327,#2328);
#2327 = CARTESIAN_POINT('',(60.,0.));
#2328 = VECTOR('',#2329,1.);
#2329 = DIRECTION('',(0.,-1.));
#2330 = ( GEOMETRIC_REPRESENTATION_CONTEXT(2) 
PARAMETRIC_REPRESENTATION_CONTEXT() REPRESENTATION_CONTEXT('2D SPACE',''
  ) );
#2331 = PCURVE('',#2227,#2332);
#2332 = DEFINITIONAL_REPRESENTATION('',(#2333),#2337);
#2333 = LINE('',#2334,#2335);
#2334 = CARTESIAN_POINT('',(200.,0.));
#2335 = VECTOR('',#2336,1.);
#2336 = DIRECTION('',(0.,1.));
#2337 = ( GEOMETRIC_REPRESENTATION_CONTEXT(2) 
PARAMETRIC_REPRESENTATION_CONTEXT() REPRESENTATION_CONTEXT('2D SPACE',''
  ) );
#2338 = ADVANCED_FACE('',(#2339),#2145,.F.);
#2339 = FACE_BOUND('',#2340,.F.);
#2340 = EDGE_LOOP('',(#2341,#2362,#2363,#2384));
#2341 = ORIENTED_EDGE('',*,*,#2342,.F.);
#2342 = EDGE_CURVE('',#2123,#2243,#2343,.T.);
#2343 = SURFACE_CURVE('',#2344,(#2348,#2355),.PCURVE_S1.);
#2344 = LINE('',#2345,#2346);
#2345 = CARTESIAN_POINT('',(2.5E+03,-415.,-30.));
#2346 = VECTOR('',#2347,1.);
#2347 = DIRECTION('',(1.,0.,0.));
#2348 = PCURVE('',#2145,#2349);
#2349 = DEFINITIONAL_REPRESENTATION('',(#2350),#2354);
#2350 = LINE('',#2351,#2352);
#2351 = CARTESIAN_POINT('',(0.,0.));
#2352 = VECTOR('',#2353,1.);
#2353 = DIRECTION('',(0.,1.));
#2354 = ( GEOMETRIC_REPRESENTATION_CONTEXT(2) 
PARAMETRIC_REPRESENTATION_CONTEXT() REPRESENTATION_CONTEXT('2D SPACE',''
  ) );
#2355 = PCURVE('',#2173,#2356);
#2356 = DEFINITIONAL_REPRESENTATION('',(#2357),#2361);
#2357 = LINE('',#2358,#2359);
#2358 = CARTESIAN_POINT('',(0.,0.));
#2359 = VECTOR('',#2360,1.);
#2360 = DIRECTION('',(1.,0.));
#2361 = ( GEOMETRIC_REPRESENTATION_CONTEXT(2) 
PARAMETRIC_REPRESENTATION_CONTEXT() REPRESENTATION_CONTEXT('2D SPACE',''
  ) );
#2362 = ORIENTED_EDGE('',*,*,#2122,.T.);
#2363 = ORIENTED_EDGE('',*,*,#2364,.T.);
#2364 = EDGE_CURVE('',#2125,#2245,#2365,.T.);
#2365 = SURFACE_CURVE('',#2366,(#2370,#2377),.PCURVE_S1.);
#2366 = LINE('',#2367,#2368);
#2367 = CARTESIAN_POINT('',(2.5E+03,-415.,30.));
#2368 = VECTOR('',#2369,1.);
#2369 = DIRECTION('',(1.,0.,0.));
#2370 = PCURVE('',#2145,#2371);
#2371 = DEFINITIONAL_REPRESENTATION('',(#2372),#2376);
#2372 = LINE('',#2373,#2374);
#2373 = CARTESIAN_POINT('',(60.,0.));
#2374 = VECTOR('',#2375,1.);
#2375 = DIRECTION('',(0.,1.));
#2376 = ( GEOMETRIC_REPRESENTATION_CONTEXT(2) 
PARAMETRIC_REPRESENTATION_CONTEXT() REPRESENTATION_CONTEXT('2D SPACE',''
  ) );
#2377 = PCURVE('',#2227,#2378);
#2378 = DEFINITIONAL_REPRESENTATION('',(#2379),#2383);
#2379 = LINE('',#2380,#2381);
#2380 = CARTESIAN_POINT('',(0.,0.));
#2381 = VECTOR('',#2382,1.);
#2382 = DIRECTION('',(1.,0.));
#2383 = ( GEOMETRIC_REPRESENTATION_CONTEXT(2) 
PARAMETRIC_REPRESENTATION_CONTEXT() REPRESENTATION_CONTEXT('2D SPACE',''
  ) );
#2384 = ORIENTED_EDGE('',*,*,#2242,.F.);
#2385 = ADVANCED_FACE('',(#2386),#2201,.T.);
#2386 = FACE_BOUND('',#2387,.T.);
#2387 = EDGE_LOOP('',(#2388,#2409,#2410,#2431));
#2388 = ORIENTED_EDGE('',*,*,#2389,.F.);
#2389 = EDGE_CURVE('',#2158,#2273,#2390,.T.);
#2390 = SURFACE_CURVE('',#2391,(#2395,#2402),.PCURVE_S1.);
#2391 = LINE('',#2392,#2393);
#2392 = CARTESIAN_POINT('',(2.5E+03,-405.,-30.));
#2393 = VECTOR('',#2394,1.);
#2394 = DIRECTION('',(1.,0.,0.));
#2395 = PCURVE('',#2201,#2396);
#2396 = DEFINITIONAL_REPRESENTATION('',(#2397),#2401);
#2397 = LINE('',#2398,#2399);
#2398 = CARTESIAN_POINT('',(0.,0.));
#2399 = VECTOR('',#2400,1.);
#2400 = DIRECTION('',(0.,1.));
#2401 = ( GEOMETRIC_REPRESENTATION_CONTEXT(2) 
PARAMETRIC_REPRESENTATION_CONTEXT() REPRESENTATION_CONTEXT('2D SPACE',''
  ) );
#2402 = PCURVE('',#2173,#2403);
#2403 = DEFINITIONAL_REPRESENTATION('',(#2404),#2408);
#2404 = LINE('',#2405,#2406);
#2405 = CARTESIAN_POINT('',(0.,10.));
#2406 = VECTOR('',#2407,1.);
#2407 = DIRECTION('',(1.,0.));
#2408 = ( GEOMETRIC_REPRESENTATION_CONTEXT(2) 
PARAMETRIC_REPRESENTATION_CONTEXT() REPRESENTATION_CONTEXT('2D SPACE',''
  ) );
#2409 = ORIENTED_EDGE('',*,*,#2185,.T.);
#2410 = ORIENTED_EDGE('',*,*,#2411,.T.);
#2411 = EDGE_CURVE('',#2186,#2296,#2412,.T.);
#2412 = SURFACE_CURVE('',#2413,(#2417,#2424),.PCURVE_S1.);
#2413 = LINE('',#2414,#2415);
#2414 = CARTESIAN_POINT('',(2.5E+03,-405.,30.));
#2415 = VECTOR('',#2416,1.);
#2416 = DIRECTION('',(1.,0.,0.));
#2417 = PCURVE('',#2201,#2418);
#2418 = DEFINITIONAL_REPRESENTATION('',(#2419),#2423);
#2419 = LINE('',#2420,#2421);
#2420 = CARTESIAN_POINT('',(60.,0.));
#2421 = VECTOR('',#2422,1.);
#2422 = DIRECTION('',(0.,1.));
#2423 = ( GEOMETRIC_REPRESENTATION_CONTEXT(2) 
PARAMETRIC_REPRESENTATION_CONTEXT() REPRESENTATION_CONTEXT('2D SPACE',''
  ) );
#2424 = PCURVE('',#2227,#2425);
#2425 = DEFINITIONAL_REPRESENTATION('',(#2426),#2430);
#2426 = LINE('',#2427,#2428);
#2427 = CARTESIAN_POINT('',(0.,10.));
#2428 = VECTOR('',#2429,1.);
#2429 = DIRECTION('',(1.,0.));
#2430 = ( GEOMETRIC_REPRESENTATION_CONTEXT(2) 
PARAMETRIC_REPRESENTATION_CONTEXT() REPRESENTATION_CONTEXT('2D SPACE',''
  ) );
#2431 = ORIENTED_EDGE('',*,*,#2295,.F.);
#2432 = ADVANCED_FACE('',(#2433),#2173,.F.);
#2433 = FACE_BOUND('',#2434,.F.);
#2434 = EDGE_LOOP('',(#2435,#2436,#2437,#2438));
#2435 = ORIENTED_EDGE('',*,*,#2157,.F.);
#2436 = ORIENTED_EDGE('',*,*,#2342,.T.);
#2437 = ORIENTED_EDGE('',*,*,#2272,.T.);
#2438 = ORIENTED_EDGE('',*,*,#2389,.F.);
#2439 = ADVANCED_FACE('',(#2440),#2227,.T.);
#2440 = FACE_BOUND('',#2441,.T.);
#2441 = EDGE_LOOP('',(#2442,#2443,#2444,#2445));
#2442 = ORIENTED_EDGE('',*,*,#2213,.F.);
#2443 = ORIENTED_EDGE('',*,*,#2364,.T.);
#2444 = ORIENTED_EDGE('',*,*,#2318,.T.);
#2445 = ORIENTED_EDGE('',*,*,#2411,.F.);
#2446 = ( GEOMETRIC_REPRESENTATION_CONTEXT(3) 
GLOBAL_UNCERTAINTY_ASSIGNED_CONTEXT((#2450)) 
GLOBAL_UNIT_ASSIGNED_CONTEXT((#2447,#2448,#2449)) REPRESENTATION_CONTEXT
('Context #1','3D Context with UNIT and UNCERTAINTY') );
#2447 = ( LENGTH_UNIT() NAMED_UNIT(*) SI_UNIT($,.METRE.) );
#2448 = ( NAMED_UNIT(*) PLANE_ANGLE_UNIT() SI_UNIT($,.RADIAN.) );
#2449 = ( NAMED_UNIT(*) SI_UNIT($,.STERADIAN.) SOLID_ANGLE_UNIT() );
#2450 = UNCERTAINTY_MEASURE_WITH_UNIT(LENGTH_MEASURE(1.E-07),#2447,
  'distance_accuracy_value','confusion accuracy');
#2451 = PRODUCT_RELATED_PRODUCT_CATEGORY('part',$,(#2112));
#2452 = SHAPE_DEFINITION_REPRESENTATION(#2453,#2459);
#2453 = PRODUCT_DEFINITION_SHAPE('','',#2454);
#2454 = PRODUCT_DEFINITION('design','',#2455,#2458);
#2455 = PRODUCT_DEFINITION_FORMATION('','',#2456);
#2456 = PRODUCT('Truss_Top','Truss_Top','',(#2457));
#2457 = PRODUCT_CONTEXT('',#2,'mechanical');
#2458 = PRODUCT_DEFINITION_CONTEXT('part definition',#2,'design');
#2459 = ADVANCED_BREP_SHAPE_REPRESENTATION('',(#11,#2460),#2558);
#2460 = MANIFOLD_SOLID_BREP('',#2461);
#2461 = CLOSED_SHELL('',(#2462,#2550,#2554));
#2462 = ADVANCED_FACE('',(#2463),#2476,.T.);
#2463 = FACE_BOUND('',#2464,.T.);
#2464 = EDGE_LOOP('',(#2465,#2499,#2522,#2549));
#2465 = ORIENTED_EDGE('',*,*,#2466,.F.);
#2466 = EDGE_CURVE('',#2467,#2467,#2469,.T.);
#2467 = VERTEX_POINT('',#2468);
#2468 = CARTESIAN_POINT('',(3.E+03,550.,-40.));
#2469 = SURFACE_CURVE('',#2470,(#2475,#2487),.PCURVE_S1.);
#2470 = CIRCLE('',#2471,40.);
#2471 = AXIS2_PLACEMENT_3D('',#2472,#2473,#2474);
#2472 = CARTESIAN_POINT('',(3.E+03,550.,1.7763568394E-13));
#2473 = DIRECTION('',(1.,-0.,2.22044604925E-16));
#2474 = DIRECTION('',(2.22044604925E-16,0.,-1.));
#2475 = PCURVE('',#2476,#2481);
#2476 = CYLINDRICAL_SURFACE('',#2477,40.);
#2477 = AXIS2_PLACEMENT_3D('',#2478,#2479,#2480);
#2478 = CARTESIAN_POINT('',(2.2E+03,550.,0.));
#2479 = DIRECTION('',(1.,0.,2.22044604925E-16));
#2480 = DIRECTION('',(2.22044604925E-16,0.,-1.));
#2481 = DEFINITIONAL_REPRESENTATION('',(#2482),#2486);
#2482 = LINE('',#2483,#2484);
#2483 = CARTESIAN_POINT('',(0.,800.));
#2484 = VECTOR('',#2485,1.);
#2485 = DIRECTION('',(1.,0.));
#2486 = ( GEOMETRIC_REPRESENTATION_CONTEXT(2) 
PARAMETRIC_REPRESENTATION_CONTEXT() REPRESENTATION_CONTEXT('2D SPACE',''
  ) );
#2487 = PCURVE('',#2488,#2493);
#2488 = PLANE('',#2489);
#2489 = AXIS2_PLACEMENT_3D('',#2490,#2491,#2492);
#2490 = CARTESIAN_POINT('',(3.E+03,550.,1.7763568394E-13));
#2491 = DIRECTION('',(1.,0.,2.22044604925E-16));
#2492 = DIRECTION('',(2.22044604925E-16,0.,-1.));
#2493 = DEFINITIONAL_REPRESENTATION('',(#2494),#2498);
#2494 = CIRCLE('',#2495,40.);
#2495 = AXIS2_PLACEMENT_2D('',#2496,#2497);
#2496 = CARTESIAN_POINT('',(0.,0.));
#2497 = DIRECTION('',(1.,0.));
#2498 = ( GEOMETRIC_REPRESENTATION_CONTEXT(2) 
PARAMETRIC_REPRESENTATION_CONTEXT() REPRESENTATION_CONTEXT('2D SPACE',''
  ) );
#2499 = ORIENTED_EDGE('',*,*,#2500,.F.);
#2500 = EDGE_CURVE('',#2501,#2467,#2503,.T.);
#2501 = VERTEX_POINT('',#2502);
#2502 = CARTESIAN_POINT('',(2.2E+03,550.,-40.));
#2503 = SEAM_CURVE('',#2504,(#2508,#2515),.PCURVE_S1.);
#2504 = LINE('',#2505,#2506);
#2505 = CARTESIAN_POINT('',(2.2E+03,550.,-40.));
#2506 = VECTOR('',#2507,1.);
#2507 = DIRECTION('',(1.,0.,2.22044604925E-16));
#2508 = PCURVE('',#2476,#2509);
#2509 = DEFINITIONAL_REPRESENTATION('',(#2510),#2514);
#2510 = LINE('',#2511,#2512);
#2511 = CARTESIAN_POINT('',(6.28318530718,-0.));
#2512 = VECTOR('',#2513,1.);
#2513 = DIRECTION('',(0.,1.));
#2514 = ( GEOMETRIC_REPRESENTATION_CONTEXT(2) 
PARAMETRIC_REPRESENTATION_CONTEXT() REPRESENTATION_CONTEXT('2D SPACE',''
  ) );
#2515 = PCURVE('',#2476,#2516);
#2516 = DEFINITIONAL_REPRESENTATION('',(#2517),#2521);
#2517 = LINE('',#2518,#2519);
#2518 = CARTESIAN_POINT('',(0.,-0.));
#2519 = VECTOR('',#2520,1.);
#2520 = DIRECTION('',(0.,1.));
#2521 = ( GEOMETRIC_REPRESENTATION_CONTEXT(2) 
PARAMETRIC_REPRESENTATION_CONTEXT() REPRESENTATION_CONTEXT('2D SPACE',''
  ) );
#2522 = ORIENTED_EDGE('',*,*,#2523,.T.);
#2523 = EDGE_CURVE('',#2501,#2501,#2524,.T.);
#2524 = SURFACE_CURVE('',#2525,(#2530,#2537),.PCURVE_S1.);
#2525 = CIRCLE('',#2526,40.);
#2526 = AXIS2_PLACEMENT_3D('',#2527,#2528,#2529);
#2527 = CARTESIAN_POINT('',(2.2E+03,550.,0.));
#2528 = DIRECTION('',(1.,-0.,2.22044604925E-16));
#2529 = DIRECTION('',(2.22044604925E-16,0.,-1.));
#2530 = PCURVE('',#2476,#2531);
#2531 = DEFINITIONAL_REPRESENTATION('',(#2532),#2536);
#2532 = LINE('',#2533,#2534);
#2533 = CARTESIAN_POINT('',(0.,0.));
#2534 = VECTOR('',#2535,1.);
#2535 = DIRECTION('',(1.,0.));
#2536 = ( GEOMETRIC_REPRESENTATION_CONTEXT(2) 
PARAMETRIC_REPRESENTATION_CONTEXT() REPRESENTATION_CONTEXT('2D SPACE',''
  ) );
#2537 = PCURVE('',#2538,#2543);
#2538 = PLANE('',#2539);
#2539 = AXIS2_PLACEMENT_3D('',#2540,#2541,#2542);
#2540 = CARTESIAN_POINT('',(2.2E+03,550.,0.));
#2541 = DIRECTION('',(1.,0.,2.22044604925E-16));
#2542 = DIRECTION('',(2.22044604925E-16,0.,-1.));
#2543 = DEFINITIONAL_REPRESENTATION('',(#2544),#2548);
#2544 = CIRCLE('',#2545,40.);
#2545 = AXIS2_PLACEMENT_2D('',#2546,#2547);
#2546 = CARTESIAN_POINT('',(0.,0.));
#2547 = DIRECTION('',(1.,0.));
#2548 = ( GEOMETRIC_REPRESENTATION_CONTEXT(2) 
PARAMETRIC_REPRESENTATION_CONTEXT() REPRESENTATION_CONTEXT('2D SPACE',''
  ) );
#2549 = ORIENTED_EDGE('',*,*,#2500,.T.);
#2550 = ADVANCED_FACE('',(#2551),#2488,.T.);
#2551 = FACE_BOUND('',#2552,.T.);
#2552 = EDGE_LOOP('',(#2553));
#2553 = ORIENTED_EDGE('',*,*,#2466,.T.);
#2554 = ADVANCED_FACE('',(#2555),#2538,.F.);
#2555 = FACE_BOUND('',#2556,.T.);
#2556 = EDGE_LOOP('',(#2557));
#2557 = ORIENTED_EDGE('',*,*,#2523,.F.);
#2558 = ( GEOMETRIC_REPRESENTATION_CONTEXT(3) 
GLOBAL_UNCERTAINTY_ASSIGNED_CONTEXT((#2562)) 
GLOBAL_UNIT_ASSIGNED_CONTEXT((#2559,#2560,#2561)) REPRESENTATION_CONTEXT
('Context #1','3D Context with UNIT and UNCERTAINTY') );
#2559 = ( LENGTH_UNIT() NAMED_UNIT(*) SI_UNIT($,.METRE.) );
#2560 = ( NAMED_UNIT(*) PLANE_ANGLE_UNIT() SI_UNIT($,.RADIAN.) );
#2561 = ( NAMED_UNIT(*) SI_UNIT($,.STERADIAN.) SOLID_ANGLE_UNIT() );
#2562 = UNCERTAINTY_MEASURE_WITH_UNIT(LENGTH_MEASURE(1.E-07),#2559,
  'distance_accuracy_value','confusion accuracy');
#2563 = PRODUCT_RELATED_PRODUCT_CATEGORY('part',$,(#2456));
#2564 = SHAPE_DEFINITION_REPRESENTATION(#2565,#2571);
#2565 = PRODUCT_DEFINITION_SHAPE('','',#2566);
#2566 = PRODUCT_DEFINITION('design','',#2567,#2570);
#2567 = PRODUCT_DEFINITION_FORMATION('','',#2568);
#2568 = PRODUCT('W_Post_5','W_Post_5','',(#2569));
#2569 = PRODUCT_CONTEXT('',#2,'mechanical');
#2570 = PRODUCT_DEFINITION_CONTEXT('part definition',#2,'design');
#2571 = ADVANCED_BREP_SHAPE_REPRESENTATION('',(#11,#2572),#2902);
#2572 = MANIFOLD_SOLID_BREP('',#2573);
#2573 = CLOSED_SHELL('',(#2574,#2694,#2794,#2841,#2888,#2895));
#2574 = ADVANCED_FACE('',(#2575),#2589,.F.);
#2575 = FACE_BOUND('',#2576,.F.);
#2576 = EDGE_LOOP('',(#2577,#2612,#2640,#2668));
#2577 = ORIENTED_EDGE('',*,*,#2578,.F.);
#2578 = EDGE_CURVE('',#2579,#2581,#2583,.T.);
#2579 = VERTEX_POINT('',#2580);
#2580 = CARTESIAN_POINT('',(2.5E+03,200.,-385.0704155516));
#2581 = VERTEX_POINT('',#2582);
#2582 = CARTESIAN_POINT('',(2.5E+03,200.,-325.0704155516));
#2583 = SURFACE_CURVE('',#2584,(#2588,#2600),.PCURVE_S1.);
#2584 = LINE('',#2585,#2586);
#2585 = CARTESIAN_POINT('',(2.5E+03,200.,-385.0704155516));
#2586 = VECTOR('',#2587,1.);
#2587 = DIRECTION('',(0.,0.,1.));
#2588 = PCURVE('',#2589,#2594);
#2589 = PLANE('',#2590);
#2590 = AXIS2_PLACEMENT_3D('',#2591,#2592,#2593);
#2591 = CARTESIAN_POINT('',(2.5E+03,200.,-385.0704155516));
#2592 = DIRECTION('',(1.,0.,0.));
#2593 = DIRECTION('',(0.,0.,1.));
#2594 = DEFINITIONAL_REPRESENTATION('',(#2595),#2599);
#2595 = LINE('',#2596,#2597);
#2596 = CARTESIAN_POINT('',(0.,0.));
#2597 = VECTOR('',#2598,1.);
#2598 = DIRECTION('',(1.,0.));
#2599 = ( GEOMETRIC_REPRESENTATION_CONTEXT(2) 
PARAMETRIC_REPRESENTATION_CONTEXT() REPRESENTATION_CONTEXT('2D SPACE',''
  ) );
#2600 = PCURVE('',#2601,#2606);
#2601 = PLANE('',#2602);
#2602 = AXIS2_PLACEMENT_3D('',#2603,#2604,#2605);
#2603 = CARTESIAN_POINT('',(2.5E+03,200.,-385.0704155516));
#2604 = DIRECTION('',(0.,1.,0.));
#2605 = DIRECTION('',(0.,0.,1.));
#2606 = DEFINITIONAL_REPRESENTATION('',(#2607),#2611);
#2607 = LINE('',#2608,#2609);
#2608 = CARTESIAN_POINT('',(0.,0.));
#2609 = VECTOR('',#2610,1.);
#2610 = DIRECTION('',(1.,0.));
#2611 = ( GEOMETRIC_REPRESENTATION_CONTEXT(2) 
PARAMETRIC_REPRESENTATION_CONTEXT() REPRESENTATION_CONTEXT('2D SPACE',''
  ) );
#2612 = ORIENTED_EDGE('',*,*,#2613,.T.);
#2613 = EDGE_CURVE('',#2579,#2614,#2616,.T.);
#2614 = VERTEX_POINT('',#2615);
#2615 = CARTESIAN_POINT('',(2.5E+03,210.,-385.0704155516));
#2616 = SURFACE_CURVE('',#2617,(#2621,#2628),.PCURVE_S1.);
#2617 = LINE('',#2618,#2619);
#2618 = CARTESIAN_POINT('',(2.5E+03,200.,-385.0704155516));
#2619 = VECTOR('',#2620,1.);
#2620 = DIRECTION('',(0.,1.,0.));
#2621 = PCURVE('',#2589,#2622);
#2622 = DEFINITIONAL_REPRESENTATION('',(#2623),#2627);
#2623 = LINE('',#2624,#2625);
#2624 = CARTESIAN_POINT('',(0.,0.));
#2625 = VECTOR('',#2626,1.);
#2626 = DIRECTION('',(0.,-1.));
#2627 = ( GEOMETRIC_REPRESENTATION_CONTEXT(2) 
PARAMETRIC_REPRESENTATION_CONTEXT() REPRESENTATION_CONTEXT('2D SPACE',''
  ) );
#2628 = PCURVE('',#2629,#2634);
#2629 = PLANE('',#2630);
#2630 = AXIS2_PLACEMENT_3D('',#2631,#2632,#2633);
#2631 = CARTESIAN_POINT('',(2.5E+03,200.,-385.0704155516));
#2632 = DIRECTION('',(0.,0.,1.));
#2633 = DIRECTION('',(1.,0.,0.));
#2634 = DEFINITIONAL_REPRESENTATION('',(#2635),#2639);
#2635 = LINE('',#2636,#2637);
#2636 = CARTESIAN_POINT('',(0.,0.));
#2637 = VECTOR('',#2638,1.);
#2638 = DIRECTION('',(0.,1.));
#2639 = ( GEOMETRIC_REPRESENTATION_CONTEXT(2) 
PARAMETRIC_REPRESENTATION_CONTEXT() REPRESENTATION_CONTEXT('2D SPACE',''
  ) );
#2640 = ORIENTED_EDGE('',*,*,#2641,.T.);
#2641 = EDGE_CURVE('',#2614,#2642,#2644,.T.);
#2642 = VERTEX_POINT('',#2643);
#2643 = CARTESIAN_POINT('',(2.5E+03,210.,-325.0704155516));
#2644 = SURFACE_CURVE('',#2645,(#2649,#2656),.PCURVE_S1.);
#2645 = LINE('',#2646,#2647);
#2646 = CARTESIAN_POINT('',(2.5E+03,210.,-385.0704155516));
#2647 = VECTOR('',#2648,1.);
#2648 = DIRECTION('',(0.,0.,1.));
#2649 = PCURVE('',#2589,#2650);
#2650 = DEFINITIONAL_REPRESENTATION('',(#2651),#2655);
#2651 = LINE('',#2652,#2653);
#2652 = CARTESIAN_POINT('',(0.,-10.));
#2653 = VECTOR('',#2654,1.);
#2654 = DIRECTION('',(1.,0.));
#2655 = ( GEOMETRIC_REPRESENTATION_CONTEXT(2) 
PARAMETRIC_REPRESENTATION_CONTEXT() REPRESENTATION_CONTEXT('2D SPACE',''
  ) );
#2656 = PCURVE('',#2657,#2662);
#2657 = PLANE('',#2658);
#2658 = AXIS2_PLACEMENT_3D('',#2659,#2660,#2661);
#2659 = CARTESIAN_POINT('',(2.5E+03,210.,-385.0704155516));
#2660 = DIRECTION('',(0.,1.,0.));
#2661 = DIRECTION('',(0.,0.,1.));
#2662 = DEFINITIONAL_REPRESENTATION('',(#2663),#2667);
#2663 = LINE('',#2664,#2665);
#2664 = CARTESIAN_POINT('',(0.,0.));
#2665 = VECTOR('',#2666,1.);
#2666 = DIRECTION('',(1.,0.));
#2667 = ( GEOMETRIC_REPRESENTATION_CONTEXT(2) 
PARAMETRIC_REPRESENTATION_CONTEXT() REPRESENTATION_CONTEXT('2D SPACE',''
  ) );
#2668 = ORIENTED_EDGE('',*,*,#2669,.F.);
#2669 = EDGE_CURVE('',#2581,#2642,#2670,.T.);
#2670 = SURFACE_CURVE('',#2671,(#2675,#2682),.PCURVE_S1.);
#2671 = LINE('',#2672,#2673);
#2672 = CARTESIAN_POINT('',(2.5E+03,200.,-325.0704155516));
#2673 = VECTOR('',#2674,1.);
#2674 = DIRECTION('',(0.,1.,0.));
#2675 = PCURVE('',#2589,#2676);
#2676 = DEFINITIONAL_REPRESENTATION('',(#2677),#2681);
#2677 = LINE('',#2678,#2679);
#2678 = CARTESIAN_POINT('',(60.,0.));
#2679 = VECTOR('',#2680,1.);
#2680 = DIRECTION('',(0.,-1.));
#2681 = ( GEOMETRIC_REPRESENTATION_CONTEXT(2) 
PARAMETRIC_REPRESENTATION_CONTEXT() REPRESENTATION_CONTEXT('2D SPACE',''
  ) );
#2682 = PCURVE('',#2683,#2688);
#2683 = PLANE('',#2684);
#2684 = AXIS2_PLACEMENT_3D('',#2685,#2686,#2687);
#2685 = CARTESIAN_POINT('',(2.5E+03,200.,-325.0704155516));
#2686 = DIRECTION('',(0.,0.,1.));
#2687 = DIRECTION('',(1.,0.,0.));
#2688 = DEFINITIONAL_REPRESENTATION('',(#2689),#2693);
#2689 = LINE('',#2690,#2691);
#2690 = CARTESIAN_POINT('',(0.,0.));
#2691 = VECTOR('',#2692,1.);
#2692 = DIRECTION('',(0.,1.));
#2693 = ( GEOMETRIC_REPRESENTATION_CONTEXT(2) 
PARAMETRIC_REPRESENTATION_CONTEXT() REPRESENTATION_CONTEXT('2D SPACE',''
  ) );
#2694 = ADVANCED_FACE('',(#2695),#2709,.T.);
#2695 = FACE_BOUND('',#2696,.T.);
#2696 = EDGE_LOOP('',(#2697,#2727,#2750,#2773));
#2697 = ORIENTED_EDGE('',*,*,#2698,.F.);
#2698 = EDGE_CURVE('',#2699,#2701,#2703,.T.);
#2699 = VERTEX_POINT('',#2700);
#2700 = CARTESIAN_POINT('',(2.7E+03,200.,-385.0704155516));
#2701 = VERTEX_POINT('',#2702);
#2702 = CARTESIAN_POINT('',(2.7E+03,200.,-325.0704155516));
#2703 = SURFACE_CURVE('',#2704,(#2708,#2720),.PCURVE_S1.);
#2704 = LINE('',#2705,#2706);
#2705 = CARTESIAN_POINT('',(2.7E+03,200.,-385.0704155516));
#2706 = VECTOR('',#2707,1.);
#2707 = DIRECTION('',(0.,0.,1.));
#2708 = PCURVE('',#2709,#2714);
#2709 = PLANE('',#2710);
#2710 = AXIS2_PLACEMENT_3D('',#2711,#2712,#2713);
#2711 = CARTESIAN_POINT('',(2.7E+03,200.,-385.0704155516));
#2712 = DIRECTION('',(1.,0.,0.));
#2713 = DIRECTION('',(0.,0.,1.));
#2714 = DEFINITIONAL_REPRESENTATION('',(#2715),#2719);
#2715 = LINE('',#2716,#2717);
#2716 = CARTESIAN_POINT('',(0.,0.));
#2717 = VECTOR('',#2718,1.);
#2718 = DIRECTION('',(1.,0.));
#2719 = ( GEOMETRIC_REPRESENTATION_CONTEXT(2) 
PARAMETRIC_REPRESENTATION_CONTEXT() REPRESENTATION_CONTEXT('2D SPACE',''
  ) );
#2720 = PCURVE('',#2601,#2721);
#2721 = DEFINITIONAL_REPRESENTATION('',(#2722),#2726);
#2722 = LINE('',#2723,#2724);
#2723 = CARTESIAN_POINT('',(0.,200.));
#2724 = VECTOR('',#2725,1.);
#2725 = DIRECTION('',(1.,0.));
#2726 = ( GEOMETRIC_REPRESENTATION_CONTEXT(2) 
PARAMETRIC_REPRESENTATION_CONTEXT() REPRESENTATION_CONTEXT('2D SPACE',''
  ) );
#2727 = ORIENTED_EDGE('',*,*,#2728,.T.);
#2728 = EDGE_CURVE('',#2699,#2729,#2731,.T.);
#2729 = VERTEX_POINT('',#2730);
#2730 = CARTESIAN_POINT('',(2.7E+03,210.,-385.0704155516));
#2731 = SURFACE_CURVE('',#2732,(#2736,#2743),.PCURVE_S1.);
#2732 = LINE('',#2733,#2734);
#2733 = CARTESIAN_POINT('',(2.7E+03,200.,-385.0704155516));
#2734 = VECTOR('',#2735,1.);
#2735 = DIRECTION('',(0.,1.,0.));
#2736 = PCURVE('',#2709,#2737);
#2737 = DEFINITIONAL_REPRESENTATION('',(#2738),#2742);
#2738 = LINE('',#2739,#2740);
#2739 = CARTESIAN_POINT('',(0.,0.));
#2740 = VECTOR('',#2741,1.);
#2741 = DIRECTION('',(0.,-1.));
#2742 = ( GEOMETRIC_REPRESENTATION_CONTEXT(2) 
PARAMETRIC_REPRESENTATION_CONTEXT() REPRESENTATION_CONTEXT('2D SPACE',''
  ) );
#2743 = PCURVE('',#2629,#2744);
#2744 = DEFINITIONAL_REPRESENTATION('',(#2745),#2749);
#2745 = LINE('',#2746,#2747);
#2746 = CARTESIAN_POINT('',(200.,0.));
#2747 = VECTOR('',#2748,1.);
#2748 = DIRECTION('',(0.,1.));
#2749 = ( GEOMETRIC_REPRESENTATION_CONTEXT(2) 
PARAMETRIC_REPRESENTATION_CONTEXT() REPRESENTATION_CONTEXT('2D SPACE',''
  ) );
#2750 = ORIENTED_EDGE('',*,*,#2751,.T.);
#2751 = EDGE_CURVE('',#2729,#2752,#2754,.T.);
#2752 = VERTEX_POINT('',#2753);
#2753 = CARTESIAN_POINT('',(2.7E+03,210.,-325.0704155516));
#2754 = SURFACE_CURVE('',#2755,(#2759,#2766),.PCURVE_S1.);
#2755 = LINE('',#2756,#2757);
#2756 = CARTESIAN_POINT('',(2.7E+03,210.,-385.0704155516));
#2757 = VECTOR('',#2758,1.);
#2758 = DIRECTION('',(0.,0.,1.));
#2759 = PCURVE('',#2709,#2760);
#2760 = DEFINITIONAL_REPRESENTATION('',(#2761),#2765);
#2761 = LINE('',#2762,#2763);
#2762 = CARTESIAN_POINT('',(0.,-10.));
#2763 = VECTOR('',#2764,1.);
#2764 = DIRECTION('',(1.,0.));
#2765 = ( GEOMETRIC_REPRESENTATION_CONTEXT(2) 
PARAMETRIC_REPRESENTATION_CONTEXT() REPRESENTATION_CONTEXT('2D SPACE',''
  ) );
#2766 = PCURVE('',#2657,#2767);
#2767 = DEFINITIONAL_REPRESENTATION('',(#2768),#2772);
#2768 = LINE('',#2769,#2770);
#2769 = CARTESIAN_POINT('',(0.,200.));
#2770 = VECTOR('',#2771,1.);
#2771 = DIRECTION('',(1.,0.));
#2772 = ( GEOMETRIC_REPRESENTATION_CONTEXT(2) 
PARAMETRIC_REPRESENTATION_CONTEXT() REPRESENTATION_CONTEXT('2D SPACE',''
  ) );
#2773 = ORIENTED_EDGE('',*,*,#2774,.F.);
#2774 = EDGE_CURVE('',#2701,#2752,#2775,.T.);
#2775 = SURFACE_CURVE('',#2776,(#2780,#2787),.PCURVE_S1.);
#2776 = LINE('',#2777,#2778);
#2777 = CARTESIAN_POINT('',(2.7E+03,200.,-325.0704155516));
#2778 = VECTOR('',#2779,1.);
#2779 = DIRECTION('',(0.,1.,0.));
#2780 = PCURVE('',#2709,#2781);
#2781 = DEFINITIONAL_REPRESENTATION('',(#2782),#2786);
#2782 = LINE('',#2783,#2784);
#2783 = CARTESIAN_POINT('',(60.,0.));
#2784 = VECTOR('',#2785,1.);
#2785 = DIRECTION('',(0.,-1.));
#2786 = ( GEOMETRIC_REPRESENTATION_CONTEXT(2) 
PARAMETRIC_REPRESENTATION_CONTEXT() REPRESENTATION_CONTEXT('2D SPACE',''
  ) );
#2787 = PCURVE('',#2683,#2788);
#2788 = DEFINITIONAL_REPRESENTATION('',(#2789),#2793);
#2789 = LINE('',#2790,#2791);
#2790 = CARTESIAN_POINT('',(200.,0.));
#2791 = VECTOR('',#2792,1.);
#2792 = DIRECTION('',(0.,1.));
#2793 = ( GEOMETRIC_REPRESENTATION_CONTEXT(2) 
PARAMETRIC_REPRESENTATION_CONTEXT() REPRESENTATION_CONTEXT('2D SPACE',''
  ) );
#2794 = ADVANCED_FACE('',(#2795),#2601,.F.);
#2795 = FACE_BOUND('',#2796,.F.);
#2796 = EDGE_LOOP('',(#2797,#2818,#2819,#2840));
#2797 = ORIENTED_EDGE('',*,*,#2798,.F.);
#2798 = EDGE_CURVE('',#2579,#2699,#2799,.T.);
#2799 = SURFACE_CURVE('',#2800,(#2804,#2811),.PCURVE_S1.);
#2800 = LINE('',#2801,#2802);
#2801 = CARTESIAN_POINT('',(2.5E+03,200.,-385.0704155516));
#2802 = VECTOR('',#2803,1.);
#2803 = DIRECTION('',(1.,0.,0.));
#2804 = PCURVE('',#2601,#2805);
#2805 = DEFINITIONAL_REPRESENTATION('',(#2806),#2810);
#2806 = LINE('',#2807,#2808);
#2807 = CARTESIAN_POINT('',(0.,0.));
#2808 = VECTOR('',#2809,1.);
#2809 = DIRECTION('',(0.,1.));
#2810 = ( GEOMETRIC_REPRESENTATION_CONTEXT(2) 
PARAMETRIC_REPRESENTATION_CONTEXT() REPRESENTATION_CONTEXT('2D SPACE',''
  ) );
#2811 = PCURVE('',#2629,#2812);
#2812 = DEFINITIONAL_REPRESENTATION('',(#2813),#2817);
#2813 = LINE('',#2814,#2815);
#2814 = CARTESIAN_POINT('',(0.,0.));
#2815 = VECTOR('',#2816,1.);
#2816 = DIRECTION('',(1.,0.));
#2817 = ( GEOMETRIC_REPRESENTATION_CONTEXT(2) 
PARAMETRIC_REPRESENTATION_CONTEXT() REPRESENTATION_CONTEXT('2D SPACE',''
  ) );
#2818 = ORIENTED_EDGE('',*,*,#2578,.T.);
#2819 = ORIENTED_EDGE('',*,*,#2820,.T.);
#2820 = EDGE_CURVE('',#2581,#2701,#2821,.T.);
#2821 = SURFACE_CURVE('',#2822,(#2826,#2833),.PCURVE_S1.);
#2822 = LINE('',#2823,#2824);
#2823 = CARTESIAN_POINT('',(2.5E+03,200.,-325.0704155516));
#2824 = VECTOR('',#2825,1.);
#2825 = DIRECTION('',(1.,0.,0.));
#2826 = PCURVE('',#2601,#2827);
#2827 = DEFINITIONAL_REPRESENTATION('',(#2828),#2832);
#2828 = LINE('',#2829,#2830);
#2829 = CARTESIAN_POINT('',(60.,0.));
#2830 = VECTOR('',#2831,1.);
#2831 = DIRECTION('',(0.,1.));
#2832 = ( GEOMETRIC_REPRESENTATION_CONTEXT(2) 
PARAMETRIC_REPRESENTATION_CONTEXT() REPRESENTATION_CONTEXT('2D SPACE',''
  ) );
#2833 = PCURVE('',#2683,#2834);
#2834 = DEFINITIONAL_REPRESENTATION('',(#2835),#2839);
#2835 = LINE('',#2836,#2837);
#2836 = CARTESIAN_POINT('',(0.,0.));
#2837 = VECTOR('',#2838,1.);
#2838 = DIRECTION('',(1.,0.));
#2839 = ( GEOMETRIC_REPRESENTATION_CONTEXT(2) 
PARAMETRIC_REPRESENTATION_CONTEXT() REPRESENTATION_CONTEXT('2D SPACE',''
  ) );
#2840 = ORIENTED_EDGE('',*,*,#2698,.F.);
#2841 = ADVANCED_FACE('',(#2842),#2657,.T.);
#2842 = FACE_BOUND('',#2843,.T.);
#2843 = EDGE_LOOP('',(#2844,#2865,#2866,#2887));
#2844 = ORIENTED_EDGE('',*,*,#2845,.F.);
#2845 = EDGE_CURVE('',#2614,#2729,#2846,.T.);
#2846 = SURFACE_CURVE('',#2847,(#2851,#2858),.PCURVE_S1.);
#2847 = LINE('',#2848,#2849);
#2848 = CARTESIAN_POINT('',(2.5E+03,210.,-385.0704155516));
#2849 = VECTOR('',#2850,1.);
#2850 = DIRECTION('',(1.,0.,0.));
#2851 = PCURVE('',#2657,#2852);
#2852 = DEFINITIONAL_REPRESENTATION('',(#2853),#2857);
#2853 = LINE('',#2854,#2855);
#2854 = CARTESIAN_POINT('',(0.,0.));
#2855 = VECTOR('',#2856,1.);
#2856 = DIRECTION('',(0.,1.));
#2857 = ( GEOMETRIC_REPRESENTATION_CONTEXT(2) 
PARAMETRIC_REPRESENTATION_CONTEXT() REPRESENTATION_CONTEXT('2D SPACE',''
  ) );
#2858 = PCURVE('',#2629,#2859);
#2859 = DEFINITIONAL_REPRESENTATION('',(#2860),#2864);
#2860 = LINE('',#2861,#2862);
#2861 = CARTESIAN_POINT('',(0.,10.));
#2862 = VECTOR('',#2863,1.);
#2863 = DIRECTION('',(1.,0.));
#2864 = ( GEOMETRIC_REPRESENTATION_CONTEXT(2) 
PARAMETRIC_REPRESENTATION_CONTEXT() REPRESENTATION_CONTEXT('2D SPACE',''
  ) );
#2865 = ORIENTED_EDGE('',*,*,#2641,.T.);
#2866 = ORIENTED_EDGE('',*,*,#2867,.T.);
#2867 = EDGE_CURVE('',#2642,#2752,#2868,.T.);
#2868 = SURFACE_CURVE('',#2869,(#2873,#2880),.PCURVE_S1.);
#2869 = LINE('',#2870,#2871);
#2870 = CARTESIAN_POINT('',(2.5E+03,210.,-325.0704155516));
#2871 = VECTOR('',#2872,1.);
#2872 = DIRECTION('',(1.,0.,0.));
#2873 = PCURVE('',#2657,#2874);
#2874 = DEFINITIONAL_REPRESENTATION('',(#2875),#2879);
#2875 = LINE('',#2876,#2877);
#2876 = CARTESIAN_POINT('',(60.,0.));
#2877 = VECTOR('',#2878,1.);
#2878 = DIRECTION('',(0.,1.));
#2879 = ( GEOMETRIC_REPRESENTATION_CONTEXT(2) 
PARAMETRIC_REPRESENTATION_CONTEXT() REPRESENTATION_CONTEXT('2D SPACE',''
  ) );
#2880 = PCURVE('',#2683,#2881);
#2881 = DEFINITIONAL_REPRESENTATION('',(#2882),#2886);
#2882 = LINE('',#2883,#2884);
#2883 = CARTESIAN_POINT('',(0.,10.));
#2884 = VECTOR('',#2885,1.);
#2885 = DIRECTION('',(1.,0.));
#2886 = ( GEOMETRIC_REPRESENTATION_CONTEXT(2) 
PARAMETRIC_REPRESENTATION_CONTEXT() REPRESENTATION_CONTEXT('2D SPACE',''
  ) );
#2887 = ORIENTED_EDGE('',*,*,#2751,.F.);
#2888 = ADVANCED_FACE('',(#2889),#2629,.F.);
#2889 = FACE_BOUND('',#2890,.F.);
#2890 = EDGE_LOOP('',(#2891,#2892,#2893,#2894));
#2891 = ORIENTED_EDGE('',*,*,#2613,.F.);
#2892 = ORIENTED_EDGE('',*,*,#2798,.T.);
#2893 = ORIENTED_EDGE('',*,*,#2728,.T.);
#2894 = ORIENTED_EDGE('',*,*,#2845,.F.);
#2895 = ADVANCED_FACE('',(#2896),#2683,.T.);
#2896 = FACE_BOUND('',#2897,.T.);
#2897 = EDGE_LOOP('',(#2898,#2899,#2900,#2901));
#2898 = ORIENTED_EDGE('',*,*,#2669,.F.);
#2899 = ORIENTED_EDGE('',*,*,#2820,.T.);
#2900 = ORIENTED_EDGE('',*,*,#2774,.T.);
#2901 = ORIENTED_EDGE('',*,*,#2867,.F.);
#2902 = ( GEOMETRIC_REPRESENTATION_CONTEXT(3) 
GLOBAL_UNCERTAINTY_ASSIGNED_CONTEXT((#2906)) 
GLOBAL_UNIT_ASSIGNED_CONTEXT((#2903,#2904,#2905)) REPRESENTATION_CONTEXT
('Context #1','3D Context with UNIT and UNCERTAINTY') );
#2903 = ( LENGTH_UNIT() NAMED_UNIT(*) SI_UNIT($,.METRE.) );
#2904 = ( NAMED_UNIT(*) PLANE_ANGLE_UNIT() SI_UNIT($,.RADIAN.) );
#2905 = ( NAMED_UNIT(*) SI_UNIT($,.STERADIAN.) SOLID_ANGLE_UNIT() );
#2906 = UNCERTAINTY_MEASURE_WITH_UNIT(LENGTH_MEASURE(1.E-07),#2903,
  'distance_accuracy_value','confusion accuracy');
#2907 = PRODUCT_RELATED_PRODUCT_CATEGORY('part',$,(#2568));
#2908 = SHAPE_DEFINITION_REPRESENTATION(#2909,#2915);
#2909 = PRODUCT_DEFINITION_SHAPE('','',#2910);
#2910 = PRODUCT_DEFINITION('design','',#2911,#2914);
#2911 = PRODUCT_DEFINITION_FORMATION('','',#2912);
#2912 = PRODUCT('Tank_H2','Tank_H2','',(#2913));
#2913 = PRODUCT_CONTEXT('',#2,'mechanical');
#2914 = PRODUCT_DEFINITION_CONTEXT('part definition',#2,'design');
#2915 = ADVANCED_BREP_SHAPE_REPRESENTATION('',(#11,#2916),#3014);
#2916 = MANIFOLD_SOLID_BREP('',#2917);
#2917 = CLOSED_SHELL('',(#2918,#3006,#3010));
#2918 = ADVANCED_FACE('',(#2919),#2932,.T.);
#2919 = FACE_BOUND('',#2920,.T.);
#2920 = EDGE_LOOP('',(#2921,#2955,#2978,#3005));
#2921 = ORIENTED_EDGE('',*,*,#2922,.F.);
#2922 = EDGE_CURVE('',#2923,#2923,#2925,.T.);
#2923 = VERTEX_POINT('',#2924);
#2924 = CARTESIAN_POINT('',(1.95E+03,300.,-300.));
#2925 = SURFACE_CURVE('',#2926,(#2931,#2943),.PCURVE_S1.);
#2926 = CIRCLE('',#2927,150.);
#2927 = AXIS2_PLACEMENT_3D('',#2928,#2929,#2930);
#2928 = CARTESIAN_POINT('',(1.95E+03,300.,-150.));
#2929 = DIRECTION('',(1.,-0.,2.22044604925E-16));
#2930 = DIRECTION('',(2.22044604925E-16,0.,-1.));
#2931 = PCURVE('',#2932,#2937);
#2932 = CYLINDRICAL_SURFACE('',#2933,150.);
#2933 = AXIS2_PLACEMENT_3D('',#2934,#2935,#2936);
#2934 = CARTESIAN_POINT('',(1.25E+03,300.,-150.));
#2935 = DIRECTION('',(1.,0.,2.22044604925E-16));
#2936 = DIRECTION('',(2.22044604925E-16,0.,-1.));
#2937 = DEFINITIONAL_REPRESENTATION('',(#2938),#2942);
#2938 = LINE('',#2939,#2940);
#2939 = CARTESIAN_POINT('',(0.,700.));
#2940 = VECTOR('',#2941,1.);
#2941 = DIRECTION('',(1.,0.));
#2942 = ( GEOMETRIC_REPRESENTATION_CONTEXT(2) 
PARAMETRIC_REPRESENTATION_CONTEXT() REPRESENTATION_CONTEXT('2D SPACE',''
  ) );
#2943 = PCURVE('',#2944,#2949);
#2944 = PLANE('',#2945);
#2945 = AXIS2_PLACEMENT_3D('',#2946,#2947,#2948);
#2946 = CARTESIAN_POINT('',(1.95E+03,300.,-150.));
#2947 = DIRECTION('',(1.,0.,2.22044604925E-16));
#2948 = DIRECTION('',(2.22044604925E-16,0.,-1.));
#2949 = DEFINITIONAL_REPRESENTATION('',(#2950),#2954);
#2950 = CIRCLE('',#2951,150.);
#2951 = AXIS2_PLACEMENT_2D('',#2952,#2953);
#2952 = CARTESIAN_POINT('',(0.,0.));
#2953 = DIRECTION('',(1.,0.));
#2954 = ( GEOMETRIC_REPRESENTATION_CONTEXT(2) 
PARAMETRIC_REPRESENTATION_CONTEXT() REPRESENTATION_CONTEXT('2D SPACE',''
  ) );
#2955 = ORIENTED_EDGE('',*,*,#2956,.F.);
#2956 = EDGE_CURVE('',#2957,#2923,#2959,.T.);
#2957 = VERTEX_POINT('',#2958);
#2958 = CARTESIAN_POINT('',(1.25E+03,300.,-300.));
#2959 = SEAM_CURVE('',#2960,(#2964,#2971),.PCURVE_S1.);
#2960 = LINE('',#2961,#2962);
#2961 = CARTESIAN_POINT('',(1.25E+03,300.,-300.));
#2962 = VECTOR('',#2963,1.);
#2963 = DIRECTION('',(1.,0.,2.22044604925E-16));
#2964 = PCURVE('',#2932,#2965);
#2965 = DEFINITIONAL_REPRESENTATION('',(#2966),#2970);
#2966 = LINE('',#2967,#2968);
#2967 = CARTESIAN_POINT('',(6.28318530718,-0.));
#2968 = VECTOR('',#2969,1.);
#2969 = DIRECTION('',(0.,1.));
#2970 = ( GEOMETRIC_REPRESENTATION_CONTEXT(2) 
PARAMETRIC_REPRESENTATION_CONTEXT() REPRESENTATION_CONTEXT('2D SPACE',''
  ) );
#2971 = PCURVE('',#2932,#2972);
#2972 = DEFINITIONAL_REPRESENTATION('',(#2973),#2977);
#2973 = LINE('',#2974,#2975);
#2974 = CARTESIAN_POINT('',(0.,-0.));
#2975 = VECTOR('',#2976,1.);
#2976 = DIRECTION('',(0.,1.));
#2977 = ( GEOMETRIC_REPRESENTATION_CONTEXT(2) 
PARAMETRIC_REPRESENTATION_CONTEXT() REPRESENTATION_CONTEXT('2D SPACE',''
  ) );
#2978 = ORIENTED_EDGE('',*,*,#2979,.T.);
#2979 = EDGE_CURVE('',#2957,#2957,#2980,.T.);
#2980 = SURFACE_CURVE('',#2981,(#2986,#2993),.PCURVE_S1.);
#2981 = CIRCLE('',#2982,150.);
#2982 = AXIS2_PLACEMENT_3D('',#2983,#2984,#2985);
#2983 = CARTESIAN_POINT('',(1.25E+03,300.,-150.));
#2984 = DIRECTION('',(1.,-0.,2.22044604925E-16));
#2985 = DIRECTION('',(2.22044604925E-16,0.,-1.));
#2986 = PCURVE('',#2932,#2987);
#2987 = DEFINITIONAL_REPRESENTATION('',(#2988),#2992);
#2988 = LINE('',#2989,#2990);
#2989 = CARTESIAN_POINT('',(0.,0.));
#2990 = VECTOR('',#2991,1.);
#2991 = DIRECTION('',(1.,0.));
#2992 = ( GEOMETRIC_REPRESENTATION_CONTEXT(2) 
PARAMETRIC_REPRESENTATION_CONTEXT() REPRESENTATION_CONTEXT('2D SPACE',''
  ) );
#2993 = PCURVE('',#2994,#2999);
#2994 = PLANE('',#2995);
#2995 = AXIS2_PLACEMENT_3D('',#2996,#2997,#2998);
#2996 = CARTESIAN_POINT('',(1.25E+03,300.,-150.));
#2997 = DIRECTION('',(1.,0.,2.22044604925E-16));
#2998 = DIRECTION('',(2.22044604925E-16,0.,-1.));
#2999 = DEFINITIONAL_REPRESENTATION('',(#3000),#3004);
#3000 = CIRCLE('',#3001,150.);
#3001 = AXIS2_PLACEMENT_2D('',#3002,#3003);
#3002 = CARTESIAN_POINT('',(0.,0.));
#3003 = DIRECTION('',(1.,0.));
#3004 = ( GEOMETRIC_REPRESENTATION_CONTEXT(2) 
PARAMETRIC_REPRESENTATION_CONTEXT() REPRESENTATION_CONTEXT('2D SPACE',''
  ) );
#3005 = ORIENTED_EDGE('',*,*,#2956,.T.);
#3006 = ADVANCED_FACE('',(#3007),#2944,.T.);
#3007 = FACE_BOUND('',#3008,.T.);
#3008 = EDGE_LOOP('',(#3009));
#3009 = ORIENTED_EDGE('',*,*,#2922,.T.);
#3010 = ADVANCED_FACE('',(#3011),#2994,.F.);
#3011 = FACE_BOUND('',#3012,.T.);
#3012 = EDGE_LOOP('',(#3013));
#3013 = ORIENTED_EDGE('',*,*,#2979,.F.);
#3014 = ( GEOMETRIC_REPRESENTATION_CONTEXT(3) 
GLOBAL_UNCERTAINTY_ASSIGNED_CONTEXT((#3018)) 
GLOBAL_UNIT_ASSIGNED_CONTEXT((#3015,#3016,#3017)) REPRESENTATION_CONTEXT
('Context #1','3D Context with UNIT and UNCERTAINTY') );
#3015 = ( LENGTH_UNIT() NAMED_UNIT(*) SI_UNIT($,.METRE.) );
#3016 = ( NAMED_UNIT(*) PLANE_ANGLE_UNIT() SI_UNIT($,.RADIAN.) );
#3017 = ( NAMED_UNIT(*) SI_UNIT($,.STERADIAN.) SOLID_ANGLE_UNIT() );
#3018 = UNCERTAINTY_MEASURE_WITH_UNIT(LENGTH_MEASURE(1.E-07),#3015,
  'distance_accuracy_value','confusion accuracy');
#3019 = PRODUCT_RELATED_PRODUCT_CATEGORY('part',$,(#2912));
#3020 = SHAPE_DEFINITION_REPRESENTATION(#3021,#3027);
#3021 = PRODUCT_DEFINITION_SHAPE('','',#3022);
#3022 = PRODUCT_DEFINITION('design','',#3023,#3026);
#3023 = PRODUCT_DEFINITION_FORMATION('','',#3024);
#3024 = PRODUCT('Rad_01','Rad_01','',(#3025));
#3025 = PRODUCT_CONTEXT('',#2,'mechanical');
#3026 = PRODUCT_DEFINITION_CONTEXT('part definition',#2,'design');
#3027 = ADVANCED_BREP_SHAPE_REPRESENTATION('',(#11,#3028),#3358);
#3028 = MANIFOLD_SOLID_BREP('',#3029);
#3029 = CLOSED_SHELL('',(#3030,#3150,#3250,#3297,#3344,#3351));
#3030 = ADVANCED_FACE('',(#3031),#3045,.F.);
#3031 = FACE_BOUND('',#3032,.F.);
#3032 = EDGE_LOOP('',(#3033,#3068,#3096,#3124));
#3033 = ORIENTED_EDGE('',*,*,#3034,.F.);
#3034 = EDGE_CURVE('',#3035,#3037,#3039,.T.);
#3035 = VERTEX_POINT('',#3036);
#3036 = CARTESIAN_POINT('',(920.,478.,-300.));
#3037 = VERTEX_POINT('',#3038);
#3038 = CARTESIAN_POINT('',(920.,478.,300.));
#3039 = SURFACE_CURVE('',#3040,(#3044,#3056),.PCURVE_S1.);
#3040 = LINE('',#3041,#3042);
#3041 = CARTESIAN_POINT('',(920.,478.,-300.));
#3042 = VECTOR('',#3043,1.);
#3043 = DIRECTION('',(0.,0.,1.));
#3044 = PCURVE('',#3045,#3050);
#3045 = PLANE('',#3046);
#3046 = AXIS2_PLACEMENT_3D('',#3047,#3048,#3049);
#3047 = CARTESIAN_POINT('',(920.,478.,-300.));
#3048 = DIRECTION('',(1.,0.,0.));
#3049 = DIRECTION('',(0.,0.,1.));
#3050 = DEFINITIONAL_REPRESENTATION('',(#3051),#3055);
#3051 = LINE('',#3052,#3053);
#3052 = CARTESIAN_POINT('',(0.,0.));
#3053 = VECTOR('',#3054,1.);
#3054 = DIRECTION('',(1.,0.));
#3055 = ( GEOMETRIC_REPRESENTATION_CONTEXT(2) 
PARAMETRIC_REPRESENTATION_CONTEXT() REPRESENTATION_CONTEXT('2D SPACE',''
  ) );
#3056 = PCURVE('',#3057,#3062);
#3057 = PLANE('',#3058);
#3058 = AXIS2_PLACEMENT_3D('',#3059,#3060,#3061);
#3059 = CARTESIAN_POINT('',(920.,478.,-300.));
#3060 = DIRECTION('',(0.,1.,0.));
#3061 = DIRECTION('',(0.,0.,1.));
#3062 = DEFINITIONAL_REPRESENTATION('',(#3063),#3067);
#3063 = LINE('',#3064,#3065);
#3064 = CARTESIAN_POINT('',(0.,0.));
#3065 = VECTOR('',#3066,1.);
#3066 = DIRECTION('',(1.,0.));
#3067 = ( GEOMETRIC_REPRESENTATION_CONTEXT(2) 
PARAMETRIC_REPRESENTATION_CONTEXT() REPRESENTATION_CONTEXT('2D SPACE',''
  ) );
#3068 = ORIENTED_EDGE('',*,*,#3069,.T.);
#3069 = EDGE_CURVE('',#3035,#3070,#3072,.T.);
#3070 = VERTEX_POINT('',#3071);
#3071 = CARTESIAN_POINT('',(920.,482.,-300.));
#3072 = SURFACE_CURVE('',#3073,(#3077,#3084),.PCURVE_S1.);
#3073 = LINE('',#3074,#3075);
#3074 = CARTESIAN_POINT('',(920.,478.,-300.));
#3075 = VECTOR('',#3076,1.);
#3076 = DIRECTION('',(0.,1.,0.));
#3077 = PCURVE('',#3045,#3078);
#3078 = DEFINITIONAL_REPRESENTATION('',(#3079),#3083);
#3079 = LINE('',#3080,#3081);
#3080 = CARTESIAN_POINT('',(0.,0.));
#3081 = VECTOR('',#3082,1.);
#3082 = DIRECTION('',(0.,-1.));
#3083 = ( GEOMETRIC_REPRESENTATION_CONTEXT(2) 
PARAMETRIC_REPRESENTATION_CONTEXT() REPRESENTATION_CONTEXT('2D SPACE',''
  ) );
#3084 = PCURVE('',#3085,#3090);
#3085 = PLANE('',#3086);
#3086 = AXIS2_PLACEMENT_3D('',#3087,#3088,#3089);
#3087 = CARTESIAN_POINT('',(920.,478.,-300.));
#3088 = DIRECTION('',(0.,0.,1.));
#3089 = DIRECTION('',(1.,0.,0.));
#3090 = DEFINITIONAL_REPRESENTATION('',(#3091),#3095);
#3091 = LINE('',#3092,#3093);
#3092 = CARTESIAN_POINT('',(0.,0.));
#3093 = VECTOR('',#3094,1.);
#3094 = DIRECTION('',(0.,1.));
#3095 = ( GEOMETRIC_REPRESENTATION_CONTEXT(2) 
PARAMETRIC_REPRESENTATION_CONTEXT() REPRESENTATION_CONTEXT('2D SPACE',''
  ) );
#3096 = ORIENTED_EDGE('',*,*,#3097,.T.);
#3097 = EDGE_CURVE('',#3070,#3098,#3100,.T.);
#3098 = VERTEX_POINT('',#3099);
#3099 = CARTESIAN_POINT('',(920.,482.,300.));
#3100 = SURFACE_CURVE('',#3101,(#3105,#3112),.PCURVE_S1.);
#3101 = LINE('',#3102,#3103);
#3102 = CARTESIAN_POINT('',(920.,482.,-300.));
#3103 = VECTOR('',#3104,1.);
#3104 = DIRECTION('',(0.,0.,1.));
#3105 = PCURVE('',#3045,#3106);
#3106 = DEFINITIONAL_REPRESENTATION('',(#3107),#3111);
#3107 = LINE('',#3108,#3109);
#3108 = CARTESIAN_POINT('',(0.,-4.));
#3109 = VECTOR('',#3110,1.);
#3110 = DIRECTION('',(1.,0.));
#3111 = ( GEOMETRIC_REPRESENTATION_CONTEXT(2) 
PARAMETRIC_REPRESENTATION_CONTEXT() REPRESENTATION_CONTEXT('2D SPACE',''
  ) );
#3112 = PCURVE('',#3113,#3118);
#3113 = PLANE('',#3114);
#3114 = AXIS2_PLACEMENT_3D('',#3115,#3116,#3117);
#3115 = CARTESIAN_POINT('',(920.,482.,-300.));
#3116 = DIRECTION('',(0.,1.,0.));
#3117 = DIRECTION('',(0.,0.,1.));
#3118 = DEFINITIONAL_REPRESENTATION('',(#3119),#3123);
#3119 = LINE('',#3120,#3121);
#3120 = CARTESIAN_POINT('',(0.,0.));
#3121 = VECTOR('',#3122,1.);
#3122 = DIRECTION('',(1.,0.));
#3123 = ( GEOMETRIC_REPRESENTATION_CONTEXT(2) 
PARAMETRIC_REPRESENTATION_CONTEXT() REPRESENTATION_CONTEXT('2D SPACE',''
  ) );
#3124 = ORIENTED_EDGE('',*,*,#3125,.F.);
#3125 = EDGE_CURVE('',#3037,#3098,#3126,.T.);
#3126 = SURFACE_CURVE('',#3127,(#3131,#3138),.PCURVE_S1.);
#3127 = LINE('',#3128,#3129);
#3128 = CARTESIAN_POINT('',(920.,478.,300.));
#3129 = VECTOR('',#3130,1.);
#3130 = DIRECTION('',(0.,1.,0.));
#3131 = PCURVE('',#3045,#3132);
#3132 = DEFINITIONAL_REPRESENTATION('',(#3133),#3137);
#3133 = LINE('',#3134,#3135);
#3134 = CARTESIAN_POINT('',(600.,0.));
#3135 = VECTOR('',#3136,1.);
#3136 = DIRECTION('',(0.,-1.));
#3137 = ( GEOMETRIC_REPRESENTATION_CONTEXT(2) 
PARAMETRIC_REPRESENTATION_CONTEXT() REPRESENTATION_CONTEXT('2D SPACE',''
  ) );
#3138 = PCURVE('',#3139,#3144);
#3139 = PLANE('',#3140);
#3140 = AXIS2_PLACEMENT_3D('',#3141,#3142,#3143);
#3141 = CARTESIAN_POINT('',(920.,478.,300.));
#3142 = DIRECTION('',(0.,0.,1.));
#3143 = DIRECTION('',(1.,0.,0.));
#3144 = DEFINITIONAL_REPRESENTATION('',(#3145),#3149);
#3145 = LINE('',#3146,#3147);
#3146 = CARTESIAN_POINT('',(0.,0.));
#3147 = VECTOR('',#3148,1.);
#3148 = DIRECTION('',(0.,1.));
#3149 = ( GEOMETRIC_REPRESENTATION_CONTEXT(2) 
PARAMETRIC_REPRESENTATION_CONTEXT() REPRESENTATION_CONTEXT('2D SPACE',''
  ) );
#3150 = ADVANCED_FACE('',(#3151),#3165,.T.);
#3151 = FACE_BOUND('',#3152,.T.);
#3152 = EDGE_LOOP('',(#3153,#3183,#3206,#3229));
#3153 = ORIENTED_EDGE('',*,*,#3154,.F.);
#3154 = EDGE_CURVE('',#3155,#3157,#3159,.T.);
#3155 = VERTEX_POINT('',#3156);
#3156 = CARTESIAN_POINT('',(1.72E+03,478.,-300.));
#3157 = VERTEX_POINT('',#3158);
#3158 = CARTESIAN_POINT('',(1.72E+03,478.,300.));
#3159 = SURFACE_CURVE('',#3160,(#3164,#3176),.PCURVE_S1.);
#3160 = LINE('',#3161,#3162);
#3161 = CARTESIAN_POINT('',(1.72E+03,478.,-300.));
#3162 = VECTOR('',#3163,1.);
#3163 = DIRECTION('',(0.,0.,1.));
#3164 = PCURVE('',#3165,#3170);
#3165 = PLANE('',#3166);
#3166 = AXIS2_PLACEMENT_3D('',#3167,#3168,#3169);
#3167 = CARTESIAN_POINT('',(1.72E+03,478.,-300.));
#3168 = DIRECTION('',(1.,0.,0.));
#3169 = DIRECTION('',(0.,0.,1.));
#3170 = DEFINITIONAL_REPRESENTATION('',(#3171),#3175);
#3171 = LINE('',#3172,#3173);
#3172 = CARTESIAN_POINT('',(0.,0.));
#3173 = VECTOR('',#3174,1.);
#3174 = DIRECTION('',(1.,0.));
#3175 = ( GEOMETRIC_REPRESENTATION_CONTEXT(2) 
PARAMETRIC_REPRESENTATION_CONTEXT() REPRESENTATION_CONTEXT('2D SPACE',''
  ) );
#3176 = PCURVE('',#3057,#3177);
#3177 = DEFINITIONAL_REPRESENTATION('',(#3178),#3182);
#3178 = LINE('',#3179,#3180);
#3179 = CARTESIAN_POINT('',(0.,800.));
#3180 = VECTOR('',#3181,1.);
#3181 = DIRECTION('',(1.,0.));
#3182 = ( GEOMETRIC_REPRESENTATION_CONTEXT(2) 
PARAMETRIC_REPRESENTATION_CONTEXT() REPRESENTATION_CONTEXT('2D SPACE',''
  ) );
#3183 = ORIENTED_EDGE('',*,*,#3184,.T.);
#3184 = EDGE_CURVE('',#3155,#3185,#3187,.T.);
#3185 = VERTEX_POINT('',#3186);
#3186 = CARTESIAN_POINT('',(1.72E+03,482.,-300.));
#3187 = SURFACE_CURVE('',#3188,(#3192,#3199),.PCURVE_S1.);
#3188 = LINE('',#3189,#3190);
#3189 = CARTESIAN_POINT('',(1.72E+03,478.,-300.));
#3190 = VECTOR('',#3191,1.);
#3191 = DIRECTION('',(0.,1.,0.));
#3192 = PCURVE('',#3165,#3193);
#3193 = DEFINITIONAL_REPRESENTATION('',(#3194),#3198);
#3194 = LINE('',#3195,#3196);
#3195 = CARTESIAN_POINT('',(0.,0.));
#3196 = VECTOR('',#3197,1.);
#3197 = DIRECTION('',(0.,-1.));
#3198 = ( GEOMETRIC_REPRESENTATION_CONTEXT(2) 
PARAMETRIC_REPRESENTATION_CONTEXT() REPRESENTATION_CONTEXT('2D SPACE',''
  ) );
#3199 = PCURVE('',#3085,#3200);
#3200 = DEFINITIONAL_REPRESENTATION('',(#3201),#3205);
#3201 = LINE('',#3202,#3203);
#3202 = CARTESIAN_POINT('',(800.,0.));
#3203 = VECTOR('',#3204,1.);
#3204 = DIRECTION('',(0.,1.));
#3205 = ( GEOMETRIC_REPRESENTATION_CONTEXT(2) 
PARAMETRIC_REPRESENTATION_CONTEXT() REPRESENTATION_CONTEXT('2D SPACE',''
  ) );
#3206 = ORIENTED_EDGE('',*,*,#3207,.T.);
#3207 = EDGE_CURVE('',#3185,#3208,#3210,.T.);
#3208 = VERTEX_POINT('',#3209);
#3209 = CARTESIAN_POINT('',(1.72E+03,482.,300.));
#3210 = SURFACE_CURVE('',#3211,(#3215,#3222),.PCURVE_S1.);
#3211 = LINE('',#3212,#3213);
#3212 = CARTESIAN_POINT('',(1.72E+03,482.,-300.));
#3213 = VECTOR('',#3214,1.);
#3214 = DIRECTION('',(0.,0.,1.));
#3215 = PCURVE('',#3165,#3216);
#3216 = DEFINITIONAL_REPRESENTATION('',(#3217),#3221);
#3217 = LINE('',#3218,#3219);
#3218 = CARTESIAN_POINT('',(0.,-4.));
#3219 = VECTOR('',#3220,1.);
#3220 = DIRECTION('',(1.,0.));
#3221 = ( GEOMETRIC_REPRESENTATION_CONTEXT(2) 
PARAMETRIC_REPRESENTATION_CONTEXT() REPRESENTATION_CONTEXT('2D SPACE',''
  ) );
#3222 = PCURVE('',#3113,#3223);
#3223 = DEFINITIONAL_REPRESENTATION('',(#3224),#3228);
#3224 = LINE('',#3225,#3226);
#3225 = CARTESIAN_POINT('',(0.,800.));
#3226 = VECTOR('',#3227,1.);
#3227 = DIRECTION('',(1.,0.));
#3228 = ( GEOMETRIC_REPRESENTATION_CONTEXT(2) 
PARAMETRIC_REPRESENTATION_CONTEXT() REPRESENTATION_CONTEXT('2D SPACE',''
  ) );
#3229 = ORIENTED_EDGE('',*,*,#3230,.F.);
#3230 = EDGE_CURVE('',#3157,#3208,#3231,.T.);
#3231 = SURFACE_CURVE('',#3232,(#3236,#3243),.PCURVE_S1.);
#3232 = LINE('',#3233,#3234);
#3233 = CARTESIAN_POINT('',(1.72E+03,478.,300.));
#3234 = VECTOR('',#3235,1.);
#3235 = DIRECTION('',(0.,1.,0.));
#3236 = PCURVE('',#3165,#3237);
#3237 = DEFINITIONAL_REPRESENTATION('',(#3238),#3242);
#3238 = LINE('',#3239,#3240);
#3239 = CARTESIAN_POINT('',(600.,0.));
#3240 = VECTOR('',#3241,1.);
#3241 = DIRECTION('',(0.,-1.));
#3242 = ( GEOMETRIC_REPRESENTATION_CONTEXT(2) 
PARAMETRIC_REPRESENTATION_CONTEXT() REPRESENTATION_CONTEXT('2D SPACE',''
  ) );
#3243 = PCURVE('',#3139,#3244);
#3244 = DEFINITIONAL_REPRESENTATION('',(#3245),#3249);
#3245 = LINE('',#3246,#3247);
#3246 = CARTESIAN_POINT('',(800.,0.));
#3247 = VECTOR('',#3248,1.);
#3248 = DIRECTION('',(0.,1.));
#3249 = ( GEOMETRIC_REPRESENTATION_CONTEXT(2) 
PARAMETRIC_REPRESENTATION_CONTEXT() REPRESENTATION_CONTEXT('2D SPACE',''
  ) );
#3250 = ADVANCED_FACE('',(#3251),#3057,.F.);
#3251 = FACE_BOUND('',#3252,.F.);
#3252 = EDGE_LOOP('',(#3253,#3274,#3275,#3296));
#3253 = ORIENTED_EDGE('',*,*,#3254,.F.);
#3254 = EDGE_CURVE('',#3035,#3155,#3255,.T.);
#3255 = SURFACE_CURVE('',#3256,(#3260,#3267),.PCURVE_S1.);
#3256 = LINE('',#3257,#3258);
#3257 = CARTESIAN_POINT('',(920.,478.,-300.));
#3258 = VECTOR('',#3259,1.);
#3259 = DIRECTION('',(1.,0.,0.));
#3260 = PCURVE('',#3057,#3261);
#3261 = DEFINITIONAL_REPRESENTATION('',(#3262),#3266);
#3262 = LINE('',#3263,#3264);
#3263 = CARTESIAN_POINT('',(0.,0.));
#3264 = VECTOR('',#3265,1.);
#3265 = DIRECTION('',(0.,1.));
#3266 = ( GEOMETRIC_REPRESENTATION_CONTEXT(2) 
PARAMETRIC_REPRESENTATION_CONTEXT() REPRESENTATION_CONTEXT('2D SPACE',''
  ) );
#3267 = PCURVE('',#3085,#3268);
#3268 = DEFINITIONAL_REPRESENTATION('',(#3269),#3273);
#3269 = LINE('',#3270,#3271);
#3270 = CARTESIAN_POINT('',(0.,0.));
#3271 = VECTOR('',#3272,1.);
#3272 = DIRECTION('',(1.,0.));
#3273 = ( GEOMETRIC_REPRESENTATION_CONTEXT(2) 
PARAMETRIC_REPRESENTATION_CONTEXT() REPRESENTATION_CONTEXT('2D SPACE',''
  ) );
#3274 = ORIENTED_EDGE('',*,*,#3034,.T.);
#3275 = ORIENTED_EDGE('',*,*,#3276,.T.);
#3276 = EDGE_CURVE('',#3037,#3157,#3277,.T.);
#3277 = SURFACE_CURVE('',#3278,(#3282,#3289),.PCURVE_S1.);
#3278 = LINE('',#3279,#3280);
#3279 = CARTESIAN_POINT('',(920.,478.,300.));
#3280 = VECTOR('',#3281,1.);
#3281 = DIRECTION('',(1.,0.,0.));
#3282 = PCURVE('',#3057,#3283);
#3283 = DEFINITIONAL_REPRESENTATION('',(#3284),#3288);
#3284 = LINE('',#3285,#3286);
#3285 = CARTESIAN_POINT('',(600.,0.));
#3286 = VECTOR('',#3287,1.);
#3287 = DIRECTION('',(0.,1.));
#3288 = ( GEOMETRIC_REPRESENTATION_CONTEXT(2) 
PARAMETRIC_REPRESENTATION_CONTEXT() REPRESENTATION_CONTEXT('2D SPACE',''
  ) );
#3289 = PCURVE('',#3139,#3290);
#3290 = DEFINITIONAL_REPRESENTATION('',(#3291),#3295);
#3291 = LINE('',#3292,#3293);
#3292 = CARTESIAN_POINT('',(0.,0.));
#3293 = VECTOR('',#3294,1.);
#3294 = DIRECTION('',(1.,0.));
#3295 = ( GEOMETRIC_REPRESENTATION_CONTEXT(2) 
PARAMETRIC_REPRESENTATION_CONTEXT() REPRESENTATION_CONTEXT('2D SPACE',''
  ) );
#3296 = ORIENTED_EDGE('',*,*,#3154,.F.);
#3297 = ADVANCED_FACE('',(#3298),#3113,.T.);
#3298 = FACE_BOUND('',#3299,.T.);
#3299 = EDGE_LOOP('',(#3300,#3321,#3322,#3343));
#3300 = ORIENTED_EDGE('',*,*,#3301,.F.);
#3301 = EDGE_CURVE('',#3070,#3185,#3302,.T.);
#3302 = SURFACE_CURVE('',#3303,(#3307,#3314),.PCURVE_S1.);
#3303 = LINE('',#3304,#3305);
#3304 = CARTESIAN_POINT('',(920.,482.,-300.));
#3305 = VECTOR('',#3306,1.);
#3306 = DIRECTION('',(1.,0.,0.));
#3307 = PCURVE('',#3113,#3308);
#3308 = DEFINITIONAL_REPRESENTATION('',(#3309),#3313);
#3309 = LINE('',#3310,#3311);
#3310 = CARTESIAN_POINT('',(0.,0.));
#3311 = VECTOR('',#3312,1.);
#3312 = DIRECTION('',(0.,1.));
#3313 = ( GEOMETRIC_REPRESENTATION_CONTEXT(2) 
PARAMETRIC_REPRESENTATION_CONTEXT() REPRESENTATION_CONTEXT('2D SPACE',''
  ) );
#3314 = PCURVE('',#3085,#3315);
#3315 = DEFINITIONAL_REPRESENTATION('',(#3316),#3320);
#3316 = LINE('',#3317,#3318);
#3317 = CARTESIAN_POINT('',(0.,4.));
#3318 = VECTOR('',#3319,1.);
#3319 = DIRECTION('',(1.,0.));
#3320 = ( GEOMETRIC_REPRESENTATION_CONTEXT(2) 
PARAMETRIC_REPRESENTATION_CONTEXT() REPRESENTATION_CONTEXT('2D SPACE',''
  ) );
#3321 = ORIENTED_EDGE('',*,*,#3097,.T.);
#3322 = ORIENTED_EDGE('',*,*,#3323,.T.);
#3323 = EDGE_CURVE('',#3098,#3208,#3324,.T.);
#3324 = SURFACE_CURVE('',#3325,(#3329,#3336),.PCURVE_S1.);
#3325 = LINE('',#3326,#3327);
#3326 = CARTESIAN_POINT('',(920.,482.,300.));
#3327 = VECTOR('',#3328,1.);
#3328 = DIRECTION('',(1.,0.,0.));
#3329 = PCURVE('',#3113,#3330);
#3330 = DEFINITIONAL_REPRESENTATION('',(#3331),#3335);
#3331 = LINE('',#3332,#3333);
#3332 = CARTESIAN_POINT('',(600.,0.));
#3333 = VECTOR('',#3334,1.);
#3334 = DIRECTION('',(0.,1.));
#3335 = ( GEOMETRIC_REPRESENTATION_CONTEXT(2) 
PARAMETRIC_REPRESENTATION_CONTEXT() REPRESENTATION_CONTEXT('2D SPACE',''
  ) );
#3336 = PCURVE('',#3139,#3337);
#3337 = DEFINITIONAL_REPRESENTATION('',(#3338),#3342);
#3338 = LINE('',#3339,#3340);
#3339 = CARTESIAN_POINT('',(0.,4.));
#3340 = VECTOR('',#3341,1.);
#3341 = DIRECTION('',(1.,0.));
#3342 = ( GEOMETRIC_REPRESENTATION_CONTEXT(2) 
PARAMETRIC_REPRESENTATION_CONTEXT() REPRESENTATION_CONTEXT('2D SPACE',''
  ) );
#3343 = ORIENTED_EDGE('',*,*,#3207,.F.);
#3344 = ADVANCED_FACE('',(#3345),#3085,.F.);
#3345 = FACE_BOUND('',#3346,.F.);
#3346 = EDGE_LOOP('',(#3347,#3348,#3349,#3350));
#3347 = ORIENTED_EDGE('',*,*,#3069,.F.);
#3348 = ORIENTED_EDGE('',*,*,#3254,.T.);
#3349 = ORIENTED_EDGE('',*,*,#3184,.T.);
#3350 = ORIENTED_EDGE('',*,*,#3301,.F.);
#3351 = ADVANCED_FACE('',(#3352),#3139,.T.);
#3352 = FACE_BOUND('',#3353,.T.);
#3353 = EDGE_LOOP('',(#3354,#3355,#3356,#3357));
#3354 = ORIENTED_EDGE('',*,*,#3125,.F.);
#3355 = ORIENTED_EDGE('',*,*,#3276,.T.);
#3356 = ORIENTED_EDGE('',*,*,#3230,.T.);
#3357 = ORIENTED_EDGE('',*,*,#3323,.F.);
#3358 = ( GEOMETRIC_REPRESENTATION_CONTEXT(3) 
GLOBAL_UNCERTAINTY_ASSIGNED_CONTEXT((#3362)) 
GLOBAL_UNIT_ASSIGNED_CONTEXT((#3359,#3360,#3361)) REPRESENTATION_CONTEXT
('Context #1','3D Context with UNIT and UNCERTAINTY') );
#3359 = ( LENGTH_UNIT() NAMED_UNIT(*) SI_UNIT($,.METRE.) );
#3360 = ( NAMED_UNIT(*) PLANE_ANGLE_UNIT() SI_UNIT($,.RADIAN.) );
#3361 = ( NAMED_UNIT(*) SI_UNIT($,.STERADIAN.) SOLID_ANGLE_UNIT() );
#3362 = UNCERTAINTY_MEASURE_WITH_UNIT(LENGTH_MEASURE(1.E-07),#3359,
  'distance_accuracy_value','confusion accuracy');
#3363 = PRODUCT_RELATED_PRODUCT_CATEGORY('part',$,(#3024));
#3364 = SHAPE_DEFINITION_REPRESENTATION(#3365,#3371);
#3365 = PRODUCT_DEFINITION_SHAPE('','',#3366);
#3366 = PRODUCT_DEFINITION('design','',#3367,#3370);
#3367 = PRODUCT_DEFINITION_FORMATION('','',#3368);
#3368 = PRODUCT('Rad_00','Rad_00','',(#3369));
#3369 = PRODUCT_CONTEXT('',#2,'mechanical');
#3370 = PRODUCT_DEFINITION_CONTEXT('part definition',#2,'design');
#3371 = ADVANCED_BREP_SHAPE_REPRESENTATION('',(#11,#3372),#3702);
#3372 = MANIFOLD_SOLID_BREP('',#3373);
#3373 = CLOSED_SHELL('',(#3374,#3494,#3594,#3641,#3688,#3695));
#3374 = ADVANCED_FACE('',(#3375),#3389,.F.);
#3375 = FACE_BOUND('',#3376,.F.);
#3376 = EDGE_LOOP('',(#3377,#3412,#3440,#3468));
#3377 = ORIENTED_EDGE('',*,*,#3378,.F.);
#3378 = EDGE_CURVE('',#3379,#3381,#3383,.T.);
#3379 = VERTEX_POINT('',#3380);
#3380 = CARTESIAN_POINT('',(700.,478.,-300.));
#3381 = VERTEX_POINT('',#3382);
#3382 = CARTESIAN_POINT('',(700.,478.,300.));
#3383 = SURFACE_CURVE('',#3384,(#3388,#3400),.PCURVE_S1.);
#3384 = LINE('',#3385,#3386);
#3385 = CARTESIAN_POINT('',(700.,478.,-300.));
#3386 = VECTOR('',#3387,1.);
#3387 = DIRECTION('',(0.,0.,1.));
#3388 = PCURVE('',#3389,#3394);
#3389 = PLANE('',#3390);
#3390 = AXIS2_PLACEMENT_3D('',#3391,#3392,#3393);
#3391 = CARTESIAN_POINT('',(700.,478.,-300.));
#3392 = DIRECTION('',(1.,0.,0.));
#3393 = DIRECTION('',(0.,0.,1.));
#3394 = DEFINITIONAL_REPRESENTATION('',(#3395),#3399);
#3395 = LINE('',#3396,#3397);
#3396 = CARTESIAN_POINT('',(0.,0.));
#3397 = VECTOR('',#3398,1.);
#3398 = DIRECTION('',(1.,0.));
#3399 = ( GEOMETRIC_REPRESENTATION_CONTEXT(2) 
PARAMETRIC_REPRESENTATION_CONTEXT() REPRESENTATION_CONTEXT('2D SPACE',''
  ) );
#3400 = PCURVE('',#3401,#3406);
#3401 = PLANE('',#3402);
#3402 = AXIS2_PLACEMENT_3D('',#3403,#3404,#3405);
#3403 = CARTESIAN_POINT('',(700.,478.,-300.));
#3404 = DIRECTION('',(0.,1.,0.));
#3405 = DIRECTION('',(0.,0.,1.));
#3406 = DEFINITIONAL_REPRESENTATION('',(#3407),#3411);
#3407 = LINE('',#3408,#3409);
#3408 = CARTESIAN_POINT('',(0.,0.));
#3409 = VECTOR('',#3410,1.);
#3410 = DIRECTION('',(1.,0.));
#3411 = ( GEOMETRIC_REPRESENTATION_CONTEXT(2) 
PARAMETRIC_REPRESENTATION_CONTEXT() REPRESENTATION_CONTEXT('2D SPACE',''
  ) );
#3412 = ORIENTED_EDGE('',*,*,#3413,.T.);
#3413 = EDGE_CURVE('',#3379,#3414,#3416,.T.);
#3414 = VERTEX_POINT('',#3415);
#3415 = CARTESIAN_POINT('',(700.,482.,-300.));
#3416 = SURFACE_CURVE('',#3417,(#3421,#3428),.PCURVE_S1.);
#3417 = LINE('',#3418,#3419);
#3418 = CARTESIAN_POINT('',(700.,478.,-300.));
#3419 = VECTOR('',#3420,1.);
#3420 = DIRECTION('',(0.,1.,0.));
#3421 = PCURVE('',#3389,#3422);
#3422 = DEFINITIONAL_REPRESENTATION('',(#3423),#3427);
#3423 = LINE('',#3424,#3425);
#3424 = CARTESIAN_POINT('',(0.,0.));
#3425 = VECTOR('',#3426,1.);
#3426 = DIRECTION('',(0.,-1.));
#3427 = ( GEOMETRIC_REPRESENTATION_CONTEXT(2) 
PARAMETRIC_REPRESENTATION_CONTEXT() REPRESENTATION_CONTEXT('2D SPACE',''
  ) );
#3428 = PCURVE('',#3429,#3434);
#3429 = PLANE('',#3430);
#3430 = AXIS2_PLACEMENT_3D('',#3431,#3432,#3433);
#3431 = CARTESIAN_POINT('',(700.,478.,-300.));
#3432 = DIRECTION('',(0.,0.,1.));
#3433 = DIRECTION('',(1.,0.,0.));
#3434 = DEFINITIONAL_REPRESENTATION('',(#3435),#3439);
#3435 = LINE('',#3436,#3437);
#3436 = CARTESIAN_POINT('',(0.,0.));
#3437 = VECTOR('',#3438,1.);
#3438 = DIRECTION('',(0.,1.));
#3439 = ( GEOMETRIC_REPRESENTATION_CONTEXT(2) 
PARAMETRIC_REPRESENTATION_CONTEXT() REPRESENTATION_CONTEXT('2D SPACE',''
  ) );
#3440 = ORIENTED_EDGE('',*,*,#3441,.T.);
#3441 = EDGE_CURVE('',#3414,#3442,#3444,.T.);
#3442 = VERTEX_POINT('',#3443);
#3443 = CARTESIAN_POINT('',(700.,482.,300.));
#3444 = SURFACE_CURVE('',#3445,(#3449,#3456),.PCURVE_S1.);
#3445 = LINE('',#3446,#3447);
#3446 = CARTESIAN_POINT('',(700.,482.,-300.));
#3447 = VECTOR('',#3448,1.);
#3448 = DIRECTION('',(0.,0.,1.));
#3449 = PCURVE('',#3389,#3450);
#3450 = DEFINITIONAL_REPRESENTATION('',(#3451),#3455);
#3451 = LINE('',#3452,#3453);
#3452 = CARTESIAN_POINT('',(0.,-4.));
#3453 = VECTOR('',#3454,1.);
#3454 = DIRECTION('',(1.,0.));
#3455 = ( GEOMETRIC_REPRESENTATION_CONTEXT(2) 
PARAMETRIC_REPRESENTATION_CONTEXT() REPRESENTATION_CONTEXT('2D SPACE',''
  ) );
#3456 = PCURVE('',#3457,#3462);
#3457 = PLANE('',#3458);
#3458 = AXIS2_PLACEMENT_3D('',#3459,#3460,#3461);
#3459 = CARTESIAN_POINT('',(700.,482.,-300.));
#3460 = DIRECTION('',(0.,1.,0.));
#3461 = DIRECTION('',(0.,0.,1.));
#3462 = DEFINITIONAL_REPRESENTATION('',(#3463),#3467);
#3463 = LINE('',#3464,#3465);
#3464 = CARTESIAN_POINT('',(0.,0.));
#3465 = VECTOR('',#3466,1.);
#3466 = DIRECTION('',(1.,0.));
#3467 = ( GEOMETRIC_REPRESENTATION_CONTEXT(2) 
PARAMETRIC_REPRESENTATION_CONTEXT() REPRESENTATION_CONTEXT('2D SPACE',''
  ) );
#3468 = ORIENTED_EDGE('',*,*,#3469,.F.);
#3469 = EDGE_CURVE('',#3381,#3442,#3470,.T.);
#3470 = SURFACE_CURVE('',#3471,(#3475,#3482),.PCURVE_S1.);
#3471 = LINE('',#3472,#3473);
#3472 = CARTESIAN_POINT('',(700.,478.,300.));
#3473 = VECTOR('',#3474,1.);
#3474 = DIRECTION('',(0.,1.,0.));
#3475 = PCURVE('',#3389,#3476);
#3476 = DEFINITIONAL_REPRESENTATION('',(#3477),#3481);
#3477 = LINE('',#3478,#3479);
#3478 = CARTESIAN_POINT('',(600.,0.));
#3479 = VECTOR('',#3480,1.);
#3480 = DIRECTION('',(0.,-1.));
#3481 = ( GEOMETRIC_REPRESENTATION_CONTEXT(2) 
PARAMETRIC_REPRESENTATION_CONTEXT() REPRESENTATION_CONTEXT('2D SPACE',''
  ) );
#3482 = PCURVE('',#3483,#3488);
#3483 = PLANE('',#3484);
#3484 = AXIS2_PLACEMENT_3D('',#3485,#3486,#3487);
#3485 = CARTESIAN_POINT('',(700.,478.,300.));
#3486 = DIRECTION('',(0.,0.,1.));
#3487 = DIRECTION('',(1.,0.,0.));
#3488 = DEFINITIONAL_REPRESENTATION('',(#3489),#3493);
#3489 = LINE('',#3490,#3491);
#3490 = CARTESIAN_POINT('',(0.,0.));
#3491 = VECTOR('',#3492,1.);
#3492 = DIRECTION('',(0.,1.));
#3493 = ( GEOMETRIC_REPRESENTATION_CONTEXT(2) 
PARAMETRIC_REPRESENTATION_CONTEXT() REPRESENTATION_CONTEXT('2D SPACE',''
  ) );
#3494 = ADVANCED_FACE('',(#3495),#3509,.T.);
#3495 = FACE_BOUND('',#3496,.T.);
#3496 = EDGE_LOOP('',(#3497,#3527,#3550,#3573));
#3497 = ORIENTED_EDGE('',*,*,#3498,.F.);
#3498 = EDGE_CURVE('',#3499,#3501,#3503,.T.);
#3499 = VERTEX_POINT('',#3500);
#3500 = CARTESIAN_POINT('',(1.5E+03,478.,-300.));
#3501 = VERTEX_POINT('',#3502);
#3502 = CARTESIAN_POINT('',(1.5E+03,478.,300.));
#3503 = SURFACE_CURVE('',#3504,(#3508,#3520),.PCURVE_S1.);
#3504 = LINE('',#3505,#3506);
#3505 = CARTESIAN_POINT('',(1.5E+03,478.,-300.));
#3506 = VECTOR('',#3507,1.);
#3507 = DIRECTION('',(0.,0.,1.));
#3508 = PCURVE('',#3509,#3514);
#3509 = PLANE('',#3510);
#3510 = AXIS2_PLACEMENT_3D('',#3511,#3512,#3513);
#3511 = CARTESIAN_POINT('',(1.5E+03,478.,-300.));
#3512 = DIRECTION('',(1.,0.,0.));
#3513 = DIRECTION('',(0.,0.,1.));
#3514 = DEFINITIONAL_REPRESENTATION('',(#3515),#3519);
#3515 = LINE('',#3516,#3517);
#3516 = CARTESIAN_POINT('',(0.,0.));
#3517 = VECTOR('',#3518,1.);
#3518 = DIRECTION('',(1.,0.));
#3519 = ( GEOMETRIC_REPRESENTATION_CONTEXT(2) 
PARAMETRIC_REPRESENTATION_CONTEXT() REPRESENTATION_CONTEXT('2D SPACE',''
  ) );
#3520 = PCURVE('',#3401,#3521);
#3521 = DEFINITIONAL_REPRESENTATION('',(#3522),#3526);
#3522 = LINE('',#3523,#3524);
#3523 = CARTESIAN_POINT('',(0.,800.));
#3524 = VECTOR('',#3525,1.);
#3525 = DIRECTION('',(1.,0.));
#3526 = ( GEOMETRIC_REPRESENTATION_CONTEXT(2) 
PARAMETRIC_REPRESENTATION_CONTEXT() REPRESENTATION_CONTEXT('2D SPACE',''
  ) );
#3527 = ORIENTED_EDGE('',*,*,#3528,.T.);
#3528 = EDGE_CURVE('',#3499,#3529,#3531,.T.);
#3529 = VERTEX_POINT('',#3530);
#3530 = CARTESIAN_POINT('',(1.5E+03,482.,-300.));
#3531 = SURFACE_CURVE('',#3532,(#3536,#3543),.PCURVE_S1.);
#3532 = LINE('',#3533,#3534);
#3533 = CARTESIAN_POINT('',(1.5E+03,478.,-300.));
#3534 = VECTOR('',#3535,1.);
#3535 = DIRECTION('',(0.,1.,0.));
#3536 = PCURVE('',#3509,#3537);
#3537 = DEFINITIONAL_REPRESENTATION('',(#3538),#3542);
#3538 = LINE('',#3539,#3540);
#3539 = CARTESIAN_POINT('',(0.,0.));
#3540 = VECTOR('',#3541,1.);
#3541 = DIRECTION('',(0.,-1.));
#3542 = ( GEOMETRIC_REPRESENTATION_CONTEXT(2) 
PARAMETRIC_REPRESENTATION_CONTEXT() REPRESENTATION_CONTEXT('2D SPACE',''
  ) );
#3543 = PCURVE('',#3429,#3544);
#3544 = DEFINITIONAL_REPRESENTATION('',(#3545),#3549);
#3545 = LINE('',#3546,#3547);
#3546 = CARTESIAN_POINT('',(800.,0.));
#3547 = VECTOR('',#3548,1.);
#3548 = DIRECTION('',(0.,1.));
#3549 = ( GEOMETRIC_REPRESENTATION_CONTEXT(2) 
PARAMETRIC_REPRESENTATION_CONTEXT() REPRESENTATION_CONTEXT('2D SPACE',''
  ) );
#3550 = ORIENTED_EDGE('',*,*,#3551,.T.);
#3551 = EDGE_CURVE('',#3529,#3552,#3554,.T.);
#3552 = VERTEX_POINT('',#3553);
#3553 = CARTESIAN_POINT('',(1.5E+03,482.,300.));
#3554 = SURFACE_CURVE('',#3555,(#3559,#3566),.PCURVE_S1.);
#3555 = LINE('',#3556,#3557);
#3556 = CARTESIAN_POINT('',(1.5E+03,482.,-300.));
#3557 = VECTOR('',#3558,1.);
#3558 = DIRECTION('',(0.,0.,1.));
#3559 = PCURVE('',#3509,#3560);
#3560 = DEFINITIONAL_REPRESENTATION('',(#3561),#3565);
#3561 = LINE('',#3562,#3563);
#3562 = CARTESIAN_POINT('',(0.,-4.));
#3563 = VECTOR('',#3564,1.);
#3564 = DIRECTION('',(1.,0.));
#3565 = ( GEOMETRIC_REPRESENTATION_CONTEXT(2) 
PARAMETRIC_REPRESENTATION_CONTEXT() REPRESENTATION_CONTEXT('2D SPACE',''
  ) );
#3566 = PCURVE('',#3457,#3567);
#3567 = DEFINITIONAL_REPRESENTATION('',(#3568),#3572);
#3568 = LINE('',#3569,#3570);
#3569 = CARTESIAN_POINT('',(0.,800.));
#3570 = VECTOR('',#3571,1.);
#3571 = DIRECTION('',(1.,0.));
#3572 = ( GEOMETRIC_REPRESENTATION_CONTEXT(2) 
PARAMETRIC_REPRESENTATION_CONTEXT() REPRESENTATION_CONTEXT('2D SPACE',''
  ) );
#3573 = ORIENTED_EDGE('',*,*,#3574,.F.);
#3574 = EDGE_CURVE('',#3501,#3552,#3575,.T.);
#3575 = SURFACE_CURVE('',#3576,(#3580,#3587),.PCURVE_S1.);
#3576 = LINE('',#3577,#3578);
#3577 = CARTESIAN_POINT('',(1.5E+03,478.,300.));
#3578 = VECTOR('',#3579,1.);
#3579 = DIRECTION('',(0.,1.,0.));
#3580 = PCURVE('',#3509,#3581);
#3581 = DEFINITIONAL_REPRESENTATION('',(#3582),#3586);
#3582 = LINE('',#3583,#3584);
#3583 = CARTESIAN_POINT('',(600.,0.));
#3584 = VECTOR('',#3585,1.);
#3585 = DIRECTION('',(0.,-1.));
#3586 = ( GEOMETRIC_REPRESENTATION_CONTEXT(2) 
PARAMETRIC_REPRESENTATION_CONTEXT() REPRESENTATION_CONTEXT('2D SPACE',''
  ) );
#3587 = PCURVE('',#3483,#3588);
#3588 = DEFINITIONAL_REPRESENTATION('',(#3589),#3593);
#3589 = LINE('',#3590,#3591);
#3590 = CARTESIAN_POINT('',(800.,0.));
#3591 = VECTOR('',#3592,1.);
#3592 = DIRECTION('',(0.,1.));
#3593 = ( GEOMETRIC_REPRESENTATION_CONTEXT(2) 
PARAMETRIC_REPRESENTATION_CONTEXT() REPRESENTATION_CONTEXT('2D SPACE',''
  ) );
#3594 = ADVANCED_FACE('',(#3595),#3401,.F.);
#3595 = FACE_BOUND('',#3596,.F.);
#3596 = EDGE_LOOP('',(#3597,#3618,#3619,#3640));
#3597 = ORIENTED_EDGE('',*,*,#3598,.F.);
#3598 = EDGE_CURVE('',#3379,#3499,#3599,.T.);
#3599 = SURFACE_CURVE('',#3600,(#3604,#3611),.PCURVE_S1.);
#3600 = LINE('',#3601,#3602);
#3601 = CARTESIAN_POINT('',(700.,478.,-300.));
#3602 = VECTOR('',#3603,1.);
#3603 = DIRECTION('',(1.,0.,0.));
#3604 = PCURVE('',#3401,#3605);
#3605 = DEFINITIONAL_REPRESENTATION('',(#3606),#3610);
#3606 = LINE('',#3607,#3608);
#3607 = CARTESIAN_POINT('',(0.,0.));
#3608 = VECTOR('',#3609,1.);
#3609 = DIRECTION('',(0.,1.));
#3610 = ( GEOMETRIC_REPRESENTATION_CONTEXT(2) 
PARAMETRIC_REPRESENTATION_CONTEXT() REPRESENTATION_CONTEXT('2D SPACE',''
  ) );
#3611 = PCURVE('',#3429,#3612);
#3612 = DEFINITIONAL_REPRESENTATION('',(#3613),#3617);
#3613 = LINE('',#3614,#3615);
#3614 = CARTESIAN_POINT('',(0.,0.));
#3615 = VECTOR('',#3616,1.);
#3616 = DIRECTION('',(1.,0.));
#3617 = ( GEOMETRIC_REPRESENTATION_CONTEXT(2) 
PARAMETRIC_REPRESENTATION_CONTEXT() REPRESENTATION_CONTEXT('2D SPACE',''
  ) );
#3618 = ORIENTED_EDGE('',*,*,#3378,.T.);
#3619 = ORIENTED_EDGE('',*,*,#3620,.T.);
#3620 = EDGE_CURVE('',#3381,#3501,#3621,.T.);
#3621 = SURFACE_CURVE('',#3622,(#3626,#3633),.PCURVE_S1.);
#3622 = LINE('',#3623,#3624);
#3623 = CARTESIAN_POINT('',(700.,478.,300.));
#3624 = VECTOR('',#3625,1.);
#3625 = DIRECTION('',(1.,0.,0.));
#3626 = PCURVE('',#3401,#3627);
#3627 = DEFINITIONAL_REPRESENTATION('',(#3628),#3632);
#3628 = LINE('',#3629,#3630);
#3629 = CARTESIAN_POINT('',(600.,0.));
#3630 = VECTOR('',#3631,1.);
#3631 = DIRECTION('',(0.,1.));
#3632 = ( GEOMETRIC_REPRESENTATION_CONTEXT(2) 
PARAMETRIC_REPRESENTATION_CONTEXT() REPRESENTATION_CONTEXT('2D SPACE',''
  ) );
#3633 = PCURVE('',#3483,#3634);
#3634 = DEFINITIONAL_REPRESENTATION('',(#3635),#3639);
#3635 = LINE('',#3636,#3637);
#3636 = CARTESIAN_POINT('',(0.,0.));
#3637 = VECTOR('',#3638,1.);
#3638 = DIRECTION('',(1.,0.));
#3639 = ( GEOMETRIC_REPRESENTATION_CONTEXT(2) 
PARAMETRIC_REPRESENTATION_CONTEXT() REPRESENTATION_CONTEXT('2D SPACE',''
  ) );
#3640 = ORIENTED_EDGE('',*,*,#3498,.F.);
#3641 = ADVANCED_FACE('',(#3642),#3457,.T.);
#3642 = FACE_BOUND('',#3643,.T.);
#3643 = EDGE_LOOP('',(#3644,#3665,#3666,#3687));
#3644 = ORIENTED_EDGE('',*,*,#3645,.F.);
#3645 = EDGE_CURVE('',#3414,#3529,#3646,.T.);
#3646 = SURFACE_CURVE('',#3647,(#3651,#3658),.PCURVE_S1.);
#3647 = LINE('',#3648,#3649);
#3648 = CARTESIAN_POINT('',(700.,482.,-300.));
#3649 = VECTOR('',#3650,1.);
#3650 = DIRECTION('',(1.,0.,0.));
#3651 = PCURVE('',#3457,#3652);
#3652 = DEFINITIONAL_REPRESENTATION('',(#3653),#3657);
#3653 = LINE('',#3654,#3655);
#3654 = CARTESIAN_POINT('',(0.,0.));
#3655 = VECTOR('',#3656,1.);
#3656 = DIRECTION('',(0.,1.));
#3657 = ( GEOMETRIC_REPRESENTATION_CONTEXT(2) 
PARAMETRIC_REPRESENTATION_CONTEXT() REPRESENTATION_CONTEXT('2D SPACE',''
  ) );
#3658 = PCURVE('',#3429,#3659);
#3659 = DEFINITIONAL_REPRESENTATION('',(#3660),#3664);
#3660 = LINE('',#3661,#3662);
#3661 = CARTESIAN_POINT('',(0.,4.));
#3662 = VECTOR('',#3663,1.);
#3663 = DIRECTION('',(1.,0.));
#3664 = ( GEOMETRIC_REPRESENTATION_CONTEXT(2) 
PARAMETRIC_REPRESENTATION_CONTEXT() REPRESENTATION_CONTEXT('2D SPACE',''
  ) );
#3665 = ORIENTED_EDGE('',*,*,#3441,.T.);
#3666 = ORIENTED_EDGE('',*,*,#3667,.T.);
#3667 = EDGE_CURVE('',#3442,#3552,#3668,.T.);
#3668 = SURFACE_CURVE('',#3669,(#3673,#3680),.PCURVE_S1.);
#3669 = LINE('',#3670,#3671);
#3670 = CARTESIAN_POINT('',(700.,482.,300.));
#3671 = VECTOR('',#3672,1.);
#3672 = DIRECTION('',(1.,0.,0.));
#3673 = PCURVE('',#3457,#3674);
#3674 = DEFINITIONAL_REPRESENTATION('',(#3675),#3679);
#3675 = LINE('',#3676,#3677);
#3676 = CARTESIAN_POINT('',(600.,0.));
#3677 = VECTOR('',#3678,1.);
#3678 = DIRECTION('',(0.,1.));
#3679 = ( GEOMETRIC_REPRESENTATION_CONTEXT(2) 
PARAMETRIC_REPRESENTATION_CONTEXT() REPRESENTATION_CONTEXT('2D SPACE',''
  ) );
#3680 = PCURVE('',#3483,#3681);
#3681 = DEFINITIONAL_REPRESENTATION('',(#3682),#3686);
#3682 = LINE('',#3683,#3684);
#3683 = CARTESIAN_POINT('',(0.,4.));
#3684 = VECTOR('',#3685,1.);
#3685 = DIRECTION('',(1.,0.));
#3686 = ( GEOMETRIC_REPRESENTATION_CONTEXT(2) 
PARAMETRIC_REPRESENTATION_CONTEXT() REPRESENTATION_CONTEXT('2D SPACE',''
  ) );
#3687 = ORIENTED_EDGE('',*,*,#3551,.F.);
#3688 = ADVANCED_FACE('',(#3689),#3429,.F.);
#3689 = FACE_BOUND('',#3690,.F.);
#3690 = EDGE_LOOP('',(#3691,#3692,#3693,#3694));
#3691 = ORIENTED_EDGE('',*,*,#3413,.F.);
#3692 = ORIENTED_EDGE('',*,*,#3598,.T.);
#3693 = ORIENTED_EDGE('',*,*,#3528,.T.);
#3694 = ORIENTED_EDGE('',*,*,#3645,.F.);
#3695 = ADVANCED_FACE('',(#3696),#3483,.T.);
#3696 = FACE_BOUND('',#3697,.T.);
#3697 = EDGE_LOOP('',(#3698,#3699,#3700,#3701));
#3698 = ORIENTED_EDGE('',*,*,#3469,.F.);
#3699 = ORIENTED_EDGE('',*,*,#3620,.T.);
#3700 = ORIENTED_EDGE('',*,*,#3574,.T.);
#3701 = ORIENTED_EDGE('',*,*,#3667,.F.);
#3702 = ( GEOMETRIC_REPRESENTATION_CONTEXT(3) 
GLOBAL_UNCERTAINTY_ASSIGNED_CONTEXT((#3706)) 
GLOBAL_UNIT_ASSIGNED_CONTEXT((#3703,#3704,#3705)) REPRESENTATION_CONTEXT
('Context #1','3D Context with UNIT and UNCERTAINTY') );
#3703 = ( LENGTH_UNIT() NAMED_UNIT(*) SI_UNIT($,.METRE.) );
#3704 = ( NAMED_UNIT(*) PLANE_ANGLE_UNIT() SI_UNIT($,.RADIAN.) );
#3705 = ( NAMED_UNIT(*) SI_UNIT($,.STERADIAN.) SOLID_ANGLE_UNIT() );
#3706 = UNCERTAINTY_MEASURE_WITH_UNIT(LENGTH_MEASURE(1.E-07),#3703,
  'distance_accuracy_value','confusion accuracy');
#3707 = PRODUCT_RELATED_PRODUCT_CATEGORY('part',$,(#3368));
#3708 = SHAPE_DEFINITION_REPRESENTATION(#3709,#3715);
#3709 = PRODUCT_DEFINITION_SHAPE('','',#3710);
#3710 = PRODUCT_DEFINITION('design','',#3711,#3714);
#3711 = PRODUCT_DEFINITION_FORMATION('','',#3712);
#3712 = PRODUCT('Rad_02','Rad_02','',(#3713));
#3713 = PRODUCT_CONTEXT('',#2,'mechanical');
#3714 = PRODUCT_DEFINITION_CONTEXT('part definition',#2,'design');
#3715 = ADVANCED_BREP_SHAPE_REPRESENTATION('',(#11,#3716),#4046);
#3716 = MANIFOLD_SOLID_BREP('',#3717);
#3717 = CLOSED_SHELL('',(#3718,#3838,#3938,#3985,#4032,#4039));
#3718 = ADVANCED_FACE('',(#3719),#3733,.F.);
#3719 = FACE_BOUND('',#3720,.F.);
#3720 = EDGE_LOOP('',(#3721,#3756,#3784,#3812));
#3721 = ORIENTED_EDGE('',*,*,#3722,.F.);
#3722 = EDGE_CURVE('',#3723,#3725,#3727,.T.);
#3723 = VERTEX_POINT('',#3724);
#3724 = CARTESIAN_POINT('',(1.14E+03,478.,-300.));
#3725 = VERTEX_POINT('',#3726);
#3726 = CARTESIAN_POINT('',(1.14E+03,478.,300.));
#3727 = SURFACE_CURVE('',#3728,(#3732,#3744),.PCURVE_S1.);
#3728 = LINE('',#3729,#3730);
#3729 = CARTESIAN_POINT('',(1.14E+03,478.,-300.));
#3730 = VECTOR('',#3731,1.);
#3731 = DIRECTION('',(0.,0.,1.));
#3732 = PCURVE('',#3733,#3738);
#3733 = PLANE('',#3734);
#3734 = AXIS2_PLACEMENT_3D('',#3735,#3736,#3737);
#3735 = CARTESIAN_POINT('',(1.14E+03,478.,-300.));
#3736 = DIRECTION('',(1.,0.,0.));
#3737 = DIRECTION('',(0.,0.,1.));
#3738 = DEFINITIONAL_REPRESENTATION('',(#3739),#3743);
#3739 = LINE('',#3740,#3741);
#3740 = CARTESIAN_POINT('',(0.,0.));
#3741 = VECTOR('',#3742,1.);
#3742 = DIRECTION('',(1.,0.));
#3743 = ( GEOMETRIC_REPRESENTATION_CONTEXT(2) 
PARAMETRIC_REPRESENTATION_CONTEXT() REPRESENTATION_CONTEXT('2D SPACE',''
  ) );
#3744 = PCURVE('',#3745,#3750);
#3745 = PLANE('',#3746);
#3746 = AXIS2_PLACEMENT_3D('',#3747,#3748,#3749);
#3747 = CARTESIAN_POINT('',(1.14E+03,478.,-300.));
#3748 = DIRECTION('',(0.,1.,0.));
#3749 = DIRECTION('',(0.,0.,1.));
#3750 = DEFINITIONAL_REPRESENTATION('',(#3751),#3755);
#3751 = LINE('',#3752,#3753);
#3752 = CARTESIAN_POINT('',(0.,0.));
#3753 = VECTOR('',#3754,1.);
#3754 = DIRECTION('',(1.,0.));
#3755 = ( GEOMETRIC_REPRESENTATION_CONTEXT(2) 
PARAMETRIC_REPRESENTATION_CONTEXT() REPRESENTATION_CONTEXT('2D SPACE',''
  ) );
#3756 = ORIENTED_EDGE('',*,*,#3757,.T.);
#3757 = EDGE_CURVE('',#3723,#3758,#3760,.T.);
#3758 = VERTEX_POINT('',#3759);
#3759 = CARTESIAN_POINT('',(1.14E+03,482.,-300.));
#3760 = SURFACE_CURVE('',#3761,(#3765,#3772),.PCURVE_S1.);
#3761 = LINE('',#3762,#3763);
#3762 = CARTESIAN_POINT('',(1.14E+03,478.,-300.));
#3763 = VECTOR('',#3764,1.);
#3764 = DIRECTION('',(0.,1.,0.));
#3765 = PCURVE('',#3733,#3766);
#3766 = DEFINITIONAL_REPRESENTATION('',(#3767),#3771);
#3767 = LINE('',#3768,#3769);
#3768 = CARTESIAN_POINT('',(0.,0.));
#3769 = VECTOR('',#3770,1.);
#3770 = DIRECTION('',(0.,-1.));
#3771 = ( GEOMETRIC_REPRESENTATION_CONTEXT(2) 
PARAMETRIC_REPRESENTATION_CONTEXT() REPRESENTATION_CONTEXT('2D SPACE',''
  ) );
#3772 = PCURVE('',#3773,#3778);
#3773 = PLANE('',#3774);
#3774 = AXIS2_PLACEMENT_3D('',#3775,#3776,#3777);
#3775 = CARTESIAN_POINT('',(1.14E+03,478.,-300.));
#3776 = DIRECTION('',(0.,0.,1.));
#3777 = DIRECTION('',(1.,0.,0.));
#3778 = DEFINITIONAL_REPRESENTATION('',(#3779),#3783);
#3779 = LINE('',#3780,#3781);
#3780 = CARTESIAN_POINT('',(0.,0.));
#3781 = VECTOR('',#3782,1.);
#3782 = DIRECTION('',(0.,1.));
#3783 = ( GEOMETRIC_REPRESENTATION_CONTEXT(2) 
PARAMETRIC_REPRESENTATION_CONTEXT() REPRESENTATION_CONTEXT('2D SPACE',''
  ) );
#3784 = ORIENTED_EDGE('',*,*,#3785,.T.);
#3785 = EDGE_CURVE('',#3758,#3786,#3788,.T.);
#3786 = VERTEX_POINT('',#3787);
#3787 = CARTESIAN_POINT('',(1.14E+03,482.,300.));
#3788 = SURFACE_CURVE('',#3789,(#3793,#3800),.PCURVE_S1.);
#3789 = LINE('',#3790,#3791);
#3790 = CARTESIAN_POINT('',(1.14E+03,482.,-300.));
#3791 = VECTOR('',#3792,1.);
#3792 = DIRECTION('',(0.,0.,1.));
#3793 = PCURVE('',#3733,#3794);
#3794 = DEFINITIONAL_REPRESENTATION('',(#3795),#3799);
#3795 = LINE('',#3796,#3797);
#3796 = CARTESIAN_POINT('',(0.,-4.));
#3797 = VECTOR('',#3798,1.);
#3798 = DIRECTION('',(1.,0.));
#3799 = ( GEOMETRIC_REPRESENTATION_CONTEXT(2) 
PARAMETRIC_REPRESENTATION_CONTEXT() REPRESENTATION_CONTEXT('2D SPACE',''
  ) );
#3800 = PCURVE('',#3801,#3806);
#3801 = PLANE('',#3802);
#3802 = AXIS2_PLACEMENT_3D('',#3803,#3804,#3805);
#3803 = CARTESIAN_POINT('',(1.14E+03,482.,-300.));
#3804 = DIRECTION('',(0.,1.,0.));
#3805 = DIRECTION('',(0.,0.,1.));
#3806 = DEFINITIONAL_REPRESENTATION('',(#3807),#3811);
#3807 = LINE('',#3808,#3809);
#3808 = CARTESIAN_POINT('',(0.,0.));
#3809 = VECTOR('',#3810,1.);
#3810 = DIRECTION('',(1.,0.));
#3811 = ( GEOMETRIC_REPRESENTATION_CONTEXT(2) 
PARAMETRIC_REPRESENTATION_CONTEXT() REPRESENTATION_CONTEXT('2D SPACE',''
  ) );
#3812 = ORIENTED_EDGE('',*,*,#3813,.F.);
#3813 = EDGE_CURVE('',#3725,#3786,#3814,.T.);
#3814 = SURFACE_CURVE('',#3815,(#3819,#3826),.PCURVE_S1.);
#3815 = LINE('',#3816,#3817);
#3816 = CARTESIAN_POINT('',(1.14E+03,478.,300.));
#3817 = VECTOR('',#3818,1.);
#3818 = DIRECTION('',(0.,1.,0.));
#3819 = PCURVE('',#3733,#3820);
#3820 = DEFINITIONAL_REPRESENTATION('',(#3821),#3825);
#3821 = LINE('',#3822,#3823);
#3822 = CARTESIAN_POINT('',(600.,0.));
#3823 = VECTOR('',#3824,1.);
#3824 = DIRECTION('',(0.,-1.));
#3825 = ( GEOMETRIC_REPRESENTATION_CONTEXT(2) 
PARAMETRIC_REPRESENTATION_CONTEXT() REPRESENTATION_CONTEXT('2D SPACE',''
  ) );
#3826 = PCURVE('',#3827,#3832);
#3827 = PLANE('',#3828);
#3828 = AXIS2_PLACEMENT_3D('',#3829,#3830,#3831);
#3829 = CARTESIAN_POINT('',(1.14E+03,478.,300.));
#3830 = DIRECTION('',(0.,0.,1.));
#3831 = DIRECTION('',(1.,0.,0.));
#3832 = DEFINITIONAL_REPRESENTATION('',(#3833),#3837);
#3833 = LINE('',#3834,#3835);
#3834 = CARTESIAN_POINT('',(0.,0.));
#3835 = VECTOR('',#3836,1.);
#3836 = DIRECTION('',(0.,1.));
#3837 = ( GEOMETRIC_REPRESENTATION_CONTEXT(2) 
PARAMETRIC_REPRESENTATION_CONTEXT() REPRESENTATION_CONTEXT('2D SPACE',''
  ) );
#3838 = ADVANCED_FACE('',(#3839),#3853,.T.);
#3839 = FACE_BOUND('',#3840,.T.);
#3840 = EDGE_LOOP('',(#3841,#3871,#3894,#3917));
#3841 = ORIENTED_EDGE('',*,*,#3842,.F.);
#3842 = EDGE_CURVE('',#3843,#3845,#3847,.T.);
#3843 = VERTEX_POINT('',#3844);
#3844 = CARTESIAN_POINT('',(1.94E+03,478.,-300.));
#3845 = VERTEX_POINT('',#3846);
#3846 = CARTESIAN_POINT('',(1.94E+03,478.,300.));
#3847 = SURFACE_CURVE('',#3848,(#3852,#3864),.PCURVE_S1.);
#3848 = LINE('',#3849,#3850);
#3849 = CARTESIAN_POINT('',(1.94E+03,478.,-300.));
#3850 = VECTOR('',#3851,1.);
#3851 = DIRECTION('',(0.,0.,1.));
#3852 = PCURVE('',#3853,#3858);
#3853 = PLANE('',#3854);
#3854 = AXIS2_PLACEMENT_3D('',#3855,#3856,#3857);
#3855 = CARTESIAN_POINT('',(1.94E+03,478.,-300.));
#3856 = DIRECTION('',(1.,0.,0.));
#3857 = DIRECTION('',(0.,0.,1.));
#3858 = DEFINITIONAL_REPRESENTATION('',(#3859),#3863);
#3859 = LINE('',#3860,#3861);
#3860 = CARTESIAN_POINT('',(0.,0.));
#3861 = VECTOR('',#3862,1.);
#3862 = DIRECTION('',(1.,0.));
#3863 = ( GEOMETRIC_REPRESENTATION_CONTEXT(2) 
PARAMETRIC_REPRESENTATION_CONTEXT() REPRESENTATION_CONTEXT('2D SPACE',''
  ) );
#3864 = PCURVE('',#3745,#3865);
#3865 = DEFINITIONAL_REPRESENTATION('',(#3866),#3870);
#3866 = LINE('',#3867,#3868);
#3867 = CARTESIAN_POINT('',(0.,800.));
#3868 = VECTOR('',#3869,1.);
#3869 = DIRECTION('',(1.,0.));
#3870 = ( GEOMETRIC_REPRESENTATION_CONTEXT(2) 
PARAMETRIC_REPRESENTATION_CONTEXT() REPRESENTATION_CONTEXT('2D SPACE',''
  ) );
#3871 = ORIENTED_EDGE('',*,*,#3872,.T.);
#3872 = EDGE_CURVE('',#3843,#3873,#3875,.T.);
#3873 = VERTEX_POINT('',#3874);
#3874 = CARTESIAN_POINT('',(1.94E+03,482.,-300.));
#3875 = SURFACE_CURVE('',#3876,(#3880,#3887),.PCURVE_S1.);
#3876 = LINE('',#3877,#3878);
#3877 = CARTESIAN_POINT('',(1.94E+03,478.,-300.));
#3878 = VECTOR('',#3879,1.);
#3879 = DIRECTION('',(0.,1.,0.));
#3880 = PCURVE('',#3853,#3881);
#3881 = DEFINITIONAL_REPRESENTATION('',(#3882),#3886);
#3882 = LINE('',#3883,#3884);
#3883 = CARTESIAN_POINT('',(0.,0.));
#3884 = VECTOR('',#3885,1.);
#3885 = DIRECTION('',(0.,-1.));
#3886 = ( GEOMETRIC_REPRESENTATION_CONTEXT(2) 
PARAMETRIC_REPRESENTATION_CONTEXT() REPRESENTATION_CONTEXT('2D SPACE',''
  ) );
#3887 = PCURVE('',#3773,#3888);
#3888 = DEFINITIONAL_REPRESENTATION('',(#3889),#3893);
#3889 = LINE('',#3890,#3891);
#3890 = CARTESIAN_POINT('',(800.,0.));
#3891 = VECTOR('',#3892,1.);
#3892 = DIRECTION('',(0.,1.));
#3893 = ( GEOMETRIC_REPRESENTATION_CONTEXT(2) 
PARAMETRIC_REPRESENTATION_CONTEXT() REPRESENTATION_CONTEXT('2D SPACE',''
  ) );
#3894 = ORIENTED_EDGE('',*,*,#3895,.T.);
#3895 = EDGE_CURVE('',#3873,#3896,#3898,.T.);
#3896 = VERTEX_POINT('',#3897);
#3897 = CARTESIAN_POINT('',(1.94E+03,482.,300.));
#3898 = SURFACE_CURVE('',#3899,(#3903,#3910),.PCURVE_S1.);
#3899 = LINE('',#3900,#3901);
#3900 = CARTESIAN_POINT('',(1.94E+03,482.,-300.));
#3901 = VECTOR('',#3902,1.);
#3902 = DIRECTION('',(0.,0.,1.));
#3903 = PCURVE('',#3853,#3904);
#3904 = DEFINITIONAL_REPRESENTATION('',(#3905),#3909);
#3905 = LINE('',#3906,#3907);
#3906 = CARTESIAN_POINT('',(0.,-4.));
#3907 = VECTOR('',#3908,1.);
#3908 = DIRECTION('',(1.,0.));
#3909 = ( GEOMETRIC_REPRESENTATION_CONTEXT(2) 
PARAMETRIC_REPRESENTATION_CONTEXT() REPRESENTATION_CONTEXT('2D SPACE',''
  ) );
#3910 = PCURVE('',#3801,#3911);
#3911 = DEFINITIONAL_REPRESENTATION('',(#3912),#3916);
#3912 = LINE('',#3913,#3914);
#3913 = CARTESIAN_POINT('',(0.,800.));
#3914 = VECTOR('',#3915,1.);
#3915 = DIRECTION('',(1.,0.));
#3916 = ( GEOMETRIC_REPRESENTATION_CONTEXT(2) 
PARAMETRIC_REPRESENTATION_CONTEXT() REPRESENTATION_CONTEXT('2D SPACE',''
  ) );
#3917 = ORIENTED_EDGE('',*,*,#3918,.F.);
#3918 = EDGE_CURVE('',#3845,#3896,#3919,.T.);
#3919 = SURFACE_CURVE('',#3920,(#3924,#3931),.PCURVE_S1.);
#3920 = LINE('',#3921,#3922);
#3921 = CARTESIAN_POINT('',(1.94E+03,478.,300.));
#3922 = VECTOR('',#3923,1.);
#3923 = DIRECTION('',(0.,1.,0.));
#3924 = PCURVE('',#3853,#3925);
#3925 = DEFINITIONAL_REPRESENTATION('',(#3926),#3930);
#3926 = LINE('',#3927,#3928);
#3927 = CARTESIAN_POINT('',(600.,0.));
#3928 = VECTOR('',#3929,1.);
#3929 = DIRECTION('',(0.,-1.));
#3930 = ( GEOMETRIC_REPRESENTATION_CONTEXT(2) 
PARAMETRIC_REPRESENTATION_CONTEXT() REPRESENTATION_CONTEXT('2D SPACE',''
  ) );
#3931 = PCURVE('',#3827,#3932);
#3932 = DEFINITIONAL_REPRESENTATION('',(#3933),#3937);
#3933 = LINE('',#3934,#3935);
#3934 = CARTESIAN_POINT('',(800.,0.));
#3935 = VECTOR('',#3936,1.);
#3936 = DIRECTION('',(0.,1.));
#3937 = ( GEOMETRIC_REPRESENTATION_CONTEXT(2) 
PARAMETRIC_REPRESENTATION_CONTEXT() REPRESENTATION_CONTEXT('2D SPACE',''
  ) );
#3938 = ADVANCED_FACE('',(#3939),#3745,.F.);
#3939 = FACE_BOUND('',#3940,.F.);
#3940 = EDGE_LOOP('',(#3941,#3962,#3963,#3984));
#3941 = ORIENTED_EDGE('',*,*,#3942,.F.);
#3942 = EDGE_CURVE('',#3723,#3843,#3943,.T.);
#3943 = SURFACE_CURVE('',#3944,(#3948,#3955),.PCURVE_S1.);
#3944 = LINE('',#3945,#3946);
#3945 = CARTESIAN_POINT('',(1.14E+03,478.,-300.));
#3946 = VECTOR('',#3947,1.);
#3947 = DIRECTION('',(1.,0.,0.));
#3948 = PCURVE('',#3745,#3949);
#3949 = DEFINITIONAL_REPRESENTATION('',(#3950),#3954);
#3950 = LINE('',#3951,#3952);
#3951 = CARTESIAN_POINT('',(0.,0.));
#3952 = VECTOR('',#3953,1.);
#3953 = DIRECTION('',(0.,1.));
#3954 = ( GEOMETRIC_REPRESENTATION_CONTEXT(2) 
PARAMETRIC_REPRESENTATION_CONTEXT() REPRESENTATION_CONTEXT('2D SPACE',''
  ) );
#3955 = PCURVE('',#3773,#3956);
#3956 = DEFINITIONAL_REPRESENTATION('',(#3957),#3961);
#3957 = LINE('',#3958,#3959);
#3958 = CARTESIAN_POINT('',(0.,0.));
#3959 = VECTOR('',#3960,1.);
#3960 = DIRECTION('',(1.,0.));
#3961 = ( GEOMETRIC_REPRESENTATION_CONTEXT(2) 
PARAMETRIC_REPRESENTATION_CONTEXT() REPRESENTATION_CONTEXT('2D SPACE',''
  ) );
#3962 = ORIENTED_EDGE('',*,*,#3722,.T.);
#3963 = ORIENTED_EDGE('',*,*,#3964,.T.);
#3964 = EDGE_CURVE('',#3725,#3845,#3965,.T.);
#3965 = SURFACE_CURVE('',#3966,(#3970,#3977),.PCURVE_S1.);
#3966 = LINE('',#3967,#3968);
#3967 = CARTESIAN_POINT('',(1.14E+03,478.,300.));
#3968 = VECTOR('',#3969,1.);
#3969 = DIRECTION('',(1.,0.,0.));
#3970 = PCURVE('',#3745,#3971);
#3971 = DEFINITIONAL_REPRESENTATION('',(#3972),#3976);
#3972 = LINE('',#3973,#3974);
#3973 = CARTESIAN_POINT('',(600.,0.));
#3974 = VECTOR('',#3975,1.);
#3975 = DIRECTION('',(0.,1.));
#3976 = ( GEOMETRIC_REPRESENTATION_CONTEXT(2) 
PARAMETRIC_REPRESENTATION_CONTEXT() REPRESENTATION_CONTEXT('2D SPACE',''
  ) );
#3977 = PCURVE('',#3827,#3978);
#3978 = DEFINITIONAL_REPRESENTATION('',(#3979),#3983);
#3979 = LINE('',#3980,#3981);
#3980 = CARTESIAN_POINT('',(0.,0.));
#3981 = VECTOR('',#3982,1.);
#3982 = DIRECTION('',(1.,0.));
#3983 = ( GEOMETRIC_REPRESENTATION_CONTEXT(2) 
PARAMETRIC_REPRESENTATION_CONTEXT() REPRESENTATION_CONTEXT('2D SPACE',''
  ) );
#3984 = ORIENTED_EDGE('',*,*,#3842,.F.);
#3985 = ADVANCED_FACE('',(#3986),#3801,.T.);
#3986 = FACE_BOUND('',#3987,.T.);
#3987 = EDGE_LOOP('',(#3988,#4009,#4010,#4031));
#3988 = ORIENTED_EDGE('',*,*,#3989,.F.);
#3989 = EDGE_CURVE('',#3758,#3873,#3990,.T.);
#3990 = SURFACE_CURVE('',#3991,(#3995,#4002),.PCURVE_S1.);
#3991 = LINE('',#3992,#3993);
#3992 = CARTESIAN_POINT('',(1.14E+03,482.,-300.));
#3993 = VECTOR('',#3994,1.);
#3994 = DIRECTION('',(1.,0.,0.));
#3995 = PCURVE('',#3801,#3996);
#3996 = DEFINITIONAL_REPRESENTATION('',(#3997),#4001);
#3997 = LINE('',#3998,#3999);
#3998 = CARTESIAN_POINT('',(0.,0.));
#3999 = VECTOR('',#4000,1.);
#4000 = DIRECTION('',(0.,1.));
#4001 = ( GEOMETRIC_REPRESENTATION_CONTEXT(2) 
PARAMETRIC_REPRESENTATION_CONTEXT() REPRESENTATION_CONTEXT('2D SPACE',''
  ) );
#4002 = PCURVE('',#3773,#4003);
#4003 = DEFINITIONAL_REPRESENTATION('',(#4004),#4008);
#4004 = LINE('',#4005,#4006);
#4005 = CARTESIAN_POINT('',(0.,4.));
#4006 = VECTOR('',#4007,1.);
#4007 = DIRECTION('',(1.,0.));
#4008 = ( GEOMETRIC_REPRESENTATION_CONTEXT(2) 
PARAMETRIC_REPRESENTATION_CONTEXT() REPRESENTATION_CONTEXT('2D SPACE',''
  ) );
#4009 = ORIENTED_EDGE('',*,*,#3785,.T.);
#4010 = ORIENTED_EDGE('',*,*,#4011,.T.);
#4011 = EDGE_CURVE('',#3786,#3896,#4012,.T.);
#4012 = SURFACE_CURVE('',#4013,(#4017,#4024),.PCURVE_S1.);
#4013 = LINE('',#4014,#4015);
#4014 = CARTESIAN_POINT('',(1.14E+03,482.,300.));
#4015 = VECTOR('',#4016,1.);
#4016 = DIRECTION('',(1.,0.,0.));
#4017 = PCURVE('',#3801,#4018);
#4018 = DEFINITIONAL_REPRESENTATION('',(#4019),#4023);
#4019 = LINE('',#4020,#4021);
#4020 = CARTESIAN_POINT('',(600.,0.));
#4021 = VECTOR('',#4022,1.);
#4022 = DIRECTION('',(0.,1.));
#4023 = ( GEOMETRIC_REPRESENTATION_CONTEXT(2) 
PARAMETRIC_REPRESENTATION_CONTEXT() REPRESENTATION_CONTEXT('2D SPACE',''
  ) );
#4024 = PCURVE('',#3827,#4025);
#4025 = DEFINITIONAL_REPRESENTATION('',(#4026),#4030);
#4026 = LINE('',#4027,#4028);
#4027 = CARTESIAN_POINT('',(0.,4.));
#4028 = VECTOR('',#4029,1.);
#4029 = DIRECTION('',(1.,0.));
#4030 = ( GEOMETRIC_REPRESENTATION_CONTEXT(2) 
PARAMETRIC_REPRESENTATION_CONTEXT() REPRESENTATION_CONTEXT('2D SPACE',''
  ) );
#4031 = ORIENTED_EDGE('',*,*,#3895,.F.);
#4032 = ADVANCED_FACE('',(#4033),#3773,.F.);
#4033 = FACE_BOUND('',#4034,.F.);
#4034 = EDGE_LOOP('',(#4035,#4036,#4037,#4038));
#4035 = ORIENTED_EDGE('',*,*,#3757,.F.);
#4036 = ORIENTED_EDGE('',*,*,#3942,.T.);
#4037 = ORIENTED_EDGE('',*,*,#3872,.T.);
#4038 = ORIENTED_EDGE('',*,*,#3989,.F.);
#4039 = ADVANCED_FACE('',(#4040),#3827,.T.);
#4040 = FACE_BOUND('',#4041,.T.);
#4041 = EDGE_LOOP('',(#4042,#4043,#4044,#4045));
#4042 = ORIENTED_EDGE('',*,*,#3813,.F.);
#4043 = ORIENTED_EDGE('',*,*,#3964,.T.);
#4044 = ORIENTED_EDGE('',*,*,#3918,.T.);
#4045 = ORIENTED_EDGE('',*,*,#4011,.F.);
#4046 = ( GEOMETRIC_REPRESENTATION_CONTEXT(3) 
GLOBAL_UNCERTAINTY_ASSIGNED_CONTEXT((#4050)) 
GLOBAL_UNIT_ASSIGNED_CONTEXT((#4047,#4048,#4049)) REPRESENTATION_CONTEXT
('Context #1','3D Context with UNIT and UNCERTAINTY') );
#4047 = ( LENGTH_UNIT() NAMED_UNIT(*) SI_UNIT($,.METRE.) );
#4048 = ( NAMED_UNIT(*) PLANE_ANGLE_UNIT() SI_UNIT($,.RADIAN.) );
#4049 = ( NAMED_UNIT(*) SI_UNIT($,.STERADIAN.) SOLID_ANGLE_UNIT() );
#4050 = UNCERTAINTY_MEASURE_WITH_UNIT(LENGTH_MEASURE(1.E-07),#4047,
  'distance_accuracy_value','confusion accuracy');
#4051 = PRODUCT_RELATED_PRODUCT_CATEGORY('part',$,(#3712));
#4052 = SHAPE_DEFINITION_REPRESENTATION(#4053,#4059);
#4053 = PRODUCT_DEFINITION_SHAPE('','',#4054);
#4054 = PRODUCT_DEFINITION('design','',#4055,#4058);
#4055 = PRODUCT_DEFINITION_FORMATION('','',#4056);
#4056 = PRODUCT('Rad_03','Rad_03','',(#4057));
#4057 = PRODUCT_CONTEXT('',#2,'mechanical');
#4058 = PRODUCT_DEFINITION_CONTEXT('part definition',#2,'design');
#4059 = ADVANCED_BREP_SHAPE_REPRESENTATION('',(#11,#4060),#4390);
#4060 = MANIFOLD_SOLID_BREP('',#4061);
#4061 = CLOSED_SHELL('',(#4062,#4182,#4282,#4329,#4376,#4383));
#4062 = ADVANCED_FACE('',(#4063),#4077,.F.);
#4063 = FACE_BOUND('',#4064,.F.);
#4064 = EDGE_LOOP('',(#4065,#4100,#4128,#4156));
#4065 = ORIENTED_EDGE('',*,*,#4066,.F.);
#4066 = EDGE_CURVE('',#4067,#4069,#4071,.T.);
#4067 = VERTEX_POINT('',#4068);
#4068 = CARTESIAN_POINT('',(1.36E+03,478.,-300.));
#4069 = VERTEX_POINT('',#4070);
#4070 = CARTESIAN_POINT('',(1.36E+03,478.,300.));
#4071 = SURFACE_CURVE('',#4072,(#4076,#4088),.PCURVE_S1.);
#4072 = LINE('',#4073,#4074);
#4073 = CARTESIAN_POINT('',(1.36E+03,478.,-300.));
#4074 = VECTOR('',#4075,1.);
#4075 = DIRECTION('',(0.,0.,1.));
#4076 = PCURVE('',#4077,#4082);
#4077 = PLANE('',#4078);
#4078 = AXIS2_PLACEMENT_3D('',#4079,#4080,#4081);
#4079 = CARTESIAN_POINT('',(1.36E+03,478.,-300.));
#4080 = DIRECTION('',(1.,0.,0.));
#4081 = DIRECTION('',(0.,0.,1.));
#4082 = DEFINITIONAL_REPRESENTATION('',(#4083),#4087);
#4083 = LINE('',#4084,#4085);
#4084 = CARTESIAN_POINT('',(0.,0.));
#4085 = VECTOR('',#4086,1.);
#4086 = DIRECTION('',(1.,0.));
#4087 = ( GEOMETRIC_REPRESENTATION_CONTEXT(2) 
PARAMETRIC_REPRESENTATION_CONTEXT() REPRESENTATION_CONTEXT('2D SPACE',''
  ) );
#4088 = PCURVE('',#4089,#4094);
#4089 = PLANE('',#4090);
#4090 = AXIS2_PLACEMENT_3D('',#4091,#4092,#4093);
#4091 = CARTESIAN_POINT('',(1.36E+03,478.,-300.));
#4092 = DIRECTION('',(0.,1.,0.));
#4093 = DIRECTION('',(0.,0.,1.));
#4094 = DEFINITIONAL_REPRESENTATION('',(#4095),#4099);
#4095 = LINE('',#4096,#4097);
#4096 = CARTESIAN_POINT('',(0.,0.));
#4097 = VECTOR('',#4098,1.);
#4098 = DIRECTION('',(1.,0.));
#4099 = ( GEOMETRIC_REPRESENTATION_CONTEXT(2) 
PARAMETRIC_REPRESENTATION_CONTEXT() REPRESENTATION_CONTEXT('2D SPACE',''
  ) );
#4100 = ORIENTED_EDGE('',*,*,#4101,.T.);
#4101 = EDGE_CURVE('',#4067,#4102,#4104,.T.);
#4102 = VERTEX_POINT('',#4103);
#4103 = CARTESIAN_POINT('',(1.36E+03,482.,-300.));
#4104 = SURFACE_CURVE('',#4105,(#4109,#4116),.PCURVE_S1.);
#4105 = LINE('',#4106,#4107);
#4106 = CARTESIAN_POINT('',(1.36E+03,478.,-300.));
#4107 = VECTOR('',#4108,1.);
#4108 = DIRECTION('',(0.,1.,0.));
#4109 = PCURVE('',#4077,#4110);
#4110 = DEFINITIONAL_REPRESENTATION('',(#4111),#4115);
#4111 = LINE('',#4112,#4113);
#4112 = CARTESIAN_POINT('',(0.,0.));
#4113 = VECTOR('',#4114,1.);
#4114 = DIRECTION('',(0.,-1.));
#4115 = ( GEOMETRIC_REPRESENTATION_CONTEXT(2) 
PARAMETRIC_REPRESENTATION_CONTEXT() REPRESENTATION_CONTEXT('2D SPACE',''
  ) );
#4116 = PCURVE('',#4117,#4122);
#4117 = PLANE('',#4118);
#4118 = AXIS2_PLACEMENT_3D('',#4119,#4120,#4121);
#4119 = CARTESIAN_POINT('',(1.36E+03,478.,-300.));
#4120 = DIRECTION('',(0.,0.,1.));
#4121 = DIRECTION('',(1.,0.,0.));
#4122 = DEFINITIONAL_REPRESENTATION('',(#4123),#4127);
#4123 = LINE('',#4124,#4125);
#4124 = CARTESIAN_POINT('',(0.,0.));
#4125 = VECTOR('',#4126,1.);
#4126 = DIRECTION('',(0.,1.));
#4127 = ( GEOMETRIC_REPRESENTATION_CONTEXT(2) 
PARAMETRIC_REPRESENTATION_CONTEXT() REPRESENTATION_CONTEXT('2D SPACE',''
  ) );
#4128 = ORIENTED_EDGE('',*,*,#4129,.T.);
#4129 = EDGE_CURVE('',#4102,#4130,#4132,.T.);
#4130 = VERTEX_POINT('',#4131);
#4131 = CARTESIAN_POINT('',(1.36E+03,482.,300.));
#4132 = SURFACE_CURVE('',#4133,(#4137,#4144),.PCURVE_S1.);
#4133 = LINE('',#4134,#4135);
#4134 = CARTESIAN_POINT('',(1.36E+03,482.,-300.));
#4135 = VECTOR('',#4136,1.);
#4136 = DIRECTION('',(0.,0.,1.));
#4137 = PCURVE('',#4077,#4138);
#4138 = DEFINITIONAL_REPRESENTATION('',(#4139),#4143);
#4139 = LINE('',#4140,#4141);
#4140 = CARTESIAN_POINT('',(0.,-4.));
#4141 = VECTOR('',#4142,1.);
#4142 = DIRECTION('',(1.,0.));
#4143 = ( GEOMETRIC_REPRESENTATION_CONTEXT(2) 
PARAMETRIC_REPRESENTATION_CONTEXT() REPRESENTATION_CONTEXT('2D SPACE',''
  ) );
#4144 = PCURVE('',#4145,#4150);
#4145 = PLANE('',#4146);
#4146 = AXIS2_PLACEMENT_3D('',#4147,#4148,#4149);
#4147 = CARTESIAN_POINT('',(1.36E+03,482.,-300.));
#4148 = DIRECTION('',(0.,1.,0.));
#4149 = DIRECTION('',(0.,0.,1.));
#4150 = DEFINITIONAL_REPRESENTATION('',(#4151),#4155);
#4151 = LINE('',#4152,#4153);
#4152 = CARTESIAN_POINT('',(0.,0.));
#4153 = VECTOR('',#4154,1.);
#4154 = DIRECTION('',(1.,0.));
#4155 = ( GEOMETRIC_REPRESENTATION_CONTEXT(2) 
PARAMETRIC_REPRESENTATION_CONTEXT() REPRESENTATION_CONTEXT('2D SPACE',''
  ) );
#4156 = ORIENTED_EDGE('',*,*,#4157,.F.);
#4157 = EDGE_CURVE('',#4069,#4130,#4158,.T.);
#4158 = SURFACE_CURVE('',#4159,(#4163,#4170),.PCURVE_S1.);
#4159 = LINE('',#4160,#4161);
#4160 = CARTESIAN_POINT('',(1.36E+03,478.,300.));
#4161 = VECTOR('',#4162,1.);
#4162 = DIRECTION('',(0.,1.,0.));
#4163 = PCURVE('',#4077,#4164);
#4164 = DEFINITIONAL_REPRESENTATION('',(#4165),#4169);
#4165 = LINE('',#4166,#4167);
#4166 = CARTESIAN_POINT('',(600.,0.));
#4167 = VECTOR('',#4168,1.);
#4168 = DIRECTION('',(0.,-1.));
#4169 = ( GEOMETRIC_REPRESENTATION_CONTEXT(2) 
PARAMETRIC_REPRESENTATION_CONTEXT() REPRESENTATION_CONTEXT('2D SPACE',''
  ) );
#4170 = PCURVE('',#4171,#4176);
#4171 = PLANE('',#4172);
#4172 = AXIS2_PLACEMENT_3D('',#4173,#4174,#4175);
#4173 = CARTESIAN_POINT('',(1.36E+03,478.,300.));
#4174 = DIRECTION('',(0.,0.,1.));
#4175 = DIRECTION('',(1.,0.,0.));
#4176 = DEFINITIONAL_REPRESENTATION('',(#4177),#4181);
#4177 = LINE('',#4178,#4179);
#4178 = CARTESIAN_POINT('',(0.,0.));
#4179 = VECTOR('',#4180,1.);
#4180 = DIRECTION('',(0.,1.));
#4181 = ( GEOMETRIC_REPRESENTATION_CONTEXT(2) 
PARAMETRIC_REPRESENTATION_CONTEXT() REPRESENTATION_CONTEXT('2D SPACE',''
  ) );
#4182 = ADVANCED_FACE('',(#4183),#4197,.T.);
#4183 = FACE_BOUND('',#4184,.T.);
#4184 = EDGE_LOOP('',(#4185,#4215,#4238,#4261));
#4185 = ORIENTED_EDGE('',*,*,#4186,.F.);
#4186 = EDGE_CURVE('',#4187,#4189,#4191,.T.);
#4187 = VERTEX_POINT('',#4188);
#4188 = CARTESIAN_POINT('',(2.16E+03,478.,-300.));
#4189 = VERTEX_POINT('',#4190);
#4190 = CARTESIAN_POINT('',(2.16E+03,478.,300.));
#4191 = SURFACE_CURVE('',#4192,(#4196,#4208),.PCURVE_S1.);
#4192 = LINE('',#4193,#4194);
#4193 = CARTESIAN_POINT('',(2.16E+03,478.,-300.));
#4194 = VECTOR('',#4195,1.);
#4195 = DIRECTION('',(0.,0.,1.));
#4196 = PCURVE('',#4197,#4202);
#4197 = PLANE('',#4198);
#4198 = AXIS2_PLACEMENT_3D('',#4199,#4200,#4201);
#4199 = CARTESIAN_POINT('',(2.16E+03,478.,-300.));
#4200 = DIRECTION('',(1.,0.,0.));
#4201 = DIRECTION('',(0.,0.,1.));
#4202 = DEFINITIONAL_REPRESENTATION('',(#4203),#4207);
#4203 = LINE('',#4204,#4205);
#4204 = CARTESIAN_POINT('',(0.,0.));
#4205 = VECTOR('',#4206,1.);
#4206 = DIRECTION('',(1.,0.));
#4207 = ( GEOMETRIC_REPRESENTATION_CONTEXT(2) 
PARAMETRIC_REPRESENTATION_CONTEXT() REPRESENTATION_CONTEXT('2D SPACE',''
  ) );
#4208 = PCURVE('',#4089,#4209);
#4209 = DEFINITIONAL_REPRESENTATION('',(#4210),#4214);
#4210 = LINE('',#4211,#4212);
#4211 = CARTESIAN_POINT('',(0.,800.));
#4212 = VECTOR('',#4213,1.);
#4213 = DIRECTION('',(1.,0.));
#4214 = ( GEOMETRIC_REPRESENTATION_CONTEXT(2) 
PARAMETRIC_REPRESENTATION_CONTEXT() REPRESENTATION_CONTEXT('2D SPACE',''
  ) );
#4215 = ORIENTED_EDGE('',*,*,#4216,.T.);
#4216 = EDGE_CURVE('',#4187,#4217,#4219,.T.);
#4217 = VERTEX_POINT('',#4218);
#4218 = CARTESIAN_POINT('',(2.16E+03,482.,-300.));
#4219 = SURFACE_CURVE('',#4220,(#4224,#4231),.PCURVE_S1.);
#4220 = LINE('',#4221,#4222);
#4221 = CARTESIAN_POINT('',(2.16E+03,478.,-300.));
#4222 = VECTOR('',#4223,1.);
#4223 = DIRECTION('',(0.,1.,0.));
#4224 = PCURVE('',#4197,#4225);
#4225 = DEFINITIONAL_REPRESENTATION('',(#4226),#4230);
#4226 = LINE('',#4227,#4228);
#4227 = CARTESIAN_POINT('',(0.,0.));
#4228 = VECTOR('',#4229,1.);
#4229 = DIRECTION('',(0.,-1.));
#4230 = ( GEOMETRIC_REPRESENTATION_CONTEXT(2) 
PARAMETRIC_REPRESENTATION_CONTEXT() REPRESENTATION_CONTEXT('2D SPACE',''
  ) );
#4231 = PCURVE('',#4117,#4232);
#4232 = DEFINITIONAL_REPRESENTATION('',(#4233),#4237);
#4233 = LINE('',#4234,#4235);
#4234 = CARTESIAN_POINT('',(800.,0.));
#4235 = VECTOR('',#4236,1.);
#4236 = DIRECTION('',(0.,1.));
#4237 = ( GEOMETRIC_REPRESENTATION_CONTEXT(2) 
PARAMETRIC_REPRESENTATION_CONTEXT() REPRESENTATION_CONTEXT('2D SPACE',''
  ) );
#4238 = ORIENTED_EDGE('',*,*,#4239,.T.);
#4239 = EDGE_CURVE('',#4217,#4240,#4242,.T.);
#4240 = VERTEX_POINT('',#4241);
#4241 = CARTESIAN_POINT('',(2.16E+03,482.,300.));
#4242 = SURFACE_CURVE('',#4243,(#4247,#4254),.PCURVE_S1.);
#4243 = LINE('',#4244,#4245);
#4244 = CARTESIAN_POINT('',(2.16E+03,482.,-300.));
#4245 = VECTOR('',#4246,1.);
#4246 = DIRECTION('',(0.,0.,1.));
#4247 = PCURVE('',#4197,#4248);
#4248 = DEFINITIONAL_REPRESENTATION('',(#4249),#4253);
#4249 = LINE('',#4250,#4251);
#4250 = CARTESIAN_POINT('',(0.,-4.));
#4251 = VECTOR('',#4252,1.);
#4252 = DIRECTION('',(1.,0.));
#4253 = ( GEOMETRIC_REPRESENTATION_CONTEXT(2) 
PARAMETRIC_REPRESENTATION_CONTEXT() REPRESENTATION_CONTEXT('2D SPACE',''
  ) );
#4254 = PCURVE('',#4145,#4255);
#4255 = DEFINITIONAL_REPRESENTATION('',(#4256),#4260);
#4256 = LINE('',#4257,#4258);
#4257 = CARTESIAN_POINT('',(0.,800.));
#4258 = VECTOR('',#4259,1.);
#4259 = DIRECTION('',(1.,0.));
#4260 = ( GEOMETRIC_REPRESENTATION_CONTEXT(2) 
PARAMETRIC_REPRESENTATION_CONTEXT() REPRESENTATION_CONTEXT('2D SPACE',''
  ) );
#4261 = ORIENTED_EDGE('',*,*,#4262,.F.);
#4262 = EDGE_CURVE('',#4189,#4240,#4263,.T.);
#4263 = SURFACE_CURVE('',#4264,(#4268,#4275),.PCURVE_S1.);
#4264 = LINE('',#4265,#4266);
#4265 = CARTESIAN_POINT('',(2.16E+03,478.,300.));
#4266 = VECTOR('',#4267,1.);
#4267 = DIRECTION('',(0.,1.,0.));
#4268 = PCURVE('',#4197,#4269);
#4269 = DEFINITIONAL_REPRESENTATION('',(#4270),#4274);
#4270 = LINE('',#4271,#4272);
#4271 = CARTESIAN_POINT('',(600.,0.));
#4272 = VECTOR('',#4273,1.);
#4273 = DIRECTION('',(0.,-1.));
#4274 = ( GEOMETRIC_REPRESENTATION_CONTEXT(2) 
PARAMETRIC_REPRESENTATION_CONTEXT() REPRESENTATION_CONTEXT('2D SPACE',''
  ) );
#4275 = PCURVE('',#4171,#4276);
#4276 = DEFINITIONAL_REPRESENTATION('',(#4277),#4281);
#4277 = LINE('',#4278,#4279);
#4278 = CARTESIAN_POINT('',(800.,0.));
#4279 = VECTOR('',#4280,1.);
#4280 = DIRECTION('',(0.,1.));
#4281 = ( GEOMETRIC_REPRESENTATION_CONTEXT(2) 
PARAMETRIC_REPRESENTATION_CONTEXT() REPRESENTATION_CONTEXT('2D SPACE',''
  ) );
#4282 = ADVANCED_FACE('',(#4283),#4089,.F.);
#4283 = FACE_BOUND('',#4284,.F.);
#4284 = EDGE_LOOP('',(#4285,#4306,#4307,#4328));
#4285 = ORIENTED_EDGE('',*,*,#4286,.F.);
#4286 = EDGE_CURVE('',#4067,#4187,#4287,.T.);
#4287 = SURFACE_CURVE('',#4288,(#4292,#4299),.PCURVE_S1.);
#4288 = LINE('',#4289,#4290);
#4289 = CARTESIAN_POINT('',(1.36E+03,478.,-300.));
#4290 = VECTOR('',#4291,1.);
#4291 = DIRECTION('',(1.,0.,0.));
#4292 = PCURVE('',#4089,#4293);
#4293 = DEFINITIONAL_REPRESENTATION('',(#4294),#4298);
#4294 = LINE('',#4295,#4296);
#4295 = CARTESIAN_POINT('',(0.,0.));
#4296 = VECTOR('',#4297,1.);
#4297 = DIRECTION('',(0.,1.));
#4298 = ( GEOMETRIC_REPRESENTATION_CONTEXT(2) 
PARAMETRIC_REPRESENTATION_CONTEXT() REPRESENTATION_CONTEXT('2D SPACE',''
  ) );
#4299 = PCURVE('',#4117,#4300);
#4300 = DEFINITIONAL_REPRESENTATION('',(#4301),#4305);
#4301 = LINE('',#4302,#4303);
#4302 = CARTESIAN_POINT('',(0.,0.));
#4303 = VECTOR('',#4304,1.);
#4304 = DIRECTION('',(1.,0.));
#4305 = ( GEOMETRIC_REPRESENTATION_CONTEXT(2) 
PARAMETRIC_REPRESENTATION_CONTEXT() REPRESENTATION_CONTEXT('2D SPACE',''
  ) );
#4306 = ORIENTED_EDGE('',*,*,#4066,.T.);
#4307 = ORIENTED_EDGE('',*,*,#4308,.T.);
#4308 = EDGE_CURVE('',#4069,#4189,#4309,.T.);
#4309 = SURFACE_CURVE('',#4310,(#4314,#4321),.PCURVE_S1.);
#4310 = LINE('',#4311,#4312);
#4311 = CARTESIAN_POINT('',(1.36E+03,478.,300.));
#4312 = VECTOR('',#4313,1.);
#4313 = DIRECTION('',(1.,0.,0.));
#4314 = PCURVE('',#4089,#4315);
#4315 = DEFINITIONAL_REPRESENTATION('',(#4316),#4320);
#4316 = LINE('',#4317,#4318);
#4317 = CARTESIAN_POINT('',(600.,0.));
#4318 = VECTOR('',#4319,1.);
#4319 = DIRECTION('',(0.,1.));
#4320 = ( GEOMETRIC_REPRESENTATION_CONTEXT(2) 
PARAMETRIC_REPRESENTATION_CONTEXT() REPRESENTATION_CONTEXT('2D SPACE',''
  ) );
#4321 = PCURVE('',#4171,#4322);
#4322 = DEFINITIONAL_REPRESENTATION('',(#4323),#4327);
#4323 = LINE('',#4324,#4325);
#4324 = CARTESIAN_POINT('',(0.,0.));
#4325 = VECTOR('',#4326,1.);
#4326 = DIRECTION('',(1.,0.));
#4327 = ( GEOMETRIC_REPRESENTATION_CONTEXT(2) 
PARAMETRIC_REPRESENTATION_CONTEXT() REPRESENTATION_CONTEXT('2D SPACE',''
  ) );
#4328 = ORIENTED_EDGE('',*,*,#4186,.F.);
#4329 = ADVANCED_FACE('',(#4330),#4145,.T.);
#4330 = FACE_BOUND('',#4331,.T.);
#4331 = EDGE_LOOP('',(#4332,#4353,#4354,#4375));
#4332 = ORIENTED_EDGE('',*,*,#4333,.F.);
#4333 = EDGE_CURVE('',#4102,#4217,#4334,.T.);
#4334 = SURFACE_CURVE('',#4335,(#4339,#4346),.PCURVE_S1.);
#4335 = LINE('',#4336,#4337);
#4336 = CARTESIAN_POINT('',(1.36E+03,482.,-300.));
#4337 = VECTOR('',#4338,1.);
#4338 = DIRECTION('',(1.,0.,0.));
#4339 = PCURVE('',#4145,#4340);
#4340 = DEFINITIONAL_REPRESENTATION('',(#4341),#4345);
#4341 = LINE('',#4342,#4343);
#4342 = CARTESIAN_POINT('',(0.,0.));
#4343 = VECTOR('',#4344,1.);
#4344 = DIRECTION('',(0.,1.));
#4345 = ( GEOMETRIC_REPRESENTATION_CONTEXT(2) 
PARAMETRIC_REPRESENTATION_CONTEXT() REPRESENTATION_CONTEXT('2D SPACE',''
  ) );
#4346 = PCURVE('',#4117,#4347);
#4347 = DEFINITIONAL_REPRESENTATION('',(#4348),#4352);
#4348 = LINE('',#4349,#4350);
#4349 = CARTESIAN_POINT('',(0.,4.));
#4350 = VECTOR('',#4351,1.);
#4351 = DIRECTION('',(1.,0.));
#4352 = ( GEOMETRIC_REPRESENTATION_CONTEXT(2) 
PARAMETRIC_REPRESENTATION_CONTEXT() REPRESENTATION_CONTEXT('2D SPACE',''
  ) );
#4353 = ORIENTED_EDGE('',*,*,#4129,.T.);
#4354 = ORIENTED_EDGE('',*,*,#4355,.T.);
#4355 = EDGE_CURVE('',#4130,#4240,#4356,.T.);
#4356 = SURFACE_CURVE('',#4357,(#4361,#4368),.PCURVE_S1.);
#4357 = LINE('',#4358,#4359);
#4358 = CARTESIAN_POINT('',(1.36E+03,482.,300.));
#4359 = VECTOR('',#4360,1.);
#4360 = DIRECTION('',(1.,0.,0.));
#4361 = PCURVE('',#4145,#4362);
#4362 = DEFINITIONAL_REPRESENTATION('',(#4363),#4367);
#4363 = LINE('',#4364,#4365);
#4364 = CARTESIAN_POINT('',(600.,0.));
#4365 = VECTOR('',#4366,1.);
#4366 = DIRECTION('',(0.,1.));
#4367 = ( GEOMETRIC_REPRESENTATION_CONTEXT(2) 
PARAMETRIC_REPRESENTATION_CONTEXT() REPRESENTATION_CONTEXT('2D SPACE',''
  ) );
#4368 = PCURVE('',#4171,#4369);
#4369 = DEFINITIONAL_REPRESENTATION('',(#4370),#4374);
#4370 = LINE('',#4371,#4372);
#4371 = CARTESIAN_POINT('',(0.,4.));
#4372 = VECTOR('',#4373,1.);
#4373 = DIRECTION('',(1.,0.));
#4374 = ( GEOMETRIC_REPRESENTATION_CONTEXT(2) 
PARAMETRIC_REPRESENTATION_CONTEXT() REPRESENTATION_CONTEXT('2D SPACE',''
  ) );
#4375 = ORIENTED_EDGE('',*,*,#4239,.F.);
#4376 = ADVANCED_FACE('',(#4377),#4117,.F.);
#4377 = FACE_BOUND('',#4378,.F.);
#4378 = EDGE_LOOP('',(#4379,#4380,#4381,#4382));
#4379 = ORIENTED_EDGE('',*,*,#4101,.F.);
#4380 = ORIENTED_EDGE('',*,*,#4286,.T.);
#4381 = ORIENTED_EDGE('',*,*,#4216,.T.);
#4382 = ORIENTED_EDGE('',*,*,#4333,.F.);
#4383 = ADVANCED_FACE('',(#4384),#4171,.T.);
#4384 = FACE_BOUND('',#4385,.T.);
#4385 = EDGE_LOOP('',(#4386,#4387,#4388,#4389));
#4386 = ORIENTED_EDGE('',*,*,#4157,.F.);
#4387 = ORIENTED_EDGE('',*,*,#4308,.T.);
#4388 = ORIENTED_EDGE('',*,*,#4262,.T.);
#4389 = ORIENTED_EDGE('',*,*,#4355,.F.);
#4390 = ( GEOMETRIC_REPRESENTATION_CONTEXT(3) 
GLOBAL_UNCERTAINTY_ASSIGNED_CONTEXT((#4394)) 
GLOBAL_UNIT_ASSIGNED_CONTEXT((#4391,#4392,#4393)) REPRESENTATION_CONTEXT
('Context #1','3D Context with UNIT and UNCERTAINTY') );
#4391 = ( LENGTH_UNIT() NAMED_UNIT(*) SI_UNIT($,.METRE.) );
#4392 = ( NAMED_UNIT(*) PLANE_ANGLE_UNIT() SI_UNIT($,.RADIAN.) );
#4393 = ( NAMED_UNIT(*) SI_UNIT($,.STERADIAN.) SOLID_ANGLE_UNIT() );
#4394 = UNCERTAINTY_MEASURE_WITH_UNIT(LENGTH_MEASURE(1.E-07),#4391,
  'distance_accuracy_value','confusion accuracy');
#4395 = PRODUCT_RELATED_PRODUCT_CATEGORY('part',$,(#4056));
#4396 = SHAPE_DEFINITION_REPRESENTATION(#4397,#4403);
#4397 = PRODUCT_DEFINITION_SHAPE('','',#4398);
#4398 = PRODUCT_DEFINITION('design','',#4399,#4402);
#4399 = PRODUCT_DEFINITION_FORMATION('','',#4400);
#4400 = PRODUCT('TPS_Support','TPS_Support','',(#4401));
#4401 = PRODUCT_CONTEXT('',#2,'mechanical');
#4402 = PRODUCT_DEFINITION_CONTEXT('part definition',#2,'design');
#4403 = ADVANCED_BREP_SHAPE_REPRESENTATION('',(#11,#4404),#4502);
#4404 = MANIFOLD_SOLID_BREP('',#4405);
#4405 = CLOSED_SHELL('',(#4406,#4494,#4498));
#4406 = ADVANCED_FACE('',(#4407),#4420,.T.);
#4407 = FACE_BOUND('',#4408,.T.);
#4408 = EDGE_LOOP('',(#4409,#4443,#4466,#4493));
#4409 = ORIENTED_EDGE('',*,*,#4410,.F.);
#4410 = EDGE_CURVE('',#4411,#4411,#4413,.T.);
#4411 = VERTEX_POINT('',#4412);
#4412 = CARTESIAN_POINT('',(1.2E+03,-7.347880794884E-14,-300.));
#4413 = SURFACE_CURVE('',#4414,(#4419,#4431),.PCURVE_S1.);
#4414 = CIRCLE('',#4415,300.);
#4415 = AXIS2_PLACEMENT_3D('',#4416,#4417,#4418);
#4416 = CARTESIAN_POINT('',(1.2E+03,0.,6.217248937901E-14));
#4417 = DIRECTION('',(1.,-0.,2.22044604925E-16));
#4418 = DIRECTION('',(2.22044604925E-16,0.,-1.));
#4419 = PCURVE('',#4420,#4425);
#4420 = CONICAL_SURFACE('',#4421,450.,0.491809175989);
#4421 = AXIS2_PLACEMENT_3D('',#4422,#4423,#4424);
#4422 = CARTESIAN_POINT('',(920.,0.,0.));
#4423 = DIRECTION('',(-1.,-0.,-2.22044604925E-16));
#4424 = DIRECTION('',(2.22044604925E-16,0.,-1.));
#4425 = DEFINITIONAL_REPRESENTATION('',(#4426),#4430);
#4426 = LINE('',#4427,#4428);
#4427 = CARTESIAN_POINT('',(-0.,-280.));
#4428 = VECTOR('',#4429,1.);
#4429 = DIRECTION('',(-1.,-0.));
#4430 = ( GEOMETRIC_REPRESENTATION_CONTEXT(2) 
PARAMETRIC_REPRESENTATION_CONTEXT() REPRESENTATION_CONTEXT('2D SPACE',''
  ) );
#4431 = PCURVE('',#4432,#4437);
#4432 = PLANE('',#4433);
#4433 = AXIS2_PLACEMENT_3D('',#4434,#4435,#4436);
#4434 = CARTESIAN_POINT('',(1.2E+03,0.,6.217248937901E-14));
#4435 = DIRECTION('',(1.,0.,2.22044604925E-16));
#4436 = DIRECTION('',(2.22044604925E-16,0.,-1.));
#4437 = DEFINITIONAL_REPRESENTATION('',(#4438),#4442);
#4438 = CIRCLE('',#4439,300.);
#4439 = AXIS2_PLACEMENT_2D('',#4440,#4441);
#4440 = CARTESIAN_POINT('',(0.,0.));
#4441 = DIRECTION('',(1.,0.));
#4442 = ( GEOMETRIC_REPRESENTATION_CONTEXT(2) 
PARAMETRIC_REPRESENTATION_CONTEXT() REPRESENTATION_CONTEXT('2D SPACE',''
  ) );
#4443 = ORIENTED_EDGE('',*,*,#4444,.F.);
#4444 = EDGE_CURVE('',#4445,#4411,#4447,.T.);
#4445 = VERTEX_POINT('',#4446);
#4446 = CARTESIAN_POINT('',(920.,-1.102182119233E-13,-450.));
#4447 = SEAM_CURVE('',#4448,(#4452,#4459),.PCURVE_S1.);
#4448 = LINE('',#4449,#4450);
#4449 = CARTESIAN_POINT('',(920.,-1.102182119233E-13,-450.));
#4450 = VECTOR('',#4451,1.);
#4451 = DIRECTION('',(0.881479970029,1.156608882652E-16,0.472221412515)
  );
#4452 = PCURVE('',#4420,#4453);
#4453 = DEFINITIONAL_REPRESENTATION('',(#4454),#4458);
#4454 = LINE('',#4455,#4456);
#4455 = CARTESIAN_POINT('',(-6.28318530718,0.));
#4456 = VECTOR('',#4457,1.);
#4457 = DIRECTION('',(-0.,-1.));
#4458 = ( GEOMETRIC_REPRESENTATION_CONTEXT(2) 
PARAMETRIC_REPRESENTATION_CONTEXT() REPRESENTATION_CONTEXT('2D SPACE',''
  ) );
#4459 = PCURVE('',#4420,#4460);
#4460 = DEFINITIONAL_REPRESENTATION('',(#4461),#4465);
#4461 = LINE('',#4462,#4463);
#4462 = CARTESIAN_POINT('',(0.,-0.));
#4463 = VECTOR('',#4464,1.);
#4464 = DIRECTION('',(-0.,-1.));
#4465 = ( GEOMETRIC_REPRESENTATION_CONTEXT(2) 
PARAMETRIC_REPRESENTATION_CONTEXT() REPRESENTATION_CONTEXT('2D SPACE',''
  ) );
#4466 = ORIENTED_EDGE('',*,*,#4467,.T.);
#4467 = EDGE_CURVE('',#4445,#4445,#4468,.T.);
#4468 = SURFACE_CURVE('',#4469,(#4474,#4481),.PCURVE_S1.);
#4469 = CIRCLE('',#4470,450.);
#4470 = AXIS2_PLACEMENT_3D('',#4471,#4472,#4473);
#4471 = CARTESIAN_POINT('',(920.,0.,0.));
#4472 = DIRECTION('',(1.,-0.,2.22044604925E-16));
#4473 = DIRECTION('',(2.22044604925E-16,0.,-1.));
#4474 = PCURVE('',#4420,#4475);
#4475 = DEFINITIONAL_REPRESENTATION('',(#4476),#4480);
#4476 = LINE('',#4477,#4478);
#4477 = CARTESIAN_POINT('',(-0.,-0.));
#4478 = VECTOR('',#4479,1.);
#4479 = DIRECTION('',(-1.,-0.));
#4480 = ( GEOMETRIC_REPRESENTATION_CONTEXT(2) 
PARAMETRIC_REPRESENTATION_CONTEXT() REPRESENTATION_CONTEXT('2D SPACE',''
  ) );
#4481 = PCURVE('',#4482,#4487);
#4482 = PLANE('',#4483);
#4483 = AXIS2_PLACEMENT_3D('',#4484,#4485,#4486);
#4484 = CARTESIAN_POINT('',(920.,0.,0.));
#4485 = DIRECTION('',(1.,0.,2.22044604925E-16));
#4486 = DIRECTION('',(2.22044604925E-16,0.,-1.));
#4487 = DEFINITIONAL_REPRESENTATION('',(#4488),#4492);
#4488 = CIRCLE('',#4489,450.);
#4489 = AXIS2_PLACEMENT_2D('',#4490,#4491);
#4490 = CARTESIAN_POINT('',(0.,0.));
#4491 = DIRECTION('',(1.,0.));
#4492 = ( GEOMETRIC_REPRESENTATION_CONTEXT(2) 
PARAMETRIC_REPRESENTATION_CONTEXT() REPRESENTATION_CONTEXT('2D SPACE',''
  ) );
#4493 = ORIENTED_EDGE('',*,*,#4444,.T.);
#4494 = ADVANCED_FACE('',(#4495),#4432,.T.);
#4495 = FACE_BOUND('',#4496,.T.);
#4496 = EDGE_LOOP('',(#4497));
#4497 = ORIENTED_EDGE('',*,*,#4410,.T.);
#4498 = ADVANCED_FACE('',(#4499),#4482,.F.);
#4499 = FACE_BOUND('',#4500,.T.);
#4500 = EDGE_LOOP('',(#4501));
#4501 = ORIENTED_EDGE('',*,*,#4467,.F.);
#4502 = ( GEOMETRIC_REPRESENTATION_CONTEXT(3) 
GLOBAL_UNCERTAINTY_ASSIGNED_CONTEXT((#4506)) 
GLOBAL_UNIT_ASSIGNED_CONTEXT((#4503,#4504,#4505)) REPRESENTATION_CONTEXT
('Context #1','3D Context with UNIT and UNCERTAINTY') );
#4503 = ( LENGTH_UNIT() NAMED_UNIT(*) SI_UNIT($,.METRE.) );
#4504 = ( NAMED_UNIT(*) PLANE_ANGLE_UNIT() SI_UNIT($,.RADIAN.) );
#4505 = ( NAMED_UNIT(*) SI_UNIT($,.STERADIAN.) SOLID_ANGLE_UNIT() );
#4506 = UNCERTAINTY_MEASURE_WITH_UNIT(LENGTH_MEASURE(1.E-07),#4503,
  'distance_accuracy_value','confusion accuracy');
#4507 = PRODUCT_RELATED_PRODUCT_CATEGORY('part',$,(#4400));
#4508 = SHAPE_DEFINITION_REPRESENTATION(#4509,#4515);
#4509 = PRODUCT_DEFINITION_SHAPE('','',#4510);
#4510 = PRODUCT_DEFINITION('design','',#4511,#4514);
#4511 = PRODUCT_DEFINITION_FORMATION('','',#4512);
#4512 = PRODUCT('Hull_Shell_fallback','Hull_Shell_fallback','',(#4513));
#4513 = PRODUCT_CONTEXT('',#2,'mechanical');
#4514 = PRODUCT_DEFINITION_CONTEXT('part definition',#2,'design');
#4515 = SHAPE_REPRESENTATION('',(#11,#4516,#4704),#4771);
#4516 = MANIFOLD_SOLID_BREP('',#4517);
#4517 = CLOSED_SHELL('',(#4518,#4606,#4641,#4645,#4700));
#4518 = ADVANCED_FACE('',(#4519),#4532,.T.);
#4519 = FACE_BOUND('',#4520,.T.);
#4520 = EDGE_LOOP('',(#4521,#4555,#4578,#4605));
#4521 = ORIENTED_EDGE('',*,*,#4522,.F.);
#4522 = EDGE_CURVE('',#4523,#4523,#4525,.T.);
#4523 = VERTEX_POINT('',#4524);
#4524 = CARTESIAN_POINT('',(2.2E+03,-1.102182119233E-13,-450.));
#4525 = SURFACE_CURVE('',#4526,(#4531,#4543),.PCURVE_S1.);
#4526 = CIRCLE('',#4527,450.);
#4527 = AXIS2_PLACEMENT_3D('',#4528,#4529,#4530);
#4528 = CARTESIAN_POINT('',(2.2E+03,0.,3.10862446895E-13));
#4529 = DIRECTION('',(1.,-0.,2.22044604925E-16));
#4530 = DIRECTION('',(2.22044604925E-16,0.,-1.));
#4531 = PCURVE('',#4532,#4537);
#4532 = CYLINDRICAL_SURFACE('',#4533,450.);
#4533 = AXIS2_PLACEMENT_3D('',#4534,#4535,#4536);
#4534 = CARTESIAN_POINT('',(800.,0.,0.));
#4535 = DIRECTION('',(1.,0.,2.22044604925E-16));
#4536 = DIRECTION('',(2.22044604925E-16,0.,-1.));
#4537 = DEFINITIONAL_REPRESENTATION('',(#4538),#4542);
#4538 = LINE('',#4539,#4540);
#4539 = CARTESIAN_POINT('',(0.,1.4E+03));
#4540 = VECTOR('',#4541,1.);
#4541 = DIRECTION('',(1.,0.));
#4542 = ( GEOMETRIC_REPRESENTATION_CONTEXT(2) 
PARAMETRIC_REPRESENTATION_CONTEXT() REPRESENTATION_CONTEXT('2D SPACE',''
  ) );
#4543 = PCURVE('',#4544,#4549);
#4544 = PLANE('',#4545);
#4545 = AXIS2_PLACEMENT_3D('',#4546,#4547,#4548);
#4546 = CARTESIAN_POINT('',(2.2E+03,0.,0.));
#4547 = DIRECTION('',(1.,0.,2.22044604925E-16));
#4548 = DIRECTION('',(2.22044604925E-16,0.,-1.));
#4549 = DEFINITIONAL_REPRESENTATION('',(#4550),#4554);
#4550 = CIRCLE('',#4551,450.);
#4551 = AXIS2_PLACEMENT_2D('',#4552,#4553);
#4552 = CARTESIAN_POINT('',(-3.10862446895E-13,0.));
#4553 = DIRECTION('',(1.,0.));
#4554 = ( GEOMETRIC_REPRESENTATION_CONTEXT(2) 
PARAMETRIC_REPRESENTATION_CONTEXT() REPRESENTATION_CONTEXT('2D SPACE',''
  ) );
#4555 = ORIENTED_EDGE('',*,*,#4556,.F.);
#4556 = EDGE_CURVE('',#4557,#4523,#4559,.T.);
#4557 = VERTEX_POINT('',#4558);
#4558 = CARTESIAN_POINT('',(800.,-1.102182119233E-13,-450.));
#4559 = SEAM_CURVE('',#4560,(#4564,#4571),.PCURVE_S1.);
#4560 = LINE('',#4561,#4562);
#4561 = CARTESIAN_POINT('',(800.,-1.102182119233E-13,-450.));
#4562 = VECTOR('',#4563,1.);
#4563 = DIRECTION('',(1.,0.,2.22044604925E-16));
#4564 = PCURVE('',#4532,#4565);
#4565 = DEFINITIONAL_REPRESENTATION('',(#4566),#4570);
#4566 = LINE('',#4567,#4568);
#4567 = CARTESIAN_POINT('',(6.28318530718,-0.));
#4568 = VECTOR('',#4569,1.);
#4569 = DIRECTION('',(0.,1.));
#4570 = ( GEOMETRIC_REPRESENTATION_CONTEXT(2) 
PARAMETRIC_REPRESENTATION_CONTEXT() REPRESENTATION_CONTEXT('2D SPACE',''
  ) );
#4571 = PCURVE('',#4532,#4572);
#4572 = DEFINITIONAL_REPRESENTATION('',(#4573),#4577);
#4573 = LINE('',#4574,#4575);
#4574 = CARTESIAN_POINT('',(0.,-0.));
#4575 = VECTOR('',#4576,1.);
#4576 = DIRECTION('',(0.,1.));
#4577 = ( GEOMETRIC_REPRESENTATION_CONTEXT(2) 
PARAMETRIC_REPRESENTATION_CONTEXT() REPRESENTATION_CONTEXT('2D SPACE',''
  ) );
#4578 = ORIENTED_EDGE('',*,*,#4579,.T.);
#4579 = EDGE_CURVE('',#4557,#4557,#4580,.T.);
#4580 = SURFACE_CURVE('',#4581,(#4586,#4593),.PCURVE_S1.);
#4581 = CIRCLE('',#4582,450.);
#4582 = AXIS2_PLACEMENT_3D('',#4583,#4584,#4585);
#4583 = CARTESIAN_POINT('',(800.,0.,0.));
#4584 = DIRECTION('',(1.,-0.,2.22044604925E-16));
#4585 = DIRECTION('',(2.22044604925E-16,0.,-1.));
#4586 = PCURVE('',#4532,#4587);
#4587 = DEFINITIONAL_REPRESENTATION('',(#4588),#4592);
#4588 = LINE('',#4589,#4590);
#4589 = CARTESIAN_POINT('',(0.,0.));
#4590 = VECTOR('',#4591,1.);
#4591 = DIRECTION('',(1.,0.));
#4592 = ( GEOMETRIC_REPRESENTATION_CONTEXT(2) 
PARAMETRIC_REPRESENTATION_CONTEXT() REPRESENTATION_CONTEXT('2D SPACE',''
  ) );
#4593 = PCURVE('',#4594,#4599);
#4594 = PLANE('',#4595);
#4595 = AXIS2_PLACEMENT_3D('',#4596,#4597,#4598);
#4596 = CARTESIAN_POINT('',(800.,0.,0.));
#4597 = DIRECTION('',(1.,0.,2.22044604925E-16));
#4598 = DIRECTION('',(2.22044604925E-16,0.,-1.));
#4599 = DEFINITIONAL_REPRESENTATION('',(#4600),#4604);
#4600 = CIRCLE('',#4601,450.);
#4601 = AXIS2_PLACEMENT_2D('',#4602,#4603);
#4602 = CARTESIAN_POINT('',(0.,0.));
#4603 = DIRECTION('',(1.,0.));
#4604 = ( GEOMETRIC_REPRESENTATION_CONTEXT(2) 
PARAMETRIC_REPRESENTATION_CONTEXT() REPRESENTATION_CONTEXT('2D SPACE',''
  ) );
#4605 = ORIENTED_EDGE('',*,*,#4556,.T.);
#4606 = ADVANCED_FACE('',(#4607,#4638),#4544,.F.);
#4607 = FACE_BOUND('',#4608,.F.);
#4608 = EDGE_LOOP('',(#4609));
#4609 = ORIENTED_EDGE('',*,*,#4610,.T.);
#4610 = EDGE_CURVE('',#4611,#4611,#4613,.T.);
#4611 = VERTEX_POINT('',#4612);
#4612 = CARTESIAN_POINT('',(2.2E+03,-1.469576158977E-13,-600.));
#4613 = SURFACE_CURVE('',#4614,(#4619,#4626),.PCURVE_S1.);
#4614 = CIRCLE('',#4615,600.);
#4615 = AXIS2_PLACEMENT_3D('',#4616,#4617,#4618);
#4616 = CARTESIAN_POINT('',(2.2E+03,0.,0.));
#4617 = DIRECTION('',(1.,-0.,2.22044604925E-16));
#4618 = DIRECTION('',(2.22044604925E-16,0.,-1.));
#4619 = PCURVE('',#4544,#4620);
#4620 = DEFINITIONAL_REPRESENTATION('',(#4621),#4625);
#4621 = CIRCLE('',#4622,600.);
#4622 = AXIS2_PLACEMENT_2D('',#4623,#4624);
#4623 = CARTESIAN_POINT('',(0.,0.));
#4624 = DIRECTION('',(1.,0.));
#4625 = ( GEOMETRIC_REPRESENTATION_CONTEXT(2) 
PARAMETRIC_REPRESENTATION_CONTEXT() REPRESENTATION_CONTEXT('2D SPACE',''
  ) );
#4626 = PCURVE('',#4627,#4632);
#4627 = CYLINDRICAL_SURFACE('',#4628,600.);
#4628 = AXIS2_PLACEMENT_3D('',#4629,#4630,#4631);
#4629 = CARTESIAN_POINT('',(2.2E+03,0.,0.));
#4630 = DIRECTION('',(1.,0.,2.22044604925E-16));
#4631 = DIRECTION('',(2.22044604925E-16,0.,-1.));
#4632 = DEFINITIONAL_REPRESENTATION('',(#4633),#4637);
#4633 = LINE('',#4634,#4635);
#4634 = CARTESIAN_POINT('',(0.,0.));
#4635 = VECTOR('',#4636,1.);
#4636 = DIRECTION('',(1.,0.));
#4637 = ( GEOMETRIC_REPRESENTATION_CONTEXT(2) 
PARAMETRIC_REPRESENTATION_CONTEXT() REPRESENTATION_CONTEXT('2D SPACE',''
  ) );
#4638 = FACE_BOUND('',#4639,.F.);
#4639 = EDGE_LOOP('',(#4640));
#4640 = ORIENTED_EDGE('',*,*,#4522,.F.);
#4641 = ADVANCED_FACE('',(#4642),#4594,.F.);
#4642 = FACE_BOUND('',#4643,.T.);
#4643 = EDGE_LOOP('',(#4644));
#4644 = ORIENTED_EDGE('',*,*,#4579,.F.);
#4645 = ADVANCED_FACE('',(#4646),#4627,.T.);
#4646 = FACE_BOUND('',#4647,.T.);
#4647 = EDGE_LOOP('',(#4648,#4677,#4698,#4699));
#4648 = ORIENTED_EDGE('',*,*,#4649,.F.);
#4649 = EDGE_CURVE('',#4650,#4650,#4652,.T.);
#4650 = VERTEX_POINT('',#4651);
#4651 = CARTESIAN_POINT('',(3.E+03,-1.469576158977E-13,-600.));
#4652 = SURFACE_CURVE('',#4653,(#4658,#4665),.PCURVE_S1.);
#4653 = CIRCLE('',#4654,600.);
#4654 = AXIS2_PLACEMENT_3D('',#4655,#4656,#4657);
#4655 = CARTESIAN_POINT('',(3.E+03,0.,1.7763568394E-13));
#4656 = DIRECTION('',(1.,-0.,2.22044604925E-16));
#4657 = DIRECTION('',(2.22044604925E-16,0.,-1.));
#4658 = PCURVE('',#4627,#4659);
#4659 = DEFINITIONAL_REPRESENTATION('',(#4660),#4664);
#4660 = LINE('',#4661,#4662);
#4661 = CARTESIAN_POINT('',(0.,800.));
#4662 = VECTOR('',#4663,1.);
#4663 = DIRECTION('',(1.,0.));
#4664 = ( GEOMETRIC_REPRESENTATION_CONTEXT(2) 
PARAMETRIC_REPRESENTATION_CONTEXT() REPRESENTATION_CONTEXT('2D SPACE',''
  ) );
#4665 = PCURVE('',#4666,#4671);
#4666 = PLANE('',#4667);
#4667 = AXIS2_PLACEMENT_3D('',#4668,#4669,#4670);
#4668 = CARTESIAN_POINT('',(3.E+03,0.,1.7763568394E-13));
#4669 = DIRECTION('',(1.,0.,2.22044604925E-16));
#4670 = DIRECTION('',(2.22044604925E-16,0.,-1.));
#4671 = DEFINITIONAL_REPRESENTATION('',(#4672),#4676);
#4672 = CIRCLE('',#4673,600.);
#4673 = AXIS2_PLACEMENT_2D('',#4674,#4675);
#4674 = CARTESIAN_POINT('',(0.,0.));
#4675 = DIRECTION('',(1.,0.));
#4676 = ( GEOMETRIC_REPRESENTATION_CONTEXT(2) 
PARAMETRIC_REPRESENTATION_CONTEXT() REPRESENTATION_CONTEXT('2D SPACE',''
  ) );
#4677 = ORIENTED_EDGE('',*,*,#4678,.F.);
#4678 = EDGE_CURVE('',#4611,#4650,#4679,.T.);
#4679 = SEAM_CURVE('',#4680,(#4684,#4691),.PCURVE_S1.);
#4680 = LINE('',#4681,#4682);
#4681 = CARTESIAN_POINT('',(2.2E+03,-1.469576158977E-13,-600.));
#4682 = VECTOR('',#4683,1.);
#4683 = DIRECTION('',(1.,0.,2.22044604925E-16));
#4684 = PCURVE('',#4627,#4685);
#4685 = DEFINITIONAL_REPRESENTATION('',(#4686),#4690);
#4686 = LINE('',#4687,#4688);
#4687 = CARTESIAN_POINT('',(6.28318530718,-0.));
#4688 = VECTOR('',#4689,1.);
#4689 = DIRECTION('',(0.,1.));
#4690 = ( GEOMETRIC_REPRESENTATION_CONTEXT(2) 
PARAMETRIC_REPRESENTATION_CONTEXT() REPRESENTATION_CONTEXT('2D SPACE',''
  ) );
#4691 = PCURVE('',#4627,#4692);
#4692 = DEFINITIONAL_REPRESENTATION('',(#4693),#4697);
#4693 = LINE('',#4694,#4695);
#4694 = CARTESIAN_POINT('',(0.,-0.));
#4695 = VECTOR('',#4696,1.);
#4696 = DIRECTION('',(0.,1.));
#4697 = ( GEOMETRIC_REPRESENTATION_CONTEXT(2) 
PARAMETRIC_REPRESENTATION_CONTEXT() REPRESENTATION_CONTEXT('2D SPACE',''
  ) );
#4698 = ORIENTED_EDGE('',*,*,#4610,.T.);
#4699 = ORIENTED_EDGE('',*,*,#4678,.T.);
#4700 = ADVANCED_FACE('',(#4701),#4666,.T.);
#4701 = FACE_BOUND('',#4702,.T.);
#4702 = EDGE_LOOP('',(#4703));
#4703 = ORIENTED_EDGE('',*,*,#4649,.T.);
#4704 = MANIFOLD_SOLID_BREP('',#4705);
#4705 = CLOSED_SHELL('',(#4706,#4767));
#4706 = ADVANCED_FACE('',(#4707),#4721,.T.);
#4707 = FACE_BOUND('',#4708,.T.);
#4708 = EDGE_LOOP('',(#4709,#4739,#4766));
#4709 = ORIENTED_EDGE('',*,*,#4710,.F.);
#4710 = EDGE_CURVE('',#4711,#4713,#4715,.T.);
#4711 = VERTEX_POINT('',#4712);
#4712 = CARTESIAN_POINT('',(6.661338147751E-14,-7.347880794884E-14,-300.
    ));
#4713 = VERTEX_POINT('',#4714);
#4714 = CARTESIAN_POINT('',(800.,-1.39226221921E-29,1.207922650792E-13)
  );
#4715 = SEAM_CURVE('',#4716,(#4720,#4732),.PCURVE_S1.);
#4716 = LINE('',#4717,#4718);
#4717 = CARTESIAN_POINT('',(6.661338147751E-14,-7.347880794884E-14,-300.
    ));
#4718 = VECTOR('',#4719,1.);
#4719 = DIRECTION('',(0.936329177569,8.600043976937E-17,0.351123441588)
  );
#4720 = PCURVE('',#4721,#4726);
#4721 = CONICAL_SURFACE('',#4722,300.,0.358770670271);
#4722 = AXIS2_PLACEMENT_3D('',#4723,#4724,#4725);
#4723 = CARTESIAN_POINT('',(0.,0.,0.));
#4724 = DIRECTION('',(-1.,-0.,-2.22044604925E-16));
#4725 = DIRECTION('',(2.22044604925E-16,0.,-1.));
#4726 = DEFINITIONAL_REPRESENTATION('',(#4727),#4731);
#4727 = LINE('',#4728,#4729);
#4728 = CARTESIAN_POINT('',(-6.28318530718,0.));
#4729 = VECTOR('',#4730,1.);
#4730 = DIRECTION('',(-0.,-1.));
#4731 = ( GEOMETRIC_REPRESENTATION_CONTEXT(2) 
PARAMETRIC_REPRESENTATION_CONTEXT() REPRESENTATION_CONTEXT('2D SPACE',''
  ) );
#4732 = PCURVE('',#4721,#4733);
#4733 = DEFINITIONAL_REPRESENTATION('',(#4734),#4738);
#4734 = LINE('',#4735,#4736);
#4735 = CARTESIAN_POINT('',(0.,-0.));
#4736 = VECTOR('',#4737,1.);
#4737 = DIRECTION('',(-0.,-1.));
#4738 = ( GEOMETRIC_REPRESENTATION_CONTEXT(2) 
PARAMETRIC_REPRESENTATION_CONTEXT() REPRESENTATION_CONTEXT('2D SPACE',''
  ) );
#4739 = ORIENTED_EDGE('',*,*,#4740,.T.);
#4740 = EDGE_CURVE('',#4711,#4711,#4741,.T.);
#4741 = SURFACE_CURVE('',#4742,(#4747,#4754),.PCURVE_S1.);
#4742 = CIRCLE('',#4743,300.);
#4743 = AXIS2_PLACEMENT_3D('',#4744,#4745,#4746);
#4744 = CARTESIAN_POINT('',(0.,0.,0.));
#4745 = DIRECTION('',(1.,-0.,2.22044604925E-16));
#4746 = DIRECTION('',(2.22044604925E-16,0.,-1.));
#4747 = PCURVE('',#4721,#4748);
#4748 = DEFINITIONAL_REPRESENTATION('',(#4749),#4753);
#4749 = LINE('',#4750,#4751);
#4750 = CARTESIAN_POINT('',(-0.,-0.));
#4751 = VECTOR('',#4752,1.);
#4752 = DIRECTION('',(-1.,-0.));
#4753 = ( GEOMETRIC_REPRESENTATION_CONTEXT(2) 
PARAMETRIC_REPRESENTATION_CONTEXT() REPRESENTATION_CONTEXT('2D SPACE',''
  ) );
#4754 = PCURVE('',#4755,#4760);
#4755 = PLANE('',#4756);
#4756 = AXIS2_PLACEMENT_3D('',#4757,#4758,#4759);
#4757 = CARTESIAN_POINT('',(0.,0.,0.));
#4758 = DIRECTION('',(1.,0.,2.22044604925E-16));
#4759 = DIRECTION('',(2.22044604925E-16,0.,-1.));
#4760 = DEFINITIONAL_REPRESENTATION('',(#4761),#4765);
#4761 = CIRCLE('',#4762,300.);
#4762 = AXIS2_PLACEMENT_2D('',#4763,#4764);
#4763 = CARTESIAN_POINT('',(0.,0.));
#4764 = DIRECTION('',(1.,0.));
#4765 = ( GEOMETRIC_REPRESENTATION_CONTEXT(2) 
PARAMETRIC_REPRESENTATION_CONTEXT() REPRESENTATION_CONTEXT('2D SPACE',''
  ) );
#4766 = ORIENTED_EDGE('',*,*,#4710,.T.);
#4767 = ADVANCED_FACE('',(#4768),#4755,.F.);
#4768 = FACE_BOUND('',#4769,.T.);
#4769 = EDGE_LOOP('',(#4770));
#4770 = ORIENTED_EDGE('',*,*,#4740,.F.);
#4771 = ( GEOMETRIC_REPRESENTATION_CONTEXT(3) 
GLOBAL_UNCERTAINTY_ASSIGNED_CONTEXT((#4775)) 
GLOBAL_UNIT_ASSIGNED_CONTEXT((#4772,#4773,#4774)) REPRESENTATION_CONTEXT
('Context #1','3D Context with UNIT and UNCERTAINTY') );
#4772 = ( LENGTH_UNIT() NAMED_UNIT(*) SI_UNIT($,.METRE.) );
#4773 = ( NAMED_UNIT(*) PLANE_ANGLE_UNIT() SI_UNIT($,.RADIAN.) );
#4774 = ( NAMED_UNIT(*) SI_UNIT($,.STERADIAN.) SOLID_ANGLE_UNIT() );
#4775 = UNCERTAINTY_MEASURE_WITH_UNIT(LENGTH_MEASURE(1.E-07),#4772,
  'distance_accuracy_value','confusion accuracy');
#4776 = PRODUCT_RELATED_PRODUCT_CATEGORY('part',$,(#4512));
#4777 = SHAPE_DEFINITION_REPRESENTATION(#4778,#4784);
#4778 = PRODUCT_DEFINITION_SHAPE('','',#4779);
#4779 = PRODUCT_DEFINITION('design','',#4780,#4783);
#4780 = PRODUCT_DEFINITION_FORMATION('','',#4781);
#4781 = PRODUCT('Rear','Rear','',(#4782));
#4782 = PRODUCT_CONTEXT('',#2,'mechanical');
#4783 = PRODUCT_DEFINITION_CONTEXT('part definition',#2,'design');
#4784 = ADVANCED_BREP_SHAPE_REPRESENTATION('',(#11,#4785),#4883);
#4785 = MANIFOLD_SOLID_BREP('',#4786);
#4786 = CLOSED_SHELL('',(#4787,#4875,#4879));
#4787 = ADVANCED_FACE('',(#4788),#4801,.T.);
#4788 = FACE_BOUND('',#4789,.T.);
#4789 = EDGE_LOOP('',(#4790,#4824,#4847,#4874));
#4790 = ORIENTED_EDGE('',*,*,#4791,.F.);
#4791 = EDGE_CURVE('',#4792,#4792,#4794,.T.);
#4792 = VERTEX_POINT('',#4793);
#4793 = CARTESIAN_POINT('',(3.E+03,-1.469576158977E-13,-600.));
#4794 = SURFACE_CURVE('',#4795,(#4800,#4812),.PCURVE_S1.);
#4795 = CIRCLE('',#4796,600.);
#4796 = AXIS2_PLACEMENT_3D('',#4797,#4798,#4799);
#4797 = CARTESIAN_POINT('',(3.E+03,0.,1.7763568394E-13));
#4798 = DIRECTION('',(1.,-0.,2.22044604925E-16));
#4799 = DIRECTION('',(2.22044604925E-16,0.,-1.));
#4800 = PCURVE('',#4801,#4806);
#4801 = CYLINDRICAL_SURFACE('',#4802,600.);
#4802 = AXIS2_PLACEMENT_3D('',#4803,#4804,#4805);
#4803 = CARTESIAN_POINT('',(2.2E+03,0.,0.));
#4804 = DIRECTION('',(1.,0.,2.22044604925E-16));
#4805 = DIRECTION('',(2.22044604925E-16,0.,-1.));
#4806 = DEFINITIONAL_REPRESENTATION('',(#4807),#4811);
#4807 = LINE('',#4808,#4809);
#4808 = CARTESIAN_POINT('',(0.,800.));
#4809 = VECTOR('',#4810,1.);
#4810 = DIRECTION('',(1.,0.));
#4811 = ( GEOMETRIC_REPRESENTATION_CONTEXT(2) 
PARAMETRIC_REPRESENTATION_CONTEXT() REPRESENTATION_CONTEXT('2D SPACE',''
  ) );
#4812 = PCURVE('',#4813,#4818);
#4813 = PLANE('',#4814);
#4814 = AXIS2_PLACEMENT_3D('',#4815,#4816,#4817);
#4815 = CARTESIAN_POINT('',(3.E+03,0.,1.7763568394E-13));
#4816 = DIRECTION('',(1.,0.,2.22044604925E-16));
#4817 = DIRECTION('',(2.22044604925E-16,0.,-1.));
#4818 = DEFINITIONAL_REPRESENTATION('',(#4819),#4823);
#4819 = CIRCLE('',#4820,600.);
#4820 = AXIS2_PLACEMENT_2D('',#4821,#4822);
#4821 = CARTESIAN_POINT('',(0.,0.));
#4822 = DIRECTION('',(1.,0.));
#4823 = ( GEOMETRIC_REPRESENTATION_CONTEXT(2) 
PARAMETRIC_REPRESENTATION_CONTEXT() REPRESENTATION_CONTEXT('2D SPACE',''
  ) );
#4824 = ORIENTED_EDGE('',*,*,#4825,.F.);
#4825 = EDGE_CURVE('',#4826,#4792,#4828,.T.);
#4826 = VERTEX_POINT('',#4827);
#4827 = CARTESIAN_POINT('',(2.2E+03,-1.469576158977E-13,-600.));
#4828 = SEAM_CURVE('',#4829,(#4833,#4840),.PCURVE_S1.);
#4829 = LINE('',#4830,#4831);
#4830 = CARTESIAN_POINT('',(2.2E+03,-1.469576158977E-13,-600.));
#4831 = VECTOR('',#4832,1.);
#4832 = DIRECTION('',(1.,0.,2.22044604925E-16));
#4833 = PCURVE('',#4801,#4834);
#4834 = DEFINITIONAL_REPRESENTATION('',(#4835),#4839);
#4835 = LINE('',#4836,#4837);
#4836 = CARTESIAN_POINT('',(6.28318530718,-0.));
#4837 = VECTOR('',#4838,1.);
#4838 = DIRECTION('',(0.,1.));
#4839 = ( GEOMETRIC_REPRESENTATION_CONTEXT(2) 
PARAMETRIC_REPRESENTATION_CONTEXT() REPRESENTATION_CONTEXT('2D SPACE',''
  ) );
#4840 = PCURVE('',#4801,#4841);
#4841 = DEFINITIONAL_REPRESENTATION('',(#4842),#4846);
#4842 = LINE('',#4843,#4844);
#4843 = CARTESIAN_POINT('',(0.,-0.));
#4844 = VECTOR('',#4845,1.);
#4845 = DIRECTION('',(0.,1.));
#4846 = ( GEOMETRIC_REPRESENTATION_CONTEXT(2) 
PARAMETRIC_REPRESENTATION_CONTEXT() REPRESENTATION_CONTEXT('2D SPACE',''
  ) );
#4847 = ORIENTED_EDGE('',*,*,#4848,.T.);
#4848 = EDGE_CURVE('',#4826,#4826,#4849,.T.);
#4849 = SURFACE_CURVE('',#4850,(#4855,#4862),.PCURVE_S1.);
#4850 = CIRCLE('',#4851,600.);
#4851 = AXIS2_PLACEMENT_3D('',#4852,#4853,#4854);
#4852 = CARTESIAN_POINT('',(2.2E+03,0.,0.));
#4853 = DIRECTION('',(1.,-0.,2.22044604925E-16));
#4854 = DIRECTION('',(2.22044604925E-16,0.,-1.));
#4855 = PCURVE('',#4801,#4856);
#4856 = DEFINITIONAL_REPRESENTATION('',(#4857),#4861);
#4857 = LINE('',#4858,#4859);
#4858 = CARTESIAN_POINT('',(0.,0.));
#4859 = VECTOR('',#4860,1.);
#4860 = DIRECTION('',(1.,0.));
#4861 = ( GEOMETRIC_REPRESENTATION_CONTEXT(2) 
PARAMETRIC_REPRESENTATION_CONTEXT() REPRESENTATION_CONTEXT('2D SPACE',''
  ) );
#4862 = PCURVE('',#4863,#4868);
#4863 = PLANE('',#4864);
#4864 = AXIS2_PLACEMENT_3D('',#4865,#4866,#4867);
#4865 = CARTESIAN_POINT('',(2.2E+03,0.,0.));
#4866 = DIRECTION('',(1.,0.,2.22044604925E-16));
#4867 = DIRECTION('',(2.22044604925E-16,0.,-1.));
#4868 = DEFINITIONAL_REPRESENTATION('',(#4869),#4873);
#4869 = CIRCLE('',#4870,600.);
#4870 = AXIS2_PLACEMENT_2D('',#4871,#4872);
#4871 = CARTESIAN_POINT('',(0.,0.));
#4872 = DIRECTION('',(1.,0.));
#4873 = ( GEOMETRIC_REPRESENTATION_CONTEXT(2) 
PARAMETRIC_REPRESENTATION_CONTEXT() REPRESENTATION_CONTEXT('2D SPACE',''
  ) );
#4874 = ORIENTED_EDGE('',*,*,#4825,.T.);
#4875 = ADVANCED_FACE('',(#4876),#4813,.T.);
#4876 = FACE_BOUND('',#4877,.T.);
#4877 = EDGE_LOOP('',(#4878));
#4878 = ORIENTED_EDGE('',*,*,#4791,.T.);
#4879 = ADVANCED_FACE('',(#4880),#4863,.F.);
#4880 = FACE_BOUND('',#4881,.T.);
#4881 = EDGE_LOOP('',(#4882));
#4882 = ORIENTED_EDGE('',*,*,#4848,.F.);
#4883 = ( GEOMETRIC_REPRESENTATION_CONTEXT(3) 
GLOBAL_UNCERTAINTY_ASSIGNED_CONTEXT((#4887)) 
GLOBAL_UNIT_ASSIGNED_CONTEXT((#4884,#4885,#4886)) REPRESENTATION_CONTEXT
('Context #1','3D Context with UNIT and UNCERTAINTY') );
#4884 = ( LENGTH_UNIT() NAMED_UNIT(*) SI_UNIT($,.METRE.) );
#4885 = ( NAMED_UNIT(*) PLANE_ANGLE_UNIT() SI_UNIT($,.RADIAN.) );
#4886 = ( NAMED_UNIT(*) SI_UNIT($,.STERADIAN.) SOLID_ANGLE_UNIT() );
#4887 = UNCERTAINTY_MEASURE_WITH_UNIT(LENGTH_MEASURE(1.E-07),#4884,
  'distance_accuracy_value','confusion accuracy');
#4888 = PRODUCT_RELATED_PRODUCT_CATEGORY('part',$,(#4781));
#4889 = SHAPE_DEFINITION_REPRESENTATION(#4890,#4896);
#4890 = PRODUCT_DEFINITION_SHAPE('','',#4891);
#4891 = PRODUCT_DEFINITION('design','',#4892,#4895);
#4892 = PRODUCT_DEFINITION_FORMATION('','',#4893);
#4893 = PRODUCT('TPS_Shield','TPS_Shield','',(#4894));
#4894 = PRODUCT_CONTEXT('',#2,'mechanical');
#4895 = PRODUCT_DEFINITION_CONTEXT('part definition',#2,'design');
#4896 = ADVANCED_BREP_SHAPE_REPRESENTATION('',(#11,#4897),#4995);
#4897 = MANIFOLD_SOLID_BREP('',#4898);
#4898 = CLOSED_SHELL('',(#4899,#4987,#4991));
#4899 = ADVANCED_FACE('',(#4900),#4913,.T.);
#4900 = FACE_BOUND('',#4901,.T.);
#4901 = EDGE_LOOP('',(#4902,#4936,#4959,#4986));
#4902 = ORIENTED_EDGE('',*,*,#4903,.F.);
#4903 = EDGE_CURVE('',#4904,#4904,#4906,.T.);
#4904 = VERTEX_POINT('',#4905);
#4905 = CARTESIAN_POINT('',(1.3E+03,-2.939152317954E-13,-1.2E+03));
#4906 = SURFACE_CURVE('',#4907,(#4912,#4924),.PCURVE_S1.);
#4907 = CIRCLE('',#4908,1.2E+03);
#4908 = AXIS2_PLACEMENT_3D('',#4909,#4910,#4911);
#4909 = CARTESIAN_POINT('',(1.3E+03,0.,2.22044604925E-14));
#4910 = DIRECTION('',(1.,-0.,2.22044604925E-16));
#4911 = DIRECTION('',(2.22044604925E-16,0.,-1.));
#4912 = PCURVE('',#4913,#4918);
#4913 = CYLINDRICAL_SURFACE('',#4914,1.2E+03);
#4914 = AXIS2_PLACEMENT_3D('',#4915,#4916,#4917);
#4915 = CARTESIAN_POINT('',(1.2E+03,0.,0.));
#4916 = DIRECTION('',(1.,0.,2.22044604925E-16));
#4917 = DIRECTION('',(2.22044604925E-16,0.,-1.));
#4918 = DEFINITIONAL_REPRESENTATION('',(#4919),#4923);
#4919 = LINE('',#4920,#4921);
#4920 = CARTESIAN_POINT('',(0.,100.));
#4921 = VECTOR('',#4922,1.);
#4922 = DIRECTION('',(1.,0.));
#4923 = ( GEOMETRIC_REPRESENTATION_CONTEXT(2) 
PARAMETRIC_REPRESENTATION_CONTEXT() REPRESENTATION_CONTEXT('2D SPACE',''
  ) );
#4924 = PCURVE('',#4925,#4930);
#4925 = PLANE('',#4926);
#4926 = AXIS2_PLACEMENT_3D('',#4927,#4928,#4929);
#4927 = CARTESIAN_POINT('',(1.3E+03,0.,2.22044604925E-14));
#4928 = DIRECTION('',(1.,0.,2.22044604925E-16));
#4929 = DIRECTION('',(2.22044604925E-16,0.,-1.));
#4930 = DEFINITIONAL_REPRESENTATION('',(#4931),#4935);
#4931 = CIRCLE('',#4932,1.2E+03);
#4932 = AXIS2_PLACEMENT_2D('',#4933,#4934);
#4933 = CARTESIAN_POINT('',(0.,0.));
#4934 = DIRECTION('',(1.,0.));
#4935 = ( GEOMETRIC_REPRESENTATION_CONTEXT(2) 
PARAMETRIC_REPRESENTATION_CONTEXT() REPRESENTATION_CONTEXT('2D SPACE',''
  ) );
#4936 = ORIENTED_EDGE('',*,*,#4937,.F.);
#4937 = EDGE_CURVE('',#4938,#4904,#4940,.T.);
#4938 = VERTEX_POINT('',#4939);
#4939 = CARTESIAN_POINT('',(1.2E+03,-2.939152317954E-13,-1.2E+03));
#4940 = SEAM_CURVE('',#4941,(#4945,#4952),.PCURVE_S1.);
#4941 = LINE('',#4942,#4943);
#4942 = CARTESIAN_POINT('',(1.2E+03,-2.939152317954E-13,-1.2E+03));
#4943 = VECTOR('',#4944,1.);
#4944 = DIRECTION('',(1.,0.,2.22044604925E-16));
#4945 = PCURVE('',#4913,#4946);
#4946 = DEFINITIONAL_REPRESENTATION('',(#4947),#4951);
#4947 = LINE('',#4948,#4949);
#4948 = CARTESIAN_POINT('',(6.28318530718,-0.));
#4949 = VECTOR('',#4950,1.);
#4950 = DIRECTION('',(0.,1.));
#4951 = ( GEOMETRIC_REPRESENTATION_CONTEXT(2) 
PARAMETRIC_REPRESENTATION_CONTEXT() REPRESENTATION_CONTEXT('2D SPACE',''
  ) );
#4952 = PCURVE('',#4913,#4953);
#4953 = DEFINITIONAL_REPRESENTATION('',(#4954),#4958);
#4954 = LINE('',#4955,#4956);
#4955 = CARTESIAN_POINT('',(0.,-0.));
#4956 = VECTOR('',#4957,1.);
#4957 = DIRECTION('',(0.,1.));
#4958 = ( GEOMETRIC_REPRESENTATION_CONTEXT(2) 
PARAMETRIC_REPRESENTATION_CONTEXT() REPRESENTATION_CONTEXT('2D SPACE',''
  ) );
#4959 = ORIENTED_EDGE('',*,*,#4960,.T.);
#4960 = EDGE_CURVE('',#4938,#4938,#4961,.T.);
#4961 = SURFACE_CURVE('',#4962,(#4967,#4974),.PCURVE_S1.);
#4962 = CIRCLE('',#4963,1.2E+03);
#4963 = AXIS2_PLACEMENT_3D('',#4964,#4965,#4966);
#4964 = CARTESIAN_POINT('',(1.2E+03,0.,0.));
#4965 = DIRECTION('',(1.,-0.,2.22044604925E-16));
#4966 = DIRECTION('',(2.22044604925E-16,0.,-1.));
#4967 = PCURVE('',#4913,#4968);
#4968 = DEFINITIONAL_REPRESENTATION('',(#4969),#4973);
#4969 = LINE('',#4970,#4971);
#4970 = CARTESIAN_POINT('',(0.,0.));
#4971 = VECTOR('',#4972,1.);
#4972 = DIRECTION('',(1.,0.));
#4973 = ( GEOMETRIC_REPRESENTATION_CONTEXT(2) 
PARAMETRIC_REPRESENTATION_CONTEXT() REPRESENTATION_CONTEXT('2D SPACE',''
  ) );
#4974 = PCURVE('',#4975,#4980);
#4975 = PLANE('',#4976);
#4976 = AXIS2_PLACEMENT_3D('',#4977,#4978,#4979);
#4977 = CARTESIAN_POINT('',(1.2E+03,0.,0.));
#4978 = DIRECTION('',(1.,0.,2.22044604925E-16));
#4979 = DIRECTION('',(2.22044604925E-16,0.,-1.));
#4980 = DEFINITIONAL_REPRESENTATION('',(#4981),#4985);
#4981 = CIRCLE('',#4982,1.2E+03);
#4982 = AXIS2_PLACEMENT_2D('',#4983,#4984);
#4983 = CARTESIAN_POINT('',(0.,0.));
#4984 = DIRECTION('',(1.,0.));
#4985 = ( GEOMETRIC_REPRESENTATION_CONTEXT(2) 
PARAMETRIC_REPRESENTATION_CONTEXT() REPRESENTATION_CONTEXT('2D SPACE',''
  ) );
#4986 = ORIENTED_EDGE('',*,*,#4937,.T.);
#4987 = ADVANCED_FACE('',(#4988),#4925,.T.);
#4988 = FACE_BOUND('',#4989,.T.);
#4989 = EDGE_LOOP('',(#4990));
#4990 = ORIENTED_EDGE('',*,*,#4903,.T.);
#4991 = ADVANCED_FACE('',(#4992),#4975,.F.);
#4992 = FACE_BOUND('',#4993,.T.);
#4993 = EDGE_LOOP('',(#4994));
#4994 = ORIENTED_EDGE('',*,*,#4960,.F.);
#4995 = ( GEOMETRIC_REPRESENTATION_CONTEXT(3) 
GLOBAL_UNCERTAINTY_ASSIGNED_CONTEXT((#4999)) 
GLOBAL_UNIT_ASSIGNED_CONTEXT((#4996,#4997,#4998)) REPRESENTATION_CONTEXT
('Context #1','3D Context with UNIT and UNCERTAINTY') );
#4996 = ( LENGTH_UNIT() NAMED_UNIT(*) SI_UNIT($,.METRE.) );
#4997 = ( NAMED_UNIT(*) PLANE_ANGLE_UNIT() SI_UNIT($,.RADIAN.) );
#4998 = ( NAMED_UNIT(*) SI_UNIT($,.STERADIAN.) SOLID_ANGLE_UNIT() );
#4999 = UNCERTAINTY_MEASURE_WITH_UNIT(LENGTH_MEASURE(1.E-07),#4996,
  'distance_accuracy_value','confusion accuracy');
#5000 = PRODUCT_RELATED_PRODUCT_CATEGORY('part',$,(#4893));
#5001 = SHAPE_DEFINITION_REPRESENTATION(#5002,#5008);
#5002 = PRODUCT_DEFINITION_SHAPE('','',#5003);
#5003 = PRODUCT_DEFINITION('design','',#5004,#5007);
#5004 = PRODUCT_DEFINITION_FORMATION('','',#5005);
#5005 = PRODUCT('TPS_Assembly','TPS_Assembly','',(#5006));
#5006 = PRODUCT_CONTEXT('',#2,'mechanical');
#5007 = PRODUCT_DEFINITION_CONTEXT('part definition',#2,'design');
#5008 = ADVANCED_BREP_SHAPE_REPRESENTATION('',(#11,#5009),#5413);
#5009 = MANIFOLD_SOLID_BREP('',#5010);
#5010 = CLOSED_SHELL('',(#5011,#5099,#5153,#5207,#5211,#5246,#5300,#5355
    ,#5409));
#5011 = ADVANCED_FACE('',(#5012),#5026,.T.);
#5012 = FACE_BOUND('',#5013,.T.);
#5013 = EDGE_LOOP('',(#5014,#5044,#5071,#5072));
#5014 = ORIENTED_EDGE('',*,*,#5015,.T.);
#5015 = EDGE_CURVE('',#5016,#5018,#5020,.T.);
#5016 = VERTEX_POINT('',#5017);
#5017 = CARTESIAN_POINT('',(928.83332847509,-5.452958592005E-14,
    -445.2678597454));
#5018 = VERTEX_POINT('',#5019);
#5019 = CARTESIAN_POINT('',(1.191166671525E+03,-3.7318924016E-14,
    -304.7321402545));
#5020 = SEAM_CURVE('',#5021,(#5025,#5037),.PCURVE_S1.);
#5021 = LINE('',#5022,#5023);
#5022 = CARTESIAN_POINT('',(920.,-1.102182119233E-13,-450.));
#5023 = VECTOR('',#5024,1.);
#5024 = DIRECTION('',(0.881479970029,1.156608882652E-16,0.472221412515)
  );
#5025 = PCURVE('',#5026,#5031);
#5026 = CONICAL_SURFACE('',#5027,450.,0.491809175989);
#5027 = AXIS2_PLACEMENT_3D('',#5028,#5029,#5030);
#5028 = CARTESIAN_POINT('',(920.,0.,0.));
#5029 = DIRECTION('',(-1.,-0.,-2.22044604925E-16));
#5030 = DIRECTION('',(2.22044604925E-16,0.,-1.));
#5031 = DEFINITIONAL_REPRESENTATION('',(#5032),#5036);
#5032 = LINE('',#5033,#5034);
#5033 = CARTESIAN_POINT('',(-6.28318530718,0.));
#5034 = VECTOR('',#5035,1.);
#5035 = DIRECTION('',(-0.,-1.));
#5036 = ( GEOMETRIC_REPRESENTATION_CONTEXT(2) 
PARAMETRIC_REPRESENTATION_CONTEXT() REPRESENTATION_CONTEXT('2D SPACE',''
  ) );
#5037 = PCURVE('',#5026,#5038);
#5038 = DEFINITIONAL_REPRESENTATION('',(#5039),#5043);
#5039 = LINE('',#5040,#5041);
#5040 = CARTESIAN_POINT('',(0.,-0.));
#5041 = VECTOR('',#5042,1.);
#5042 = DIRECTION('',(-0.,-1.));
#5043 = ( GEOMETRIC_REPRESENTATION_CONTEXT(2) 
PARAMETRIC_REPRESENTATION_CONTEXT() REPRESENTATION_CONTEXT('2D SPACE',''
  ) );
#5044 = ORIENTED_EDGE('',*,*,#5045,.F.);
#5045 = EDGE_CURVE('',#5018,#5018,#5046,.T.);
#5046 = SURFACE_CURVE('',#5047,(#5052,#5059),.PCURVE_S1.);
#5047 = CIRCLE('',#5048,304.73214025451);
#5048 = AXIS2_PLACEMENT_3D('',#5049,#5050,#5051);
#5049 = CARTESIAN_POINT('',(1.191166671525E+03,0.,6.021109644758E-14));
#5050 = DIRECTION('',(1.,0.,2.22044604925E-16));
#5051 = DIRECTION('',(2.22044604925E-16,-1.224646799147E-16,-1.));
#5052 = PCURVE('',#5026,#5053);
#5053 = DEFINITIONAL_REPRESENTATION('',(#5054),#5058);
#5054 = LINE('',#5055,#5056);
#5055 = CARTESIAN_POINT('',(-0.,-271.1666715249));
#5056 = VECTOR('',#5057,1.);
#5057 = DIRECTION('',(-1.,-0.));
#5058 = ( GEOMETRIC_REPRESENTATION_CONTEXT(2) 
PARAMETRIC_REPRESENTATION_CONTEXT() REPRESENTATION_CONTEXT('2D SPACE',''
  ) );
#5059 = PCURVE('',#5060,#5065);
#5060 = TOROIDAL_SURFACE('',#5061,310.02102007468,6.);
#5061 = AXIS2_PLACEMENT_3D('',#5062,#5063,#5064);
#5062 = CARTESIAN_POINT('',(1.194E+03,0.,6.084022174946E-14));
#5063 = DIRECTION('',(-1.,0.,-2.22044604925E-16));
#5064 = DIRECTION('',(2.22044604925E-16,-1.224646799147E-16,-1.));
#5065 = DEFINITIONAL_REPRESENTATION('',(#5066),#5070);
#5066 = LINE('',#5067,#5068);
#5067 = CARTESIAN_POINT('',(-0.,2.649783477601));
#5068 = VECTOR('',#5069,1.);
#5069 = DIRECTION('',(-1.,0.));
#5070 = ( GEOMETRIC_REPRESENTATION_CONTEXT(2) 
PARAMETRIC_REPRESENTATION_CONTEXT() REPRESENTATION_CONTEXT('2D SPACE',''
  ) );
#5071 = ORIENTED_EDGE('',*,*,#5015,.F.);
#5072 = ORIENTED_EDGE('',*,*,#5073,.T.);
#5073 = EDGE_CURVE('',#5016,#5016,#5074,.T.);
#5074 = SURFACE_CURVE('',#5075,(#5080,#5087),.PCURVE_S1.);
#5075 = CIRCLE('',#5076,445.26785974548);
#5076 = AXIS2_PLACEMENT_3D('',#5077,#5078,#5079);
#5077 = CARTESIAN_POINT('',(928.83332847509,0.,1.961392931425E-15));
#5078 = DIRECTION('',(1.,0.,2.22044604925E-16));
#5079 = DIRECTION('',(2.22044604925E-16,-1.224646799147E-16,-1.));
#5080 = PCURVE('',#5026,#5081);
#5081 = DEFINITIONAL_REPRESENTATION('',(#5082),#5086);
#5082 = LINE('',#5083,#5084);
#5083 = CARTESIAN_POINT('',(-0.,-8.833328475093));
#5084 = VECTOR('',#5085,1.);
#5085 = DIRECTION('',(-1.,-0.));
#5086 = ( GEOMETRIC_REPRESENTATION_CONTEXT(2) 
PARAMETRIC_REPRESENTATION_CONTEXT() REPRESENTATION_CONTEXT('2D SPACE',''
  ) );
#5087 = PCURVE('',#5088,#5093);
#5088 = TOROIDAL_SURFACE('',#5089,439.97897992531,6.);
#5089 = AXIS2_PLACEMENT_3D('',#5090,#5091,#5092);
#5090 = CARTESIAN_POINT('',(926.,0.,1.33226762955E-15));
#5091 = DIRECTION('',(-1.,0.,-2.22044604925E-16));
#5092 = DIRECTION('',(2.22044604925E-16,-1.224646799147E-16,-1.));
#5093 = DEFINITIONAL_REPRESENTATION('',(#5094),#5098);
#5094 = LINE('',#5095,#5096);
#5095 = CARTESIAN_POINT('',(-0.,5.791376131191));
#5096 = VECTOR('',#5097,1.);
#5097 = DIRECTION('',(-1.,0.));
#5098 = ( GEOMETRIC_REPRESENTATION_CONTEXT(2) 
PARAMETRIC_REPRESENTATION_CONTEXT() REPRESENTATION_CONTEXT('2D SPACE',''
  ) );
#5099 = ADVANCED_FACE('',(#5100),#5088,.T.);
#5100 = FACE_BOUND('',#5101,.F.);
#5101 = EDGE_LOOP('',(#5102,#5124,#5125,#5126));
#5102 = ORIENTED_EDGE('',*,*,#5103,.F.);
#5103 = EDGE_CURVE('',#5016,#5104,#5106,.T.);
#5104 = VERTEX_POINT('',#5105);
#5105 = CARTESIAN_POINT('',(920.,-5.388188494577E-14,-439.9789799253));
#5106 = SEAM_CURVE('',#5107,(#5112,#5118),.PCURVE_S1.);
#5107 = CIRCLE('',#5108,6.);
#5108 = AXIS2_PLACEMENT_3D('',#5109,#5110,#5111);
#5109 = CARTESIAN_POINT('',(926.,-5.388188494577E-14,-439.9789799253));
#5110 = DIRECTION('',(2.719262146894E-32,1.,-1.224646799147E-16));
#5111 = DIRECTION('',(2.22044604925E-16,-1.224646799147E-16,-1.));
#5112 = PCURVE('',#5088,#5113);
#5113 = DEFINITIONAL_REPRESENTATION('',(#5114),#5117);
#5114 = B_SPLINE_CURVE_WITH_KNOTS('',1,(#5115,#5116),.UNSPECIFIED.,.F.,
  .F.,(2,2),(5.791376131191,7.853981633974),.PIECEWISE_BEZIER_KNOTS.);
#5115 = CARTESIAN_POINT('',(0.,5.791376131191));
#5116 = CARTESIAN_POINT('',(0.,7.853981633974));
#5117 = ( GEOMETRIC_REPRESENTATION_CONTEXT(2) 
PARAMETRIC_REPRESENTATION_CONTEXT() REPRESENTATION_CONTEXT('2D SPACE',''
  ) );
#5118 = PCURVE('',#5088,#5119);
#5119 = DEFINITIONAL_REPRESENTATION('',(#5120),#5123);
#5120 = B_SPLINE_CURVE_WITH_KNOTS('',1,(#5121,#5122),.UNSPECIFIED.,.F.,
  .F.,(2,2),(5.791376131191,7.853981633974),.PIECEWISE_BEZIER_KNOTS.);
#5121 = CARTESIAN_POINT('',(-6.28318530718,5.791376131191));
#5122 = CARTESIAN_POINT('',(-6.28318530718,7.853981633974));
#5123 = ( GEOMETRIC_REPRESENTATION_CONTEXT(2) 
PARAMETRIC_REPRESENTATION_CONTEXT() REPRESENTATION_CONTEXT('2D SPACE',''
  ) );
#5124 = ORIENTED_EDGE('',*,*,#5073,.F.);
#5125 = ORIENTED_EDGE('',*,*,#5103,.T.);
#5126 = ORIENTED_EDGE('',*,*,#5127,.T.);
#5127 = EDGE_CURVE('',#5104,#5104,#5128,.T.);
#5128 = SURFACE_CURVE('',#5129,(#5134,#5141),.PCURVE_S1.);
#5129 = CIRCLE('',#5130,439.97897992531);
#5130 = AXIS2_PLACEMENT_3D('',#5131,#5132,#5133);
#5131 = CARTESIAN_POINT('',(920.,0.,0.));
#5132 = DIRECTION('',(1.,0.,2.22044604925E-16));
#5133 = DIRECTION('',(2.22044604925E-16,-1.224646799147E-16,-1.));
#5134 = PCURVE('',#5088,#5135);
#5135 = DEFINITIONAL_REPRESENTATION('',(#5136),#5140);
#5136 = LINE('',#5137,#5138);
#5137 = CARTESIAN_POINT('',(-0.,7.853981633974));
#5138 = VECTOR('',#5139,1.);
#5139 = DIRECTION('',(-1.,0.));
#5140 = ( GEOMETRIC_REPRESENTATION_CONTEXT(2) 
PARAMETRIC_REPRESENTATION_CONTEXT() REPRESENTATION_CONTEXT('2D SPACE',''
  ) );
#5141 = PCURVE('',#5142,#5147);
#5142 = PLANE('',#5143);
#5143 = AXIS2_PLACEMENT_3D('',#5144,#5145,#5146);
#5144 = CARTESIAN_POINT('',(920.,0.,0.));
#5145 = DIRECTION('',(1.,0.,2.22044604925E-16));
#5146 = DIRECTION('',(2.22044604925E-16,0.,-1.));
#5147 = DEFINITIONAL_REPRESENTATION('',(#5148),#5152);
#5148 = CIRCLE('',#5149,439.97897992531);
#5149 = AXIS2_PLACEMENT_2D('',#5150,#5151);
#5150 = CARTESIAN_POINT('',(0.,0.));
#5151 = DIRECTION('',(1.,-1.224646799147E-16));
#5152 = ( GEOMETRIC_REPRESENTATION_CONTEXT(2) 
PARAMETRIC_REPRESENTATION_CONTEXT() REPRESENTATION_CONTEXT('2D SPACE',''
  ) );
#5153 = ADVANCED_FACE('',(#5154),#5060,.F.);
#5154 = FACE_BOUND('',#5155,.T.);
#5155 = EDGE_LOOP('',(#5156,#5178,#5179,#5180));
#5156 = ORIENTED_EDGE('',*,*,#5157,.F.);
#5157 = EDGE_CURVE('',#5018,#5158,#5160,.T.);
#5158 = VERTEX_POINT('',#5159);
#5159 = CARTESIAN_POINT('',(1.2E+03,-3.796662499029E-14,-310.0210200746)
  );
#5160 = SEAM_CURVE('',#5161,(#5166,#5172),.PCURVE_S1.);
#5161 = CIRCLE('',#5162,6.);
#5162 = AXIS2_PLACEMENT_3D('',#5163,#5164,#5165);
#5163 = CARTESIAN_POINT('',(1.194E+03,-3.796662499029E-14,
    -310.0210200746));
#5164 = DIRECTION('',(2.719262146894E-32,1.,-1.224646799147E-16));
#5165 = DIRECTION('',(2.22044604925E-16,-1.224646799147E-16,-1.));
#5166 = PCURVE('',#5060,#5167);
#5167 = DEFINITIONAL_REPRESENTATION('',(#5168),#5171);
#5168 = B_SPLINE_CURVE_WITH_KNOTS('',1,(#5169,#5170),.UNSPECIFIED.,.F.,
  .F.,(2,2),(2.649783477601,4.712388980385),.PIECEWISE_BEZIER_KNOTS.);
#5169 = CARTESIAN_POINT('',(0.,2.649783477601));
#5170 = CARTESIAN_POINT('',(0.,4.712388980385));
#5171 = ( GEOMETRIC_REPRESENTATION_CONTEXT(2) 
PARAMETRIC_REPRESENTATION_CONTEXT() REPRESENTATION_CONTEXT('2D SPACE',''
  ) );
#5172 = PCURVE('',#5060,#5173);
#5173 = DEFINITIONAL_REPRESENTATION('',(#5174),#5177);
#5174 = B_SPLINE_CURVE_WITH_KNOTS('',1,(#5175,#5176),.UNSPECIFIED.,.F.,
  .F.,(2,2),(2.649783477601,4.712388980385),.PIECEWISE_BEZIER_KNOTS.);
#5175 = CARTESIAN_POINT('',(-6.28318530718,2.649783477601));
#5176 = CARTESIAN_POINT('',(-6.28318530718,4.712388980385));
#5177 = ( GEOMETRIC_REPRESENTATION_CONTEXT(2) 
PARAMETRIC_REPRESENTATION_CONTEXT() REPRESENTATION_CONTEXT('2D SPACE',''
  ) );
#5178 = ORIENTED_EDGE('',*,*,#5045,.F.);
#5179 = ORIENTED_EDGE('',*,*,#5157,.T.);
#5180 = ORIENTED_EDGE('',*,*,#5181,.T.);
#5181 = EDGE_CURVE('',#5158,#5158,#5182,.T.);
#5182 = SURFACE_CURVE('',#5183,(#5188,#5195),.PCURVE_S1.);
#5183 = CIRCLE('',#5184,310.02102007468);
#5184 = AXIS2_PLACEMENT_3D('',#5185,#5186,#5187);
#5185 = CARTESIAN_POINT('',(1.2E+03,0.,6.217248937901E-14));
#5186 = DIRECTION('',(1.,0.,2.22044604925E-16));
#5187 = DIRECTION('',(2.22044604925E-16,-1.224646799147E-16,-1.));
#5188 = PCURVE('',#5060,#5189);
#5189 = DEFINITIONAL_REPRESENTATION('',(#5190),#5194);
#5190 = LINE('',#5191,#5192);
#5191 = CARTESIAN_POINT('',(-0.,4.712388980385));
#5192 = VECTOR('',#5193,1.);
#5193 = DIRECTION('',(-1.,0.));
#5194 = ( GEOMETRIC_REPRESENTATION_CONTEXT(2) 
PARAMETRIC_REPRESENTATION_CONTEXT() REPRESENTATION_CONTEXT('2D SPACE',''
  ) );
#5195 = PCURVE('',#5196,#5201);
#5196 = PLANE('',#5197);
#5197 = AXIS2_PLACEMENT_3D('',#5198,#5199,#5200);
#5198 = CARTESIAN_POINT('',(1.2E+03,0.,0.));
#5199 = DIRECTION('',(1.,0.,2.22044604925E-16));
#5200 = DIRECTION('',(2.22044604925E-16,0.,-1.));
#5201 = DEFINITIONAL_REPRESENTATION('',(#5202),#5206);
#5202 = CIRCLE('',#5203,310.02102007468);
#5203 = AXIS2_PLACEMENT_2D('',#5204,#5205);
#5204 = CARTESIAN_POINT('',(-6.217248937901E-14,0.));
#5205 = DIRECTION('',(1.,-1.224646799147E-16));
#5206 = ( GEOMETRIC_REPRESENTATION_CONTEXT(2) 
PARAMETRIC_REPRESENTATION_CONTEXT() REPRESENTATION_CONTEXT('2D SPACE',''
  ) );
#5207 = ADVANCED_FACE('',(#5208),#5142,.F.);
#5208 = FACE_BOUND('',#5209,.F.);
#5209 = EDGE_LOOP('',(#5210));
#5210 = ORIENTED_EDGE('',*,*,#5127,.T.);
#5211 = ADVANCED_FACE('',(#5212,#5215),#5196,.F.);
#5212 = FACE_BOUND('',#5213,.F.);
#5213 = EDGE_LOOP('',(#5214));
#5214 = ORIENTED_EDGE('',*,*,#5181,.F.);
#5215 = FACE_BOUND('',#5216,.F.);
#5216 = EDGE_LOOP('',(#5217));
#5217 = ORIENTED_EDGE('',*,*,#5218,.T.);
#5218 = EDGE_CURVE('',#5219,#5219,#5221,.T.);
#5219 = VERTEX_POINT('',#5220);
#5220 = CARTESIAN_POINT('',(1.2E+03,0.,-1.194E+03));
#5221 = SURFACE_CURVE('',#5222,(#5227,#5234),.PCURVE_S1.);
#5222 = CIRCLE('',#5223,1.194E+03);
#5223 = AXIS2_PLACEMENT_3D('',#5224,#5225,#5226);
#5224 = CARTESIAN_POINT('',(1.2E+03,0.,0.));
#5225 = DIRECTION('',(1.,-0.,2.22044604925E-16));
#5226 = DIRECTION('',(2.22044604925E-16,0.,-1.));
#5227 = PCURVE('',#5196,#5228);
#5228 = DEFINITIONAL_REPRESENTATION('',(#5229),#5233);
#5229 = CIRCLE('',#5230,1.194E+03);
#5230 = AXIS2_PLACEMENT_2D('',#5231,#5232);
#5231 = CARTESIAN_POINT('',(0.,0.));
#5232 = DIRECTION('',(1.,0.));
#5233 = ( GEOMETRIC_REPRESENTATION_CONTEXT(2) 
PARAMETRIC_REPRESENTATION_CONTEXT() REPRESENTATION_CONTEXT('2D SPACE',''
  ) );
#5234 = PCURVE('',#5235,#5240);
#5235 = TOROIDAL_SURFACE('',#5236,1.194E+03,6.);
#5236 = AXIS2_PLACEMENT_3D('',#5237,#5238,#5239);
#5237 = CARTESIAN_POINT('',(1.206E+03,0.,1.33226762955E-15));
#5238 = DIRECTION('',(1.,-0.,2.22044604925E-16));
#5239 = DIRECTION('',(2.22044604925E-16,0.,-1.));
#5240 = DEFINITIONAL_REPRESENTATION('',(#5241),#5245);
#5241 = LINE('',#5242,#5243);
#5242 = CARTESIAN_POINT('',(0.,4.712388980385));
#5243 = VECTOR('',#5244,1.);
#5244 = DIRECTION('',(1.,0.));
#5245 = ( GEOMETRIC_REPRESENTATION_CONTEXT(2) 
PARAMETRIC_REPRESENTATION_CONTEXT() REPRESENTATION_CONTEXT('2D SPACE',''
  ) );
#5246 = ADVANCED_FACE('',(#5247),#5235,.T.);
#5247 = FACE_BOUND('',#5248,.T.);
#5248 = EDGE_LOOP('',(#5249,#5271,#5272,#5273));
#5249 = ORIENTED_EDGE('',*,*,#5250,.F.);
#5250 = EDGE_CURVE('',#5219,#5251,#5253,.T.);
#5251 = VERTEX_POINT('',#5252);
#5252 = CARTESIAN_POINT('',(1.206E+03,0.,-1.2E+03));
#5253 = SEAM_CURVE('',#5254,(#5259,#5265),.PCURVE_S1.);
#5254 = CIRCLE('',#5255,6.);
#5255 = AXIS2_PLACEMENT_3D('',#5256,#5257,#5258);
#5256 = CARTESIAN_POINT('',(1.206E+03,0.,-1.194E+03));
#5257 = DIRECTION('',(0.,-1.,0.));
#5258 = DIRECTION('',(2.22044604925E-16,0.,-1.));
#5259 = PCURVE('',#5235,#5260);
#5260 = DEFINITIONAL_REPRESENTATION('',(#5261),#5264);
#5261 = B_SPLINE_CURVE_WITH_KNOTS('',1,(#5262,#5263),.UNSPECIFIED.,.F.,
  .F.,(2,2),(4.712388980385,6.28318530718),.PIECEWISE_BEZIER_KNOTS.);
#5262 = CARTESIAN_POINT('',(0.,4.712388980385));
#5263 = CARTESIAN_POINT('',(0.,6.28318530718));
#5264 = ( GEOMETRIC_REPRESENTATION_CONTEXT(2) 
PARAMETRIC_REPRESENTATION_CONTEXT() REPRESENTATION_CONTEXT('2D SPACE',''
  ) );
#5265 = PCURVE('',#5235,#5266);
#5266 = DEFINITIONAL_REPRESENTATION('',(#5267),#5270);
#5267 = B_SPLINE_CURVE_WITH_KNOTS('',1,(#5268,#5269),.UNSPECIFIED.,.F.,
  .F.,(2,2),(4.712388980385,6.28318530718),.PIECEWISE_BEZIER_KNOTS.);
#5268 = CARTESIAN_POINT('',(6.28318530718,4.712388980385));
#5269 = CARTESIAN_POINT('',(6.28318530718,6.28318530718));
#5270 = ( GEOMETRIC_REPRESENTATION_CONTEXT(2) 
PARAMETRIC_REPRESENTATION_CONTEXT() REPRESENTATION_CONTEXT('2D SPACE',''
  ) );
#5271 = ORIENTED_EDGE('',*,*,#5218,.T.);
#5272 = ORIENTED_EDGE('',*,*,#5250,.T.);
#5273 = ORIENTED_EDGE('',*,*,#5274,.F.);
#5274 = EDGE_CURVE('',#5251,#5251,#5275,.T.);
#5275 = SURFACE_CURVE('',#5276,(#5281,#5288),.PCURVE_S1.);
#5276 = CIRCLE('',#5277,1.2E+03);
#5277 = AXIS2_PLACEMENT_3D('',#5278,#5279,#5280);
#5278 = CARTESIAN_POINT('',(1.206E+03,0.,1.33226762955E-15));
#5279 = DIRECTION('',(1.,-0.,2.22044604925E-16));
#5280 = DIRECTION('',(2.22044604925E-16,0.,-1.));
#5281 = PCURVE('',#5235,#5282);
#5282 = DEFINITIONAL_REPRESENTATION('',(#5283),#5287);
#5283 = LINE('',#5284,#5285);
#5284 = CARTESIAN_POINT('',(0.,6.28318530718));
#5285 = VECTOR('',#5286,1.);
#5286 = DIRECTION('',(1.,0.));
#5287 = ( GEOMETRIC_REPRESENTATION_CONTEXT(2) 
PARAMETRIC_REPRESENTATION_CONTEXT() REPRESENTATION_CONTEXT('2D SPACE',''
  ) );
#5288 = PCURVE('',#5289,#5294);
#5289 = CYLINDRICAL_SURFACE('',#5290,1.2E+03);
#5290 = AXIS2_PLACEMENT_3D('',#5291,#5292,#5293);
#5291 = CARTESIAN_POINT('',(1.2E+03,0.,0.));
#5292 = DIRECTION('',(1.,0.,2.22044604925E-16));
#5293 = DIRECTION('',(2.22044604925E-16,0.,-1.));
#5294 = DEFINITIONAL_REPRESENTATION('',(#5295),#5299);
#5295 = LINE('',#5296,#5297);
#5296 = CARTESIAN_POINT('',(0.,6.));
#5297 = VECTOR('',#5298,1.);
#5298 = DIRECTION('',(1.,0.));
#5299 = ( GEOMETRIC_REPRESENTATION_CONTEXT(2) 
PARAMETRIC_REPRESENTATION_CONTEXT() REPRESENTATION_CONTEXT('2D SPACE',''
  ) );
#5300 = ADVANCED_FACE('',(#5301),#5289,.T.);
#5301 = FACE_BOUND('',#5302,.T.);
#5302 = EDGE_LOOP('',(#5303,#5326,#5353,#5354));
#5303 = ORIENTED_EDGE('',*,*,#5304,.T.);
#5304 = EDGE_CURVE('',#5251,#5305,#5307,.T.);
#5305 = VERTEX_POINT('',#5306);
#5306 = CARTESIAN_POINT('',(1.294E+03,0.,-1.2E+03));
#5307 = SEAM_CURVE('',#5308,(#5312,#5319),.PCURVE_S1.);
#5308 = LINE('',#5309,#5310);
#5309 = CARTESIAN_POINT('',(1.2E+03,-2.939152317954E-13,-1.2E+03));
#5310 = VECTOR('',#5311,1.);
#5311 = DIRECTION('',(1.,0.,2.22044604925E-16));
#5312 = PCURVE('',#5289,#5313);
#5313 = DEFINITIONAL_REPRESENTATION('',(#5314),#5318);
#5314 = LINE('',#5315,#5316);
#5315 = CARTESIAN_POINT('',(6.28318530718,-0.));
#5316 = VECTOR('',#5317,1.);
#5317 = DIRECTION('',(0.,1.));
#5318 = ( GEOMETRIC_REPRESENTATION_CONTEXT(2) 
PARAMETRIC_REPRESENTATION_CONTEXT() REPRESENTATION_CONTEXT('2D SPACE',''
  ) );
#5319 = PCURVE('',#5289,#5320);
#5320 = DEFINITIONAL_REPRESENTATION('',(#5321),#5325);
#5321 = LINE('',#5322,#5323);
#5322 = CARTESIAN_POINT('',(0.,-0.));
#5323 = VECTOR('',#5324,1.);
#5324 = DIRECTION('',(0.,1.));
#5325 = ( GEOMETRIC_REPRESENTATION_CONTEXT(2) 
PARAMETRIC_REPRESENTATION_CONTEXT() REPRESENTATION_CONTEXT('2D SPACE',''
  ) );
#5326 = ORIENTED_EDGE('',*,*,#5327,.F.);
#5327 = EDGE_CURVE('',#5305,#5305,#5328,.T.);
#5328 = SURFACE_CURVE('',#5329,(#5334,#5341),.PCURVE_S1.);
#5329 = CIRCLE('',#5330,1.2E+03);
#5330 = AXIS2_PLACEMENT_3D('',#5331,#5332,#5333);
#5331 = CARTESIAN_POINT('',(1.294E+03,0.,2.087219286295E-14));
#5332 = DIRECTION('',(1.,-0.,2.22044604925E-16));
#5333 = DIRECTION('',(2.22044604925E-16,0.,-1.));
#5334 = PCURVE('',#5289,#5335);
#5335 = DEFINITIONAL_REPRESENTATION('',(#5336),#5340);
#5336 = LINE('',#5337,#5338);
#5337 = CARTESIAN_POINT('',(0.,94.));
#5338 = VECTOR('',#5339,1.);
#5339 = DIRECTION('',(1.,0.));
#5340 = ( GEOMETRIC_REPRESENTATION_CONTEXT(2) 
PARAMETRIC_REPRESENTATION_CONTEXT() REPRESENTATION_CONTEXT('2D SPACE',''
  ) );
#5341 = PCURVE('',#5342,#5347);
#5342 = TOROIDAL_SURFACE('',#5343,1.194E+03,6.);
#5343 = AXIS2_PLACEMENT_3D('',#5344,#5345,#5346);
#5344 = CARTESIAN_POINT('',(1.294E+03,0.,2.087219286295E-14));
#5345 = DIRECTION('',(1.,-0.,2.22044604925E-16));
#5346 = DIRECTION('',(2.22044604925E-16,0.,-1.));
#5347 = DEFINITIONAL_REPRESENTATION('',(#5348),#5352);
#5348 = LINE('',#5349,#5350);
#5349 = CARTESIAN_POINT('',(0.,0.));
#5350 = VECTOR('',#5351,1.);
#5351 = DIRECTION('',(1.,0.));
#5352 = ( GEOMETRIC_REPRESENTATION_CONTEXT(2) 
PARAMETRIC_REPRESENTATION_CONTEXT() REPRESENTATION_CONTEXT('2D SPACE',''
  ) );
#5353 = ORIENTED_EDGE('',*,*,#5304,.F.);
#5354 = ORIENTED_EDGE('',*,*,#5274,.T.);
#5355 = ADVANCED_FACE('',(#5356),#5342,.T.);
#5356 = FACE_BOUND('',#5357,.T.);
#5357 = EDGE_LOOP('',(#5358,#5380,#5381,#5382));
#5358 = ORIENTED_EDGE('',*,*,#5359,.F.);
#5359 = EDGE_CURVE('',#5305,#5360,#5362,.T.);
#5360 = VERTEX_POINT('',#5361);
#5361 = CARTESIAN_POINT('',(1.3E+03,0.,-1.194E+03));
#5362 = SEAM_CURVE('',#5363,(#5368,#5374),.PCURVE_S1.);
#5363 = CIRCLE('',#5364,6.);
#5364 = AXIS2_PLACEMENT_3D('',#5365,#5366,#5367);
#5365 = CARTESIAN_POINT('',(1.294E+03,0.,-1.194E+03));
#5366 = DIRECTION('',(0.,-1.,0.));
#5367 = DIRECTION('',(2.22044604925E-16,0.,-1.));
#5368 = PCURVE('',#5342,#5369);
#5369 = DEFINITIONAL_REPRESENTATION('',(#5370),#5373);
#5370 = B_SPLINE_CURVE_WITH_KNOTS('',1,(#5371,#5372),.UNSPECIFIED.,.F.,
  .F.,(2,2),(0.,1.570796326795),.PIECEWISE_BEZIER_KNOTS.);
#5371 = CARTESIAN_POINT('',(0.,0.));
#5372 = CARTESIAN_POINT('',(0.,1.570796326795));
#5373 = ( GEOMETRIC_REPRESENTATION_CONTEXT(2) 
PARAMETRIC_REPRESENTATION_CONTEXT() REPRESENTATION_CONTEXT('2D SPACE',''
  ) );
#5374 = PCURVE('',#5342,#5375);
#5375 = DEFINITIONAL_REPRESENTATION('',(#5376),#5379);
#5376 = B_SPLINE_CURVE_WITH_KNOTS('',1,(#5377,#5378),.UNSPECIFIED.,.F.,
  .F.,(2,2),(0.,1.570796326795),.PIECEWISE_BEZIER_KNOTS.);
#5377 = CARTESIAN_POINT('',(6.28318530718,0.));
#5378 = CARTESIAN_POINT('',(6.28318530718,1.570796326795));
#5379 = ( GEOMETRIC_REPRESENTATION_CONTEXT(2) 
PARAMETRIC_REPRESENTATION_CONTEXT() REPRESENTATION_CONTEXT('2D SPACE',''
  ) );
#5380 = ORIENTED_EDGE('',*,*,#5327,.T.);
#5381 = ORIENTED_EDGE('',*,*,#5359,.T.);
#5382 = ORIENTED_EDGE('',*,*,#5383,.F.);
#5383 = EDGE_CURVE('',#5360,#5360,#5384,.T.);
#5384 = SURFACE_CURVE('',#5385,(#5390,#5397),.PCURVE_S1.);
#5385 = CIRCLE('',#5386,1.194E+03);
#5386 = AXIS2_PLACEMENT_3D('',#5387,#5388,#5389);
#5387 = CARTESIAN_POINT('',(1.3E+03,0.,2.22044604925E-14));
#5388 = DIRECTION('',(1.,-0.,2.22044604925E-16));
#5389 = DIRECTION('',(2.22044604925E-16,0.,-1.));
#5390 = PCURVE('',#5342,#5391);
#5391 = DEFINITIONAL_REPRESENTATION('',(#5392),#5396);
#5392 = LINE('',#5393,#5394);
#5393 = CARTESIAN_POINT('',(0.,1.570796326795));
#5394 = VECTOR('',#5395,1.);
#5395 = DIRECTION('',(1.,0.));
#5396 = ( GEOMETRIC_REPRESENTATION_CONTEXT(2) 
PARAMETRIC_REPRESENTATION_CONTEXT() REPRESENTATION_CONTEXT('2D SPACE',''
  ) );
#5397 = PCURVE('',#5398,#5403);
#5398 = PLANE('',#5399);
#5399 = AXIS2_PLACEMENT_3D('',#5400,#5401,#5402);
#5400 = CARTESIAN_POINT('',(1.3E+03,0.,2.22044604925E-14));
#5401 = DIRECTION('',(1.,0.,2.22044604925E-16));
#5402 = DIRECTION('',(2.22044604925E-16,0.,-1.));
#5403 = DEFINITIONAL_REPRESENTATION('',(#5404),#5408);
#5404 = CIRCLE('',#5405,1.194E+03);
#5405 = AXIS2_PLACEMENT_2D('',#5406,#5407);
#5406 = CARTESIAN_POINT('',(0.,0.));
#5407 = DIRECTION('',(1.,0.));
#5408 = ( GEOMETRIC_REPRESENTATION_CONTEXT(2) 
PARAMETRIC_REPRESENTATION_CONTEXT() REPRESENTATION_CONTEXT('2D SPACE',''
  ) );
#5409 = ADVANCED_FACE('',(#5410),#5398,.T.);
#5410 = FACE_BOUND('',#5411,.T.);
#5411 = EDGE_LOOP('',(#5412));
#5412 = ORIENTED_EDGE('',*,*,#5383,.T.);
#5413 = ( GEOMETRIC_REPRESENTATION_CONTEXT(3) 
GLOBAL_UNCERTAINTY_ASSIGNED_CONTEXT((#5417)) 
GLOBAL_UNIT_ASSIGNED_CONTEXT((#5414,#5415,#5416)) REPRESENTATION_CONTEXT
('Context #1','3D Context with UNIT and UNCERTAINTY') );
#5414 = ( LENGTH_UNIT() NAMED_UNIT(*) SI_UNIT($,.METRE.) );
#5415 = ( NAMED_UNIT(*) PLANE_ANGLE_UNIT() SI_UNIT($,.RADIAN.) );
#5416 = ( NAMED_UNIT(*) SI_UNIT($,.STERADIAN.) SOLID_ANGLE_UNIT() );
#5417 = UNCERTAINTY_MEASURE_WITH_UNIT(LENGTH_MEASURE(1.E-07),#5414,
  'distance_accuracy_value','confusion accuracy');
#5418 = PRODUCT_RELATED_PRODUCT_CATEGORY('part',$,(#5005));
#5419 = SHAPE_DEFINITION_REPRESENTATION(#5420,#5426);
#5420 = PRODUCT_DEFINITION_SHAPE('','',#5421);
#5421 = PRODUCT_DEFINITION('design','',#5422,#5425);
#5422 = PRODUCT_DEFINITION_FORMATION('','',#5423);
#5423 = PRODUCT('Ring_02','Ring_02','',(#5424));
#5424 = PRODUCT_CONTEXT('',#2,'mechanical');
#5425 = PRODUCT_DEFINITION_CONTEXT('part definition',#2,'design');
#5426 = ADVANCED_BREP_SHAPE_REPRESENTATION('',(#11,#5427),#5485);
#5427 = MANIFOLD_SOLID_BREP('',#5428);
#5428 = CLOSED_SHELL('',(#5429));
#5429 = ADVANCED_FACE('',(#5430),#5443,.T.);
#5430 = FACE_BOUND('',#5431,.T.);
#5431 = EDGE_LOOP('',(#5432,#5461,#5483,#5484));
#5432 = ORIENTED_EDGE('',*,*,#5433,.F.);
#5433 = EDGE_CURVE('',#5434,#5434,#5436,.T.);
#5434 = VERTEX_POINT('',#5435);
#5435 = CARTESIAN_POINT('',(2.6E+03,-1.07768918325E-13,-515.));
#5436 = SEAM_CURVE('',#5437,(#5442,#5454),.PCURVE_S1.);
#5437 = CIRCLE('',#5438,440.);
#5438 = AXIS2_PLACEMENT_3D('',#5439,#5440,#5441);
#5439 = CARTESIAN_POINT('',(2.6E+03,0.,-75.));
#5440 = DIRECTION('',(1.,-0.,2.22044604925E-16));
#5441 = DIRECTION('',(2.22044604925E-16,0.,-1.));
#5442 = PCURVE('',#5443,#5448);
#5443 = TOROIDAL_SURFACE('',#5444,420.,20.);
#5444 = AXIS2_PLACEMENT_3D('',#5445,#5446,#5447);
#5445 = CARTESIAN_POINT('',(2.6E+03,0.,-75.));
#5446 = DIRECTION('',(1.,0.,2.22044604925E-16));
#5447 = DIRECTION('',(2.22044604925E-16,0.,-1.));
#5448 = DEFINITIONAL_REPRESENTATION('',(#5449),#5453);
#5449 = LINE('',#5450,#5451);
#5450 = CARTESIAN_POINT('',(0.,6.28318530718));
#5451 = VECTOR('',#5452,1.);
#5452 = DIRECTION('',(1.,0.));
#5453 = ( GEOMETRIC_REPRESENTATION_CONTEXT(2) 
PARAMETRIC_REPRESENTATION_CONTEXT() REPRESENTATION_CONTEXT('2D SPACE',''
  ) );
#5454 = PCURVE('',#5443,#5455);
#5455 = DEFINITIONAL_REPRESENTATION('',(#5456),#5460);
#5456 = LINE('',#5457,#5458);
#5457 = CARTESIAN_POINT('',(0.,0.));
#5458 = VECTOR('',#5459,1.);
#5459 = DIRECTION('',(1.,0.));
#5460 = ( GEOMETRIC_REPRESENTATION_CONTEXT(2) 
PARAMETRIC_REPRESENTATION_CONTEXT() REPRESENTATION_CONTEXT('2D SPACE',''
  ) );
#5461 = ORIENTED_EDGE('',*,*,#5462,.F.);
#5462 = EDGE_CURVE('',#5434,#5434,#5463,.T.);
#5463 = SEAM_CURVE('',#5464,(#5469,#5476),.PCURVE_S1.);
#5464 = CIRCLE('',#5465,20.);
#5465 = AXIS2_PLACEMENT_3D('',#5466,#5467,#5468);
#5466 = CARTESIAN_POINT('',(2.6E+03,-1.028703311284E-13,-495.));
#5467 = DIRECTION('',(-5.438524293788E-32,-1.,2.449293598295E-16));
#5468 = DIRECTION('',(2.22044604925E-16,-2.449293598295E-16,-1.));
#5469 = PCURVE('',#5443,#5470);
#5470 = DEFINITIONAL_REPRESENTATION('',(#5471),#5475);
#5471 = LINE('',#5472,#5473);
#5472 = CARTESIAN_POINT('',(6.28318530718,-0.));
#5473 = VECTOR('',#5474,1.);
#5474 = DIRECTION('',(0.,1.));
#5475 = ( GEOMETRIC_REPRESENTATION_CONTEXT(2) 
PARAMETRIC_REPRESENTATION_CONTEXT() REPRESENTATION_CONTEXT('2D SPACE',''
  ) );
#5476 = PCURVE('',#5443,#5477);
#5477 = DEFINITIONAL_REPRESENTATION('',(#5478),#5482);
#5478 = LINE('',#5479,#5480);
#5479 = CARTESIAN_POINT('',(0.,-0.));
#5480 = VECTOR('',#5481,1.);
#5481 = DIRECTION('',(0.,1.));
#5482 = ( GEOMETRIC_REPRESENTATION_CONTEXT(2) 
PARAMETRIC_REPRESENTATION_CONTEXT() REPRESENTATION_CONTEXT('2D SPACE',''
  ) );
#5483 = ORIENTED_EDGE('',*,*,#5433,.T.);
#5484 = ORIENTED_EDGE('',*,*,#5462,.T.);
#5485 = ( GEOMETRIC_REPRESENTATION_CONTEXT(3) 
GLOBAL_UNCERTAINTY_ASSIGNED_CONTEXT((#5489)) 
GLOBAL_UNIT_ASSIGNED_CONTEXT((#5486,#5487,#5488)) REPRESENTATION_CONTEXT
('Context #1','3D Context with UNIT and UNCERTAINTY') );
#5486 = ( LENGTH_UNIT() NAMED_UNIT(*) SI_UNIT($,.METRE.) );
#5487 = ( NAMED_UNIT(*) PLANE_ANGLE_UNIT() SI_UNIT($,.RADIAN.) );
#5488 = ( NAMED_UNIT(*) SI_UNIT($,.STERADIAN.) SOLID_ANGLE_UNIT() );
#5489 = UNCERTAINTY_MEASURE_WITH_UNIT(LENGTH_MEASURE(1.E-07),#5486,
  'distance_accuracy_value','confusion accuracy');
#5490 = PRODUCT_RELATED_PRODUCT_CATEGORY('part',$,(#5423));
#5491 = SHAPE_DEFINITION_REPRESENTATION(#5492,#5498);
#5492 = PRODUCT_DEFINITION_SHAPE('','',#5493);
#5493 = PRODUCT_DEFINITION('design','',#5494,#5497);
#5494 = PRODUCT_DEFINITION_FORMATION('','',#5495);
#5495 = PRODUCT('Ring_01','Ring_01','',(#5496));
#5496 = PRODUCT_CONTEXT('',#2,'mechanical');
#5497 = PRODUCT_DEFINITION_CONTEXT('part definition',#2,'design');
#5498 = ADVANCED_BREP_SHAPE_REPRESENTATION('',(#11,#5499),#5557);
#5499 = MANIFOLD_SOLID_BREP('',#5500);
#5500 = CLOSED_SHELL('',(#5501));
#5501 = ADVANCED_FACE('',(#5502),#5515,.T.);
#5502 = FACE_BOUND('',#5503,.T.);
#5503 = EDGE_LOOP('',(#5504,#5533,#5555,#5556));
#5504 = ORIENTED_EDGE('',*,*,#5505,.F.);
#5505 = EDGE_CURVE('',#5506,#5506,#5508,.T.);
#5506 = VERTEX_POINT('',#5507);
#5507 = CARTESIAN_POINT('',(2.6E+03,-1.07768918325E-13,-665.));
#5508 = SEAM_CURVE('',#5509,(#5514,#5526),.PCURVE_S1.);
#5509 = CIRCLE('',#5510,440.);
#5510 = AXIS2_PLACEMENT_3D('',#5511,#5512,#5513);
#5511 = CARTESIAN_POINT('',(2.6E+03,0.,-225.));
#5512 = DIRECTION('',(1.,-0.,2.22044604925E-16));
#5513 = DIRECTION('',(2.22044604925E-16,0.,-1.));
#5514 = PCURVE('',#5515,#5520);
#5515 = TOROIDAL_SURFACE('',#5516,420.,20.);
#5516 = AXIS2_PLACEMENT_3D('',#5517,#5518,#5519);
#5517 = CARTESIAN_POINT('',(2.6E+03,0.,-225.));
#5518 = DIRECTION('',(1.,0.,2.22044604925E-16));
#5519 = DIRECTION('',(2.22044604925E-16,0.,-1.));
#5520 = DEFINITIONAL_REPRESENTATION('',(#5521),#5525);
#5521 = LINE('',#5522,#5523);
#5522 = CARTESIAN_POINT('',(0.,6.28318530718));
#5523 = VECTOR('',#5524,1.);
#5524 = DIRECTION('',(1.,0.));
#5525 = ( GEOMETRIC_REPRESENTATION_CONTEXT(2) 
PARAMETRIC_REPRESENTATION_CONTEXT() REPRESENTATION_CONTEXT('2D SPACE',''
  ) );
#5526 = PCURVE('',#5515,#5527);
#5527 = DEFINITIONAL_REPRESENTATION('',(#5528),#5532);
#5528 = LINE('',#5529,#5530);
#5529 = CARTESIAN_POINT('',(0.,0.));
#5530 = VECTOR('',#5531,1.);
#5531 = DIRECTION('',(1.,0.));
#5532 = ( GEOMETRIC_REPRESENTATION_CONTEXT(2) 
PARAMETRIC_REPRESENTATION_CONTEXT() REPRESENTATION_CONTEXT('2D SPACE',''
  ) );
#5533 = ORIENTED_EDGE('',*,*,#5534,.F.);
#5534 = EDGE_CURVE('',#5506,#5506,#5535,.T.);
#5535 = SEAM_CURVE('',#5536,(#5541,#5548),.PCURVE_S1.);
#5536 = CIRCLE('',#5537,20.);
#5537 = AXIS2_PLACEMENT_3D('',#5538,#5539,#5540);
#5538 = CARTESIAN_POINT('',(2.6E+03,-1.028703311284E-13,-645.));
#5539 = DIRECTION('',(-5.438524293788E-32,-1.,2.449293598295E-16));
#5540 = DIRECTION('',(2.22044604925E-16,-2.449293598295E-16,-1.));
#5541 = PCURVE('',#5515,#5542);
#5542 = DEFINITIONAL_REPRESENTATION('',(#5543),#5547);
#5543 = LINE('',#5544,#5545);
#5544 = CARTESIAN_POINT('',(6.28318530718,-0.));
#5545 = VECTOR('',#5546,1.);
#5546 = DIRECTION('',(0.,1.));
#5547 = ( GEOMETRIC_REPRESENTATION_CONTEXT(2) 
PARAMETRIC_REPRESENTATION_CONTEXT() REPRESENTATION_CONTEXT('2D SPACE',''
  ) );
#5548 = PCURVE('',#5515,#5549);
#5549 = DEFINITIONAL_REPRESENTATION('',(#5550),#5554);
#5550 = LINE('',#5551,#5552);
#5551 = CARTESIAN_POINT('',(0.,-0.));
#5552 = VECTOR('',#5553,1.);
#5553 = DIRECTION('',(0.,1.));
#5554 = ( GEOMETRIC_REPRESENTATION_CONTEXT(2) 
PARAMETRIC_REPRESENTATION_CONTEXT() REPRESENTATION_CONTEXT('2D SPACE',''
  ) );
#5555 = ORIENTED_EDGE('',*,*,#5505,.T.);
#5556 = ORIENTED_EDGE('',*,*,#5534,.T.);
#5557 = ( GEOMETRIC_REPRESENTATION_CONTEXT(3) 
GLOBAL_UNCERTAINTY_ASSIGNED_CONTEXT((#5561)) 
GLOBAL_UNIT_ASSIGNED_CONTEXT((#5558,#5559,#5560)) REPRESENTATION_CONTEXT
('Context #1','3D Context with UNIT and UNCERTAINTY') );
#5558 = ( LENGTH_UNIT() NAMED_UNIT(*) SI_UNIT($,.METRE.) );
#5559 = ( NAMED_UNIT(*) PLANE_ANGLE_UNIT() SI_UNIT($,.RADIAN.) );
#5560 = ( NAMED_UNIT(*) SI_UNIT($,.STERADIAN.) SOLID_ANGLE_UNIT() );
#5561 = UNCERTAINTY_MEASURE_WITH_UNIT(LENGTH_MEASURE(1.E-07),#5558,
  'distance_accuracy_value','confusion accuracy');
#5562 = PRODUCT_RELATED_PRODUCT_CATEGORY('part',$,(#5495));
#5563 = SHAPE_DEFINITION_REPRESENTATION(#5564,#5570);
#5564 = PRODUCT_DEFINITION_SHAPE('','',#5565);
#5565 = PRODUCT_DEFINITION('design','',#5566,#5569);
#5566 = PRODUCT_DEFINITION_FORMATION('','',#5567);
#5567 = PRODUCT('Reactor','Reactor','',(#5568));
#5568 = PRODUCT_CONTEXT('',#2,'mechanical');
#5569 = PRODUCT_DEFINITION_CONTEXT('part definition',#2,'design');
#5570 = ADVANCED_BREP_SHAPE_REPRESENTATION('',(#11,#5571),#5669);
#5571 = MANIFOLD_SOLID_BREP('',#5572);
#5572 = CLOSED_SHELL('',(#5573,#5661,#5665));
#5573 = ADVANCED_FACE('',(#5574),#5587,.T.);
#5574 = FACE_BOUND('',#5575,.T.);
#5575 = EDGE_LOOP('',(#5576,#5610,#5633,#5660));
#5576 = ORIENTED_EDGE('',*,*,#5577,.F.);
#5577 = EDGE_CURVE('',#5578,#5578,#5580,.T.);
#5578 = VERTEX_POINT('',#5579);
#5579 = CARTESIAN_POINT('',(3.05E+03,-9.797174393179E-14,-400.));
#5580 = SURFACE_CURVE('',#5581,(#5586,#5598),.PCURVE_S1.);
#5581 = CIRCLE('',#5582,400.);
#5582 = AXIS2_PLACEMENT_3D('',#5583,#5584,#5585);
#5583 = CARTESIAN_POINT('',(3.05E+03,0.,1.998401444325E-13));
#5584 = DIRECTION('',(1.,-0.,2.22044604925E-16));
#5585 = DIRECTION('',(2.22044604925E-16,0.,-1.));
#5586 = PCURVE('',#5587,#5592);
#5587 = CYLINDRICAL_SURFACE('',#5588,400.);
#5588 = AXIS2_PLACEMENT_3D('',#5589,#5590,#5591);
#5589 = CARTESIAN_POINT('',(2.15E+03,0.,0.));
#5590 = DIRECTION('',(1.,0.,2.22044604925E-16));
#5591 = DIRECTION('',(2.22044604925E-16,0.,-1.));
#5592 = DEFINITIONAL_REPRESENTATION('',(#5593),#5597);
#5593 = LINE('',#5594,#5595);
#5594 = CARTESIAN_POINT('',(0.,900.));
#5595 = VECTOR('',#5596,1.);
#5596 = DIRECTION('',(1.,0.));
#5597 = ( GEOMETRIC_REPRESENTATION_CONTEXT(2) 
PARAMETRIC_REPRESENTATION_CONTEXT() REPRESENTATION_CONTEXT('2D SPACE',''
  ) );
#5598 = PCURVE('',#5599,#5604);
#5599 = PLANE('',#5600);
#5600 = AXIS2_PLACEMENT_3D('',#5601,#5602,#5603);
#5601 = CARTESIAN_POINT('',(3.05E+03,0.,1.998401444325E-13));
#5602 = DIRECTION('',(1.,0.,2.22044604925E-16));
#5603 = DIRECTION('',(2.22044604925E-16,0.,-1.));
#5604 = DEFINITIONAL_REPRESENTATION('',(#5605),#5609);
#5605 = CIRCLE('',#5606,400.);
#5606 = AXIS2_PLACEMENT_2D('',#5607,#5608);
#5607 = CARTESIAN_POINT('',(0.,0.));
#5608 = DIRECTION('',(1.,0.));
#5609 = ( GEOMETRIC_REPRESENTATION_CONTEXT(2) 
PARAMETRIC_REPRESENTATION_CONTEXT() REPRESENTATION_CONTEXT('2D SPACE',''
  ) );
#5610 = ORIENTED_EDGE('',*,*,#5611,.F.);
#5611 = EDGE_CURVE('',#5612,#5578,#5614,.T.);
#5612 = VERTEX_POINT('',#5613);
#5613 = CARTESIAN_POINT('',(2.15E+03,-9.797174393179E-14,-400.));
#5614 = SEAM_CURVE('',#5615,(#5619,#5626),.PCURVE_S1.);
#5615 = LINE('',#5616,#5617);
#5616 = CARTESIAN_POINT('',(2.15E+03,-9.797174393179E-14,-400.));
#5617 = VECTOR('',#5618,1.);
#5618 = DIRECTION('',(1.,0.,2.22044604925E-16));
#5619 = PCURVE('',#5587,#5620);
#5620 = DEFINITIONAL_REPRESENTATION('',(#5621),#5625);
#5621 = LINE('',#5622,#5623);
#5622 = CARTESIAN_POINT('',(6.28318530718,-0.));
#5623 = VECTOR('',#5624,1.);
#5624 = DIRECTION('',(0.,1.));
#5625 = ( GEOMETRIC_REPRESENTATION_CONTEXT(2) 
PARAMETRIC_REPRESENTATION_CONTEXT() REPRESENTATION_CONTEXT('2D SPACE',''
  ) );
#5626 = PCURVE('',#5587,#5627);
#5627 = DEFINITIONAL_REPRESENTATION('',(#5628),#5632);
#5628 = LINE('',#5629,#5630);
#5629 = CARTESIAN_POINT('',(0.,-0.));
#5630 = VECTOR('',#5631,1.);
#5631 = DIRECTION('',(0.,1.));
#5632 = ( GEOMETRIC_REPRESENTATION_CONTEXT(2) 
PARAMETRIC_REPRESENTATION_CONTEXT() REPRESENTATION_CONTEXT('2D SPACE',''
  ) );
#5633 = ORIENTED_EDGE('',*,*,#5634,.T.);
#5634 = EDGE_CURVE('',#5612,#5612,#5635,.T.);
#5635 = SURFACE_CURVE('',#5636,(#5641,#5648),.PCURVE_S1.);
#5636 = CIRCLE('',#5637,400.);
#5637 = AXIS2_PLACEMENT_3D('',#5638,#5639,#5640);
#5638 = CARTESIAN_POINT('',(2.15E+03,0.,0.));
#5639 = DIRECTION('',(1.,-0.,2.22044604925E-16));
#5640 = DIRECTION('',(2.22044604925E-16,0.,-1.));
#5641 = PCURVE('',#5587,#5642);
#5642 = DEFINITIONAL_REPRESENTATION('',(#5643),#5647);
#5643 = LINE('',#5644,#5645);
#5644 = CARTESIAN_POINT('',(0.,0.));
#5645 = VECTOR('',#5646,1.);
#5646 = DIRECTION('',(1.,0.));
#5647 = ( GEOMETRIC_REPRESENTATION_CONTEXT(2) 
PARAMETRIC_REPRESENTATION_CONTEXT() REPRESENTATION_CONTEXT('2D SPACE',''
  ) );
#5648 = PCURVE('',#5649,#5654);
#5649 = PLANE('',#5650);
#5650 = AXIS2_PLACEMENT_3D('',#5651,#5652,#5653);
#5651 = CARTESIAN_POINT('',(2.15E+03,0.,0.));
#5652 = DIRECTION('',(1.,0.,2.22044604925E-16));
#5653 = DIRECTION('',(2.22044604925E-16,0.,-1.));
#5654 = DEFINITIONAL_REPRESENTATION('',(#5655),#5659);
#5655 = CIRCLE('',#5656,400.);
#5656 = AXIS2_PLACEMENT_2D('',#5657,#5658);
#5657 = CARTESIAN_POINT('',(0.,0.));
#5658 = DIRECTION('',(1.,0.));
#5659 = ( GEOMETRIC_REPRESENTATION_CONTEXT(2) 
PARAMETRIC_REPRESENTATION_CONTEXT() REPRESENTATION_CONTEXT('2D SPACE',''
  ) );
#5660 = ORIENTED_EDGE('',*,*,#5611,.T.);
#5661 = ADVANCED_FACE('',(#5662),#5599,.T.);
#5662 = FACE_BOUND('',#5663,.T.);
#5663 = EDGE_LOOP('',(#5664));
#5664 = ORIENTED_EDGE('',*,*,#5577,.T.);
#5665 = ADVANCED_FACE('',(#5666),#5649,.F.);
#5666 = FACE_BOUND('',#5667,.T.);
#5667 = EDGE_LOOP('',(#5668));
#5668 = ORIENTED_EDGE('',*,*,#5634,.F.);
#5669 = ( GEOMETRIC_REPRESENTATION_CONTEXT(3) 
GLOBAL_UNCERTAINTY_ASSIGNED_CONTEXT((#5673)) 
GLOBAL_UNIT_ASSIGNED_CONTEXT((#5670,#5671,#5672)) REPRESENTATION_CONTEXT
('Context #1','3D Context with UNIT and UNCERTAINTY') );
#5670 = ( LENGTH_UNIT() NAMED_UNIT(*) SI_UNIT($,.METRE.) );
#5671 = ( NAMED_UNIT(*) PLANE_ANGLE_UNIT() SI_UNIT($,.RADIAN.) );
#5672 = ( NAMED_UNIT(*) SI_UNIT($,.STERADIAN.) SOLID_ANGLE_UNIT() );
#5673 = UNCERTAINTY_MEASURE_WITH_UNIT(LENGTH_MEASURE(1.E-07),#5670,
  'distance_accuracy_value','confusion accuracy');
#5674 = PRODUCT_RELATED_PRODUCT_CATEGORY('part',$,(#5567));
#5675 = SHAPE_DEFINITION_REPRESENTATION(#5676,#5682);
#5676 = PRODUCT_DEFINITION_SHAPE('','',#5677);
#5677 = PRODUCT_DEFINITION('design','',#5678,#5681);
#5678 = PRODUCT_DEFINITION_FORMATION('','',#5679);
#5679 = PRODUCT('Ring_00','Ring_00','',(#5680));
#5680 = PRODUCT_CONTEXT('',#2,'mechanical');
#5681 = PRODUCT_DEFINITION_CONTEXT('part definition',#2,'design');
#5682 = ADVANCED_BREP_SHAPE_REPRESENTATION('',(#11,#5683),#5741);
#5683 = MANIFOLD_SOLID_BREP('',#5684);
#5684 = CLOSED_SHELL('',(#5685));
#5685 = ADVANCED_FACE('',(#5686),#5699,.T.);
#5686 = FACE_BOUND('',#5687,.T.);
#5687 = EDGE_LOOP('',(#5688,#5717,#5739,#5740));
#5688 = ORIENTED_EDGE('',*,*,#5689,.F.);
#5689 = EDGE_CURVE('',#5690,#5690,#5692,.T.);
#5690 = VERTEX_POINT('',#5691);
#5691 = CARTESIAN_POINT('',(2.6E+03,-1.07768918325E-13,-815.));
#5692 = SEAM_CURVE('',#5693,(#5698,#5710),.PCURVE_S1.);
#5693 = CIRCLE('',#5694,440.);
#5694 = AXIS2_PLACEMENT_3D('',#5695,#5696,#5697);
#5695 = CARTESIAN_POINT('',(2.6E+03,0.,-375.));
#5696 = DIRECTION('',(1.,-0.,2.22044604925E-16));
#5697 = DIRECTION('',(2.22044604925E-16,0.,-1.));
#5698 = PCURVE('',#5699,#5704);
#5699 = TOROIDAL_SURFACE('',#5700,420.,20.);
#5700 = AXIS2_PLACEMENT_3D('',#5701,#5702,#5703);
#5701 = CARTESIAN_POINT('',(2.6E+03,0.,-375.));
#5702 = DIRECTION('',(1.,0.,2.22044604925E-16));
#5703 = DIRECTION('',(2.22044604925E-16,0.,-1.));
#5704 = DEFINITIONAL_REPRESENTATION('',(#5705),#5709);
#5705 = LINE('',#5706,#5707);
#5706 = CARTESIAN_POINT('',(0.,6.28318530718));
#5707 = VECTOR('',#5708,1.);
#5708 = DIRECTION('',(1.,0.));
#5709 = ( GEOMETRIC_REPRESENTATION_CONTEXT(2) 
PARAMETRIC_REPRESENTATION_CONTEXT() REPRESENTATION_CONTEXT('2D SPACE',''
  ) );
#5710 = PCURVE('',#5699,#5711);
#5711 = DEFINITIONAL_REPRESENTATION('',(#5712),#5716);
#5712 = LINE('',#5713,#5714);
#5713 = CARTESIAN_POINT('',(0.,0.));
#5714 = VECTOR('',#5715,1.);
#5715 = DIRECTION('',(1.,0.));
#5716 = ( GEOMETRIC_REPRESENTATION_CONTEXT(2) 
PARAMETRIC_REPRESENTATION_CONTEXT() REPRESENTATION_CONTEXT('2D SPACE',''
  ) );
#5717 = ORIENTED_EDGE('',*,*,#5718,.F.);
#5718 = EDGE_CURVE('',#5690,#5690,#5719,.T.);
#5719 = SEAM_CURVE('',#5720,(#5725,#5732),.PCURVE_S1.);
#5720 = CIRCLE('',#5721,20.);
#5721 = AXIS2_PLACEMENT_3D('',#5722,#5723,#5724);
#5722 = CARTESIAN_POINT('',(2.6E+03,-1.028703311284E-13,-795.));
#5723 = DIRECTION('',(-5.438524293788E-32,-1.,2.449293598295E-16));
#5724 = DIRECTION('',(2.22044604925E-16,-2.449293598295E-16,-1.));
#5725 = PCURVE('',#5699,#5726);
#5726 = DEFINITIONAL_REPRESENTATION('',(#5727),#5731);
#5727 = LINE('',#5728,#5729);
#5728 = CARTESIAN_POINT('',(6.28318530718,-0.));
#5729 = VECTOR('',#5730,1.);
#5730 = DIRECTION('',(0.,1.));
#5731 = ( GEOMETRIC_REPRESENTATION_CONTEXT(2) 
PARAMETRIC_REPRESENTATION_CONTEXT() REPRESENTATION_CONTEXT('2D SPACE',''
  ) );
#5732 = PCURVE('',#5699,#5733);
#5733 = DEFINITIONAL_REPRESENTATION('',(#5734),#5738);
#5734 = LINE('',#5735,#5736);
#5735 = CARTESIAN_POINT('',(0.,-0.));
#5736 = VECTOR('',#5737,1.);
#5737 = DIRECTION('',(0.,1.));
#5738 = ( GEOMETRIC_REPRESENTATION_CONTEXT(2) 
PARAMETRIC_REPRESENTATION_CONTEXT() REPRESENTATION_CONTEXT('2D SPACE',''
  ) );
#5739 = ORIENTED_EDGE('',*,*,#5689,.T.);
#5740 = ORIENTED_EDGE('',*,*,#5718,.T.);
#5741 = ( GEOMETRIC_REPRESENTATION_CONTEXT(3) 
GLOBAL_UNCERTAINTY_ASSIGNED_CONTEXT((#5745)) 
GLOBAL_UNIT_ASSIGNED_CONTEXT((#5742,#5743,#5744)) REPRESENTATION_CONTEXT
('Context #1','3D Context with UNIT and UNCERTAINTY') );
#5742 = ( LENGTH_UNIT() NAMED_UNIT(*) SI_UNIT($,.METRE.) );
#5743 = ( NAMED_UNIT(*) PLANE_ANGLE_UNIT() SI_UNIT($,.RADIAN.) );
#5744 = ( NAMED_UNIT(*) SI_UNIT($,.STERADIAN.) SOLID_ANGLE_UNIT() );
#5745 = UNCERTAINTY_MEASURE_WITH_UNIT(LENGTH_MEASURE(1.E-07),#5742,
  'distance_accuracy_value','confusion accuracy');
#5746 = PRODUCT_RELATED_PRODUCT_CATEGORY('part',$,(#5679));
#5747 = SHAPE_DEFINITION_REPRESENTATION(#5748,#5754);
#5748 = PRODUCT_DEFINITION_SHAPE('','',#5749);
#5749 = PRODUCT_DEFINITION('design','',#5750,#5753);
#5750 = PRODUCT_DEFINITION_FORMATION('','',#5751);
#5751 = PRODUCT('Ring_04','Ring_04','',(#5752));
#5752 = PRODUCT_CONTEXT('',#2,'mechanical');
#5753 = PRODUCT_DEFINITION_CONTEXT('part definition',#2,'design');
#5754 = ADVANCED_BREP_SHAPE_REPRESENTATION('',(#11,#5755),#5813);
#5755 = MANIFOLD_SOLID_BREP('',#5756);
#5756 = CLOSED_SHELL('',(#5757));
#5757 = ADVANCED_FACE('',(#5758),#5771,.T.);
#5758 = FACE_BOUND('',#5759,.T.);
#5759 = EDGE_LOOP('',(#5760,#5789,#5811,#5812));
#5760 = ORIENTED_EDGE('',*,*,#5761,.F.);
#5761 = EDGE_CURVE('',#5762,#5762,#5764,.T.);
#5762 = VERTEX_POINT('',#5763);
#5763 = CARTESIAN_POINT('',(2.6E+03,-1.07768918325E-13,-215.));
#5764 = SEAM_CURVE('',#5765,(#5770,#5782),.PCURVE_S1.);
#5765 = CIRCLE('',#5766,440.);
#5766 = AXIS2_PLACEMENT_3D('',#5767,#5768,#5769);
#5767 = CARTESIAN_POINT('',(2.6E+03,0.,225.));
#5768 = DIRECTION('',(1.,-0.,2.22044604925E-16));
#5769 = DIRECTION('',(2.22044604925E-16,0.,-1.));
#5770 = PCURVE('',#5771,#5776);
#5771 = TOROIDAL_SURFACE('',#5772,420.,20.);
#5772 = AXIS2_PLACEMENT_3D('',#5773,#5774,#5775);
#5773 = CARTESIAN_POINT('',(2.6E+03,0.,225.));
#5774 = DIRECTION('',(1.,0.,2.22044604925E-16));
#5775 = DIRECTION('',(2.22044604925E-16,0.,-1.));
#5776 = DEFINITIONAL_REPRESENTATION('',(#5777),#5781);
#5777 = LINE('',#5778,#5779);
#5778 = CARTESIAN_POINT('',(0.,6.28318530718));
#5779 = VECTOR('',#5780,1.);
#5780 = DIRECTION('',(1.,0.));
#5781 = ( GEOMETRIC_REPRESENTATION_CONTEXT(2) 
PARAMETRIC_REPRESENTATION_CONTEXT() REPRESENTATION_CONTEXT('2D SPACE',''
  ) );
#5782 = PCURVE('',#5771,#5783);
#5783 = DEFINITIONAL_REPRESENTATION('',(#5784),#5788);
#5784 = LINE('',#5785,#5786);
#5785 = CARTESIAN_POINT('',(0.,0.));
#5786 = VECTOR('',#5787,1.);
#5787 = DIRECTION('',(1.,0.));
#5788 = ( GEOMETRIC_REPRESENTATION_CONTEXT(2) 
PARAMETRIC_REPRESENTATION_CONTEXT() REPRESENTATION_CONTEXT('2D SPACE',''
  ) );
#5789 = ORIENTED_EDGE('',*,*,#5790,.F.);
#5790 = EDGE_CURVE('',#5762,#5762,#5791,.T.);
#5791 = SEAM_CURVE('',#5792,(#5797,#5804),.PCURVE_S1.);
#5792 = CIRCLE('',#5793,20.);
#5793 = AXIS2_PLACEMENT_3D('',#5794,#5795,#5796);
#5794 = CARTESIAN_POINT('',(2.6E+03,-1.028703311284E-13,-195.));
#5795 = DIRECTION('',(-5.438524293788E-32,-1.,2.449293598295E-16));
#5796 = DIRECTION('',(2.22044604925E-16,-2.449293598295E-16,-1.));
#5797 = PCURVE('',#5771,#5798);
#5798 = DEFINITIONAL_REPRESENTATION('',(#5799),#5803);
#5799 = LINE('',#5800,#5801);
#5800 = CARTESIAN_POINT('',(6.28318530718,-0.));
#5801 = VECTOR('',#5802,1.);
#5802 = DIRECTION('',(0.,1.));
#5803 = ( GEOMETRIC_REPRESENTATION_CONTEXT(2) 
PARAMETRIC_REPRESENTATION_CONTEXT() REPRESENTATION_CONTEXT('2D SPACE',''
  ) );
#5804 = PCURVE('',#5771,#5805);
#5805 = DEFINITIONAL_REPRESENTATION('',(#5806),#5810);
#5806 = LINE('',#5807,#5808);
#5807 = CARTESIAN_POINT('',(0.,-0.));
#5808 = VECTOR('',#5809,1.);
#5809 = DIRECTION('',(0.,1.));
#5810 = ( GEOMETRIC_REPRESENTATION_CONTEXT(2) 
PARAMETRIC_REPRESENTATION_CONTEXT() REPRESENTATION_CONTEXT('2D SPACE',''
  ) );
#5811 = ORIENTED_EDGE('',*,*,#5761,.T.);
#5812 = ORIENTED_EDGE('',*,*,#5790,.T.);
#5813 = ( GEOMETRIC_REPRESENTATION_CONTEXT(3) 
GLOBAL_UNCERTAINTY_ASSIGNED_CONTEXT((#5817)) 
GLOBAL_UNIT_ASSIGNED_CONTEXT((#5814,#5815,#5816)) REPRESENTATION_CONTEXT
('Context #1','3D Context with UNIT and UNCERTAINTY') );
#5814 = ( LENGTH_UNIT() NAMED_UNIT(*) SI_UNIT($,.METRE.) );
#5815 = ( NAMED_UNIT(*) PLANE_ANGLE_UNIT() SI_UNIT($,.RADIAN.) );
#5816 = ( NAMED_UNIT(*) SI_UNIT($,.STERADIAN.) SOLID_ANGLE_UNIT() );
#5817 = UNCERTAINTY_MEASURE_WITH_UNIT(LENGTH_MEASURE(1.E-07),#5814,
  'distance_accuracy_value','confusion accuracy');
#5818 = PRODUCT_RELATED_PRODUCT_CATEGORY('part',$,(#5751));
#5819 = SHAPE_DEFINITION_REPRESENTATION(#5820,#5826);
#5820 = PRODUCT_DEFINITION_SHAPE('','',#5821);
#5821 = PRODUCT_DEFINITION('design','',#5822,#5825);
#5822 = PRODUCT_DEFINITION_FORMATION('','',#5823);
#5823 = PRODUCT('Ring_03','Ring_03','',(#5824));
#5824 = PRODUCT_CONTEXT('',#2,'mechanical');
#5825 = PRODUCT_DEFINITION_CONTEXT('part definition',#2,'design');
#5826 = ADVANCED_BREP_SHAPE_REPRESENTATION('',(#11,#5827),#5885);
#5827 = MANIFOLD_SOLID_BREP('',#5828);
#5828 = CLOSED_SHELL('',(#5829));
#5829 = ADVANCED_FACE('',(#5830),#5843,.T.);
#5830 = FACE_BOUND('',#5831,.T.);
#5831 = EDGE_LOOP('',(#5832,#5861,#5883,#5884));
#5832 = ORIENTED_EDGE('',*,*,#5833,.F.);
#5833 = EDGE_CURVE('',#5834,#5834,#5836,.T.);
#5834 = VERTEX_POINT('',#5835);
#5835 = CARTESIAN_POINT('',(2.6E+03,-1.07768918325E-13,-365.));
#5836 = SEAM_CURVE('',#5837,(#5842,#5854),.PCURVE_S1.);
#5837 = CIRCLE('',#5838,440.);
#5838 = AXIS2_PLACEMENT_3D('',#5839,#5840,#5841);
#5839 = CARTESIAN_POINT('',(2.6E+03,0.,75.));
#5840 = DIRECTION('',(1.,-0.,2.22044604925E-16));
#5841 = DIRECTION('',(2.22044604925E-16,0.,-1.));
#5842 = PCURVE('',#5843,#5848);
#5843 = TOROIDAL_SURFACE('',#5844,420.,20.);
#5844 = AXIS2_PLACEMENT_3D('',#5845,#5846,#5847);
#5845 = CARTESIAN_POINT('',(2.6E+03,0.,75.));
#5846 = DIRECTION('',(1.,0.,2.22044604925E-16));
#5847 = DIRECTION('',(2.22044604925E-16,0.,-1.));
#5848 = DEFINITIONAL_REPRESENTATION('',(#5849),#5853);
#5849 = LINE('',#5850,#5851);
#5850 = CARTESIAN_POINT('',(0.,6.28318530718));
#5851 = VECTOR('',#5852,1.);
#5852 = DIRECTION('',(1.,0.));
#5853 = ( GEOMETRIC_REPRESENTATION_CONTEXT(2) 
PARAMETRIC_REPRESENTATION_CONTEXT() REPRESENTATION_CONTEXT('2D SPACE',''
  ) );
#5854 = PCURVE('',#5843,#5855);
#5855 = DEFINITIONAL_REPRESENTATION('',(#5856),#5860);
#5856 = LINE('',#5857,#5858);
#5857 = CARTESIAN_POINT('',(0.,0.));
#5858 = VECTOR('',#5859,1.);
#5859 = DIRECTION('',(1.,0.));
#5860 = ( GEOMETRIC_REPRESENTATION_CONTEXT(2) 
PARAMETRIC_REPRESENTATION_CONTEXT() REPRESENTATION_CONTEXT('2D SPACE',''
  ) );
#5861 = ORIENTED_EDGE('',*,*,#5862,.F.);
#5862 = EDGE_CURVE('',#5834,#5834,#5863,.T.);
#5863 = SEAM_CURVE('',#5864,(#5869,#5876),.PCURVE_S1.);
#5864 = CIRCLE('',#5865,20.);
#5865 = AXIS2_PLACEMENT_3D('',#5866,#5867,#5868);
#5866 = CARTESIAN_POINT('',(2.6E+03,-1.028703311284E-13,-345.));
#5867 = DIRECTION('',(-5.438524293788E-32,-1.,2.449293598295E-16));
#5868 = DIRECTION('',(2.22044604925E-16,-2.449293598295E-16,-1.));
#5869 = PCURVE('',#5843,#5870);
#5870 = DEFINITIONAL_REPRESENTATION('',(#5871),#5875);
#5871 = LINE('',#5872,#5873);
#5872 = CARTESIAN_POINT('',(6.28318530718,-0.));
#5873 = VECTOR('',#5874,1.);
#5874 = DIRECTION('',(0.,1.));
#5875 = ( GEOMETRIC_REPRESENTATION_CONTEXT(2) 
PARAMETRIC_REPRESENTATION_CONTEXT() REPRESENTATION_CONTEXT('2D SPACE',''
  ) );
#5876 = PCURVE('',#5843,#5877);
#5877 = DEFINITIONAL_REPRESENTATION('',(#5878),#5882);
#5878 = LINE('',#5879,#5880);
#5879 = CARTESIAN_POINT('',(0.,-0.));
#5880 = VECTOR('',#5881,1.);
#5881 = DIRECTION('',(0.,1.));
#5882 = ( GEOMETRIC_REPRESENTATION_CONTEXT(2) 
PARAMETRIC_REPRESENTATION_CONTEXT() REPRESENTATION_CONTEXT('2D SPACE',''
  ) );
#5883 = ORIENTED_EDGE('',*,*,#5833,.T.);
#5884 = ORIENTED_EDGE('',*,*,#5862,.T.);
#5885 = ( GEOMETRIC_REPRESENTATION_CONTEXT(3) 
GLOBAL_UNCERTAINTY_ASSIGNED_CONTEXT((#5889)) 
GLOBAL_UNIT_ASSIGNED_CONTEXT((#5886,#5887,#5888)) REPRESENTATION_CONTEXT
('Context #1','3D Context with UNIT and UNCERTAINTY') );
#5886 = ( LENGTH_UNIT() NAMED_UNIT(*) SI_UNIT($,.METRE.) );
#5887 = ( NAMED_UNIT(*) PLANE_ANGLE_UNIT() SI_UNIT($,.RADIAN.) );
#5888 = ( NAMED_UNIT(*) SI_UNIT($,.STERADIAN.) SOLID_ANGLE_UNIT() );
#5889 = UNCERTAINTY_MEASURE_WITH_UNIT(LENGTH_MEASURE(1.E-07),#5886,
  'distance_accuracy_value','confusion accuracy');
#5890 = PRODUCT_RELATED_PRODUCT_CATEGORY('part',$,(#5823));
#5891 = SHAPE_DEFINITION_REPRESENTATION(#5892,#5898);
#5892 = PRODUCT_DEFINITION_SHAPE('','',#5893);
#5893 = PRODUCT_DEFINITION('design','',#5894,#5897);
#5894 = PRODUCT_DEFINITION_FORMATION('','',#5895);
#5895 = PRODUCT('Coil_00','Coil_00','',(#5896));
#5896 = PRODUCT_CONTEXT('',#2,'mechanical');
#5897 = PRODUCT_DEFINITION_CONTEXT('part definition',#2,'design');
#5898 = ADVANCED_BREP_SHAPE_REPRESENTATION('',(#11,#5899),#5957);
#5899 = MANIFOLD_SOLID_BREP('',#5900);
#5900 = CLOSED_SHELL('',(#5901));
#5901 = ADVANCED_FACE('',(#5902),#5915,.T.);
#5902 = FACE_BOUND('',#5903,.T.);
#5903 = EDGE_LOOP('',(#5904,#5933,#5955,#5956));
#5904 = ORIENTED_EDGE('',*,*,#5905,.F.);
#5905 = EDGE_CURVE('',#5906,#5906,#5908,.T.);
#5906 = VERTEX_POINT('',#5907);
#5907 = CARTESIAN_POINT('',(2.6E+03,-1.175660927181E-13,-480.));
#5908 = SEAM_CURVE('',#5909,(#5914,#5926),.PCURVE_S1.);
#5909 = CIRCLE('',#5910,480.);
#5910 = AXIS2_PLACEMENT_3D('',#5911,#5912,#5913);
#5911 = CARTESIAN_POINT('',(2.6E+03,0.,-2.175409717515E-30));
#5912 = DIRECTION('',(1.,-0.,2.22044604925E-16));
#5913 = DIRECTION('',(2.22044604925E-16,0.,-1.));
#5914 = PCURVE('',#5915,#5920);
#5915 = TOROIDAL_SURFACE('',#5916,440.,40.);
#5916 = AXIS2_PLACEMENT_3D('',#5917,#5918,#5919);
#5917 = CARTESIAN_POINT('',(2.6E+03,0.,0.));
#5918 = DIRECTION('',(1.,0.,2.22044604925E-16));
#5919 = DIRECTION('',(2.22044604925E-16,0.,-1.));
#5920 = DEFINITIONAL_REPRESENTATION('',(#5921),#5925);
#5921 = LINE('',#5922,#5923);
#5922 = CARTESIAN_POINT('',(0.,6.28318530718));
#5923 = VECTOR('',#5924,1.);
#5924 = DIRECTION('',(1.,0.));
#5925 = ( GEOMETRIC_REPRESENTATION_CONTEXT(2) 
PARAMETRIC_REPRESENTATION_CONTEXT() REPRESENTATION_CONTEXT('2D SPACE',''
  ) );
#5926 = PCURVE('',#5915,#5927);
#5927 = DEFINITIONAL_REPRESENTATION('',(#5928),#5932);
#5928 = LINE('',#5929,#5930);
#5929 = CARTESIAN_POINT('',(0.,0.));
#5930 = VECTOR('',#5931,1.);
#5931 = DIRECTION('',(1.,0.));
#5932 = ( GEOMETRIC_REPRESENTATION_CONTEXT(2) 
PARAMETRIC_REPRESENTATION_CONTEXT() REPRESENTATION_CONTEXT('2D SPACE',''
  ) );
#5933 = ORIENTED_EDGE('',*,*,#5934,.F.);
#5934 = EDGE_CURVE('',#5906,#5906,#5935,.T.);
#5935 = SEAM_CURVE('',#5936,(#5941,#5948),.PCURVE_S1.);
#5936 = CIRCLE('',#5937,40.);
#5937 = AXIS2_PLACEMENT_3D('',#5938,#5939,#5940);
#5938 = CARTESIAN_POINT('',(2.6E+03,-1.07768918325E-13,-440.));
#5939 = DIRECTION('',(-5.438524293788E-32,-1.,2.449293598295E-16));
#5940 = DIRECTION('',(2.22044604925E-16,-2.449293598295E-16,-1.));
#5941 = PCURVE('',#5915,#5942);
#5942 = DEFINITIONAL_REPRESENTATION('',(#5943),#5947);
#5943 = LINE('',#5944,#5945);
#5944 = CARTESIAN_POINT('',(6.28318530718,-0.));
#5945 = VECTOR('',#5946,1.);
#5946 = DIRECTION('',(0.,1.));
#5947 = ( GEOMETRIC_REPRESENTATION_CONTEXT(2) 
PARAMETRIC_REPRESENTATION_CONTEXT() REPRESENTATION_CONTEXT('2D SPACE',''
  ) );
#5948 = PCURVE('',#5915,#5949);
#5949 = DEFINITIONAL_REPRESENTATION('',(#5950),#5954);
#5950 = LINE('',#5951,#5952);
#5951 = CARTESIAN_POINT('',(0.,-0.));
#5952 = VECTOR('',#5953,1.);
#5953 = DIRECTION('',(0.,1.));
#5954 = ( GEOMETRIC_REPRESENTATION_CONTEXT(2) 
PARAMETRIC_REPRESENTATION_CONTEXT() REPRESENTATION_CONTEXT('2D SPACE',''
  ) );
#5955 = ORIENTED_EDGE('',*,*,#5905,.T.);
#5956 = ORIENTED_EDGE('',*,*,#5934,.T.);
#5957 = ( GEOMETRIC_REPRESENTATION_CONTEXT(3) 
GLOBAL_UNCERTAINTY_ASSIGNED_CONTEXT((#5961)) 
GLOBAL_UNIT_ASSIGNED_CONTEXT((#5958,#5959,#5960)) REPRESENTATION_CONTEXT
('Context #1','3D Context with UNIT and UNCERTAINTY') );
#5958 = ( LENGTH_UNIT() NAMED_UNIT(*) SI_UNIT($,.METRE.) );
#5959 = ( NAMED_UNIT(*) PLANE_ANGLE_UNIT() SI_UNIT($,.RADIAN.) );
#5960 = ( NAMED_UNIT(*) SI_UNIT($,.STERADIAN.) SOLID_ANGLE_UNIT() );
#5961 = UNCERTAINTY_MEASURE_WITH_UNIT(LENGTH_MEASURE(1.E-07),#5958,
  'distance_accuracy_value','confusion accuracy');
#5962 = PRODUCT_RELATED_PRODUCT_CATEGORY('part',$,(#5895));
#5963 = SHAPE_DEFINITION_REPRESENTATION(#5964,#5970);
#5964 = PRODUCT_DEFINITION_SHAPE('','',#5965);
#5965 = PRODUCT_DEFINITION('design','',#5966,#5969);
#5966 = PRODUCT_DEFINITION_FORMATION('','',#5967);
#5967 = PRODUCT('Coil_03','Coil_03','',(#5968));
#5968 = PRODUCT_CONTEXT('',#2,'mechanical');
#5969 = PRODUCT_DEFINITION_CONTEXT('part definition',#2,'design');
#5970 = ADVANCED_BREP_SHAPE_REPRESENTATION('',(#11,#5971),#6029);
#5971 = MANIFOLD_SOLID_BREP('',#5972);
#5972 = CLOSED_SHELL('',(#5973));
#5973 = ADVANCED_FACE('',(#5974),#5987,.T.);
#5974 = FACE_BOUND('',#5975,.T.);
#5975 = EDGE_LOOP('',(#5976,#6005,#6027,#6028));
#5976 = ORIENTED_EDGE('',*,*,#5977,.F.);
#5977 = EDGE_CURVE('',#5978,#5978,#5980,.T.);
#5978 = VERTEX_POINT('',#5979);
#5979 = CARTESIAN_POINT('',(2.6E+03,-1.175660927181E-13,-480.));
#5980 = SEAM_CURVE('',#5981,(#5986,#5998),.PCURVE_S1.);
#5981 = CIRCLE('',#5982,480.);
#5982 = AXIS2_PLACEMENT_3D('',#5983,#5984,#5985);
#5983 = CARTESIAN_POINT('',(2.6E+03,0.,-2.175409717515E-30));
#5984 = DIRECTION('',(1.,-0.,2.22044604925E-16));
#5985 = DIRECTION('',(2.22044604925E-16,0.,-1.));
#5986 = PCURVE('',#5987,#5992);
#5987 = TOROIDAL_SURFACE('',#5988,440.,40.);
#5988 = AXIS2_PLACEMENT_3D('',#5989,#5990,#5991);
#5989 = CARTESIAN_POINT('',(2.6E+03,0.,0.));
#5990 = DIRECTION('',(1.,0.,2.22044604925E-16));
#5991 = DIRECTION('',(2.22044604925E-16,0.,-1.));
#5992 = DEFINITIONAL_REPRESENTATION('',(#5993),#5997);
#5993 = LINE('',#5994,#5995);
#5994 = CARTESIAN_POINT('',(0.,6.28318530718));
#5995 = VECTOR('',#5996,1.);
#5996 = DIRECTION('',(1.,0.));
#5997 = ( GEOMETRIC_REPRESENTATION_CONTEXT(2) 
PARAMETRIC_REPRESENTATION_CONTEXT() REPRESENTATION_CONTEXT('2D SPACE',''
  ) );
#5998 = PCURVE('',#5987,#5999);
#5999 = DEFINITIONAL_REPRESENTATION('',(#6000),#6004);
#6000 = LINE('',#6001,#6002);
#6001 = CARTESIAN_POINT('',(0.,0.));
#6002 = VECTOR('',#6003,1.);
#6003 = DIRECTION('',(1.,0.));
#6004 = ( GEOMETRIC_REPRESENTATION_CONTEXT(2) 
PARAMETRIC_REPRESENTATION_CONTEXT() REPRESENTATION_CONTEXT('2D SPACE',''
  ) );
#6005 = ORIENTED_EDGE('',*,*,#6006,.F.);
#6006 = EDGE_CURVE('',#5978,#5978,#6007,.T.);
#6007 = SEAM_CURVE('',#6008,(#6013,#6020),.PCURVE_S1.);
#6008 = CIRCLE('',#6009,40.);
#6009 = AXIS2_PLACEMENT_3D('',#6010,#6011,#6012);
#6010 = CARTESIAN_POINT('',(2.6E+03,-1.07768918325E-13,-440.));
#6011 = DIRECTION('',(-5.438524293788E-32,-1.,2.449293598295E-16));
#6012 = DIRECTION('',(2.22044604925E-16,-2.449293598295E-16,-1.));
#6013 = PCURVE('',#5987,#6014);
#6014 = DEFINITIONAL_REPRESENTATION('',(#6015),#6019);
#6015 = LINE('',#6016,#6017);
#6016 = CARTESIAN_POINT('',(6.28318530718,-0.));
#6017 = VECTOR('',#6018,1.);
#6018 = DIRECTION('',(0.,1.));
#6019 = ( GEOMETRIC_REPRESENTATION_CONTEXT(2) 
PARAMETRIC_REPRESENTATION_CONTEXT() REPRESENTATION_CONTEXT('2D SPACE',''
  ) );
#6020 = PCURVE('',#5987,#6021);
#6021 = DEFINITIONAL_REPRESENTATION('',(#6022),#6026);
#6022 = LINE('',#6023,#6024);
#6023 = CARTESIAN_POINT('',(0.,-0.));
#6024 = VECTOR('',#6025,1.);
#6025 = DIRECTION('',(0.,1.));
#6026 = ( GEOMETRIC_REPRESENTATION_CONTEXT(2) 
PARAMETRIC_REPRESENTATION_CONTEXT() REPRESENTATION_CONTEXT('2D SPACE',''
  ) );
#6027 = ORIENTED_EDGE('',*,*,#5977,.T.);
#6028 = ORIENTED_EDGE('',*,*,#6006,.T.);
#6029 = ( GEOMETRIC_REPRESENTATION_CONTEXT(3) 
GLOBAL_UNCERTAINTY_ASSIGNED_CONTEXT((#6033)) 
GLOBAL_UNIT_ASSIGNED_CONTEXT((#6030,#6031,#6032)) REPRESENTATION_CONTEXT
('Context #1','3D Context with UNIT and UNCERTAINTY') );
#6030 = ( LENGTH_UNIT() NAMED_UNIT(*) SI_UNIT($,.METRE.) );
#6031 = ( NAMED_UNIT(*) PLANE_ANGLE_UNIT() SI_UNIT($,.RADIAN.) );
#6032 = ( NAMED_UNIT(*) SI_UNIT($,.STERADIAN.) SOLID_ANGLE_UNIT() );
#6033 = UNCERTAINTY_MEASURE_WITH_UNIT(LENGTH_MEASURE(1.E-07),#6030,
  'distance_accuracy_value','confusion accuracy');
#6034 = PRODUCT_RELATED_PRODUCT_CATEGORY('part',$,(#5967));
#6035 = SHAPE_DEFINITION_REPRESENTATION(#6036,#6042);
#6036 = PRODUCT_DEFINITION_SHAPE('','',#6037);
#6037 = PRODUCT_DEFINITION('design','',#6038,#6041);
#6038 = PRODUCT_DEFINITION_FORMATION('','',#6039);
#6039 = PRODUCT('Ring_05','Ring_05','',(#6040));
#6040 = PRODUCT_CONTEXT('',#2,'mechanical');
#6041 = PRODUCT_DEFINITION_CONTEXT('part definition',#2,'design');
#6042 = ADVANCED_BREP_SHAPE_REPRESENTATION('',(#11,#6043),#6101);
#6043 = MANIFOLD_SOLID_BREP('',#6044);
#6044 = CLOSED_SHELL('',(#6045));
#6045 = ADVANCED_FACE('',(#6046),#6059,.T.);
#6046 = FACE_BOUND('',#6047,.T.);
#6047 = EDGE_LOOP('',(#6048,#6077,#6099,#6100));
#6048 = ORIENTED_EDGE('',*,*,#6049,.F.);
#6049 = EDGE_CURVE('',#6050,#6050,#6052,.T.);
#6050 = VERTEX_POINT('',#6051);
#6051 = CARTESIAN_POINT('',(2.6E+03,-1.07768918325E-13,-65.));
#6052 = SEAM_CURVE('',#6053,(#6058,#6070),.PCURVE_S1.);
#6053 = CIRCLE('',#6054,440.);
#6054 = AXIS2_PLACEMENT_3D('',#6055,#6056,#6057);
#6055 = CARTESIAN_POINT('',(2.6E+03,0.,375.));
#6056 = DIRECTION('',(1.,-0.,2.22044604925E-16));
#6057 = DIRECTION('',(2.22044604925E-16,0.,-1.));
#6058 = PCURVE('',#6059,#6064);
#6059 = TOROIDAL_SURFACE('',#6060,420.,20.);
#6060 = AXIS2_PLACEMENT_3D('',#6061,#6062,#6063);
#6061 = CARTESIAN_POINT('',(2.6E+03,0.,375.));
#6062 = DIRECTION('',(1.,0.,2.22044604925E-16));
#6063 = DIRECTION('',(2.22044604925E-16,0.,-1.));
#6064 = DEFINITIONAL_REPRESENTATION('',(#6065),#6069);
#6065 = LINE('',#6066,#6067);
#6066 = CARTESIAN_POINT('',(0.,6.28318530718));
#6067 = VECTOR('',#6068,1.);
#6068 = DIRECTION('',(1.,0.));
#6069 = ( GEOMETRIC_REPRESENTATION_CONTEXT(2) 
PARAMETRIC_REPRESENTATION_CONTEXT() REPRESENTATION_CONTEXT('2D SPACE',''
  ) );
#6070 = PCURVE('',#6059,#6071);
#6071 = DEFINITIONAL_REPRESENTATION('',(#6072),#6076);
#6072 = LINE('',#6073,#6074);
#6073 = CARTESIAN_POINT('',(0.,0.));
#6074 = VECTOR('',#6075,1.);
#6075 = DIRECTION('',(1.,0.));
#6076 = ( GEOMETRIC_REPRESENTATION_CONTEXT(2) 
PARAMETRIC_REPRESENTATION_CONTEXT() REPRESENTATION_CONTEXT('2D SPACE',''
  ) );
#6077 = ORIENTED_EDGE('',*,*,#6078,.F.);
#6078 = EDGE_CURVE('',#6050,#6050,#6079,.T.);
#6079 = SEAM_CURVE('',#6080,(#6085,#6092),.PCURVE_S1.);
#6080 = CIRCLE('',#6081,20.);
#6081 = AXIS2_PLACEMENT_3D('',#6082,#6083,#6084);
#6082 = CARTESIAN_POINT('',(2.6E+03,-1.028703311284E-13,-45.));
#6083 = DIRECTION('',(-5.438524293788E-32,-1.,2.449293598295E-16));
#6084 = DIRECTION('',(2.22044604925E-16,-2.449293598295E-16,-1.));
#6085 = PCURVE('',#6059,#6086);
#6086 = DEFINITIONAL_REPRESENTATION('',(#6087),#6091);
#6087 = LINE('',#6088,#6089);
#6088 = CARTESIAN_POINT('',(6.28318530718,-0.));
#6089 = VECTOR('',#6090,1.);
#6090 = DIRECTION('',(0.,1.));
#6091 = ( GEOMETRIC_REPRESENTATION_CONTEXT(2) 
PARAMETRIC_REPRESENTATION_CONTEXT() REPRESENTATION_CONTEXT('2D SPACE',''
  ) );
#6092 = PCURVE('',#6059,#6093);
#6093 = DEFINITIONAL_REPRESENTATION('',(#6094),#6098);
#6094 = LINE('',#6095,#6096);
#6095 = CARTESIAN_POINT('',(0.,-0.));
#6096 = VECTOR('',#6097,1.);
#6097 = DIRECTION('',(0.,1.));
#6098 = ( GEOMETRIC_REPRESENTATION_CONTEXT(2) 
PARAMETRIC_REPRESENTATION_CONTEXT() REPRESENTATION_CONTEXT('2D SPACE',''
  ) );
#6099 = ORIENTED_EDGE('',*,*,#6049,.T.);
#6100 = ORIENTED_EDGE('',*,*,#6078,.T.);
#6101 = ( GEOMETRIC_REPRESENTATION_CONTEXT(3) 
GLOBAL_UNCERTAINTY_ASSIGNED_CONTEXT((#6105)) 
GLOBAL_UNIT_ASSIGNED_CONTEXT((#6102,#6103,#6104)) REPRESENTATION_CONTEXT
('Context #1','3D Context with UNIT and UNCERTAINTY') );
#6102 = ( LENGTH_UNIT() NAMED_UNIT(*) SI_UNIT($,.METRE.) );
#6103 = ( NAMED_UNIT(*) PLANE_ANGLE_UNIT() SI_UNIT($,.RADIAN.) );
#6104 = ( NAMED_UNIT(*) SI_UNIT($,.STERADIAN.) SOLID_ANGLE_UNIT() );
#6105 = UNCERTAINTY_MEASURE_WITH_UNIT(LENGTH_MEASURE(1.E-07),#6102,
  'distance_accuracy_value','confusion accuracy');
#6106 = PRODUCT_RELATED_PRODUCT_CATEGORY('part',$,(#6039));
#6107 = SHAPE_DEFINITION_REPRESENTATION(#6108,#6114);
#6108 = PRODUCT_DEFINITION_SHAPE('','',#6109);
#6109 = PRODUCT_DEFINITION('design','',#6110,#6113);
#6110 = PRODUCT_DEFINITION_FORMATION('','',#6111);
#6111 = PRODUCT('Coil_02','Coil_02','',(#6112));
#6112 = PRODUCT_CONTEXT('',#2,'mechanical');
#6113 = PRODUCT_DEFINITION_CONTEXT('part definition',#2,'design');
#6114 = ADVANCED_BREP_SHAPE_REPRESENTATION('',(#11,#6115),#6173);
#6115 = MANIFOLD_SOLID_BREP('',#6116);
#6116 = CLOSED_SHELL('',(#6117));
#6117 = ADVANCED_FACE('',(#6118),#6131,.T.);
#6118 = FACE_BOUND('',#6119,.T.);
#6119 = EDGE_LOOP('',(#6120,#6149,#6171,#6172));
#6120 = ORIENTED_EDGE('',*,*,#6121,.F.);
#6121 = EDGE_CURVE('',#6122,#6122,#6124,.T.);
#6122 = VERTEX_POINT('',#6123);
#6123 = CARTESIAN_POINT('',(2.6E+03,-1.175660927181E-13,-480.));
#6124 = SEAM_CURVE('',#6125,(#6130,#6142),.PCURVE_S1.);
#6125 = CIRCLE('',#6126,480.);
#6126 = AXIS2_PLACEMENT_3D('',#6127,#6128,#6129);
#6127 = CARTESIAN_POINT('',(2.6E+03,0.,-2.175409717515E-30));
#6128 = DIRECTION('',(1.,-0.,2.22044604925E-16));
#6129 = DIRECTION('',(2.22044604925E-16,0.,-1.));
#6130 = PCURVE('',#6131,#6136);
#6131 = TOROIDAL_SURFACE('',#6132,440.,40.);
#6132 = AXIS2_PLACEMENT_3D('',#6133,#6134,#6135);
#6133 = CARTESIAN_POINT('',(2.6E+03,0.,0.));
#6134 = DIRECTION('',(1.,0.,2.22044604925E-16));
#6135 = DIRECTION('',(2.22044604925E-16,0.,-1.));
#6136 = DEFINITIONAL_REPRESENTATION('',(#6137),#6141);
#6137 = LINE('',#6138,#6139);
#6138 = CARTESIAN_POINT('',(0.,6.28318530718));
#6139 = VECTOR('',#6140,1.);
#6140 = DIRECTION('',(1.,0.));
#6141 = ( GEOMETRIC_REPRESENTATION_CONTEXT(2) 
PARAMETRIC_REPRESENTATION_CONTEXT() REPRESENTATION_CONTEXT('2D SPACE',''
  ) );
#6142 = PCURVE('',#6131,#6143);
#6143 = DEFINITIONAL_REPRESENTATION('',(#6144),#6148);
#6144 = LINE('',#6145,#6146);
#6145 = CARTESIAN_POINT('',(0.,0.));
#6146 = VECTOR('',#6147,1.);
#6147 = DIRECTION('',(1.,0.));
#6148 = ( GEOMETRIC_REPRESENTATION_CONTEXT(2) 
PARAMETRIC_REPRESENTATION_CONTEXT() REPRESENTATION_CONTEXT('2D SPACE',''
  ) );
#6149 = ORIENTED_EDGE('',*,*,#6150,.F.);
#6150 = EDGE_CURVE('',#6122,#6122,#6151,.T.);
#6151 = SEAM_CURVE('',#6152,(#6157,#6164),.PCURVE_S1.);
#6152 = CIRCLE('',#6153,40.);
#6153 = AXIS2_PLACEMENT_3D('',#6154,#6155,#6156);
#6154 = CARTESIAN_POINT('',(2.6E+03,-1.07768918325E-13,-440.));
#6155 = DIRECTION('',(-5.438524293788E-32,-1.,2.449293598295E-16));
#6156 = DIRECTION('',(2.22044604925E-16,-2.449293598295E-16,-1.));
#6157 = PCURVE('',#6131,#6158);
#6158 = DEFINITIONAL_REPRESENTATION('',(#6159),#6163);
#6159 = LINE('',#6160,#6161);
#6160 = CARTESIAN_POINT('',(6.28318530718,-0.));
#6161 = VECTOR('',#6162,1.);
#6162 = DIRECTION('',(0.,1.));
#6163 = ( GEOMETRIC_REPRESENTATION_CONTEXT(2) 
PARAMETRIC_REPRESENTATION_CONTEXT() REPRESENTATION_CONTEXT('2D SPACE',''
  ) );
#6164 = PCURVE('',#6131,#6165);
#6165 = DEFINITIONAL_REPRESENTATION('',(#6166),#6170);
#6166 = LINE('',#6167,#6168);
#6167 = CARTESIAN_POINT('',(0.,-0.));
#6168 = VECTOR('',#6169,1.);
#6169 = DIRECTION('',(0.,1.));
#6170 = ( GEOMETRIC_REPRESENTATION_CONTEXT(2) 
PARAMETRIC_REPRESENTATION_CONTEXT() REPRESENTATION_CONTEXT('2D SPACE',''
  ) );
#6171 = ORIENTED_EDGE('',*,*,#6121,.T.);
#6172 = ORIENTED_EDGE('',*,*,#6150,.T.);
#6173 = ( GEOMETRIC_REPRESENTATION_CONTEXT(3) 
GLOBAL_UNCERTAINTY_ASSIGNED_CONTEXT((#6177)) 
GLOBAL_UNIT_ASSIGNED_CONTEXT((#6174,#6175,#6176)) REPRESENTATION_CONTEXT
('Context #1','3D Context with UNIT and UNCERTAINTY') );
#6174 = ( LENGTH_UNIT() NAMED_UNIT(*) SI_UNIT($,.METRE.) );
#6175 = ( NAMED_UNIT(*) PLANE_ANGLE_UNIT() SI_UNIT($,.RADIAN.) );
#6176 = ( NAMED_UNIT(*) SI_UNIT($,.STERADIAN.) SOLID_ANGLE_UNIT() );
#6177 = UNCERTAINTY_MEASURE_WITH_UNIT(LENGTH_MEASURE(1.E-07),#6174,
  'distance_accuracy_value','confusion accuracy');
#6178 = PRODUCT_RELATED_PRODUCT_CATEGORY('part',$,(#6111));
#6179 = SHAPE_DEFINITION_REPRESENTATION(#6180,#6186);
#6180 = PRODUCT_DEFINITION_SHAPE('','',#6181);
#6181 = PRODUCT_DEFINITION('design','',#6182,#6185);
#6182 = PRODUCT_DEFINITION_FORMATION('','',#6183);
#6183 = PRODUCT('Coil_01','Coil_01','',(#6184));
#6184 = PRODUCT_CONTEXT('',#2,'mechanical');
#6185 = PRODUCT_DEFINITION_CONTEXT('part definition',#2,'design');
#6186 = ADVANCED_BREP_SHAPE_REPRESENTATION('',(#11,#6187),#6245);
#6187 = MANIFOLD_SOLID_BREP('',#6188);
#6188 = CLOSED_SHELL('',(#6189));
#6189 = ADVANCED_FACE('',(#6190),#6203,.T.);
#6190 = FACE_BOUND('',#6191,.T.);
#6191 = EDGE_LOOP('',(#6192,#6221,#6243,#6244));
#6192 = ORIENTED_EDGE('',*,*,#6193,.F.);
#6193 = EDGE_CURVE('',#6194,#6194,#6196,.T.);
#6194 = VERTEX_POINT('',#6195);
#6195 = CARTESIAN_POINT('',(2.6E+03,-1.175660927181E-13,-480.));
#6196 = SEAM_CURVE('',#6197,(#6202,#6214),.PCURVE_S1.);
#6197 = CIRCLE('',#6198,480.);
#6198 = AXIS2_PLACEMENT_3D('',#6199,#6200,#6201);
#6199 = CARTESIAN_POINT('',(2.6E+03,0.,-2.175409717515E-30));
#6200 = DIRECTION('',(1.,-0.,2.22044604925E-16));
#6201 = DIRECTION('',(2.22044604925E-16,0.,-1.));
#6202 = PCURVE('',#6203,#6208);
#6203 = TOROIDAL_SURFACE('',#6204,440.,40.);
#6204 = AXIS2_PLACEMENT_3D('',#6205,#6206,#6207);
#6205 = CARTESIAN_POINT('',(2.6E+03,0.,0.));
#6206 = DIRECTION('',(1.,0.,2.22044604925E-16));
#6207 = DIRECTION('',(2.22044604925E-16,0.,-1.));
#6208 = DEFINITIONAL_REPRESENTATION('',(#6209),#6213);
#6209 = LINE('',#6210,#6211);
#6210 = CARTESIAN_POINT('',(0.,6.28318530718));
#6211 = VECTOR('',#6212,1.);
#6212 = DIRECTION('',(1.,0.));
#6213 = ( GEOMETRIC_REPRESENTATION_CONTEXT(2) 
PARAMETRIC_REPRESENTATION_CONTEXT() REPRESENTATION_CONTEXT('2D SPACE',''
  ) );
#6214 = PCURVE('',#6203,#6215);
#6215 = DEFINITIONAL_REPRESENTATION('',(#6216),#6220);
#6216 = LINE('',#6217,#6218);
#6217 = CARTESIAN_POINT('',(0.,0.));
#6218 = VECTOR('',#6219,1.);
#6219 = DIRECTION('',(1.,0.));
#6220 = ( GEOMETRIC_REPRESENTATION_CONTEXT(2) 
PARAMETRIC_REPRESENTATION_CONTEXT() REPRESENTATION_CONTEXT('2D SPACE',''
  ) );
#6221 = ORIENTED_EDGE('',*,*,#6222,.F.);
#6222 = EDGE_CURVE('',#6194,#6194,#6223,.T.);
#6223 = SEAM_CURVE('',#6224,(#6229,#6236),.PCURVE_S1.);
#6224 = CIRCLE('',#6225,40.);
#6225 = AXIS2_PLACEMENT_3D('',#6226,#6227,#6228);
#6226 = CARTESIAN_POINT('',(2.6E+03,-1.07768918325E-13,-440.));
#6227 = DIRECTION('',(-5.438524293788E-32,-1.,2.449293598295E-16));
#6228 = DIRECTION('',(2.22044604925E-16,-2.449293598295E-16,-1.));
#6229 = PCURVE('',#6203,#6230);
#6230 = DEFINITIONAL_REPRESENTATION('',(#6231),#6235);
#6231 = LINE('',#6232,#6233);
#6232 = CARTESIAN_POINT('',(6.28318530718,-0.));
#6233 = VECTOR('',#6234,1.);
#6234 = DIRECTION('',(0.,1.));
#6235 = ( GEOMETRIC_REPRESENTATION_CONTEXT(2) 
PARAMETRIC_REPRESENTATION_CONTEXT() REPRESENTATION_CONTEXT('2D SPACE',''
  ) );
#6236 = PCURVE('',#6203,#6237);
#6237 = DEFINITIONAL_REPRESENTATION('',(#6238),#6242);
#6238 = LINE('',#6239,#6240);
#6239 = CARTESIAN_POINT('',(0.,-0.));
#6240 = VECTOR('',#6241,1.);
#6241 = DIRECTION('',(0.,1.));
#6242 = ( GEOMETRIC_REPRESENTATION_CONTEXT(2) 
PARAMETRIC_REPRESENTATION_CONTEXT() REPRESENTATION_CONTEXT('2D SPACE',''
  ) );
#6243 = ORIENTED_EDGE('',*,*,#6193,.T.);
#6244 = ORIENTED_EDGE('',*,*,#6222,.T.);
#6245 = ( GEOMETRIC_REPRESENTATION_CONTEXT(3) 
GLOBAL_UNCERTAINTY_ASSIGNED_CONTEXT((#6249)) 
GLOBAL_UNIT_ASSIGNED_CONTEXT((#6246,#6247,#6248)) REPRESENTATION_CONTEXT
('Context #1','3D Context with UNIT and UNCERTAINTY') );
#6246 = ( LENGTH_UNIT() NAMED_UNIT(*) SI_UNIT($,.METRE.) );
#6247 = ( NAMED_UNIT(*) PLANE_ANGLE_UNIT() SI_UNIT($,.RADIAN.) );
#6248 = ( NAMED_UNIT(*) SI_UNIT($,.STERADIAN.) SOLID_ANGLE_UNIT() );
#6249 = UNCERTAINTY_MEASURE_WITH_UNIT(LENGTH_MEASURE(1.E-07),#6246,
  'distance_accuracy_value','confusion accuracy');
#6250 = PRODUCT_RELATED_PRODUCT_CATEGORY('part',$,(#6183));
#6251 = SHAPE_DEFINITION_REPRESENTATION(#6252,#6258);
#6252 = PRODUCT_DEFINITION_SHAPE('','',#6253);
#6253 = PRODUCT_DEFINITION('design','',#6254,#6257);
#6254 = PRODUCT_DEFINITION_FORMATION('','',#6255);
#6255 = PRODUCT('Foot_R','Foot_R','',(#6256));
#6256 = PRODUCT_CONTEXT('',#2,'mechanical');
#6257 = PRODUCT_DEFINITION_CONTEXT('part definition',#2,'design');
#6258 = ADVANCED_BREP_SHAPE_REPRESENTATION('',(#11,#6259),#6357);
#6259 = MANIFOLD_SOLID_BREP('',#6260);
#6260 = CLOSED_SHELL('',(#6261,#6349,#6353));
#6261 = ADVANCED_FACE('',(#6262),#6275,.T.);
#6262 = FACE_BOUND('',#6263,.T.);
#6263 = EDGE_LOOP('',(#6264,#6298,#6321,#6348));
#6264 = ORIENTED_EDGE('',*,*,#6265,.F.);
#6265 = EDGE_CURVE('',#6266,#6266,#6268,.T.);
#6266 = VERTEX_POINT('',#6267);
#6267 = CARTESIAN_POINT('',(1.056E+03,600.,-525.));
#6268 = SURFACE_CURVE('',#6269,(#6274,#6286),.PCURVE_S1.);
#6269 = CIRCLE('',#6270,90.);
#6270 = AXIS2_PLACEMENT_3D('',#6271,#6272,#6273);
#6271 = CARTESIAN_POINT('',(1.056E+03,600.,-435.));
#6272 = DIRECTION('',(1.,-0.,2.22044604925E-16));
#6273 = DIRECTION('',(2.22044604925E-16,0.,-1.));
#6274 = PCURVE('',#6275,#6280);
#6275 = CYLINDRICAL_SURFACE('',#6276,90.);
#6276 = AXIS2_PLACEMENT_3D('',#6277,#6278,#6279);
#6277 = CARTESIAN_POINT('',(1.044E+03,600.,-435.));
#6278 = DIRECTION('',(1.,0.,2.22044604925E-16));
#6279 = DIRECTION('',(2.22044604925E-16,0.,-1.));
#6280 = DEFINITIONAL_REPRESENTATION('',(#6281),#6285);
#6281 = LINE('',#6282,#6283);
#6282 = CARTESIAN_POINT('',(0.,12.));
#6283 = VECTOR('',#6284,1.);
#6284 = DIRECTION('',(1.,0.));
#6285 = ( GEOMETRIC_REPRESENTATION_CONTEXT(2) 
PARAMETRIC_REPRESENTATION_CONTEXT() REPRESENTATION_CONTEXT('2D SPACE',''
  ) );
#6286 = PCURVE('',#6287,#6292);
#6287 = PLANE('',#6288);
#6288 = AXIS2_PLACEMENT_3D('',#6289,#6290,#6291);
#6289 = CARTESIAN_POINT('',(1.056E+03,600.,-435.));
#6290 = DIRECTION('',(1.,0.,2.22044604925E-16));
#6291 = DIRECTION('',(2.22044604925E-16,0.,-1.));
#6292 = DEFINITIONAL_REPRESENTATION('',(#6293),#6297);
#6293 = CIRCLE('',#6294,90.);
#6294 = AXIS2_PLACEMENT_2D('',#6295,#6296);
#6295 = CARTESIAN_POINT('',(0.,0.));
#6296 = DIRECTION('',(1.,0.));
#6297 = ( GEOMETRIC_REPRESENTATION_CONTEXT(2) 
PARAMETRIC_REPRESENTATION_CONTEXT() REPRESENTATION_CONTEXT('2D SPACE',''
  ) );
#6298 = ORIENTED_EDGE('',*,*,#6299,.F.);
#6299 = EDGE_CURVE('',#6300,#6266,#6302,.T.);
#6300 = VERTEX_POINT('',#6301);
#6301 = CARTESIAN_POINT('',(1.044E+03,600.,-525.));
#6302 = SEAM_CURVE('',#6303,(#6307,#6314),.PCURVE_S1.);
#6303 = LINE('',#6304,#6305);
#6304 = CARTESIAN_POINT('',(1.044E+03,600.,-525.));
#6305 = VECTOR('',#6306,1.);
#6306 = DIRECTION('',(1.,0.,2.22044604925E-16));
#6307 = PCURVE('',#6275,#6308);
#6308 = DEFINITIONAL_REPRESENTATION('',(#6309),#6313);
#6309 = LINE('',#6310,#6311);
#6310 = CARTESIAN_POINT('',(6.28318530718,-0.));
#6311 = VECTOR('',#6312,1.);
#6312 = DIRECTION('',(0.,1.));
#6313 = ( GEOMETRIC_REPRESENTATION_CONTEXT(2) 
PARAMETRIC_REPRESENTATION_CONTEXT() REPRESENTATION_CONTEXT('2D SPACE',''
  ) );
#6314 = PCURVE('',#6275,#6315);
#6315 = DEFINITIONAL_REPRESENTATION('',(#6316),#6320);
#6316 = LINE('',#6317,#6318);
#6317 = CARTESIAN_POINT('',(0.,-0.));
#6318 = VECTOR('',#6319,1.);
#6319 = DIRECTION('',(0.,1.));
#6320 = ( GEOMETRIC_REPRESENTATION_CONTEXT(2) 
PARAMETRIC_REPRESENTATION_CONTEXT() REPRESENTATION_CONTEXT('2D SPACE',''
  ) );
#6321 = ORIENTED_EDGE('',*,*,#6322,.T.);
#6322 = EDGE_CURVE('',#6300,#6300,#6323,.T.);
#6323 = SURFACE_CURVE('',#6324,(#6329,#6336),.PCURVE_S1.);
#6324 = CIRCLE('',#6325,90.);
#6325 = AXIS2_PLACEMENT_3D('',#6326,#6327,#6328);
#6326 = CARTESIAN_POINT('',(1.044E+03,600.,-435.));
#6327 = DIRECTION('',(1.,-0.,2.22044604925E-16));
#6328 = DIRECTION('',(2.22044604925E-16,0.,-1.));
#6329 = PCURVE('',#6275,#6330);
#6330 = DEFINITIONAL_REPRESENTATION('',(#6331),#6335);
#6331 = LINE('',#6332,#6333);
#6332 = CARTESIAN_POINT('',(0.,0.));
#6333 = VECTOR('',#6334,1.);
#6334 = DIRECTION('',(1.,0.));
#6335 = ( GEOMETRIC_REPRESENTATION_CONTEXT(2) 
PARAMETRIC_REPRESENTATION_CONTEXT() REPRESENTATION_CONTEXT('2D SPACE',''
  ) );
#6336 = PCURVE('',#6337,#6342);
#6337 = PLANE('',#6338);
#6338 = AXIS2_PLACEMENT_3D('',#6339,#6340,#6341);
#6339 = CARTESIAN_POINT('',(1.044E+03,600.,-435.));
#6340 = DIRECTION('',(1.,0.,2.22044604925E-16));
#6341 = DIRECTION('',(2.22044604925E-16,0.,-1.));
#6342 = DEFINITIONAL_REPRESENTATION('',(#6343),#6347);
#6343 = CIRCLE('',#6344,90.);
#6344 = AXIS2_PLACEMENT_2D('',#6345,#6346);
#6345 = CARTESIAN_POINT('',(0.,0.));
#6346 = DIRECTION('',(1.,0.));
#6347 = ( GEOMETRIC_REPRESENTATION_CONTEXT(2) 
PARAMETRIC_REPRESENTATION_CONTEXT() REPRESENTATION_CONTEXT('2D SPACE',''
  ) );
#6348 = ORIENTED_EDGE('',*,*,#6299,.T.);
#6349 = ADVANCED_FACE('',(#6350),#6287,.T.);
#6350 = FACE_BOUND('',#6351,.T.);
#6351 = EDGE_LOOP('',(#6352));
#6352 = ORIENTED_EDGE('',*,*,#6265,.T.);
#6353 = ADVANCED_FACE('',(#6354),#6337,.F.);
#6354 = FACE_BOUND('',#6355,.T.);
#6355 = EDGE_LOOP('',(#6356));
#6356 = ORIENTED_EDGE('',*,*,#6322,.F.);
#6357 = ( GEOMETRIC_REPRESENTATION_CONTEXT(3) 
GLOBAL_UNCERTAINTY_ASSIGNED_CONTEXT((#6361)) 
GLOBAL_UNIT_ASSIGNED_CONTEXT((#6358,#6359,#6360)) REPRESENTATION_CONTEXT
('Context #1','3D Context with UNIT and UNCERTAINTY') );
#6358 = ( LENGTH_UNIT() NAMED_UNIT(*) SI_UNIT($,.METRE.) );
#6359 = ( NAMED_UNIT(*) PLANE_ANGLE_UNIT() SI_UNIT($,.RADIAN.) );
#6360 = ( NAMED_UNIT(*) SI_UNIT($,.STERADIAN.) SOLID_ANGLE_UNIT() );
#6361 = UNCERTAINTY_MEASURE_WITH_UNIT(LENGTH_MEASURE(1.E-07),#6358,
  'distance_accuracy_value','confusion accuracy');
#6362 = PRODUCT_RELATED_PRODUCT_CATEGORY('part',$,(#6255));
#6363 = SHAPE_DEFINITION_REPRESENTATION(#6364,#6370);
#6364 = PRODUCT_DEFINITION_SHAPE('','',#6365);
#6365 = PRODUCT_DEFINITION('design','',#6366,#6369);
#6366 = PRODUCT_DEFINITION_FORMATION('','',#6367);
#6367 = PRODUCT('Rad_04','Rad_04','',(#6368));
#6368 = PRODUCT_CONTEXT('',#2,'mechanical');
#6369 = PRODUCT_DEFINITION_CONTEXT('part definition',#2,'design');
#6370 = ADVANCED_BREP_SHAPE_REPRESENTATION('',(#11,#6371),#6701);
#6371 = MANIFOLD_SOLID_BREP('',#6372);
#6372 = CLOSED_SHELL('',(#6373,#6493,#6593,#6640,#6687,#6694));
#6373 = ADVANCED_FACE('',(#6374),#6388,.F.);
#6374 = FACE_BOUND('',#6375,.F.);
#6375 = EDGE_LOOP('',(#6376,#6411,#6439,#6467));
#6376 = ORIENTED_EDGE('',*,*,#6377,.F.);
#6377 = EDGE_CURVE('',#6378,#6380,#6382,.T.);
#6378 = VERTEX_POINT('',#6379);
#6379 = CARTESIAN_POINT('',(1.58E+03,478.,-300.));
#6380 = VERTEX_POINT('',#6381);
#6381 = CARTESIAN_POINT('',(1.58E+03,478.,300.));
#6382 = SURFACE_CURVE('',#6383,(#6387,#6399),.PCURVE_S1.);
#6383 = LINE('',#6384,#6385);
#6384 = CARTESIAN_POINT('',(1.58E+03,478.,-300.));
#6385 = VECTOR('',#6386,1.);
#6386 = DIRECTION('',(0.,0.,1.));
#6387 = PCURVE('',#6388,#6393);
#6388 = PLANE('',#6389);
#6389 = AXIS2_PLACEMENT_3D('',#6390,#6391,#6392);
#6390 = CARTESIAN_POINT('',(1.58E+03,478.,-300.));
#6391 = DIRECTION('',(1.,0.,0.));
#6392 = DIRECTION('',(0.,0.,1.));
#6393 = DEFINITIONAL_REPRESENTATION('',(#6394),#6398);
#6394 = LINE('',#6395,#6396);
#6395 = CARTESIAN_POINT('',(0.,0.));
#6396 = VECTOR('',#6397,1.);
#6397 = DIRECTION('',(1.,0.));
#6398 = ( GEOMETRIC_REPRESENTATION_CONTEXT(2) 
PARAMETRIC_REPRESENTATION_CONTEXT() REPRESENTATION_CONTEXT('2D SPACE',''
  ) );
#6399 = PCURVE('',#6400,#6405);
#6400 = PLANE('',#6401);
#6401 = AXIS2_PLACEMENT_3D('',#6402,#6403,#6404);
#6402 = CARTESIAN_POINT('',(1.58E+03,478.,-300.));
#6403 = DIRECTION('',(0.,1.,0.));
#6404 = DIRECTION('',(0.,0.,1.));
#6405 = DEFINITIONAL_REPRESENTATION('',(#6406),#6410);
#6406 = LINE('',#6407,#6408);
#6407 = CARTESIAN_POINT('',(0.,0.));
#6408 = VECTOR('',#6409,1.);
#6409 = DIRECTION('',(1.,0.));
#6410 = ( GEOMETRIC_REPRESENTATION_CONTEXT(2) 
PARAMETRIC_REPRESENTATION_CONTEXT() REPRESENTATION_CONTEXT('2D SPACE',''
  ) );
#6411 = ORIENTED_EDGE('',*,*,#6412,.T.);
#6412 = EDGE_CURVE('',#6378,#6413,#6415,.T.);
#6413 = VERTEX_POINT('',#6414);
#6414 = CARTESIAN_POINT('',(1.58E+03,482.,-300.));
#6415 = SURFACE_CURVE('',#6416,(#6420,#6427),.PCURVE_S1.);
#6416 = LINE('',#6417,#6418);
#6417 = CARTESIAN_POINT('',(1.58E+03,478.,-300.));
#6418 = VECTOR('',#6419,1.);
#6419 = DIRECTION('',(0.,1.,0.));
#6420 = PCURVE('',#6388,#6421);
#6421 = DEFINITIONAL_REPRESENTATION('',(#6422),#6426);
#6422 = LINE('',#6423,#6424);
#6423 = CARTESIAN_POINT('',(0.,0.));
#6424 = VECTOR('',#6425,1.);
#6425 = DIRECTION('',(0.,-1.));
#6426 = ( GEOMETRIC_REPRESENTATION_CONTEXT(2) 
PARAMETRIC_REPRESENTATION_CONTEXT() REPRESENTATION_CONTEXT('2D SPACE',''
  ) );
#6427 = PCURVE('',#6428,#6433);
#6428 = PLANE('',#6429);
#6429 = AXIS2_PLACEMENT_3D('',#6430,#6431,#6432);
#6430 = CARTESIAN_POINT('',(1.58E+03,478.,-300.));
#6431 = DIRECTION('',(0.,0.,1.));
#6432 = DIRECTION('',(1.,0.,0.));
#6433 = DEFINITIONAL_REPRESENTATION('',(#6434),#6438);
#6434 = LINE('',#6435,#6436);
#6435 = CARTESIAN_POINT('',(0.,0.));
#6436 = VECTOR('',#6437,1.);
#6437 = DIRECTION('',(0.,1.));
#6438 = ( GEOMETRIC_REPRESENTATION_CONTEXT(2) 
PARAMETRIC_REPRESENTATION_CONTEXT() REPRESENTATION_CONTEXT('2D SPACE',''
  ) );
#6439 = ORIENTED_EDGE('',*,*,#6440,.T.);
#6440 = EDGE_CURVE('',#6413,#6441,#6443,.T.);
#6441 = VERTEX_POINT('',#6442);
#6442 = CARTESIAN_POINT('',(1.58E+03,482.,300.));
#6443 = SURFACE_CURVE('',#6444,(#6448,#6455),.PCURVE_S1.);
#6444 = LINE('',#6445,#6446);
#6445 = CARTESIAN_POINT('',(1.58E+03,482.,-300.));
#6446 = VECTOR('',#6447,1.);
#6447 = DIRECTION('',(0.,0.,1.));
#6448 = PCURVE('',#6388,#6449);
#6449 = DEFINITIONAL_REPRESENTATION('',(#6450),#6454);
#6450 = LINE('',#6451,#6452);
#6451 = CARTESIAN_POINT('',(0.,-4.));
#6452 = VECTOR('',#6453,1.);
#6453 = DIRECTION('',(1.,0.));
#6454 = ( GEOMETRIC_REPRESENTATION_CONTEXT(2) 
PARAMETRIC_REPRESENTATION_CONTEXT() REPRESENTATION_CONTEXT('2D SPACE',''
  ) );
#6455 = PCURVE('',#6456,#6461);
#6456 = PLANE('',#6457);
#6457 = AXIS2_PLACEMENT_3D('',#6458,#6459,#6460);
#6458 = CARTESIAN_POINT('',(1.58E+03,482.,-300.));
#6459 = DIRECTION('',(0.,1.,0.));
#6460 = DIRECTION('',(0.,0.,1.));
#6461 = DEFINITIONAL_REPRESENTATION('',(#6462),#6466);
#6462 = LINE('',#6463,#6464);
#6463 = CARTESIAN_POINT('',(0.,0.));
#6464 = VECTOR('',#6465,1.);
#6465 = DIRECTION('',(1.,0.));
#6466 = ( GEOMETRIC_REPRESENTATION_CONTEXT(2) 
PARAMETRIC_REPRESENTATION_CONTEXT() REPRESENTATION_CONTEXT('2D SPACE',''
  ) );
#6467 = ORIENTED_EDGE('',*,*,#6468,.F.);
#6468 = EDGE_CURVE('',#6380,#6441,#6469,.T.);
#6469 = SURFACE_CURVE('',#6470,(#6474,#6481),.PCURVE_S1.);
#6470 = LINE('',#6471,#6472);
#6471 = CARTESIAN_POINT('',(1.58E+03,478.,300.));
#6472 = VECTOR('',#6473,1.);
#6473 = DIRECTION('',(0.,1.,0.));
#6474 = PCURVE('',#6388,#6475);
#6475 = DEFINITIONAL_REPRESENTATION('',(#6476),#6480);
#6476 = LINE('',#6477,#6478);
#6477 = CARTESIAN_POINT('',(600.,0.));
#6478 = VECTOR('',#6479,1.);
#6479 = DIRECTION('',(0.,-1.));
#6480 = ( GEOMETRIC_REPRESENTATION_CONTEXT(2) 
PARAMETRIC_REPRESENTATION_CONTEXT() REPRESENTATION_CONTEXT('2D SPACE',''
  ) );
#6481 = PCURVE('',#6482,#6487);
#6482 = PLANE('',#6483);
#6483 = AXIS2_PLACEMENT_3D('',#6484,#6485,#6486);
#6484 = CARTESIAN_POINT('',(1.58E+03,478.,300.));
#6485 = DIRECTION('',(0.,0.,1.));
#6486 = DIRECTION('',(1.,0.,0.));
#6487 = DEFINITIONAL_REPRESENTATION('',(#6488),#6492);
#6488 = LINE('',#6489,#6490);
#6489 = CARTESIAN_POINT('',(0.,0.));
#6490 = VECTOR('',#6491,1.);
#6491 = DIRECTION('',(0.,1.));
#6492 = ( GEOMETRIC_REPRESENTATION_CONTEXT(2) 
PARAMETRIC_REPRESENTATION_CONTEXT() REPRESENTATION_CONTEXT('2D SPACE',''
  ) );
#6493 = ADVANCED_FACE('',(#6494),#6508,.T.);
#6494 = FACE_BOUND('',#6495,.T.);
#6495 = EDGE_LOOP('',(#6496,#6526,#6549,#6572));
#6496 = ORIENTED_EDGE('',*,*,#6497,.F.);
#6497 = EDGE_CURVE('',#6498,#6500,#6502,.T.);
#6498 = VERTEX_POINT('',#6499);
#6499 = CARTESIAN_POINT('',(2.38E+03,478.,-300.));
#6500 = VERTEX_POINT('',#6501);
#6501 = CARTESIAN_POINT('',(2.38E+03,478.,300.));
#6502 = SURFACE_CURVE('',#6503,(#6507,#6519),.PCURVE_S1.);
#6503 = LINE('',#6504,#6505);
#6504 = CARTESIAN_POINT('',(2.38E+03,478.,-300.));
#6505 = VECTOR('',#6506,1.);
#6506 = DIRECTION('',(0.,0.,1.));
#6507 = PCURVE('',#6508,#6513);
#6508 = PLANE('',#6509);
#6509 = AXIS2_PLACEMENT_3D('',#6510,#6511,#6512);
#6510 = CARTESIAN_POINT('',(2.38E+03,478.,-300.));
#6511 = DIRECTION('',(1.,0.,0.));
#6512 = DIRECTION('',(0.,0.,1.));
#6513 = DEFINITIONAL_REPRESENTATION('',(#6514),#6518);
#6514 = LINE('',#6515,#6516);
#6515 = CARTESIAN_POINT('',(0.,0.));
#6516 = VECTOR('',#6517,1.);
#6517 = DIRECTION('',(1.,0.));
#6518 = ( GEOMETRIC_REPRESENTATION_CONTEXT(2) 
PARAMETRIC_REPRESENTATION_CONTEXT() REPRESENTATION_CONTEXT('2D SPACE',''
  ) );
#6519 = PCURVE('',#6400,#6520);
#6520 = DEFINITIONAL_REPRESENTATION('',(#6521),#6525);
#6521 = LINE('',#6522,#6523);
#6522 = CARTESIAN_POINT('',(0.,800.));
#6523 = VECTOR('',#6524,1.);
#6524 = DIRECTION('',(1.,0.));
#6525 = ( GEOMETRIC_REPRESENTATION_CONTEXT(2) 
PARAMETRIC_REPRESENTATION_CONTEXT() REPRESENTATION_CONTEXT('2D SPACE',''
  ) );
#6526 = ORIENTED_EDGE('',*,*,#6527,.T.);
#6527 = EDGE_CURVE('',#6498,#6528,#6530,.T.);
#6528 = VERTEX_POINT('',#6529);
#6529 = CARTESIAN_POINT('',(2.38E+03,482.,-300.));
#6530 = SURFACE_CURVE('',#6531,(#6535,#6542),.PCURVE_S1.);
#6531 = LINE('',#6532,#6533);
#6532 = CARTESIAN_POINT('',(2.38E+03,478.,-300.));
#6533 = VECTOR('',#6534,1.);
#6534 = DIRECTION('',(0.,1.,0.));
#6535 = PCURVE('',#6508,#6536);
#6536 = DEFINITIONAL_REPRESENTATION('',(#6537),#6541);
#6537 = LINE('',#6538,#6539);
#6538 = CARTESIAN_POINT('',(0.,0.));
#6539 = VECTOR('',#6540,1.);
#6540 = DIRECTION('',(0.,-1.));
#6541 = ( GEOMETRIC_REPRESENTATION_CONTEXT(2) 
PARAMETRIC_REPRESENTATION_CONTEXT() REPRESENTATION_CONTEXT('2D SPACE',''
  ) );
#6542 = PCURVE('',#6428,#6543);
#6543 = DEFINITIONAL_REPRESENTATION('',(#6544),#6548);
#6544 = LINE('',#6545,#6546);
#6545 = CARTESIAN_POINT('',(800.,0.));
#6546 = VECTOR('',#6547,1.);
#6547 = DIRECTION('',(0.,1.));
#6548 = ( GEOMETRIC_REPRESENTATION_CONTEXT(2) 
PARAMETRIC_REPRESENTATION_CONTEXT() REPRESENTATION_CONTEXT('2D SPACE',''
  ) );
#6549 = ORIENTED_EDGE('',*,*,#6550,.T.);
#6550 = EDGE_CURVE('',#6528,#6551,#6553,.T.);
#6551 = VERTEX_POINT('',#6552);
#6552 = CARTESIAN_POINT('',(2.38E+03,482.,300.));
#6553 = SURFACE_CURVE('',#6554,(#6558,#6565),.PCURVE_S1.);
#6554 = LINE('',#6555,#6556);
#6555 = CARTESIAN_POINT('',(2.38E+03,482.,-300.));
#6556 = VECTOR('',#6557,1.);
#6557 = DIRECTION('',(0.,0.,1.));
#6558 = PCURVE('',#6508,#6559);
#6559 = DEFINITIONAL_REPRESENTATION('',(#6560),#6564);
#6560 = LINE('',#6561,#6562);
#6561 = CARTESIAN_POINT('',(0.,-4.));
#6562 = VECTOR('',#6563,1.);
#6563 = DIRECTION('',(1.,0.));
#6564 = ( GEOMETRIC_REPRESENTATION_CONTEXT(2) 
PARAMETRIC_REPRESENTATION_CONTEXT() REPRESENTATION_CONTEXT('2D SPACE',''
  ) );
#6565 = PCURVE('',#6456,#6566);
#6566 = DEFINITIONAL_REPRESENTATION('',(#6567),#6571);
#6567 = LINE('',#6568,#6569);
#6568 = CARTESIAN_POINT('',(0.,800.));
#6569 = VECTOR('',#6570,1.);
#6570 = DIRECTION('',(1.,0.));
#6571 = ( GEOMETRIC_REPRESENTATION_CONTEXT(2) 
PARAMETRIC_REPRESENTATION_CONTEXT() REPRESENTATION_CONTEXT('2D SPACE',''
  ) );
#6572 = ORIENTED_EDGE('',*,*,#6573,.F.);
#6573 = EDGE_CURVE('',#6500,#6551,#6574,.T.);
#6574 = SURFACE_CURVE('',#6575,(#6579,#6586),.PCURVE_S1.);
#6575 = LINE('',#6576,#6577);
#6576 = CARTESIAN_POINT('',(2.38E+03,478.,300.));
#6577 = VECTOR('',#6578,1.);
#6578 = DIRECTION('',(0.,1.,0.));
#6579 = PCURVE('',#6508,#6580);
#6580 = DEFINITIONAL_REPRESENTATION('',(#6581),#6585);
#6581 = LINE('',#6582,#6583);
#6582 = CARTESIAN_POINT('',(600.,0.));
#6583 = VECTOR('',#6584,1.);
#6584 = DIRECTION('',(0.,-1.));
#6585 = ( GEOMETRIC_REPRESENTATION_CONTEXT(2) 
PARAMETRIC_REPRESENTATION_CONTEXT() REPRESENTATION_CONTEXT('2D SPACE',''
  ) );
#6586 = PCURVE('',#6482,#6587);
#6587 = DEFINITIONAL_REPRESENTATION('',(#6588),#6592);
#6588 = LINE('',#6589,#6590);
#6589 = CARTESIAN_POINT('',(800.,0.));
#6590 = VECTOR('',#6591,1.);
#6591 = DIRECTION('',(0.,1.));
#6592 = ( GEOMETRIC_REPRESENTATION_CONTEXT(2) 
PARAMETRIC_REPRESENTATION_CONTEXT() REPRESENTATION_CONTEXT('2D SPACE',''
  ) );
#6593 = ADVANCED_FACE('',(#6594),#6400,.F.);
#6594 = FACE_BOUND('',#6595,.F.);
#6595 = EDGE_LOOP('',(#6596,#6617,#6618,#6639));
#6596 = ORIENTED_EDGE('',*,*,#6597,.F.);
#6597 = EDGE_CURVE('',#6378,#6498,#6598,.T.);
#6598 = SURFACE_CURVE('',#6599,(#6603,#6610),.PCURVE_S1.);
#6599 = LINE('',#6600,#6601);
#6600 = CARTESIAN_POINT('',(1.58E+03,478.,-300.));
#6601 = VECTOR('',#6602,1.);
#6602 = DIRECTION('',(1.,0.,0.));
#6603 = PCURVE('',#6400,#6604);
#6604 = DEFINITIONAL_REPRESENTATION('',(#6605),#6609);
#6605 = LINE('',#6606,#6607);
#6606 = CARTESIAN_POINT('',(0.,0.));
#6607 = VECTOR('',#6608,1.);
#6608 = DIRECTION('',(0.,1.));
#6609 = ( GEOMETRIC_REPRESENTATION_CONTEXT(2) 
PARAMETRIC_REPRESENTATION_CONTEXT() REPRESENTATION_CONTEXT('2D SPACE',''
  ) );
#6610 = PCURVE('',#6428,#6611);
#6611 = DEFINITIONAL_REPRESENTATION('',(#6612),#6616);
#6612 = LINE('',#6613,#6614);
#6613 = CARTESIAN_POINT('',(0.,0.));
#6614 = VECTOR('',#6615,1.);
#6615 = DIRECTION('',(1.,0.));
#6616 = ( GEOMETRIC_REPRESENTATION_CONTEXT(2) 
PARAMETRIC_REPRESENTATION_CONTEXT() REPRESENTATION_CONTEXT('2D SPACE',''
  ) );
#6617 = ORIENTED_EDGE('',*,*,#6377,.T.);
#6618 = ORIENTED_EDGE('',*,*,#6619,.T.);
#6619 = EDGE_CURVE('',#6380,#6500,#6620,.T.);
#6620 = SURFACE_CURVE('',#6621,(#6625,#6632),.PCURVE_S1.);
#6621 = LINE('',#6622,#6623);
#6622 = CARTESIAN_POINT('',(1.58E+03,478.,300.));
#6623 = VECTOR('',#6624,1.);
#6624 = DIRECTION('',(1.,0.,0.));
#6625 = PCURVE('',#6400,#6626);
#6626 = DEFINITIONAL_REPRESENTATION('',(#6627),#6631);
#6627 = LINE('',#6628,#6629);
#6628 = CARTESIAN_POINT('',(600.,0.));
#6629 = VECTOR('',#6630,1.);
#6630 = DIRECTION('',(0.,1.));
#6631 = ( GEOMETRIC_REPRESENTATION_CONTEXT(2) 
PARAMETRIC_REPRESENTATION_CONTEXT() REPRESENTATION_CONTEXT('2D SPACE',''
  ) );
#6632 = PCURVE('',#6482,#6633);
#6633 = DEFINITIONAL_REPRESENTATION('',(#6634),#6638);
#6634 = LINE('',#6635,#6636);
#6635 = CARTESIAN_POINT('',(0.,0.));
#6636 = VECTOR('',#6637,1.);
#6637 = DIRECTION('',(1.,0.));
#6638 = ( GEOMETRIC_REPRESENTATION_CONTEXT(2) 
PARAMETRIC_REPRESENTATION_CONTEXT() REPRESENTATION_CONTEXT('2D SPACE',''
  ) );
#6639 = ORIENTED_EDGE('',*,*,#6497,.F.);
#6640 = ADVANCED_FACE('',(#6641),#6456,.T.);
#6641 = FACE_BOUND('',#6642,.T.);
#6642 = EDGE_LOOP('',(#6643,#6664,#6665,#6686));
#6643 = ORIENTED_EDGE('',*,*,#6644,.F.);
#6644 = EDGE_CURVE('',#6413,#6528,#6645,.T.);
#6645 = SURFACE_CURVE('',#6646,(#6650,#6657),.PCURVE_S1.);
#6646 = LINE('',#6647,#6648);
#6647 = CARTESIAN_POINT('',(1.58E+03,482.,-300.));
#6648 = VECTOR('',#6649,1.);
#6649 = DIRECTION('',(1.,0.,0.));
#6650 = PCURVE('',#6456,#6651);
#6651 = DEFINITIONAL_REPRESENTATION('',(#6652),#6656);
#6652 = LINE('',#6653,#6654);
#6653 = CARTESIAN_POINT('',(0.,0.));
#6654 = VECTOR('',#6655,1.);
#6655 = DIRECTION('',(0.,1.));
#6656 = ( GEOMETRIC_REPRESENTATION_CONTEXT(2) 
PARAMETRIC_REPRESENTATION_CONTEXT() REPRESENTATION_CONTEXT('2D SPACE',''
  ) );
#6657 = PCURVE('',#6428,#6658);
#6658 = DEFINITIONAL_REPRESENTATION('',(#6659),#6663);
#6659 = LINE('',#6660,#6661);
#6660 = CARTESIAN_POINT('',(0.,4.));
#6661 = VECTOR('',#6662,1.);
#6662 = DIRECTION('',(1.,0.));
#6663 = ( GEOMETRIC_REPRESENTATION_CONTEXT(2) 
PARAMETRIC_REPRESENTATION_CONTEXT() REPRESENTATION_CONTEXT('2D SPACE',''
  ) );
#6664 = ORIENTED_EDGE('',*,*,#6440,.T.);
#6665 = ORIENTED_EDGE('',*,*,#6666,.T.);
#6666 = EDGE_CURVE('',#6441,#6551,#6667,.T.);
#6667 = SURFACE_CURVE('',#6668,(#6672,#6679),.PCURVE_S1.);
#6668 = LINE('',#6669,#6670);
#6669 = CARTESIAN_POINT('',(1.58E+03,482.,300.));
#6670 = VECTOR('',#6671,1.);
#6671 = DIRECTION('',(1.,0.,0.));
#6672 = PCURVE('',#6456,#6673);
#6673 = DEFINITIONAL_REPRESENTATION('',(#6674),#6678);
#6674 = LINE('',#6675,#6676);
#6675 = CARTESIAN_POINT('',(600.,0.));
#6676 = VECTOR('',#6677,1.);
#6677 = DIRECTION('',(0.,1.));
#6678 = ( GEOMETRIC_REPRESENTATION_CONTEXT(2) 
PARAMETRIC_REPRESENTATION_CONTEXT() REPRESENTATION_CONTEXT('2D SPACE',''
  ) );
#6679 = PCURVE('',#6482,#6680);
#6680 = DEFINITIONAL_REPRESENTATION('',(#6681),#6685);
#6681 = LINE('',#6682,#6683);
#6682 = CARTESIAN_POINT('',(0.,4.));
#6683 = VECTOR('',#6684,1.);
#6684 = DIRECTION('',(1.,0.));
#6685 = ( GEOMETRIC_REPRESENTATION_CONTEXT(2) 
PARAMETRIC_REPRESENTATION_CONTEXT() REPRESENTATION_CONTEXT('2D SPACE',''
  ) );
#6686 = ORIENTED_EDGE('',*,*,#6550,.F.);
#6687 = ADVANCED_FACE('',(#6688),#6428,.F.);
#6688 = FACE_BOUND('',#6689,.F.);
#6689 = EDGE_LOOP('',(#6690,#6691,#6692,#6693));
#6690 = ORIENTED_EDGE('',*,*,#6412,.F.);
#6691 = ORIENTED_EDGE('',*,*,#6597,.T.);
#6692 = ORIENTED_EDGE('',*,*,#6527,.T.);
#6693 = ORIENTED_EDGE('',*,*,#6644,.F.);
#6694 = ADVANCED_FACE('',(#6695),#6482,.T.);
#6695 = FACE_BOUND('',#6696,.T.);
#6696 = EDGE_LOOP('',(#6697,#6698,#6699,#6700));
#6697 = ORIENTED_EDGE('',*,*,#6468,.F.);
#6698 = ORIENTED_EDGE('',*,*,#6619,.T.);
#6699 = ORIENTED_EDGE('',*,*,#6573,.T.);
#6700 = ORIENTED_EDGE('',*,*,#6666,.F.);
#6701 = ( GEOMETRIC_REPRESENTATION_CONTEXT(3) 
GLOBAL_UNCERTAINTY_ASSIGNED_CONTEXT((#6705)) 
GLOBAL_UNIT_ASSIGNED_CONTEXT((#6702,#6703,#6704)) REPRESENTATION_CONTEXT
('Context #1','3D Context with UNIT and UNCERTAINTY') );
#6702 = ( LENGTH_UNIT() NAMED_UNIT(*) SI_UNIT($,.METRE.) );
#6703 = ( NAMED_UNIT(*) PLANE_ANGLE_UNIT() SI_UNIT($,.RADIAN.) );
#6704 = ( NAMED_UNIT(*) SI_UNIT($,.STERADIAN.) SOLID_ANGLE_UNIT() );
#6705 = UNCERTAINTY_MEASURE_WITH_UNIT(LENGTH_MEASURE(1.E-07),#6702,
  'distance_accuracy_value','confusion accuracy');
#6706 = PRODUCT_RELATED_PRODUCT_CATEGORY('part',$,(#6367));
#6707 = MECHANICAL_DESIGN_GEOMETRIC_PRESENTATION_REPRESENTATION('',(
    #6708),#2902);
#6708 = STYLED_ITEM('color',(#6709),#2572);
#6709 = PRESENTATION_STYLE_ASSIGNMENT((#6710,#6716));
#6710 = SURFACE_STYLE_USAGE(.BOTH.,#6711);
#6711 = SURFACE_SIDE_STYLE('',(#6712));
#6712 = SURFACE_STYLE_FILL_AREA(#6713);
#6713 = FILL_AREA_STYLE('',(#6714));
#6714 = FILL_AREA_STYLE_COLOUR('',#6715);
#6715 = COLOUR_RGB('',0.199999998682,0.399999997426,0.800000010877);
#6716 = CURVE_STYLE('',#6717,POSITIVE_LENGTH_MEASURE(0.1),#6715);
#6717 = DRAUGHTING_PRE_DEFINED_CURVE_FONT('continuous');
#6718 = MECHANICAL_DESIGN_GEOMETRIC_PRESENTATION_REPRESENTATION('',(
    #6719),#306);
#6719 = STYLED_ITEM('color',(#6720),#208);
#6720 = PRESENTATION_STYLE_ASSIGNMENT((#6721,#6726));
#6721 = SURFACE_STYLE_USAGE(.BOTH.,#6722);
#6722 = SURFACE_SIDE_STYLE('',(#6723));
#6723 = SURFACE_STYLE_FILL_AREA(#6724);
#6724 = FILL_AREA_STYLE('',(#6725));
#6725 = FILL_AREA_STYLE_COLOUR('',#6715);
#6726 = CURVE_STYLE('',#6727,POSITIVE_LENGTH_MEASURE(0.1),#6715);
#6727 = DRAUGHTING_PRE_DEFINED_CURVE_FONT('continuous');
#6728 = MECHANICAL_DESIGN_GEOMETRIC_PRESENTATION_REPRESENTATION('',(
    #6729),#6173);
#6729 = STYLED_ITEM('color',(#6730),#6117);
#6730 = PRESENTATION_STYLE_ASSIGNMENT((#6731));
#6731 = SURFACE_STYLE_USAGE(.BOTH.,#6732);
#6732 = SURFACE_SIDE_STYLE('',(#6733));
#6733 = SURFACE_STYLE_FILL_AREA(#6734);
#6734 = FILL_AREA_STYLE('',(#6735));
#6735 = FILL_AREA_STYLE_COLOUR('',#6715);
#6736 = MECHANICAL_DESIGN_GEOMETRIC_PRESENTATION_REPRESENTATION('',(
    #6737),#5413);
#6737 = STYLED_ITEM('color',(#6738),#5009);
#6738 = PRESENTATION_STYLE_ASSIGNMENT((#6739,#6744));
#6739 = SURFACE_STYLE_USAGE(.BOTH.,#6740);
#6740 = SURFACE_SIDE_STYLE('',(#6741));
#6741 = SURFACE_STYLE_FILL_AREA(#6742);
#6742 = FILL_AREA_STYLE('',(#6743));
#6743 = FILL_AREA_STYLE_COLOUR('',#6715);
#6744 = CURVE_STYLE('',#6745,POSITIVE_LENGTH_MEASURE(0.1),#6715);
#6745 = DRAUGHTING_PRE_DEFINED_CURVE_FONT('continuous');
#6746 = MECHANICAL_DESIGN_GEOMETRIC_PRESENTATION_REPRESENTATION('',(
    #6747),#1190);
#6747 = STYLED_ITEM('color',(#6748),#1008);
#6748 = PRESENTATION_STYLE_ASSIGNMENT((#6749,#6754));
#6749 = SURFACE_STYLE_USAGE(.BOTH.,#6750);
#6750 = SURFACE_SIDE_STYLE('',(#6751));
#6751 = SURFACE_STYLE_FILL_AREA(#6752);
#6752 = FILL_AREA_STYLE('',(#6753));
#6753 = FILL_AREA_STYLE_COLOUR('',#6715);
#6754 = CURVE_STYLE('',#6755,POSITIVE_LENGTH_MEASURE(0.1),#6715);
#6755 = DRAUGHTING_PRE_DEFINED_CURVE_FONT('continuous');
#6756 = MECHANICAL_DESIGN_GEOMETRIC_PRESENTATION_REPRESENTATION('',(
    #6757),#5957);
#6757 = STYLED_ITEM('color',(#6758),#5901);
#6758 = PRESENTATION_STYLE_ASSIGNMENT((#6759));
#6759 = SURFACE_STYLE_USAGE(.BOTH.,#6760);
#6760 = SURFACE_SIDE_STYLE('',(#6761));
#6761 = SURFACE_STYLE_FILL_AREA(#6762);
#6762 = FILL_AREA_STYLE('',(#6763));
#6763 = FILL_AREA_STYLE_COLOUR('',#6715);
#6764 = MECHANICAL_DESIGN_GEOMETRIC_PRESENTATION_REPRESENTATION('',(
    #6765),#5813);
#6765 = STYLED_ITEM('color',(#6766),#5757);
#6766 = PRESENTATION_STYLE_ASSIGNMENT((#6767));
#6767 = SURFACE_STYLE_USAGE(.BOTH.,#6768);
#6768 = SURFACE_SIDE_STYLE('',(#6769));
#6769 = SURFACE_STYLE_FILL_AREA(#6770);
#6770 = FILL_AREA_STYLE('',(#6771));
#6771 = FILL_AREA_STYLE_COLOUR('',#6715);
#6772 = MECHANICAL_DESIGN_GEOMETRIC_PRESENTATION_REPRESENTATION('',(
    #6773),#5741);
#6773 = STYLED_ITEM('color',(#6774),#5685);
#6774 = PRESENTATION_STYLE_ASSIGNMENT((#6775));
#6775 = SURFACE_STYLE_USAGE(.BOTH.,#6776);
#6776 = SURFACE_SIDE_STYLE('',(#6777));
#6777 = SURFACE_STYLE_FILL_AREA(#6778);
#6778 = FILL_AREA_STYLE('',(#6779));
#6779 = FILL_AREA_STYLE_COLOUR('',#6715);
#6780 = MECHANICAL_DESIGN_GEOMETRIC_PRESENTATION_REPRESENTATION('',(
    #6781),#3702);
#6781 = STYLED_ITEM('color',(#6782),#3372);
#6782 = PRESENTATION_STYLE_ASSIGNMENT((#6783,#6788));
#6783 = SURFACE_STYLE_USAGE(.BOTH.,#6784);
#6784 = SURFACE_SIDE_STYLE('',(#6785));
#6785 = SURFACE_STYLE_FILL_AREA(#6786);
#6786 = FILL_AREA_STYLE('',(#6787));
#6787 = FILL_AREA_STYLE_COLOUR('',#6715);
#6788 = CURVE_STYLE('',#6789,POSITIVE_LENGTH_MEASURE(0.1),#6715);
#6789 = DRAUGHTING_PRE_DEFINED_CURVE_FONT('continuous');
#6790 = MECHANICAL_DESIGN_GEOMETRIC_PRESENTATION_REPRESENTATION('',(
    #6791),#6101);
#6791 = STYLED_ITEM('color',(#6792),#6045);
#6792 = PRESENTATION_STYLE_ASSIGNMENT((#6793));
#6793 = SURFACE_STYLE_USAGE(.BOTH.,#6794);
#6794 = SURFACE_SIDE_STYLE('',(#6795));
#6795 = SURFACE_STYLE_FILL_AREA(#6796);
#6796 = FILL_AREA_STYLE('',(#6797));
#6797 = FILL_AREA_STYLE_COLOUR('',#6715);
#6798 = MECHANICAL_DESIGN_GEOMETRIC_PRESENTATION_REPRESENTATION('',(
    #6799),#6029);
#6799 = STYLED_ITEM('color',(#6800),#5973);
#6800 = PRESENTATION_STYLE_ASSIGNMENT((#6801));
#6801 = SURFACE_STYLE_USAGE(.BOTH.,#6802);
#6802 = SURFACE_SIDE_STYLE('',(#6803));
#6803 = SURFACE_STYLE_FILL_AREA(#6804);
#6804 = FILL_AREA_STYLE('',(#6805));
#6805 = FILL_AREA_STYLE_COLOUR('',#6715);
#6806 = MECHANICAL_DESIGN_GEOMETRIC_PRESENTATION_REPRESENTATION('',(
    #6807),#2446);
#6807 = STYLED_ITEM('color',(#6808),#2116);
#6808 = PRESENTATION_STYLE_ASSIGNMENT((#6809,#6814));
#6809 = SURFACE_STYLE_USAGE(.BOTH.,#6810);
#6810 = SURFACE_SIDE_STYLE('',(#6811));
#6811 = SURFACE_STYLE_FILL_AREA(#6812);
#6812 = FILL_AREA_STYLE('',(#6813));
#6813 = FILL_AREA_STYLE_COLOUR('',#6715);
#6814 = CURVE_STYLE('',#6815,POSITIVE_LENGTH_MEASURE(0.1),#6715);
#6815 = DRAUGHTING_PRE_DEFINED_CURVE_FONT('continuous');
#6816 = MECHANICAL_DESIGN_GEOMETRIC_PRESENTATION_REPRESENTATION('',(
    #6817),#6245);
#6817 = STYLED_ITEM('color',(#6818),#6189);
#6818 = PRESENTATION_STYLE_ASSIGNMENT((#6819));
#6819 = SURFACE_STYLE_USAGE(.BOTH.,#6820);
#6820 = SURFACE_SIDE_STYLE('',(#6821));
#6821 = SURFACE_STYLE_FILL_AREA(#6822);
#6822 = FILL_AREA_STYLE('',(#6823));
#6823 = FILL_AREA_STYLE_COLOUR('',#6715);
#6824 = MECHANICAL_DESIGN_GEOMETRIC_PRESENTATION_REPRESENTATION('',(
    #6825),#4390);
#6825 = STYLED_ITEM('color',(#6826),#4060);
#6826 = PRESENTATION_STYLE_ASSIGNMENT((#6827,#6832));
#6827 = SURFACE_STYLE_USAGE(.BOTH.,#6828);
#6828 = SURFACE_SIDE_STYLE('',(#6829));
#6829 = SURFACE_STYLE_FILL_AREA(#6830);
#6830 = FILL_AREA_STYLE('',(#6831));
#6831 = FILL_AREA_STYLE_COLOUR('',#6715);
#6832 = CURVE_STYLE('',#6833,POSITIVE_LENGTH_MEASURE(0.1),#6715);
#6833 = DRAUGHTING_PRE_DEFINED_CURVE_FONT('continuous');
#6834 = MECHANICAL_DESIGN_GEOMETRIC_PRESENTATION_REPRESENTATION('',(
    #6835),#1302);
#6835 = STYLED_ITEM('color',(#6836),#1204);
#6836 = PRESENTATION_STYLE_ASSIGNMENT((#6837,#6842));
#6837 = SURFACE_STYLE_USAGE(.BOTH.,#6838);
#6838 = SURFACE_SIDE_STYLE('',(#6839));
#6839 = SURFACE_STYLE_FILL_AREA(#6840);
#6840 = FILL_AREA_STYLE('',(#6841));
#6841 = FILL_AREA_STYLE_COLOUR('',#6715);
#6842 = CURVE_STYLE('',#6843,POSITIVE_LENGTH_MEASURE(0.1),#6715);
#6843 = DRAUGHTING_PRE_DEFINED_CURVE_FONT('continuous');
#6844 = MECHANICAL_DESIGN_GEOMETRIC_PRESENTATION_REPRESENTATION('',(
    #6845),#5557);
#6845 = STYLED_ITEM('color',(#6846),#5501);
#6846 = PRESENTATION_STYLE_ASSIGNMENT((#6847));
#6847 = SURFACE_STYLE_USAGE(.BOTH.,#6848);
#6848 = SURFACE_SIDE_STYLE('',(#6849));
#6849 = SURFACE_STYLE_FILL_AREA(#6850);
#6850 = FILL_AREA_STYLE('',(#6851));
#6851 = FILL_AREA_STYLE_COLOUR('',#6715);
#6852 = MECHANICAL_DESIGN_GEOMETRIC_PRESENTATION_REPRESENTATION('',(
    #6853),#3358);
#6853 = STYLED_ITEM('color',(#6854),#3028);
#6854 = PRESENTATION_STYLE_ASSIGNMENT((#6855,#6860));
#6855 = SURFACE_STYLE_USAGE(.BOTH.,#6856);
#6856 = SURFACE_SIDE_STYLE('',(#6857));
#6857 = SURFACE_STYLE_FILL_AREA(#6858);
#6858 = FILL_AREA_STYLE('',(#6859));
#6859 = FILL_AREA_STYLE_COLOUR('',#6715);
#6860 = CURVE_STYLE('',#6861,POSITIVE_LENGTH_MEASURE(0.1),#6715);
#6861 = DRAUGHTING_PRE_DEFINED_CURVE_FONT('continuous');
#6862 = MECHANICAL_DESIGN_GEOMETRIC_PRESENTATION_REPRESENTATION('',(
    #6863),#4502);
#6863 = STYLED_ITEM('color',(#6864),#4404);
#6864 = PRESENTATION_STYLE_ASSIGNMENT((#6865,#6870));
#6865 = SURFACE_STYLE_USAGE(.BOTH.,#6866);
#6866 = SURFACE_SIDE_STYLE('',(#6867));
#6867 = SURFACE_STYLE_FILL_AREA(#6868);
#6868 = FILL_AREA_STYLE('',(#6869));
#6869 = FILL_AREA_STYLE_COLOUR('',#6715);
#6870 = CURVE_STYLE('',#6871,POSITIVE_LENGTH_MEASURE(0.1),#6715);
#6871 = DRAUGHTING_PRE_DEFINED_CURVE_FONT('continuous');
#6872 = MECHANICAL_DESIGN_GEOMETRIC_PRESENTATION_REPRESENTATION('',(
    #6873),#2102);
#6873 = STYLED_ITEM('color',(#6874),#2004);
#6874 = PRESENTATION_STYLE_ASSIGNMENT((#6875,#6880));
#6875 = SURFACE_STYLE_USAGE(.BOTH.,#6876);
#6876 = SURFACE_SIDE_STYLE('',(#6877));
#6877 = SURFACE_STYLE_FILL_AREA(#6878);
#6878 = FILL_AREA_STYLE('',(#6879));
#6879 = FILL_AREA_STYLE_COLOUR('',#6715);
#6880 = CURVE_STYLE('',#6881,POSITIVE_LENGTH_MEASURE(0.1),#6715);
#6881 = DRAUGHTING_PRE_DEFINED_CURVE_FONT('continuous');
#6882 = MECHANICAL_DESIGN_GEOMETRIC_PRESENTATION_REPRESENTATION('',(
    #6883),#113);
#6883 = STYLED_ITEM('color',(#6884),#15);
#6884 = PRESENTATION_STYLE_ASSIGNMENT((#6885,#6890));
#6885 = SURFACE_STYLE_USAGE(.BOTH.,#6886);
#6886 = SURFACE_SIDE_STYLE('',(#6887));
#6887 = SURFACE_STYLE_FILL_AREA(#6888);
#6888 = FILL_AREA_STYLE('',(#6889));
#6889 = FILL_AREA_STYLE_COLOUR('',#6715);
#6890 = CURVE_STYLE('',#6891,POSITIVE_LENGTH_MEASURE(0.1),#6715);
#6891 = DRAUGHTING_PRE_DEFINED_CURVE_FONT('continuous');
#6892 = MECHANICAL_DESIGN_GEOMETRIC_PRESENTATION_REPRESENTATION('',(
    #6893),#4995);
#6893 = STYLED_ITEM('color',(#6894),#4897);
#6894 = PRESENTATION_STYLE_ASSIGNMENT((#6895,#6900));
#6895 = SURFACE_STYLE_USAGE(.BOTH.,#6896);
#6896 = SURFACE_SIDE_STYLE('',(#6897));
#6897 = SURFACE_STYLE_FILL_AREA(#6898);
#6898 = FILL_AREA_STYLE('',(#6899));
#6899 = FILL_AREA_STYLE_COLOUR('',#6715);
#6900 = CURVE_STYLE('',#6901,POSITIVE_LENGTH_MEASURE(0.1),#6715);
#6901 = DRAUGHTING_PRE_DEFINED_CURVE_FONT('continuous');
#6902 = MECHANICAL_DESIGN_GEOMETRIC_PRESENTATION_REPRESENTATION('',(
    #6903),#6701);
#6903 = STYLED_ITEM('color',(#6904),#6371);
#6904 = PRESENTATION_STYLE_ASSIGNMENT((#6905,#6910));
#6905 = SURFACE_STYLE_USAGE(.BOTH.,#6906);
#6906 = SURFACE_SIDE_STYLE('',(#6907));
#6907 = SURFACE_STYLE_FILL_AREA(#6908);
#6908 = FILL_AREA_STYLE('',(#6909));
#6909 = FILL_AREA_STYLE_COLOUR('',#6715);
#6910 = CURVE_STYLE('',#6911,POSITIVE_LENGTH_MEASURE(0.1),#6715);
#6911 = DRAUGHTING_PRE_DEFINED_CURVE_FONT('continuous');
#6912 = MECHANICAL_DESIGN_GEOMETRIC_PRESENTATION_REPRESENTATION('',(
    #6913),#6357);
#6913 = STYLED_ITEM('color',(#6914),#6259);
#6914 = PRESENTATION_STYLE_ASSIGNMENT((#6915,#6920));
#6915 = SURFACE_STYLE_USAGE(.BOTH.,#6916);
#6916 = SURFACE_SIDE_STYLE('',(#6917));
#6917 = SURFACE_STYLE_FILL_AREA(#6918);
#6918 = FILL_AREA_STYLE('',(#6919));
#6919 = FILL_AREA_STYLE_COLOUR('',#6715);
#6920 = CURVE_STYLE('',#6921,POSITIVE_LENGTH_MEASURE(0.1),#6715);
#6921 = DRAUGHTING_PRE_DEFINED_CURVE_FONT('continuous');
#6922 = MECHANICAL_DESIGN_GEOMETRIC_PRESENTATION_REPRESENTATION('',(
    #6923),#5669);
#6923 = STYLED_ITEM('color',(#6924),#5571);
#6924 = PRESENTATION_STYLE_ASSIGNMENT((#6925,#6930));
#6925 = SURFACE_STYLE_USAGE(.BOTH.,#6926);
#6926 = SURFACE_SIDE_STYLE('',(#6927));
#6927 = SURFACE_STYLE_FILL_AREA(#6928);
#6928 = FILL_AREA_STYLE('',(#6929));
#6929 = FILL_AREA_STYLE_COLOUR('',#6715);
#6930 = CURVE_STYLE('',#6931,POSITIVE_LENGTH_MEASURE(0.1),#6715);
#6931 = DRAUGHTING_PRE_DEFINED_CURVE_FONT('continuous');
#6932 = MECHANICAL_DESIGN_GEOMETRIC_PRESENTATION_REPRESENTATION('',(
    #6933),#5485);
#6933 = STYLED_ITEM('color',(#6934),#5429);
#6934 = PRESENTATION_STYLE_ASSIGNMENT((#6935));
#6935 = SURFACE_STYLE_USAGE(.BOTH.,#6936);
#6936 = SURFACE_SIDE_STYLE('',(#6937));
#6937 = SURFACE_STYLE_FILL_AREA(#6938);
#6938 = FILL_AREA_STYLE('',(#6939));
#6939 = FILL_AREA_STYLE_COLOUR('',#6715);
#6940 = MECHANICAL_DESIGN_GEOMETRIC_PRESENTATION_REPRESENTATION('',(
    #6941),#1990);
#6941 = STYLED_ITEM('color',(#6942),#1660);
#6942 = PRESENTATION_STYLE_ASSIGNMENT((#6943,#6948));
#6943 = SURFACE_STYLE_USAGE(.BOTH.,#6944);
#6944 = SURFACE_SIDE_STYLE('',(#6945));
#6945 = SURFACE_STYLE_FILL_AREA(#6946);
#6946 = FILL_AREA_STYLE('',(#6947));
#6947 = FILL_AREA_STYLE_COLOUR('',#6715);
#6948 = CURVE_STYLE('',#6949,POSITIVE_LENGTH_MEASURE(0.1),#6715);
#6949 = DRAUGHTING_PRE_DEFINED_CURVE_FONT('continuous');
#6950 = MECHANICAL_DESIGN_GEOMETRIC_PRESENTATION_REPRESENTATION('',(
    #6951),#1646);
#6951 = STYLED_ITEM('color',(#6952),#1316);
#6952 = PRESENTATION_STYLE_ASSIGNMENT((#6953,#6958));
#6953 = SURFACE_STYLE_USAGE(.BOTH.,#6954);
#6954 = SURFACE_SIDE_STYLE('',(#6955));
#6955 = SURFACE_STYLE_FILL_AREA(#6956);
#6956 = FILL_AREA_STYLE('',(#6957));
#6957 = FILL_AREA_STYLE_COLOUR('',#6715);
#6958 = CURVE_STYLE('',#6959,POSITIVE_LENGTH_MEASURE(0.1),#6715);
#6959 = DRAUGHTING_PRE_DEFINED_CURVE_FONT('continuous');
#6960 = MECHANICAL_DESIGN_GEOMETRIC_PRESENTATION_REPRESENTATION('',(
    #6961),#194);
#6961 = STYLED_ITEM('color',(#6962),#127);
#6962 = PRESENTATION_STYLE_ASSIGNMENT((#6963,#6968));
#6963 = SURFACE_STYLE_USAGE(.BOTH.,#6964);
#6964 = SURFACE_SIDE_STYLE('',(#6965));
#6965 = SURFACE_STYLE_FILL_AREA(#6966);
#6966 = FILL_AREA_STYLE('',(#6967));
#6967 = FILL_AREA_STYLE_COLOUR('',#6715);
#6968 = CURVE_STYLE('',#6969,POSITIVE_LENGTH_MEASURE(0.1),#6715);
#6969 = DRAUGHTING_PRE_DEFINED_CURVE_FONT('continuous');
#6970 = MECHANICAL_DESIGN_GEOMETRIC_PRESENTATION_REPRESENTATION('',(
    #6971),#2558);
#6971 = STYLED_ITEM('color',(#6972),#2460);
#6972 = PRESENTATION_STYLE_ASSIGNMENT((#6973,#6978));
#6973 = SURFACE_STYLE_USAGE(.BOTH.,#6974);
#6974 = SURFACE_SIDE_STYLE('',(#6975));
#6975 = SURFACE_STYLE_FILL_AREA(#6976);
#6976 = FILL_AREA_STYLE('',(#6977));
#6977 = FILL_AREA_STYLE_COLOUR('',#6715);
#6978 = CURVE_STYLE('',#6979,POSITIVE_LENGTH_MEASURE(0.1),#6715);
#6979 = DRAUGHTING_PRE_DEFINED_CURVE_FONT('continuous');
#6980 = MECHANICAL_DESIGN_GEOMETRIC_PRESENTATION_REPRESENTATION('',(
    #6981),#4883);
#6981 = STYLED_ITEM('color',(#6982),#4785);
#6982 = PRESENTATION_STYLE_ASSIGNMENT((#6983,#6988));
#6983 = SURFACE_STYLE_USAGE(.BOTH.,#6984);
#6984 = SURFACE_SIDE_STYLE('',(#6985));
#6985 = SURFACE_STYLE_FILL_AREA(#6986);
#6986 = FILL_AREA_STYLE('',(#6987));
#6987 = FILL_AREA_STYLE_COLOUR('',#6715);
#6988 = CURVE_STYLE('',#6989,POSITIVE_LENGTH_MEASURE(0.1),#6715);
#6989 = DRAUGHTING_PRE_DEFINED_CURVE_FONT('continuous');
#6990 = MECHANICAL_DESIGN_GEOMETRIC_PRESENTATION_REPRESENTATION('',(
    #6991),#994);
#6991 = STYLED_ITEM('color',(#6992),#664);
#6992 = PRESENTATION_STYLE_ASSIGNMENT((#6993,#6998));
#6993 = SURFACE_STYLE_USAGE(.BOTH.,#6994);
#6994 = SURFACE_SIDE_STYLE('',(#6995));
#6995 = SURFACE_STYLE_FILL_AREA(#6996);
#6996 = FILL_AREA_STYLE('',(#6997));
#6997 = FILL_AREA_STYLE_COLOUR('',#6715);
#6998 = CURVE_STYLE('',#6999,POSITIVE_LENGTH_MEASURE(0.1),#6715);
#6999 = DRAUGHTING_PRE_DEFINED_CURVE_FONT('continuous');
#7000 = MECHANICAL_DESIGN_GEOMETRIC_PRESENTATION_REPRESENTATION('',(
    #7001,#7010),#4771);
#7001 = STYLED_ITEM('color',(#7002),#4516);
#7002 = PRESENTATION_STYLE_ASSIGNMENT((#7003,#7008));
#7003 = SURFACE_STYLE_USAGE(.BOTH.,#7004);
#7004 = SURFACE_SIDE_STYLE('',(#7005));
#7005 = SURFACE_STYLE_FILL_AREA(#7006);
#7006 = FILL_AREA_STYLE('',(#7007));
#7007 = FILL_AREA_STYLE_COLOUR('',#6715);
#7008 = CURVE_STYLE('',#7009,POSITIVE_LENGTH_MEASURE(0.1),#6715);
#7009 = DRAUGHTING_PRE_DEFINED_CURVE_FONT('continuous');
#7010 = STYLED_ITEM('color',(#7011),#4704);
#7011 = PRESENTATION_STYLE_ASSIGNMENT((#7012,#7017));
#7012 = SURFACE_STYLE_USAGE(.BOTH.,#7013);
#7013 = SURFACE_SIDE_STYLE('',(#7014));
#7014 = SURFACE_STYLE_FILL_AREA(#7015);
#7015 = FILL_AREA_STYLE('',(#7016));
#7016 = FILL_AREA_STYLE_COLOUR('',#6715);
#7017 = CURVE_STYLE('',#7018,POSITIVE_LENGTH_MEASURE(0.1),#6715);
#7018 = DRAUGHTING_PRE_DEFINED_CURVE_FONT('continuous');
#7019 = MECHANICAL_DESIGN_GEOMETRIC_PRESENTATION_REPRESENTATION('',(
    #7020),#3014);
#7020 = STYLED_ITEM('color',(#7021),#2916);
#7021 = PRESENTATION_STYLE_ASSIGNMENT((#7022,#7027));
#7022 = SURFACE_STYLE_USAGE(.BOTH.,#7023);
#7023 = SURFACE_SIDE_STYLE('',(#7024));
#7024 = SURFACE_STYLE_FILL_AREA(#7025);
#7025 = FILL_AREA_STYLE('',(#7026));
#7026 = FILL_AREA_STYLE_COLOUR('',#6715);
#7027 = CURVE_STYLE('',#7028,POSITIVE_LENGTH_MEASURE(0.1),#6715);
#7028 = DRAUGHTING_PRE_DEFINED_CURVE_FONT('continuous');
#7029 = MECHANICAL_DESIGN_GEOMETRIC_PRESENTATION_REPRESENTATION('',(
    #7030),#5885);
#7030 = STYLED_ITEM('color',(#7031),#5829);
#7031 = PRESENTATION_STYLE_ASSIGNMENT((#7032));
#7032 = SURFACE_STYLE_USAGE(.BOTH.,#7033);
#7033 = SURFACE_SIDE_STYLE('',(#7034));
#7034 = SURFACE_STYLE_FILL_AREA(#7035);
#7035 = FILL_AREA_STYLE('',(#7036));
#7036 = FILL_AREA_STYLE_COLOUR('',#6715);
#7037 = MECHANICAL_DESIGN_GEOMETRIC_PRESENTATION_REPRESENTATION('',(
    #7038),#4046);
#7038 = STYLED_ITEM('color',(#7039),#3716);
#7039 = PRESENTATION_STYLE_ASSIGNMENT((#7040,#7045));
#7040 = SURFACE_STYLE_USAGE(.BOTH.,#7041);
#7041 = SURFACE_SIDE_STYLE('',(#7042));
#7042 = SURFACE_STYLE_FILL_AREA(#7043);
#7043 = FILL_AREA_STYLE('',(#7044));
#7044 = FILL_AREA_STYLE_COLOUR('',#6715);
#7045 = CURVE_STYLE('',#7046,POSITIVE_LENGTH_MEASURE(0.1),#6715);
#7046 = DRAUGHTING_PRE_DEFINED_CURVE_FONT('continuous');
#7047 = MECHANICAL_DESIGN_GEOMETRIC_PRESENTATION_REPRESENTATION('',(
    #7048),#650);
#7048 = STYLED_ITEM('color',(#7049),#320);
#7049 = PRESENTATION_STYLE_ASSIGNMENT((#7050,#7055));
#7050 = SURFACE_STYLE_USAGE(.BOTH.,#7051);
#7051 = SURFACE_SIDE_STYLE('',(#7052));
#7052 = SURFACE_STYLE_FILL_AREA(#7053);
#7053 = FILL_AREA_STYLE('',(#7054));
#7054 = FILL_AREA_STYLE_COLOUR('',#6715);
#7055 = CURVE_STYLE('',#7056,POSITIVE_LENGTH_MEASURE(0.1),#6715);
#7056 = DRAUGHTING_PRE_DEFINED_CURVE_FONT('continuous');
ENDSEC;
END-ISO-10303-21;
