ISO-10303-21;
HEADER;
FILE_DESCRIPTION(('FreeCAD Model'),'2;1');
FILE_NAME('Open CASCADE Shape Model','2025-09-16T09:36:52',('Author'),(
    ''),'Open CASCADE STEP processor 7.8','FreeCAD','Unknown');
FILE_SCHEMA(('AUTOMOTIVE_DESIGN { 1 0 10303 214 1 1 1 1 }'));
ENDSEC;
DATA;
#1 = APPLICATION_PROTOCOL_DEFINITION('international standard',
  'automotive_design',2000,#2);
#2 = APPLICATION_CONTEXT(
  'core data for automotive mechanical design processes');
#3 = SHAPE_DEFINITION_REPRESENTATION(#4,#10);
#4 = PRODUCT_DEFINITION_SHAPE('','',#5);
#5 = PRODUCT_DEFINITION('design','',#6,#9);
#6 = PRODUCT_DEFINITION_FORMATION('','',#7);
#7 = PRODUCT('Bus','Bus','',(#8));
#8 = PRODUCT_CONTEXT('',#2,'mechanical');
#9 = PRODUCT_DEFINITION_CONTEXT('part definition',#2,'design');
#10 = ADVANCED_BREP_SHAPE_REPRESENTATION('',(#11,#15),#657);
#11 = AXIS2_PLACEMENT_3D('',#12,#13,#14);
#12 = CARTESIAN_POINT('',(0.,0.,0.));
#13 = DIRECTION('',(0.,0.,1.));
#14 = DIRECTION('',(1.,0.,-0.));
#15 = MANIFOLD_SOLID_BREP('',#16);
#16 = CLOSED_SHELL('',(#17,#137,#213,#289,#365,#441,#517,#588,#635,#646)
  );
#17 = ADVANCED_FACE('',(#18),#32,.F.);
#18 = FACE_BOUND('',#19,.F.);
#19 = EDGE_LOOP('',(#20,#55,#83,#111));
#20 = ORIENTED_EDGE('',*,*,#21,.T.);
#21 = EDGE_CURVE('',#22,#24,#26,.T.);
#22 = VERTEX_POINT('',#23);
#23 = CARTESIAN_POINT('',(-455.,378.83727010233,0.));
#24 = VERTEX_POINT('',#25);
#25 = CARTESIAN_POINT('',(455.,378.83727010233,0.));
#26 = SURFACE_CURVE('',#27,(#31,#43),.PCURVE_S1.);
#27 = LINE('',#28,#29);
#28 = CARTESIAN_POINT('',(-455.,378.83727010233,0.));
#29 = VECTOR('',#30,1.);
#30 = DIRECTION('',(1.,0.,0.));
#31 = PCURVE('',#32,#37);
#32 = PLANE('',#33);
#33 = AXIS2_PLACEMENT_3D('',#34,#35,#36);
#34 = CARTESIAN_POINT('',(-455.,378.83727010233,0.));
#35 = DIRECTION('',(0.,-0.923879532511,-0.382683432365));
#36 = DIRECTION('',(0.,-0.382683432365,0.923879532511));
#37 = DEFINITIONAL_REPRESENTATION('',(#38),#42);
#38 = LINE('',#39,#40);
#39 = CARTESIAN_POINT('',(0.,0.));
#40 = VECTOR('',#41,1.);
#41 = DIRECTION('',(0.,-1.));
#42 = ( GEOMETRIC_REPRESENTATION_CONTEXT(2) 
PARAMETRIC_REPRESENTATION_CONTEXT() REPRESENTATION_CONTEXT('2D SPACE',''
  ) );
#43 = PCURVE('',#44,#49);
#44 = PLANE('',#45);
#45 = AXIS2_PLACEMENT_3D('',#46,#47,#48);
#46 = CARTESIAN_POINT('',(-455.,267.87840265556,-267.8784026555));
#47 = DIRECTION('',(0.,-0.923879532511,0.382683432365));
#48 = DIRECTION('',(0.,0.382683432365,0.923879532511));
#49 = DEFINITIONAL_REPRESENTATION('',(#50),#54);
#50 = LINE('',#51,#52);
#51 = CARTESIAN_POINT('',(289.94949366116,0.));
#52 = VECTOR('',#53,1.);
#53 = DIRECTION('',(0.,-1.));
#54 = ( GEOMETRIC_REPRESENTATION_CONTEXT(2) 
PARAMETRIC_REPRESENTATION_CONTEXT() REPRESENTATION_CONTEXT('2D SPACE',''
  ) );
#55 = ORIENTED_EDGE('',*,*,#56,.T.);
#56 = EDGE_CURVE('',#24,#57,#59,.T.);
#57 = VERTEX_POINT('',#58);
#58 = CARTESIAN_POINT('',(455.,267.87840265556,267.87840265556));
#59 = SURFACE_CURVE('',#60,(#64,#71),.PCURVE_S1.);
#60 = LINE('',#61,#62);
#61 = CARTESIAN_POINT('',(455.,378.83727010233,0.));
#62 = VECTOR('',#63,1.);
#63 = DIRECTION('',(0.,-0.382683432365,0.923879532511));
#64 = PCURVE('',#32,#65);
#65 = DEFINITIONAL_REPRESENTATION('',(#66),#70);
#66 = LINE('',#67,#68);
#67 = CARTESIAN_POINT('',(0.,-910.));
#68 = VECTOR('',#69,1.);
#69 = DIRECTION('',(1.,0.));
#70 = ( GEOMETRIC_REPRESENTATION_CONTEXT(2) 
PARAMETRIC_REPRESENTATION_CONTEXT() REPRESENTATION_CONTEXT('2D SPACE',''
  ) );
#71 = PCURVE('',#72,#77);
#72 = PLANE('',#73);
#73 = AXIS2_PLACEMENT_3D('',#74,#75,#76);
#74 = CARTESIAN_POINT('',(455.,-3.136734919895E-15,2.195714443927E-14));
#75 = DIRECTION('',(1.,0.,0.));
#76 = DIRECTION('',(0.,0.,1.));
#77 = DEFINITIONAL_REPRESENTATION('',(#78),#82);
#78 = LINE('',#79,#80);
#79 = CARTESIAN_POINT('',(-2.195714443927E-14,-378.8372701023));
#80 = VECTOR('',#81,1.);
#81 = DIRECTION('',(0.923879532511,0.382683432365));
#82 = ( GEOMETRIC_REPRESENTATION_CONTEXT(2) 
PARAMETRIC_REPRESENTATION_CONTEXT() REPRESENTATION_CONTEXT('2D SPACE',''
  ) );
#83 = ORIENTED_EDGE('',*,*,#84,.F.);
#84 = EDGE_CURVE('',#85,#57,#87,.T.);
#85 = VERTEX_POINT('',#86);
#86 = CARTESIAN_POINT('',(-455.,267.87840265556,267.87840265556));
#87 = SURFACE_CURVE('',#88,(#92,#99),.PCURVE_S1.);
#88 = LINE('',#89,#90);
#89 = CARTESIAN_POINT('',(-455.,267.87840265556,267.87840265556));
#90 = VECTOR('',#91,1.);
#91 = DIRECTION('',(1.,0.,0.));
#92 = PCURVE('',#32,#93);
#93 = DEFINITIONAL_REPRESENTATION('',(#94),#98);
#94 = LINE('',#95,#96);
#95 = CARTESIAN_POINT('',(289.94949366116,0.));
#96 = VECTOR('',#97,1.);
#97 = DIRECTION('',(0.,-1.));
#98 = ( GEOMETRIC_REPRESENTATION_CONTEXT(2) 
PARAMETRIC_REPRESENTATION_CONTEXT() REPRESENTATION_CONTEXT('2D SPACE',''
  ) );
#99 = PCURVE('',#100,#105);
#100 = PLANE('',#101);
#101 = AXIS2_PLACEMENT_3D('',#102,#103,#104);
#102 = CARTESIAN_POINT('',(-455.,267.87840265556,267.87840265556));
#103 = DIRECTION('',(0.,-0.382683432365,-0.923879532511));
#104 = DIRECTION('',(0.,-0.923879532511,0.382683432365));
#105 = DEFINITIONAL_REPRESENTATION('',(#106),#110);
#106 = LINE('',#107,#108);
#107 = CARTESIAN_POINT('',(0.,0.));
#108 = VECTOR('',#109,1.);
#109 = DIRECTION('',(0.,-1.));
#110 = ( GEOMETRIC_REPRESENTATION_CONTEXT(2) 
PARAMETRIC_REPRESENTATION_CONTEXT() REPRESENTATION_CONTEXT('2D SPACE',''
  ) );
#111 = ORIENTED_EDGE('',*,*,#112,.F.);
#112 = EDGE_CURVE('',#22,#85,#113,.T.);
#113 = SURFACE_CURVE('',#114,(#118,#125),.PCURVE_S1.);
#114 = LINE('',#115,#116);
#115 = CARTESIAN_POINT('',(-455.,378.83727010233,0.));
#116 = VECTOR('',#117,1.);
#117 = DIRECTION('',(0.,-0.382683432365,0.923879532511));
#118 = PCURVE('',#32,#119);
#119 = DEFINITIONAL_REPRESENTATION('',(#120),#124);
#120 = LINE('',#121,#122);
#121 = CARTESIAN_POINT('',(0.,0.));
#122 = VECTOR('',#123,1.);
#123 = DIRECTION('',(1.,0.));
#124 = ( GEOMETRIC_REPRESENTATION_CONTEXT(2) 
PARAMETRIC_REPRESENTATION_CONTEXT() REPRESENTATION_CONTEXT('2D SPACE',''
  ) );
#125 = PCURVE('',#126,#131);
#126 = PLANE('',#127);
#127 = AXIS2_PLACEMENT_3D('',#128,#129,#130);
#128 = CARTESIAN_POINT('',(-455.,-3.136734919895E-15,2.195714443927E-14)
  );
#129 = DIRECTION('',(1.,0.,0.));
#130 = DIRECTION('',(0.,0.,1.));
#131 = DEFINITIONAL_REPRESENTATION('',(#132),#136);
#132 = LINE('',#133,#134);
#133 = CARTESIAN_POINT('',(-2.195714443927E-14,-378.8372701023));
#134 = VECTOR('',#135,1.);
#135 = DIRECTION('',(0.923879532511,0.382683432365));
#136 = ( GEOMETRIC_REPRESENTATION_CONTEXT(2) 
PARAMETRIC_REPRESENTATION_CONTEXT() REPRESENTATION_CONTEXT('2D SPACE',''
  ) );
#137 = ADVANCED_FACE('',(#138),#100,.F.);
#138 = FACE_BOUND('',#139,.F.);
#139 = EDGE_LOOP('',(#140,#141,#164,#192));
#140 = ORIENTED_EDGE('',*,*,#84,.T.);
#141 = ORIENTED_EDGE('',*,*,#142,.T.);
#142 = EDGE_CURVE('',#57,#143,#145,.T.);
#143 = VERTEX_POINT('',#144);
#144 = CARTESIAN_POINT('',(455.,2.319709251143E-14,378.83727010233));
#145 = SURFACE_CURVE('',#146,(#150,#157),.PCURVE_S1.);
#146 = LINE('',#147,#148);
#147 = CARTESIAN_POINT('',(455.,267.87840265556,267.87840265556));
#148 = VECTOR('',#149,1.);
#149 = DIRECTION('',(0.,-0.923879532511,0.382683432365));
#150 = PCURVE('',#100,#151);
#151 = DEFINITIONAL_REPRESENTATION('',(#152),#156);
#152 = LINE('',#153,#154);
#153 = CARTESIAN_POINT('',(0.,-910.));
#154 = VECTOR('',#155,1.);
#155 = DIRECTION('',(1.,0.));
#156 = ( GEOMETRIC_REPRESENTATION_CONTEXT(2) 
PARAMETRIC_REPRESENTATION_CONTEXT() REPRESENTATION_CONTEXT('2D SPACE',''
  ) );
#157 = PCURVE('',#72,#158);
#158 = DEFINITIONAL_REPRESENTATION('',(#159),#163);
#159 = LINE('',#160,#161);
#160 = CARTESIAN_POINT('',(267.87840265556,-267.8784026555));
#161 = VECTOR('',#162,1.);
#162 = DIRECTION('',(0.382683432365,0.923879532511));
#163 = ( GEOMETRIC_REPRESENTATION_CONTEXT(2) 
PARAMETRIC_REPRESENTATION_CONTEXT() REPRESENTATION_CONTEXT('2D SPACE',''
  ) );
#164 = ORIENTED_EDGE('',*,*,#165,.F.);
#165 = EDGE_CURVE('',#166,#143,#168,.T.);
#166 = VERTEX_POINT('',#167);
#167 = CARTESIAN_POINT('',(-455.,2.319709251143E-14,378.83727010233));
#168 = SURFACE_CURVE('',#169,(#173,#180),.PCURVE_S1.);
#169 = LINE('',#170,#171);
#170 = CARTESIAN_POINT('',(-455.,2.319709251143E-14,378.83727010233));
#171 = VECTOR('',#172,1.);
#172 = DIRECTION('',(1.,0.,0.));
#173 = PCURVE('',#100,#174);
#174 = DEFINITIONAL_REPRESENTATION('',(#175),#179);
#175 = LINE('',#176,#177);
#176 = CARTESIAN_POINT('',(289.94949366116,0.));
#177 = VECTOR('',#178,1.);
#178 = DIRECTION('',(0.,-1.));
#179 = ( GEOMETRIC_REPRESENTATION_CONTEXT(2) 
PARAMETRIC_REPRESENTATION_CONTEXT() REPRESENTATION_CONTEXT('2D SPACE',''
  ) );
#180 = PCURVE('',#181,#186);
#181 = PLANE('',#182);
#182 = AXIS2_PLACEMENT_3D('',#183,#184,#185);
#183 = CARTESIAN_POINT('',(-455.,2.319709251143E-14,378.83727010233));
#184 = DIRECTION('',(0.,0.382683432365,-0.923879532511));
#185 = DIRECTION('',(0.,-0.923879532511,-0.382683432365));
#186 = DEFINITIONAL_REPRESENTATION('',(#187),#191);
#187 = LINE('',#188,#189);
#188 = CARTESIAN_POINT('',(0.,0.));
#189 = VECTOR('',#190,1.);
#190 = DIRECTION('',(0.,-1.));
#191 = ( GEOMETRIC_REPRESENTATION_CONTEXT(2) 
PARAMETRIC_REPRESENTATION_CONTEXT() REPRESENTATION_CONTEXT('2D SPACE',''
  ) );
#192 = ORIENTED_EDGE('',*,*,#193,.F.);
#193 = EDGE_CURVE('',#85,#166,#194,.T.);
#194 = SURFACE_CURVE('',#195,(#199,#206),.PCURVE_S1.);
#195 = LINE('',#196,#197);
#196 = CARTESIAN_POINT('',(-455.,267.87840265556,267.87840265556));
#197 = VECTOR('',#198,1.);
#198 = DIRECTION('',(0.,-0.923879532511,0.382683432365));
#199 = PCURVE('',#100,#200);
#200 = DEFINITIONAL_REPRESENTATION('',(#201),#205);
#201 = LINE('',#202,#203);
#202 = CARTESIAN_POINT('',(0.,0.));
#203 = VECTOR('',#204,1.);
#204 = DIRECTION('',(1.,0.));
#205 = ( GEOMETRIC_REPRESENTATION_CONTEXT(2) 
PARAMETRIC_REPRESENTATION_CONTEXT() REPRESENTATION_CONTEXT('2D SPACE',''
  ) );
#206 = PCURVE('',#126,#207);
#207 = DEFINITIONAL_REPRESENTATION('',(#208),#212);
#208 = LINE('',#209,#210);
#209 = CARTESIAN_POINT('',(267.87840265556,-267.8784026555));
#210 = VECTOR('',#211,1.);
#211 = DIRECTION('',(0.382683432365,0.923879532511));
#212 = ( GEOMETRIC_REPRESENTATION_CONTEXT(2) 
PARAMETRIC_REPRESENTATION_CONTEXT() REPRESENTATION_CONTEXT('2D SPACE',''
  ) );
#213 = ADVANCED_FACE('',(#214),#181,.F.);
#214 = FACE_BOUND('',#215,.F.);
#215 = EDGE_LOOP('',(#216,#217,#240,#268));
#216 = ORIENTED_EDGE('',*,*,#165,.T.);
#217 = ORIENTED_EDGE('',*,*,#218,.T.);
#218 = EDGE_CURVE('',#143,#219,#221,.T.);
#219 = VERTEX_POINT('',#220);
#220 = CARTESIAN_POINT('',(455.,-267.8784026555,267.87840265556));
#221 = SURFACE_CURVE('',#222,(#226,#233),.PCURVE_S1.);
#222 = LINE('',#223,#224);
#223 = CARTESIAN_POINT('',(455.,2.319709251143E-14,378.83727010233));
#224 = VECTOR('',#225,1.);
#225 = DIRECTION('',(0.,-0.923879532511,-0.382683432365));
#226 = PCURVE('',#181,#227);
#227 = DEFINITIONAL_REPRESENTATION('',(#228),#232);
#228 = LINE('',#229,#230);
#229 = CARTESIAN_POINT('',(0.,-910.));
#230 = VECTOR('',#231,1.);
#231 = DIRECTION('',(1.,0.));
#232 = ( GEOMETRIC_REPRESENTATION_CONTEXT(2) 
PARAMETRIC_REPRESENTATION_CONTEXT() REPRESENTATION_CONTEXT('2D SPACE',''
  ) );
#233 = PCURVE('',#72,#234);
#234 = DEFINITIONAL_REPRESENTATION('',(#235),#239);
#235 = LINE('',#236,#237);
#236 = CARTESIAN_POINT('',(378.83727010233,-2.633382743132E-14));
#237 = VECTOR('',#238,1.);
#238 = DIRECTION('',(-0.382683432365,0.923879532511));
#239 = ( GEOMETRIC_REPRESENTATION_CONTEXT(2) 
PARAMETRIC_REPRESENTATION_CONTEXT() REPRESENTATION_CONTEXT('2D SPACE',''
  ) );
#240 = ORIENTED_EDGE('',*,*,#241,.F.);
#241 = EDGE_CURVE('',#242,#219,#244,.T.);
#242 = VERTEX_POINT('',#243);
#243 = CARTESIAN_POINT('',(-455.,-267.8784026555,267.87840265556));
#244 = SURFACE_CURVE('',#245,(#249,#256),.PCURVE_S1.);
#245 = LINE('',#246,#247);
#246 = CARTESIAN_POINT('',(-455.,-267.8784026555,267.87840265556));
#247 = VECTOR('',#248,1.);
#248 = DIRECTION('',(1.,0.,0.));
#249 = PCURVE('',#181,#250);
#250 = DEFINITIONAL_REPRESENTATION('',(#251),#255);
#251 = LINE('',#252,#253);
#252 = CARTESIAN_POINT('',(289.94949366116,0.));
#253 = VECTOR('',#254,1.);
#254 = DIRECTION('',(0.,-1.));
#255 = ( GEOMETRIC_REPRESENTATION_CONTEXT(2) 
PARAMETRIC_REPRESENTATION_CONTEXT() REPRESENTATION_CONTEXT('2D SPACE',''
  ) );
#256 = PCURVE('',#257,#262);
#257 = PLANE('',#258);
#258 = AXIS2_PLACEMENT_3D('',#259,#260,#261);
#259 = CARTESIAN_POINT('',(-455.,-267.8784026555,267.87840265556));
#260 = DIRECTION('',(0.,0.923879532511,-0.382683432365));
#261 = DIRECTION('',(0.,-0.382683432365,-0.923879532511));
#262 = DEFINITIONAL_REPRESENTATION('',(#263),#267);
#263 = LINE('',#264,#265);
#264 = CARTESIAN_POINT('',(0.,0.));
#265 = VECTOR('',#266,1.);
#266 = DIRECTION('',(0.,-1.));
#267 = ( GEOMETRIC_REPRESENTATION_CONTEXT(2) 
PARAMETRIC_REPRESENTATION_CONTEXT() REPRESENTATION_CONTEXT('2D SPACE',''
  ) );
#268 = ORIENTED_EDGE('',*,*,#269,.F.);
#269 = EDGE_CURVE('',#166,#242,#270,.T.);
#270 = SURFACE_CURVE('',#271,(#275,#282),.PCURVE_S1.);
#271 = LINE('',#272,#273);
#272 = CARTESIAN_POINT('',(-455.,2.319709251143E-14,378.83727010233));
#273 = VECTOR('',#274,1.);
#274 = DIRECTION('',(0.,-0.923879532511,-0.382683432365));
#275 = PCURVE('',#181,#276);
#276 = DEFINITIONAL_REPRESENTATION('',(#277),#281);
#277 = LINE('',#278,#279);
#278 = CARTESIAN_POINT('',(0.,0.));
#279 = VECTOR('',#280,1.);
#280 = DIRECTION('',(1.,0.));
#281 = ( GEOMETRIC_REPRESENTATION_CONTEXT(2) 
PARAMETRIC_REPRESENTATION_CONTEXT() REPRESENTATION_CONTEXT('2D SPACE',''
  ) );
#282 = PCURVE('',#126,#283);
#283 = DEFINITIONAL_REPRESENTATION('',(#284),#288);
#284 = LINE('',#285,#286);
#285 = CARTESIAN_POINT('',(378.83727010233,-2.633382743132E-14));
#286 = VECTOR('',#287,1.);
#287 = DIRECTION('',(-0.382683432365,0.923879532511));
#288 = ( GEOMETRIC_REPRESENTATION_CONTEXT(2) 
PARAMETRIC_REPRESENTATION_CONTEXT() REPRESENTATION_CONTEXT('2D SPACE',''
  ) );
#289 = ADVANCED_FACE('',(#290),#257,.F.);
#290 = FACE_BOUND('',#291,.F.);
#291 = EDGE_LOOP('',(#292,#293,#316,#344));
#292 = ORIENTED_EDGE('',*,*,#241,.T.);
#293 = ORIENTED_EDGE('',*,*,#294,.T.);
#294 = EDGE_CURVE('',#219,#295,#297,.T.);
#295 = VERTEX_POINT('',#296);
#296 = CARTESIAN_POINT('',(455.,-378.8372701023,4.639418502285E-14));
#297 = SURFACE_CURVE('',#298,(#302,#309),.PCURVE_S1.);
#298 = LINE('',#299,#300);
#299 = CARTESIAN_POINT('',(455.,-267.8784026555,267.87840265556));
#300 = VECTOR('',#301,1.);
#301 = DIRECTION('',(0.,-0.382683432365,-0.923879532511));
#302 = PCURVE('',#257,#303);
#303 = DEFINITIONAL_REPRESENTATION('',(#304),#308);
#304 = LINE('',#305,#306);
#305 = CARTESIAN_POINT('',(0.,-910.));
#306 = VECTOR('',#307,1.);
#307 = DIRECTION('',(1.,0.));
#308 = ( GEOMETRIC_REPRESENTATION_CONTEXT(2) 
PARAMETRIC_REPRESENTATION_CONTEXT() REPRESENTATION_CONTEXT('2D SPACE',''
  ) );
#309 = PCURVE('',#72,#310);
#310 = DEFINITIONAL_REPRESENTATION('',(#311),#315);
#311 = LINE('',#312,#313);
#312 = CARTESIAN_POINT('',(267.87840265556,267.87840265556));
#313 = VECTOR('',#314,1.);
#314 = DIRECTION('',(-0.923879532511,0.382683432365));
#315 = ( GEOMETRIC_REPRESENTATION_CONTEXT(2) 
PARAMETRIC_REPRESENTATION_CONTEXT() REPRESENTATION_CONTEXT('2D SPACE',''
  ) );
#316 = ORIENTED_EDGE('',*,*,#317,.F.);
#317 = EDGE_CURVE('',#318,#295,#320,.T.);
#318 = VERTEX_POINT('',#319);
#319 = CARTESIAN_POINT('',(-455.,-378.8372701023,4.639418502285E-14));
#320 = SURFACE_CURVE('',#321,(#325,#332),.PCURVE_S1.);
#321 = LINE('',#322,#323);
#322 = CARTESIAN_POINT('',(-455.,-378.8372701023,4.639418502285E-14));
#323 = VECTOR('',#324,1.);
#324 = DIRECTION('',(1.,0.,0.));
#325 = PCURVE('',#257,#326);
#326 = DEFINITIONAL_REPRESENTATION('',(#327),#331);
#327 = LINE('',#328,#329);
#328 = CARTESIAN_POINT('',(289.94949366116,0.));
#329 = VECTOR('',#330,1.);
#330 = DIRECTION('',(0.,-1.));
#331 = ( GEOMETRIC_REPRESENTATION_CONTEXT(2) 
PARAMETRIC_REPRESENTATION_CONTEXT() REPRESENTATION_CONTEXT('2D SPACE',''
  ) );
#332 = PCURVE('',#333,#338);
#333 = PLANE('',#334);
#334 = AXIS2_PLACEMENT_3D('',#335,#336,#337);
#335 = CARTESIAN_POINT('',(-455.,-378.8372701023,4.639418502285E-14));
#336 = DIRECTION('',(0.,0.923879532511,0.382683432365));
#337 = DIRECTION('',(0.,0.382683432365,-0.923879532511));
#338 = DEFINITIONAL_REPRESENTATION('',(#339),#343);
#339 = LINE('',#340,#341);
#340 = CARTESIAN_POINT('',(0.,0.));
#341 = VECTOR('',#342,1.);
#342 = DIRECTION('',(0.,-1.));
#343 = ( GEOMETRIC_REPRESENTATION_CONTEXT(2) 
PARAMETRIC_REPRESENTATION_CONTEXT() REPRESENTATION_CONTEXT('2D SPACE',''
  ) );
#344 = ORIENTED_EDGE('',*,*,#345,.F.);
#345 = EDGE_CURVE('',#242,#318,#346,.T.);
#346 = SURFACE_CURVE('',#347,(#351,#358),.PCURVE_S1.);
#347 = LINE('',#348,#349);
#348 = CARTESIAN_POINT('',(-455.,-267.8784026555,267.87840265556));
#349 = VECTOR('',#350,1.);
#350 = DIRECTION('',(0.,-0.382683432365,-0.923879532511));
#351 = PCURVE('',#257,#352);
#352 = DEFINITIONAL_REPRESENTATION('',(#353),#357);
#353 = LINE('',#354,#355);
#354 = CARTESIAN_POINT('',(0.,0.));
#355 = VECTOR('',#356,1.);
#356 = DIRECTION('',(1.,0.));
#357 = ( GEOMETRIC_REPRESENTATION_CONTEXT(2) 
PARAMETRIC_REPRESENTATION_CONTEXT() REPRESENTATION_CONTEXT('2D SPACE',''
  ) );
#358 = PCURVE('',#126,#359);
#359 = DEFINITIONAL_REPRESENTATION('',(#360),#364);
#360 = LINE('',#361,#362);
#361 = CARTESIAN_POINT('',(267.87840265556,267.87840265556));
#362 = VECTOR('',#363,1.);
#363 = DIRECTION('',(-0.923879532511,0.382683432365));
#364 = ( GEOMETRIC_REPRESENTATION_CONTEXT(2) 
PARAMETRIC_REPRESENTATION_CONTEXT() REPRESENTATION_CONTEXT('2D SPACE',''
  ) );
#365 = ADVANCED_FACE('',(#366),#333,.F.);
#366 = FACE_BOUND('',#367,.F.);
#367 = EDGE_LOOP('',(#368,#369,#392,#420));
#368 = ORIENTED_EDGE('',*,*,#317,.T.);
#369 = ORIENTED_EDGE('',*,*,#370,.T.);
#370 = EDGE_CURVE('',#295,#371,#373,.T.);
#371 = VERTEX_POINT('',#372);
#372 = CARTESIAN_POINT('',(455.,-267.8784026555,-267.8784026555));
#373 = SURFACE_CURVE('',#374,(#378,#385),.PCURVE_S1.);
#374 = LINE('',#375,#376);
#375 = CARTESIAN_POINT('',(455.,-378.8372701023,4.639418502285E-14));
#376 = VECTOR('',#377,1.);
#377 = DIRECTION('',(0.,0.382683432365,-0.923879532511));
#378 = PCURVE('',#333,#379);
#379 = DEFINITIONAL_REPRESENTATION('',(#380),#384);
#380 = LINE('',#381,#382);
#381 = CARTESIAN_POINT('',(0.,-910.));
#382 = VECTOR('',#383,1.);
#383 = DIRECTION('',(1.,0.));
#384 = ( GEOMETRIC_REPRESENTATION_CONTEXT(2) 
PARAMETRIC_REPRESENTATION_CONTEXT() REPRESENTATION_CONTEXT('2D SPACE',''
  ) );
#385 = PCURVE('',#72,#386);
#386 = DEFINITIONAL_REPRESENTATION('',(#387),#391);
#387 = LINE('',#388,#389);
#388 = CARTESIAN_POINT('',(2.443704058359E-14,378.83727010233));
#389 = VECTOR('',#390,1.);
#390 = DIRECTION('',(-0.923879532511,-0.382683432365));
#391 = ( GEOMETRIC_REPRESENTATION_CONTEXT(2) 
PARAMETRIC_REPRESENTATION_CONTEXT() REPRESENTATION_CONTEXT('2D SPACE',''
  ) );
#392 = ORIENTED_EDGE('',*,*,#393,.F.);
#393 = EDGE_CURVE('',#394,#371,#396,.T.);
#394 = VERTEX_POINT('',#395);
#395 = CARTESIAN_POINT('',(-455.,-267.8784026555,-267.8784026555));
#396 = SURFACE_CURVE('',#397,(#401,#408),.PCURVE_S1.);
#397 = LINE('',#398,#399);
#398 = CARTESIAN_POINT('',(-455.,-267.8784026555,-267.8784026555));
#399 = VECTOR('',#400,1.);
#400 = DIRECTION('',(1.,0.,0.));
#401 = PCURVE('',#333,#402);
#402 = DEFINITIONAL_REPRESENTATION('',(#403),#407);
#403 = LINE('',#404,#405);
#404 = CARTESIAN_POINT('',(289.94949366116,0.));
#405 = VECTOR('',#406,1.);
#406 = DIRECTION('',(0.,-1.));
#407 = ( GEOMETRIC_REPRESENTATION_CONTEXT(2) 
PARAMETRIC_REPRESENTATION_CONTEXT() REPRESENTATION_CONTEXT('2D SPACE',''
  ) );
#408 = PCURVE('',#409,#414);
#409 = PLANE('',#410);
#410 = AXIS2_PLACEMENT_3D('',#411,#412,#413);
#411 = CARTESIAN_POINT('',(-455.,-267.8784026555,-267.8784026555));
#412 = DIRECTION('',(0.,0.382683432365,0.923879532511));
#413 = DIRECTION('',(0.,0.923879532511,-0.382683432365));
#414 = DEFINITIONAL_REPRESENTATION('',(#415),#419);
#415 = LINE('',#416,#417);
#416 = CARTESIAN_POINT('',(0.,0.));
#417 = VECTOR('',#418,1.);
#418 = DIRECTION('',(0.,-1.));
#419 = ( GEOMETRIC_REPRESENTATION_CONTEXT(2) 
PARAMETRIC_REPRESENTATION_CONTEXT() REPRESENTATION_CONTEXT('2D SPACE',''
  ) );
#420 = ORIENTED_EDGE('',*,*,#421,.F.);
#421 = EDGE_CURVE('',#318,#394,#422,.T.);
#422 = SURFACE_CURVE('',#423,(#427,#434),.PCURVE_S1.);
#423 = LINE('',#424,#425);
#424 = CARTESIAN_POINT('',(-455.,-378.8372701023,4.639418502285E-14));
#425 = VECTOR('',#426,1.);
#426 = DIRECTION('',(0.,0.382683432365,-0.923879532511));
#427 = PCURVE('',#333,#428);
#428 = DEFINITIONAL_REPRESENTATION('',(#429),#433);
#429 = LINE('',#430,#431);
#430 = CARTESIAN_POINT('',(0.,0.));
#431 = VECTOR('',#432,1.);
#432 = DIRECTION('',(1.,0.));
#433 = ( GEOMETRIC_REPRESENTATION_CONTEXT(2) 
PARAMETRIC_REPRESENTATION_CONTEXT() REPRESENTATION_CONTEXT('2D SPACE',''
  ) );
#434 = PCURVE('',#126,#435);
#435 = DEFINITIONAL_REPRESENTATION('',(#436),#440);
#436 = LINE('',#437,#438);
#437 = CARTESIAN_POINT('',(2.443704058359E-14,378.83727010233));
#438 = VECTOR('',#439,1.);
#439 = DIRECTION('',(-0.923879532511,-0.382683432365));
#440 = ( GEOMETRIC_REPRESENTATION_CONTEXT(2) 
PARAMETRIC_REPRESENTATION_CONTEXT() REPRESENTATION_CONTEXT('2D SPACE',''
  ) );
#441 = ADVANCED_FACE('',(#442),#409,.F.);
#442 = FACE_BOUND('',#443,.F.);
#443 = EDGE_LOOP('',(#444,#445,#468,#496));
#444 = ORIENTED_EDGE('',*,*,#393,.T.);
#445 = ORIENTED_EDGE('',*,*,#446,.T.);
#446 = EDGE_CURVE('',#371,#447,#449,.T.);
#447 = VERTEX_POINT('',#448);
#448 = CARTESIAN_POINT('',(455.,-6.959127753428E-14,-378.8372701023));
#449 = SURFACE_CURVE('',#450,(#454,#461),.PCURVE_S1.);
#450 = LINE('',#451,#452);
#451 = CARTESIAN_POINT('',(455.,-267.8784026555,-267.8784026555));
#452 = VECTOR('',#453,1.);
#453 = DIRECTION('',(0.,0.923879532511,-0.382683432365));
#454 = PCURVE('',#409,#455);
#455 = DEFINITIONAL_REPRESENTATION('',(#456),#460);
#456 = LINE('',#457,#458);
#457 = CARTESIAN_POINT('',(0.,-910.));
#458 = VECTOR('',#459,1.);
#459 = DIRECTION('',(1.,0.));
#460 = ( GEOMETRIC_REPRESENTATION_CONTEXT(2) 
PARAMETRIC_REPRESENTATION_CONTEXT() REPRESENTATION_CONTEXT('2D SPACE',''
  ) );
#461 = PCURVE('',#72,#462);
#462 = DEFINITIONAL_REPRESENTATION('',(#463),#467);
#463 = LINE('',#464,#465);
#464 = CARTESIAN_POINT('',(-267.8784026555,267.87840265556));
#465 = VECTOR('',#466,1.);
#466 = DIRECTION('',(-0.382683432365,-0.923879532511));
#467 = ( GEOMETRIC_REPRESENTATION_CONTEXT(2) 
PARAMETRIC_REPRESENTATION_CONTEXT() REPRESENTATION_CONTEXT('2D SPACE',''
  ) );
#468 = ORIENTED_EDGE('',*,*,#469,.F.);
#469 = EDGE_CURVE('',#470,#447,#472,.T.);
#470 = VERTEX_POINT('',#471);
#471 = CARTESIAN_POINT('',(-455.,-6.959127753428E-14,-378.8372701023));
#472 = SURFACE_CURVE('',#473,(#477,#484),.PCURVE_S1.);
#473 = LINE('',#474,#475);
#474 = CARTESIAN_POINT('',(-455.,-6.959127753428E-14,-378.8372701023));
#475 = VECTOR('',#476,1.);
#476 = DIRECTION('',(1.,0.,0.));
#477 = PCURVE('',#409,#478);
#478 = DEFINITIONAL_REPRESENTATION('',(#479),#483);
#479 = LINE('',#480,#481);
#480 = CARTESIAN_POINT('',(289.94949366116,0.));
#481 = VECTOR('',#482,1.);
#482 = DIRECTION('',(0.,-1.));
#483 = ( GEOMETRIC_REPRESENTATION_CONTEXT(2) 
PARAMETRIC_REPRESENTATION_CONTEXT() REPRESENTATION_CONTEXT('2D SPACE',''
  ) );
#484 = PCURVE('',#485,#490);
#485 = PLANE('',#486);
#486 = AXIS2_PLACEMENT_3D('',#487,#488,#489);
#487 = CARTESIAN_POINT('',(-455.,-6.959127753428E-14,-378.8372701023));
#488 = DIRECTION('',(0.,-0.382683432365,0.923879532511));
#489 = DIRECTION('',(0.,0.923879532511,0.382683432365));
#490 = DEFINITIONAL_REPRESENTATION('',(#491),#495);
#491 = LINE('',#492,#493);
#492 = CARTESIAN_POINT('',(0.,0.));
#493 = VECTOR('',#494,1.);
#494 = DIRECTION('',(0.,-1.));
#495 = ( GEOMETRIC_REPRESENTATION_CONTEXT(2) 
PARAMETRIC_REPRESENTATION_CONTEXT() REPRESENTATION_CONTEXT('2D SPACE',''
  ) );
#496 = ORIENTED_EDGE('',*,*,#497,.F.);
#497 = EDGE_CURVE('',#394,#470,#498,.T.);
#498 = SURFACE_CURVE('',#499,(#503,#510),.PCURVE_S1.);
#499 = LINE('',#500,#501);
#500 = CARTESIAN_POINT('',(-455.,-267.8784026555,-267.8784026555));
#501 = VECTOR('',#502,1.);
#502 = DIRECTION('',(0.,0.923879532511,-0.382683432365));
#503 = PCURVE('',#409,#504);
#504 = DEFINITIONAL_REPRESENTATION('',(#505),#509);
#505 = LINE('',#506,#507);
#506 = CARTESIAN_POINT('',(0.,0.));
#507 = VECTOR('',#508,1.);
#508 = DIRECTION('',(1.,0.));
#509 = ( GEOMETRIC_REPRESENTATION_CONTEXT(2) 
PARAMETRIC_REPRESENTATION_CONTEXT() REPRESENTATION_CONTEXT('2D SPACE',''
  ) );
#510 = PCURVE('',#126,#511);
#511 = DEFINITIONAL_REPRESENTATION('',(#512),#516);
#512 = LINE('',#513,#514);
#513 = CARTESIAN_POINT('',(-267.8784026555,267.87840265556));
#514 = VECTOR('',#515,1.);
#515 = DIRECTION('',(-0.382683432365,-0.923879532511));
#516 = ( GEOMETRIC_REPRESENTATION_CONTEXT(2) 
PARAMETRIC_REPRESENTATION_CONTEXT() REPRESENTATION_CONTEXT('2D SPACE',''
  ) );
#517 = ADVANCED_FACE('',(#518),#485,.F.);
#518 = FACE_BOUND('',#519,.F.);
#519 = EDGE_LOOP('',(#520,#521,#544,#567));
#520 = ORIENTED_EDGE('',*,*,#469,.T.);
#521 = ORIENTED_EDGE('',*,*,#522,.T.);
#522 = EDGE_CURVE('',#447,#523,#525,.T.);
#523 = VERTEX_POINT('',#524);
#524 = CARTESIAN_POINT('',(455.,267.87840265556,-267.8784026555));
#525 = SURFACE_CURVE('',#526,(#530,#537),.PCURVE_S1.);
#526 = LINE('',#527,#528);
#527 = CARTESIAN_POINT('',(455.,-6.959127753428E-14,-378.8372701023));
#528 = VECTOR('',#529,1.);
#529 = DIRECTION('',(0.,0.923879532511,0.382683432365));
#530 = PCURVE('',#485,#531);
#531 = DEFINITIONAL_REPRESENTATION('',(#532),#536);
#532 = LINE('',#533,#534);
#533 = CARTESIAN_POINT('',(0.,-910.));
#534 = VECTOR('',#535,1.);
#535 = DIRECTION('',(1.,0.));
#536 = ( GEOMETRIC_REPRESENTATION_CONTEXT(2) 
PARAMETRIC_REPRESENTATION_CONTEXT() REPRESENTATION_CONTEXT('2D SPACE',''
  ) );
#537 = PCURVE('',#72,#538);
#538 = DEFINITIONAL_REPRESENTATION('',(#539),#543);
#539 = LINE('',#540,#541);
#540 = CARTESIAN_POINT('',(-378.8372701023,6.645454261439E-14));
#541 = VECTOR('',#542,1.);
#542 = DIRECTION('',(0.382683432365,-0.923879532511));
#543 = ( GEOMETRIC_REPRESENTATION_CONTEXT(2) 
PARAMETRIC_REPRESENTATION_CONTEXT() REPRESENTATION_CONTEXT('2D SPACE',''
  ) );
#544 = ORIENTED_EDGE('',*,*,#545,.F.);
#545 = EDGE_CURVE('',#546,#523,#548,.T.);
#546 = VERTEX_POINT('',#547);
#547 = CARTESIAN_POINT('',(-455.,267.87840265556,-267.8784026555));
#548 = SURFACE_CURVE('',#549,(#553,#560),.PCURVE_S1.);
#549 = LINE('',#550,#551);
#550 = CARTESIAN_POINT('',(-455.,267.87840265556,-267.8784026555));
#551 = VECTOR('',#552,1.);
#552 = DIRECTION('',(1.,0.,0.));
#553 = PCURVE('',#485,#554);
#554 = DEFINITIONAL_REPRESENTATION('',(#555),#559);
#555 = LINE('',#556,#557);
#556 = CARTESIAN_POINT('',(289.94949366116,0.));
#557 = VECTOR('',#558,1.);
#558 = DIRECTION('',(0.,-1.));
#559 = ( GEOMETRIC_REPRESENTATION_CONTEXT(2) 
PARAMETRIC_REPRESENTATION_CONTEXT() REPRESENTATION_CONTEXT('2D SPACE',''
  ) );
#560 = PCURVE('',#44,#561);
#561 = DEFINITIONAL_REPRESENTATION('',(#562),#566);
#562 = LINE('',#563,#564);
#563 = CARTESIAN_POINT('',(0.,0.));
#564 = VECTOR('',#565,1.);
#565 = DIRECTION('',(0.,-1.));
#566 = ( GEOMETRIC_REPRESENTATION_CONTEXT(2) 
PARAMETRIC_REPRESENTATION_CONTEXT() REPRESENTATION_CONTEXT('2D SPACE',''
  ) );
#567 = ORIENTED_EDGE('',*,*,#568,.F.);
#568 = EDGE_CURVE('',#470,#546,#569,.T.);
#569 = SURFACE_CURVE('',#570,(#574,#581),.PCURVE_S1.);
#570 = LINE('',#571,#572);
#571 = CARTESIAN_POINT('',(-455.,-6.959127753428E-14,-378.8372701023));
#572 = VECTOR('',#573,1.);
#573 = DIRECTION('',(0.,0.923879532511,0.382683432365));
#574 = PCURVE('',#485,#575);
#575 = DEFINITIONAL_REPRESENTATION('',(#576),#580);
#576 = LINE('',#577,#578);
#577 = CARTESIAN_POINT('',(0.,0.));
#578 = VECTOR('',#579,1.);
#579 = DIRECTION('',(1.,0.));
#580 = ( GEOMETRIC_REPRESENTATION_CONTEXT(2) 
PARAMETRIC_REPRESENTATION_CONTEXT() REPRESENTATION_CONTEXT('2D SPACE',''
  ) );
#581 = PCURVE('',#126,#582);
#582 = DEFINITIONAL_REPRESENTATION('',(#583),#587);
#583 = LINE('',#584,#585);
#584 = CARTESIAN_POINT('',(-378.8372701023,6.645454261439E-14));
#585 = VECTOR('',#586,1.);
#586 = DIRECTION('',(0.382683432365,-0.923879532511));
#587 = ( GEOMETRIC_REPRESENTATION_CONTEXT(2) 
PARAMETRIC_REPRESENTATION_CONTEXT() REPRESENTATION_CONTEXT('2D SPACE',''
  ) );
#588 = ADVANCED_FACE('',(#589),#44,.F.);
#589 = FACE_BOUND('',#590,.F.);
#590 = EDGE_LOOP('',(#591,#592,#613,#614));
#591 = ORIENTED_EDGE('',*,*,#545,.T.);
#592 = ORIENTED_EDGE('',*,*,#593,.T.);
#593 = EDGE_CURVE('',#523,#24,#594,.T.);
#594 = SURFACE_CURVE('',#595,(#599,#606),.PCURVE_S1.);
#595 = LINE('',#596,#597);
#596 = CARTESIAN_POINT('',(455.,267.87840265556,-267.8784026555));
#597 = VECTOR('',#598,1.);
#598 = DIRECTION('',(0.,0.382683432365,0.923879532511));
#599 = PCURVE('',#44,#600);
#600 = DEFINITIONAL_REPRESENTATION('',(#601),#605);
#601 = LINE('',#602,#603);
#602 = CARTESIAN_POINT('',(0.,-910.));
#603 = VECTOR('',#604,1.);
#604 = DIRECTION('',(1.,0.));
#605 = ( GEOMETRIC_REPRESENTATION_CONTEXT(2) 
PARAMETRIC_REPRESENTATION_CONTEXT() REPRESENTATION_CONTEXT('2D SPACE',''
  ) );
#606 = PCURVE('',#72,#607);
#607 = DEFINITIONAL_REPRESENTATION('',(#608),#612);
#608 = LINE('',#609,#610);
#609 = CARTESIAN_POINT('',(-267.8784026555,-267.8784026555));
#610 = VECTOR('',#611,1.);
#611 = DIRECTION('',(0.923879532511,-0.382683432365));
#612 = ( GEOMETRIC_REPRESENTATION_CONTEXT(2) 
PARAMETRIC_REPRESENTATION_CONTEXT() REPRESENTATION_CONTEXT('2D SPACE',''
  ) );
#613 = ORIENTED_EDGE('',*,*,#21,.F.);
#614 = ORIENTED_EDGE('',*,*,#615,.F.);
#615 = EDGE_CURVE('',#546,#22,#616,.T.);
#616 = SURFACE_CURVE('',#617,(#621,#628),.PCURVE_S1.);
#617 = LINE('',#618,#619);
#618 = CARTESIAN_POINT('',(-455.,267.87840265556,-267.8784026555));
#619 = VECTOR('',#620,1.);
#620 = DIRECTION('',(0.,0.382683432365,0.923879532511));
#621 = PCURVE('',#44,#622);
#622 = DEFINITIONAL_REPRESENTATION('',(#623),#627);
#623 = LINE('',#624,#625);
#624 = CARTESIAN_POINT('',(0.,0.));
#625 = VECTOR('',#626,1.);
#626 = DIRECTION('',(1.,0.));
#627 = ( GEOMETRIC_REPRESENTATION_CONTEXT(2) 
PARAMETRIC_REPRESENTATION_CONTEXT() REPRESENTATION_CONTEXT('2D SPACE',''
  ) );
#628 = PCURVE('',#126,#629);
#629 = DEFINITIONAL_REPRESENTATION('',(#630),#634);
#630 = LINE('',#631,#632);
#631 = CARTESIAN_POINT('',(-267.8784026555,-267.8784026555));
#632 = VECTOR('',#633,1.);
#633 = DIRECTION('',(0.923879532511,-0.382683432365));
#634 = ( GEOMETRIC_REPRESENTATION_CONTEXT(2) 
PARAMETRIC_REPRESENTATION_CONTEXT() REPRESENTATION_CONTEXT('2D SPACE',''
  ) );
#635 = ADVANCED_FACE('',(#636),#126,.F.);
#636 = FACE_BOUND('',#637,.F.);
#637 = EDGE_LOOP('',(#638,#639,#640,#641,#642,#643,#644,#645));
#638 = ORIENTED_EDGE('',*,*,#112,.T.);
#639 = ORIENTED_EDGE('',*,*,#193,.T.);
#640 = ORIENTED_EDGE('',*,*,#269,.T.);
#641 = ORIENTED_EDGE('',*,*,#345,.T.);
#642 = ORIENTED_EDGE('',*,*,#421,.T.);
#643 = ORIENTED_EDGE('',*,*,#497,.T.);
#644 = ORIENTED_EDGE('',*,*,#568,.T.);
#645 = ORIENTED_EDGE('',*,*,#615,.T.);
#646 = ADVANCED_FACE('',(#647),#72,.T.);
#647 = FACE_BOUND('',#648,.T.);
#648 = EDGE_LOOP('',(#649,#650,#651,#652,#653,#654,#655,#656));
#649 = ORIENTED_EDGE('',*,*,#56,.T.);
#650 = ORIENTED_EDGE('',*,*,#142,.T.);
#651 = ORIENTED_EDGE('',*,*,#218,.T.);
#652 = ORIENTED_EDGE('',*,*,#294,.T.);
#653 = ORIENTED_EDGE('',*,*,#370,.T.);
#654 = ORIENTED_EDGE('',*,*,#446,.T.);
#655 = ORIENTED_EDGE('',*,*,#522,.T.);
#656 = ORIENTED_EDGE('',*,*,#593,.T.);
#657 = ( GEOMETRIC_REPRESENTATION_CONTEXT(3) 
GLOBAL_UNCERTAINTY_ASSIGNED_CONTEXT((#661)) GLOBAL_UNIT_ASSIGNED_CONTEXT
((#658,#659,#660)) REPRESENTATION_CONTEXT('Context #1',
  '3D Context with UNIT and UNCERTAINTY') );
#658 = ( LENGTH_UNIT() NAMED_UNIT(*) SI_UNIT($,.METRE.) );
#659 = ( NAMED_UNIT(*) PLANE_ANGLE_UNIT() SI_UNIT($,.RADIAN.) );
#660 = ( NAMED_UNIT(*) SI_UNIT($,.STERADIAN.) SOLID_ANGLE_UNIT() );
#661 = UNCERTAINTY_MEASURE_WITH_UNIT(LENGTH_MEASURE(1.E-07),#658,
  'distance_accuracy_value','confusion accuracy');
#662 = PRODUCT_RELATED_PRODUCT_CATEGORY('part',$,(#7));
#663 = SHAPE_DEFINITION_REPRESENTATION(#664,#670);
#664 = PRODUCT_DEFINITION_SHAPE('','',#665);
#665 = PRODUCT_DEFINITION('design','',#666,#669);
#666 = PRODUCT_DEFINITION_FORMATION('','',#667);
#667 = PRODUCT('Tail_Support','Tail_Support','',(#668));
#668 = PRODUCT_CONTEXT('',#2,'mechanical');
#669 = PRODUCT_DEFINITION_CONTEXT('part definition',#2,'design');
#670 = ADVANCED_BREP_SHAPE_REPRESENTATION('',(#11,#671),#769);
#671 = MANIFOLD_SOLID_BREP('',#672);
#672 = CLOSED_SHELL('',(#673,#761,#765));
#673 = ADVANCED_FACE('',(#674),#687,.T.);
#674 = FACE_BOUND('',#675,.T.);
#675 = EDGE_LOOP('',(#676,#710,#733,#760));
#676 = ORIENTED_EDGE('',*,*,#677,.F.);
#677 = EDGE_CURVE('',#678,#678,#680,.T.);
#678 = VERTEX_POINT('',#679);
#679 = CARTESIAN_POINT('',(-455.,-1.783085739559E-14,-72.8));
#680 = SURFACE_CURVE('',#681,(#686,#698),.PCURVE_S1.);
#681 = CIRCLE('',#682,72.8);
#682 = AXIS2_PLACEMENT_3D('',#683,#684,#685);
#683 = CARTESIAN_POINT('',(-455.,0.,4.662936703426E-14));
#684 = DIRECTION('',(1.,-0.,2.22044604925E-16));
#685 = DIRECTION('',(2.22044604925E-16,0.,-1.));
#686 = PCURVE('',#687,#692);
#687 = CONICAL_SURFACE('',#688,182.,0.479519291993);
#688 = AXIS2_PLACEMENT_3D('',#689,#690,#691);
#689 = CARTESIAN_POINT('',(-665.,0.,0.));
#690 = DIRECTION('',(-1.,-0.,-2.22044604925E-16));
#691 = DIRECTION('',(2.22044604925E-16,0.,-1.));
#692 = DEFINITIONAL_REPRESENTATION('',(#693),#697);
#693 = LINE('',#694,#695);
#694 = CARTESIAN_POINT('',(-0.,-210.));
#695 = VECTOR('',#696,1.);
#696 = DIRECTION('',(-1.,-0.));
#697 = ( GEOMETRIC_REPRESENTATION_CONTEXT(2) 
PARAMETRIC_REPRESENTATION_CONTEXT() REPRESENTATION_CONTEXT('2D SPACE',''
  ) );
#698 = PCURVE('',#699,#704);
#699 = PLANE('',#700);
#700 = AXIS2_PLACEMENT_3D('',#701,#702,#703);
#701 = CARTESIAN_POINT('',(-455.,0.,4.662936703426E-14));
#702 = DIRECTION('',(1.,0.,2.22044604925E-16));
#703 = DIRECTION('',(2.22044604925E-16,0.,-1.));
#704 = DEFINITIONAL_REPRESENTATION('',(#705),#709);
#705 = CIRCLE('',#706,72.8);
#706 = AXIS2_PLACEMENT_2D('',#707,#708);
#707 = CARTESIAN_POINT('',(0.,0.));
#708 = DIRECTION('',(1.,0.));
#709 = ( GEOMETRIC_REPRESENTATION_CONTEXT(2) 
PARAMETRIC_REPRESENTATION_CONTEXT() REPRESENTATION_CONTEXT('2D SPACE',''
  ) );
#710 = ORIENTED_EDGE('',*,*,#711,.F.);
#711 = EDGE_CURVE('',#712,#678,#714,.T.);
#712 = VERTEX_POINT('',#713);
#713 = CARTESIAN_POINT('',(-665.,-4.457714348896E-14,-182.));
#714 = SEAM_CURVE('',#715,(#719,#726),.PCURVE_S1.);
#715 = LINE('',#716,#717);
#716 = CARTESIAN_POINT('',(-665.,-4.457714348896E-14,-182.));
#717 = VECTOR('',#718,1.);
#718 = DIRECTION('',(0.887216801235,1.129988304413E-16,0.461352736642));
#719 = PCURVE('',#687,#720);
#720 = DEFINITIONAL_REPRESENTATION('',(#721),#725);
#721 = LINE('',#722,#723);
#722 = CARTESIAN_POINT('',(-6.28318530718,0.));
#723 = VECTOR('',#724,1.);
#724 = DIRECTION('',(-0.,-1.));
#725 = ( GEOMETRIC_REPRESENTATION_CONTEXT(2) 
PARAMETRIC_REPRESENTATION_CONTEXT() REPRESENTATION_CONTEXT('2D SPACE',''
  ) );
#726 = PCURVE('',#687,#727);
#727 = DEFINITIONAL_REPRESENTATION('',(#728),#732);
#728 = LINE('',#729,#730);
#729 = CARTESIAN_POINT('',(0.,-0.));
#730 = VECTOR('',#731,1.);
#731 = DIRECTION('',(-0.,-1.));
#732 = ( GEOMETRIC_REPRESENTATION_CONTEXT(2) 
PARAMETRIC_REPRESENTATION_CONTEXT() REPRESENTATION_CONTEXT('2D SPACE',''
  ) );
#733 = ORIENTED_EDGE('',*,*,#734,.T.);
#734 = EDGE_CURVE('',#712,#712,#735,.T.);
#735 = SURFACE_CURVE('',#736,(#741,#748),.PCURVE_S1.);
#736 = CIRCLE('',#737,182.);
#737 = AXIS2_PLACEMENT_3D('',#738,#739,#740);
#738 = CARTESIAN_POINT('',(-665.,0.,0.));
#739 = DIRECTION('',(1.,-0.,2.22044604925E-16));
#740 = DIRECTION('',(2.22044604925E-16,0.,-1.));
#741 = PCURVE('',#687,#742);
#742 = DEFINITIONAL_REPRESENTATION('',(#743),#747);
#743 = LINE('',#744,#745);
#744 = CARTESIAN_POINT('',(-0.,-0.));
#745 = VECTOR('',#746,1.);
#746 = DIRECTION('',(-1.,-0.));
#747 = ( GEOMETRIC_REPRESENTATION_CONTEXT(2) 
PARAMETRIC_REPRESENTATION_CONTEXT() REPRESENTATION_CONTEXT('2D SPACE',''
  ) );
#748 = PCURVE('',#749,#754);
#749 = PLANE('',#750);
#750 = AXIS2_PLACEMENT_3D('',#751,#752,#753);
#751 = CARTESIAN_POINT('',(-665.,0.,0.));
#752 = DIRECTION('',(1.,0.,2.22044604925E-16));
#753 = DIRECTION('',(2.22044604925E-16,0.,-1.));
#754 = DEFINITIONAL_REPRESENTATION('',(#755),#759);
#755 = CIRCLE('',#756,182.);
#756 = AXIS2_PLACEMENT_2D('',#757,#758);
#757 = CARTESIAN_POINT('',(0.,0.));
#758 = DIRECTION('',(1.,0.));
#759 = ( GEOMETRIC_REPRESENTATION_CONTEXT(2) 
PARAMETRIC_REPRESENTATION_CONTEXT() REPRESENTATION_CONTEXT('2D SPACE',''
  ) );
#760 = ORIENTED_EDGE('',*,*,#711,.T.);
#761 = ADVANCED_FACE('',(#762),#699,.T.);
#762 = FACE_BOUND('',#763,.T.);
#763 = EDGE_LOOP('',(#764));
#764 = ORIENTED_EDGE('',*,*,#677,.T.);
#765 = ADVANCED_FACE('',(#766),#749,.F.);
#766 = FACE_BOUND('',#767,.T.);
#767 = EDGE_LOOP('',(#768));
#768 = ORIENTED_EDGE('',*,*,#734,.F.);
#769 = ( GEOMETRIC_REPRESENTATION_CONTEXT(3) 
GLOBAL_UNCERTAINTY_ASSIGNED_CONTEXT((#773)) GLOBAL_UNIT_ASSIGNED_CONTEXT
((#770,#771,#772)) REPRESENTATION_CONTEXT('Context #1',
  '3D Context with UNIT and UNCERTAINTY') );
#770 = ( LENGTH_UNIT() NAMED_UNIT(*) SI_UNIT($,.METRE.) );
#771 = ( NAMED_UNIT(*) PLANE_ANGLE_UNIT() SI_UNIT($,.RADIAN.) );
#772 = ( NAMED_UNIT(*) SI_UNIT($,.STERADIAN.) SOLID_ANGLE_UNIT() );
#773 = UNCERTAINTY_MEASURE_WITH_UNIT(LENGTH_MEASURE(1.E-07),#770,
  'distance_accuracy_value','confusion accuracy');
#774 = PRODUCT_RELATED_PRODUCT_CATEGORY('part',$,(#667));
#775 = SHAPE_DEFINITION_REPRESENTATION(#776,#782);
#776 = PRODUCT_DEFINITION_SHAPE('','',#777);
#777 = PRODUCT_DEFINITION('design','',#778,#781);
#778 = PRODUCT_DEFINITION_FORMATION('','',#779);
#779 = PRODUCT('Plasma_Core','Plasma_Core','',(#780));
#780 = PRODUCT_CONTEXT('',#2,'mechanical');
#781 = PRODUCT_DEFINITION_CONTEXT('part definition',#2,'design');
#782 = SHAPE_REPRESENTATION('',(#11,#783,#881),#979);
#783 = MANIFOLD_SOLID_BREP('',#784);
#784 = CLOSED_SHELL('',(#785,#873,#877));
#785 = ADVANCED_FACE('',(#786),#799,.T.);
#786 = FACE_BOUND('',#787,.T.);
#787 = EDGE_LOOP('',(#788,#822,#845,#872));
#788 = ORIENTED_EDGE('',*,*,#789,.F.);
#789 = EDGE_CURVE('',#790,#790,#792,.T.);
#790 = VERTEX_POINT('',#791);
#791 = CARTESIAN_POINT('',(-522.3622678053,350.,50.330928551631));
#792 = SURFACE_CURVE('',#793,(#798,#810),.PCURVE_S1.);
#793 = CIRCLE('',#794,50.4);
#794 = AXIS2_PLACEMENT_3D('',#795,#796,#797);
#795 = CARTESIAN_POINT('',(-525.,350.,0.));
#796 = DIRECTION('',(0.998629534755,0.,-5.233595624294E-02));
#797 = DIRECTION('',(5.233595624294E-02,0.,0.998629534755));
#798 = PCURVE('',#799,#804);
#799 = CONICAL_SURFACE('',#800,44.1,3.702011587393E-02);
#800 = AXIS2_PLACEMENT_3D('',#801,#802,#803);
#801 = CARTESIAN_POINT('',(-694.8668838617,350.,8.902346156925));
#802 = DIRECTION('',(0.998629534755,0.,-5.233595624294E-02));
#803 = DIRECTION('',(5.233595624294E-02,0.,0.998629534755));
#804 = DEFINITIONAL_REPRESENTATION('',(#805),#809);
#805 = LINE('',#806,#807);
#806 = CARTESIAN_POINT('',(0.,170.1));
#807 = VECTOR('',#808,1.);
#808 = DIRECTION('',(1.,0.));
#809 = ( GEOMETRIC_REPRESENTATION_CONTEXT(2) 
PARAMETRIC_REPRESENTATION_CONTEXT() REPRESENTATION_CONTEXT('2D SPACE',''
  ) );
#810 = PCURVE('',#811,#816);
#811 = PLANE('',#812);
#812 = AXIS2_PLACEMENT_3D('',#813,#814,#815);
#813 = CARTESIAN_POINT('',(-525.,350.,0.));
#814 = DIRECTION('',(0.998629534755,0.,-5.233595624294E-02));
#815 = DIRECTION('',(5.233595624294E-02,0.,0.998629534755));
#816 = DEFINITIONAL_REPRESENTATION('',(#817),#821);
#817 = CIRCLE('',#818,50.4);
#818 = AXIS2_PLACEMENT_2D('',#819,#820);
#819 = CARTESIAN_POINT('',(0.,0.));
#820 = DIRECTION('',(1.,0.));
#821 = ( GEOMETRIC_REPRESENTATION_CONTEXT(2) 
PARAMETRIC_REPRESENTATION_CONTEXT() REPRESENTATION_CONTEXT('2D SPACE',''
  ) );
#822 = ORIENTED_EDGE('',*,*,#823,.F.);
#823 = EDGE_CURVE('',#824,#790,#826,.T.);
#824 = VERTEX_POINT('',#825);
#825 = CARTESIAN_POINT('',(-692.5588681914,350.,52.941908639601));
#826 = SEAM_CURVE('',#827,(#831,#838),.PCURVE_S1.);
#827 = LINE('',#828,#829);
#828 = CARTESIAN_POINT('',(-692.5588681914,350.,52.941908639601));
#829 = VECTOR('',#830,1.);
#830 = DIRECTION('',(0.999882348163,9.065242314911E-18,
    -1.533916009747E-02));
#831 = PCURVE('',#799,#832);
#832 = DEFINITIONAL_REPRESENTATION('',(#833),#837);
#833 = LINE('',#834,#835);
#834 = CARTESIAN_POINT('',(6.28318530718,-0.));
#835 = VECTOR('',#836,1.);
#836 = DIRECTION('',(0.,1.));
#837 = ( GEOMETRIC_REPRESENTATION_CONTEXT(2) 
PARAMETRIC_REPRESENTATION_CONTEXT() REPRESENTATION_CONTEXT('2D SPACE',''
  ) );
#838 = PCURVE('',#799,#839);
#839 = DEFINITIONAL_REPRESENTATION('',(#840),#844);
#840 = LINE('',#841,#842);
#841 = CARTESIAN_POINT('',(0.,-0.));
#842 = VECTOR('',#843,1.);
#843 = DIRECTION('',(0.,1.));
#844 = ( GEOMETRIC_REPRESENTATION_CONTEXT(2) 
PARAMETRIC_REPRESENTATION_CONTEXT() REPRESENTATION_CONTEXT('2D SPACE',''
  ) );
#845 = ORIENTED_EDGE('',*,*,#846,.T.);
#846 = EDGE_CURVE('',#824,#824,#847,.T.);
#847 = SURFACE_CURVE('',#848,(#853,#860),.PCURVE_S1.);
#848 = CIRCLE('',#849,44.1);
#849 = AXIS2_PLACEMENT_3D('',#850,#851,#852);
#850 = CARTESIAN_POINT('',(-694.8668838617,350.,8.902346156925));
#851 = DIRECTION('',(0.998629534755,0.,-5.233595624294E-02));
#852 = DIRECTION('',(5.233595624294E-02,0.,0.998629534755));
#853 = PCURVE('',#799,#854);
#854 = DEFINITIONAL_REPRESENTATION('',(#855),#859);
#855 = LINE('',#856,#857);
#856 = CARTESIAN_POINT('',(0.,0.));
#857 = VECTOR('',#858,1.);
#858 = DIRECTION('',(1.,0.));
#859 = ( GEOMETRIC_REPRESENTATION_CONTEXT(2) 
PARAMETRIC_REPRESENTATION_CONTEXT() REPRESENTATION_CONTEXT('2D SPACE',''
  ) );
#860 = PCURVE('',#861,#866);
#861 = PLANE('',#862);
#862 = AXIS2_PLACEMENT_3D('',#863,#864,#865);
#863 = CARTESIAN_POINT('',(-694.8668838617,350.,8.902346156925));
#864 = DIRECTION('',(0.998629534755,0.,-5.233595624294E-02));
#865 = DIRECTION('',(5.233595624294E-02,0.,0.998629534755));
#866 = DEFINITIONAL_REPRESENTATION('',(#867),#871);
#867 = CIRCLE('',#868,44.1);
#868 = AXIS2_PLACEMENT_2D('',#869,#870);
#869 = CARTESIAN_POINT('',(0.,0.));
#870 = DIRECTION('',(1.,0.));
#871 = ( GEOMETRIC_REPRESENTATION_CONTEXT(2) 
PARAMETRIC_REPRESENTATION_CONTEXT() REPRESENTATION_CONTEXT('2D SPACE',''
  ) );
#872 = ORIENTED_EDGE('',*,*,#823,.T.);
#873 = ADVANCED_FACE('',(#874),#811,.T.);
#874 = FACE_BOUND('',#875,.T.);
#875 = EDGE_LOOP('',(#876));
#876 = ORIENTED_EDGE('',*,*,#789,.T.);
#877 = ADVANCED_FACE('',(#878),#861,.F.);
#878 = FACE_BOUND('',#879,.T.);
#879 = EDGE_LOOP('',(#880));
#880 = ORIENTED_EDGE('',*,*,#846,.F.);
#881 = MANIFOLD_SOLID_BREP('',#882);
#882 = CLOSED_SHELL('',(#883,#971,#975));
#883 = ADVANCED_FACE('',(#884),#897,.T.);
#884 = FACE_BOUND('',#885,.T.);
#885 = EDGE_LOOP('',(#886,#920,#943,#970));
#886 = ORIENTED_EDGE('',*,*,#887,.F.);
#887 = EDGE_CURVE('',#888,#888,#890,.T.);
#888 = VERTEX_POINT('',#889);
#889 = CARTESIAN_POINT('',(-522.3622678053,-350.,50.330928551631));
#890 = SURFACE_CURVE('',#891,(#896,#908),.PCURVE_S1.);
#891 = CIRCLE('',#892,50.4);
#892 = AXIS2_PLACEMENT_3D('',#893,#894,#895);
#893 = CARTESIAN_POINT('',(-525.,-350.,4.263256414561E-14));
#894 = DIRECTION('',(0.998629534755,0.,-5.233595624294E-02));
#895 = DIRECTION('',(5.233595624294E-02,0.,0.998629534755));
#896 = PCURVE('',#897,#902);
#897 = CONICAL_SURFACE('',#898,44.1,3.702011587393E-02);
#898 = AXIS2_PLACEMENT_3D('',#899,#900,#901);
#899 = CARTESIAN_POINT('',(-694.8668838617,-350.,8.902346156925));
#900 = DIRECTION('',(0.998629534755,0.,-5.233595624294E-02));
#901 = DIRECTION('',(5.233595624294E-02,0.,0.998629534755));
#902 = DEFINITIONAL_REPRESENTATION('',(#903),#907);
#903 = LINE('',#904,#905);
#904 = CARTESIAN_POINT('',(0.,170.1));
#905 = VECTOR('',#906,1.);
#906 = DIRECTION('',(1.,0.));
#907 = ( GEOMETRIC_REPRESENTATION_CONTEXT(2) 
PARAMETRIC_REPRESENTATION_CONTEXT() REPRESENTATION_CONTEXT('2D SPACE',''
  ) );
#908 = PCURVE('',#909,#914);
#909 = PLANE('',#910);
#910 = AXIS2_PLACEMENT_3D('',#911,#912,#913);
#911 = CARTESIAN_POINT('',(-525.,-350.,4.263256414561E-14));
#912 = DIRECTION('',(0.998629534755,0.,-5.233595624294E-02));
#913 = DIRECTION('',(5.233595624294E-02,0.,0.998629534755));
#914 = DEFINITIONAL_REPRESENTATION('',(#915),#919);
#915 = CIRCLE('',#916,50.4);
#916 = AXIS2_PLACEMENT_2D('',#917,#918);
#917 = CARTESIAN_POINT('',(0.,0.));
#918 = DIRECTION('',(1.,0.));
#919 = ( GEOMETRIC_REPRESENTATION_CONTEXT(2) 
PARAMETRIC_REPRESENTATION_CONTEXT() REPRESENTATION_CONTEXT('2D SPACE',''
  ) );
#920 = ORIENTED_EDGE('',*,*,#921,.F.);
#921 = EDGE_CURVE('',#922,#888,#924,.T.);
#922 = VERTEX_POINT('',#923);
#923 = CARTESIAN_POINT('',(-692.5588681914,-350.,52.941908639601));
#924 = SEAM_CURVE('',#925,(#929,#936),.PCURVE_S1.);
#925 = LINE('',#926,#927);
#926 = CARTESIAN_POINT('',(-692.5588681914,-350.,52.941908639601));
#927 = VECTOR('',#928,1.);
#928 = DIRECTION('',(0.999882348163,9.065242314911E-18,
    -1.533916009747E-02));
#929 = PCURVE('',#897,#930);
#930 = DEFINITIONAL_REPRESENTATION('',(#931),#935);
#931 = LINE('',#932,#933);
#932 = CARTESIAN_POINT('',(6.28318530718,-0.));
#933 = VECTOR('',#934,1.);
#934 = DIRECTION('',(0.,1.));
#935 = ( GEOMETRIC_REPRESENTATION_CONTEXT(2) 
PARAMETRIC_REPRESENTATION_CONTEXT() REPRESENTATION_CONTEXT('2D SPACE',''
  ) );
#936 = PCURVE('',#897,#937);
#937 = DEFINITIONAL_REPRESENTATION('',(#938),#942);
#938 = LINE('',#939,#940);
#939 = CARTESIAN_POINT('',(0.,-0.));
#940 = VECTOR('',#941,1.);
#941 = DIRECTION('',(0.,1.));
#942 = ( GEOMETRIC_REPRESENTATION_CONTEXT(2) 
PARAMETRIC_REPRESENTATION_CONTEXT() REPRESENTATION_CONTEXT('2D SPACE',''
  ) );
#943 = ORIENTED_EDGE('',*,*,#944,.T.);
#944 = EDGE_CURVE('',#922,#922,#945,.T.);
#945 = SURFACE_CURVE('',#946,(#951,#958),.PCURVE_S1.);
#946 = CIRCLE('',#947,44.1);
#947 = AXIS2_PLACEMENT_3D('',#948,#949,#950);
#948 = CARTESIAN_POINT('',(-694.8668838617,-350.,8.902346156925));
#949 = DIRECTION('',(0.998629534755,0.,-5.233595624294E-02));
#950 = DIRECTION('',(5.233595624294E-02,0.,0.998629534755));
#951 = PCURVE('',#897,#952);
#952 = DEFINITIONAL_REPRESENTATION('',(#953),#957);
#953 = LINE('',#954,#955);
#954 = CARTESIAN_POINT('',(0.,0.));
#955 = VECTOR('',#956,1.);
#956 = DIRECTION('',(1.,0.));
#957 = ( GEOMETRIC_REPRESENTATION_CONTEXT(2) 
PARAMETRIC_REPRESENTATION_CONTEXT() REPRESENTATION_CONTEXT('2D SPACE',''
  ) );
#958 = PCURVE('',#959,#964);
#959 = PLANE('',#960);
#960 = AXIS2_PLACEMENT_3D('',#961,#962,#963);
#961 = CARTESIAN_POINT('',(-694.8668838617,-350.,8.902346156925));
#962 = DIRECTION('',(0.998629534755,0.,-5.233595624294E-02));
#963 = DIRECTION('',(5.233595624294E-02,0.,0.998629534755));
#964 = DEFINITIONAL_REPRESENTATION('',(#965),#969);
#965 = CIRCLE('',#966,44.1);
#966 = AXIS2_PLACEMENT_2D('',#967,#968);
#967 = CARTESIAN_POINT('',(0.,0.));
#968 = DIRECTION('',(1.,0.));
#969 = ( GEOMETRIC_REPRESENTATION_CONTEXT(2) 
PARAMETRIC_REPRESENTATION_CONTEXT() REPRESENTATION_CONTEXT('2D SPACE',''
  ) );
#970 = ORIENTED_EDGE('',*,*,#921,.T.);
#971 = ADVANCED_FACE('',(#972),#909,.T.);
#972 = FACE_BOUND('',#973,.T.);
#973 = EDGE_LOOP('',(#974));
#974 = ORIENTED_EDGE('',*,*,#887,.T.);
#975 = ADVANCED_FACE('',(#976),#959,.F.);
#976 = FACE_BOUND('',#977,.T.);
#977 = EDGE_LOOP('',(#978));
#978 = ORIENTED_EDGE('',*,*,#944,.F.);
#979 = ( GEOMETRIC_REPRESENTATION_CONTEXT(3) 
GLOBAL_UNCERTAINTY_ASSIGNED_CONTEXT((#983)) GLOBAL_UNIT_ASSIGNED_CONTEXT
((#980,#981,#982)) REPRESENTATION_CONTEXT('Context #1',
  '3D Context with UNIT and UNCERTAINTY') );
#980 = ( LENGTH_UNIT() NAMED_UNIT(*) SI_UNIT($,.METRE.) );
#981 = ( NAMED_UNIT(*) PLANE_ANGLE_UNIT() SI_UNIT($,.RADIAN.) );
#982 = ( NAMED_UNIT(*) SI_UNIT($,.STERADIAN.) SOLID_ANGLE_UNIT() );
#983 = UNCERTAINTY_MEASURE_WITH_UNIT(LENGTH_MEASURE(1.E-07),#980,
  'distance_accuracy_value','confusion accuracy');
#984 = PRODUCT_RELATED_PRODUCT_CATEGORY('part',$,(#779));
#985 = SHAPE_DEFINITION_REPRESENTATION(#986,#992);
#986 = PRODUCT_DEFINITION_SHAPE('','',#987);
#987 = PRODUCT_DEFINITION('design','',#988,#991);
#988 = PRODUCT_DEFINITION_FORMATION('','',#989);
#989 = PRODUCT('Assembly_Compound','Assembly_Compound','',(#990));
#990 = PRODUCT_CONTEXT('',#2,'mechanical');
#991 = PRODUCT_DEFINITION_CONTEXT('part definition',#2,'design');
#992 = SHAPE_REPRESENTATION('',(#11,#993,#1635,#1733,#1831,#2161,#4002,
    #5843,#5941,#6039,#6369,#6557,#6745,#6843,#6941,#7039),#7170);
#993 = MANIFOLD_SOLID_BREP('',#994);
#994 = CLOSED_SHELL('',(#995,#1115,#1191,#1267,#1343,#1419,#1495,#1566,
    #1613,#1624));
#995 = ADVANCED_FACE('',(#996),#1010,.F.);
#996 = FACE_BOUND('',#997,.F.);
#997 = EDGE_LOOP('',(#998,#1033,#1061,#1089));
#998 = ORIENTED_EDGE('',*,*,#999,.T.);
#999 = EDGE_CURVE('',#1000,#1002,#1004,.T.);
#1000 = VERTEX_POINT('',#1001);
#1001 = CARTESIAN_POINT('',(-455.,378.83727010233,0.));
#1002 = VERTEX_POINT('',#1003);
#1003 = CARTESIAN_POINT('',(455.,378.83727010233,0.));
#1004 = SURFACE_CURVE('',#1005,(#1009,#1021),.PCURVE_S1.);
#1005 = LINE('',#1006,#1007);
#1006 = CARTESIAN_POINT('',(-455.,378.83727010233,0.));
#1007 = VECTOR('',#1008,1.);
#1008 = DIRECTION('',(1.,0.,0.));
#1009 = PCURVE('',#1010,#1015);
#1010 = PLANE('',#1011);
#1011 = AXIS2_PLACEMENT_3D('',#1012,#1013,#1014);
#1012 = CARTESIAN_POINT('',(-455.,378.83727010233,0.));
#1013 = DIRECTION('',(0.,-0.923879532511,-0.382683432365));
#1014 = DIRECTION('',(0.,-0.382683432365,0.923879532511));
#1015 = DEFINITIONAL_REPRESENTATION('',(#1016),#1020);
#1016 = LINE('',#1017,#1018);
#1017 = CARTESIAN_POINT('',(0.,0.));
#1018 = VECTOR('',#1019,1.);
#1019 = DIRECTION('',(0.,-1.));
#1020 = ( GEOMETRIC_REPRESENTATION_CONTEXT(2) 
PARAMETRIC_REPRESENTATION_CONTEXT() REPRESENTATION_CONTEXT('2D SPACE',''
  ) );
#1021 = PCURVE('',#1022,#1027);
#1022 = PLANE('',#1023);
#1023 = AXIS2_PLACEMENT_3D('',#1024,#1025,#1026);
#1024 = CARTESIAN_POINT('',(-455.,267.87840265556,-267.8784026555));
#1025 = DIRECTION('',(0.,-0.923879532511,0.382683432365));
#1026 = DIRECTION('',(0.,0.382683432365,0.923879532511));
#1027 = DEFINITIONAL_REPRESENTATION('',(#1028),#1032);
#1028 = LINE('',#1029,#1030);
#1029 = CARTESIAN_POINT('',(289.94949366116,0.));
#1030 = VECTOR('',#1031,1.);
#1031 = DIRECTION('',(0.,-1.));
#1032 = ( GEOMETRIC_REPRESENTATION_CONTEXT(2) 
PARAMETRIC_REPRESENTATION_CONTEXT() REPRESENTATION_CONTEXT('2D SPACE',''
  ) );
#1033 = ORIENTED_EDGE('',*,*,#1034,.T.);
#1034 = EDGE_CURVE('',#1002,#1035,#1037,.T.);
#1035 = VERTEX_POINT('',#1036);
#1036 = CARTESIAN_POINT('',(455.,267.87840265556,267.87840265556));
#1037 = SURFACE_CURVE('',#1038,(#1042,#1049),.PCURVE_S1.);
#1038 = LINE('',#1039,#1040);
#1039 = CARTESIAN_POINT('',(455.,378.83727010233,0.));
#1040 = VECTOR('',#1041,1.);
#1041 = DIRECTION('',(0.,-0.382683432365,0.923879532511));
#1042 = PCURVE('',#1010,#1043);
#1043 = DEFINITIONAL_REPRESENTATION('',(#1044),#1048);
#1044 = LINE('',#1045,#1046);
#1045 = CARTESIAN_POINT('',(0.,-910.));
#1046 = VECTOR('',#1047,1.);
#1047 = DIRECTION('',(1.,0.));
#1048 = ( GEOMETRIC_REPRESENTATION_CONTEXT(2) 
PARAMETRIC_REPRESENTATION_CONTEXT() REPRESENTATION_CONTEXT('2D SPACE',''
  ) );
#1049 = PCURVE('',#1050,#1055);
#1050 = PLANE('',#1051);
#1051 = AXIS2_PLACEMENT_3D('',#1052,#1053,#1054);
#1052 = CARTESIAN_POINT('',(455.,-3.136734919895E-15,2.195714443927E-14)
  );
#1053 = DIRECTION('',(1.,0.,0.));
#1054 = DIRECTION('',(0.,0.,1.));
#1055 = DEFINITIONAL_REPRESENTATION('',(#1056),#1060);
#1056 = LINE('',#1057,#1058);
#1057 = CARTESIAN_POINT('',(-2.195714443927E-14,-378.8372701023));
#1058 = VECTOR('',#1059,1.);
#1059 = DIRECTION('',(0.923879532511,0.382683432365));
#1060 = ( GEOMETRIC_REPRESENTATION_CONTEXT(2) 
PARAMETRIC_REPRESENTATION_CONTEXT() REPRESENTATION_CONTEXT('2D SPACE',''
  ) );
#1061 = ORIENTED_EDGE('',*,*,#1062,.F.);
#1062 = EDGE_CURVE('',#1063,#1035,#1065,.T.);
#1063 = VERTEX_POINT('',#1064);
#1064 = CARTESIAN_POINT('',(-455.,267.87840265556,267.87840265556));
#1065 = SURFACE_CURVE('',#1066,(#1070,#1077),.PCURVE_S1.);
#1066 = LINE('',#1067,#1068);
#1067 = CARTESIAN_POINT('',(-455.,267.87840265556,267.87840265556));
#1068 = VECTOR('',#1069,1.);
#1069 = DIRECTION('',(1.,0.,0.));
#1070 = PCURVE('',#1010,#1071);
#1071 = DEFINITIONAL_REPRESENTATION('',(#1072),#1076);
#1072 = LINE('',#1073,#1074);
#1073 = CARTESIAN_POINT('',(289.94949366116,0.));
#1074 = VECTOR('',#1075,1.);
#1075 = DIRECTION('',(0.,-1.));
#1076 = ( GEOMETRIC_REPRESENTATION_CONTEXT(2) 
PARAMETRIC_REPRESENTATION_CONTEXT() REPRESENTATION_CONTEXT('2D SPACE',''
  ) );
#1077 = PCURVE('',#1078,#1083);
#1078 = PLANE('',#1079);
#1079 = AXIS2_PLACEMENT_3D('',#1080,#1081,#1082);
#1080 = CARTESIAN_POINT('',(-455.,267.87840265556,267.87840265556));
#1081 = DIRECTION('',(0.,-0.382683432365,-0.923879532511));
#1082 = DIRECTION('',(0.,-0.923879532511,0.382683432365));
#1083 = DEFINITIONAL_REPRESENTATION('',(#1084),#1088);
#1084 = LINE('',#1085,#1086);
#1085 = CARTESIAN_POINT('',(0.,0.));
#1086 = VECTOR('',#1087,1.);
#1087 = DIRECTION('',(0.,-1.));
#1088 = ( GEOMETRIC_REPRESENTATION_CONTEXT(2) 
PARAMETRIC_REPRESENTATION_CONTEXT() REPRESENTATION_CONTEXT('2D SPACE',''
  ) );
#1089 = ORIENTED_EDGE('',*,*,#1090,.F.);
#1090 = EDGE_CURVE('',#1000,#1063,#1091,.T.);
#1091 = SURFACE_CURVE('',#1092,(#1096,#1103),.PCURVE_S1.);
#1092 = LINE('',#1093,#1094);
#1093 = CARTESIAN_POINT('',(-455.,378.83727010233,0.));
#1094 = VECTOR('',#1095,1.);
#1095 = DIRECTION('',(0.,-0.382683432365,0.923879532511));
#1096 = PCURVE('',#1010,#1097);
#1097 = DEFINITIONAL_REPRESENTATION('',(#1098),#1102);
#1098 = LINE('',#1099,#1100);
#1099 = CARTESIAN_POINT('',(0.,0.));
#1100 = VECTOR('',#1101,1.);
#1101 = DIRECTION('',(1.,0.));
#1102 = ( GEOMETRIC_REPRESENTATION_CONTEXT(2) 
PARAMETRIC_REPRESENTATION_CONTEXT() REPRESENTATION_CONTEXT('2D SPACE',''
  ) );
#1103 = PCURVE('',#1104,#1109);
#1104 = PLANE('',#1105);
#1105 = AXIS2_PLACEMENT_3D('',#1106,#1107,#1108);
#1106 = CARTESIAN_POINT('',(-455.,-3.136734919895E-15,2.195714443927E-14
    ));
#1107 = DIRECTION('',(1.,0.,0.));
#1108 = DIRECTION('',(0.,0.,1.));
#1109 = DEFINITIONAL_REPRESENTATION('',(#1110),#1114);
#1110 = LINE('',#1111,#1112);
#1111 = CARTESIAN_POINT('',(-2.195714443927E-14,-378.8372701023));
#1112 = VECTOR('',#1113,1.);
#1113 = DIRECTION('',(0.923879532511,0.382683432365));
#1114 = ( GEOMETRIC_REPRESENTATION_CONTEXT(2) 
PARAMETRIC_REPRESENTATION_CONTEXT() REPRESENTATION_CONTEXT('2D SPACE',''
  ) );
#1115 = ADVANCED_FACE('',(#1116),#1078,.F.);
#1116 = FACE_BOUND('',#1117,.F.);
#1117 = EDGE_LOOP('',(#1118,#1119,#1142,#1170));
#1118 = ORIENTED_EDGE('',*,*,#1062,.T.);
#1119 = ORIENTED_EDGE('',*,*,#1120,.T.);
#1120 = EDGE_CURVE('',#1035,#1121,#1123,.T.);
#1121 = VERTEX_POINT('',#1122);
#1122 = CARTESIAN_POINT('',(455.,2.319709251143E-14,378.83727010233));
#1123 = SURFACE_CURVE('',#1124,(#1128,#1135),.PCURVE_S1.);
#1124 = LINE('',#1125,#1126);
#1125 = CARTESIAN_POINT('',(455.,267.87840265556,267.87840265556));
#1126 = VECTOR('',#1127,1.);
#1127 = DIRECTION('',(0.,-0.923879532511,0.382683432365));
#1128 = PCURVE('',#1078,#1129);
#1129 = DEFINITIONAL_REPRESENTATION('',(#1130),#1134);
#1130 = LINE('',#1131,#1132);
#1131 = CARTESIAN_POINT('',(0.,-910.));
#1132 = VECTOR('',#1133,1.);
#1133 = DIRECTION('',(1.,0.));
#1134 = ( GEOMETRIC_REPRESENTATION_CONTEXT(2) 
PARAMETRIC_REPRESENTATION_CONTEXT() REPRESENTATION_CONTEXT('2D SPACE',''
  ) );
#1135 = PCURVE('',#1050,#1136);
#1136 = DEFINITIONAL_REPRESENTATION('',(#1137),#1141);
#1137 = LINE('',#1138,#1139);
#1138 = CARTESIAN_POINT('',(267.87840265556,-267.8784026555));
#1139 = VECTOR('',#1140,1.);
#1140 = DIRECTION('',(0.382683432365,0.923879532511));
#1141 = ( GEOMETRIC_REPRESENTATION_CONTEXT(2) 
PARAMETRIC_REPRESENTATION_CONTEXT() REPRESENTATION_CONTEXT('2D SPACE',''
  ) );
#1142 = ORIENTED_EDGE('',*,*,#1143,.F.);
#1143 = EDGE_CURVE('',#1144,#1121,#1146,.T.);
#1144 = VERTEX_POINT('',#1145);
#1145 = CARTESIAN_POINT('',(-455.,2.319709251143E-14,378.83727010233));
#1146 = SURFACE_CURVE('',#1147,(#1151,#1158),.PCURVE_S1.);
#1147 = LINE('',#1148,#1149);
#1148 = CARTESIAN_POINT('',(-455.,2.319709251143E-14,378.83727010233));
#1149 = VECTOR('',#1150,1.);
#1150 = DIRECTION('',(1.,0.,0.));
#1151 = PCURVE('',#1078,#1152);
#1152 = DEFINITIONAL_REPRESENTATION('',(#1153),#1157);
#1153 = LINE('',#1154,#1155);
#1154 = CARTESIAN_POINT('',(289.94949366116,0.));
#1155 = VECTOR('',#1156,1.);
#1156 = DIRECTION('',(0.,-1.));
#1157 = ( GEOMETRIC_REPRESENTATION_CONTEXT(2) 
PARAMETRIC_REPRESENTATION_CONTEXT() REPRESENTATION_CONTEXT('2D SPACE',''
  ) );
#1158 = PCURVE('',#1159,#1164);
#1159 = PLANE('',#1160);
#1160 = AXIS2_PLACEMENT_3D('',#1161,#1162,#1163);
#1161 = CARTESIAN_POINT('',(-455.,2.319709251143E-14,378.83727010233));
#1162 = DIRECTION('',(0.,0.382683432365,-0.923879532511));
#1163 = DIRECTION('',(0.,-0.923879532511,-0.382683432365));
#1164 = DEFINITIONAL_REPRESENTATION('',(#1165),#1169);
#1165 = LINE('',#1166,#1167);
#1166 = CARTESIAN_POINT('',(0.,0.));
#1167 = VECTOR('',#1168,1.);
#1168 = DIRECTION('',(0.,-1.));
#1169 = ( GEOMETRIC_REPRESENTATION_CONTEXT(2) 
PARAMETRIC_REPRESENTATION_CONTEXT() REPRESENTATION_CONTEXT('2D SPACE',''
  ) );
#1170 = ORIENTED_EDGE('',*,*,#1171,.F.);
#1171 = EDGE_CURVE('',#1063,#1144,#1172,.T.);
#1172 = SURFACE_CURVE('',#1173,(#1177,#1184),.PCURVE_S1.);
#1173 = LINE('',#1174,#1175);
#1174 = CARTESIAN_POINT('',(-455.,267.87840265556,267.87840265556));
#1175 = VECTOR('',#1176,1.);
#1176 = DIRECTION('',(0.,-0.923879532511,0.382683432365));
#1177 = PCURVE('',#1078,#1178);
#1178 = DEFINITIONAL_REPRESENTATION('',(#1179),#1183);
#1179 = LINE('',#1180,#1181);
#1180 = CARTESIAN_POINT('',(0.,0.));
#1181 = VECTOR('',#1182,1.);
#1182 = DIRECTION('',(1.,0.));
#1183 = ( GEOMETRIC_REPRESENTATION_CONTEXT(2) 
PARAMETRIC_REPRESENTATION_CONTEXT() REPRESENTATION_CONTEXT('2D SPACE',''
  ) );
#1184 = PCURVE('',#1104,#1185);
#1185 = DEFINITIONAL_REPRESENTATION('',(#1186),#1190);
#1186 = LINE('',#1187,#1188);
#1187 = CARTESIAN_POINT('',(267.87840265556,-267.8784026555));
#1188 = VECTOR('',#1189,1.);
#1189 = DIRECTION('',(0.382683432365,0.923879532511));
#1190 = ( GEOMETRIC_REPRESENTATION_CONTEXT(2) 
PARAMETRIC_REPRESENTATION_CONTEXT() REPRESENTATION_CONTEXT('2D SPACE',''
  ) );
#1191 = ADVANCED_FACE('',(#1192),#1159,.F.);
#1192 = FACE_BOUND('',#1193,.F.);
#1193 = EDGE_LOOP('',(#1194,#1195,#1218,#1246));
#1194 = ORIENTED_EDGE('',*,*,#1143,.T.);
#1195 = ORIENTED_EDGE('',*,*,#1196,.T.);
#1196 = EDGE_CURVE('',#1121,#1197,#1199,.T.);
#1197 = VERTEX_POINT('',#1198);
#1198 = CARTESIAN_POINT('',(455.,-267.8784026555,267.87840265556));
#1199 = SURFACE_CURVE('',#1200,(#1204,#1211),.PCURVE_S1.);
#1200 = LINE('',#1201,#1202);
#1201 = CARTESIAN_POINT('',(455.,2.319709251143E-14,378.83727010233));
#1202 = VECTOR('',#1203,1.);
#1203 = DIRECTION('',(0.,-0.923879532511,-0.382683432365));
#1204 = PCURVE('',#1159,#1205);
#1205 = DEFINITIONAL_REPRESENTATION('',(#1206),#1210);
#1206 = LINE('',#1207,#1208);
#1207 = CARTESIAN_POINT('',(0.,-910.));
#1208 = VECTOR('',#1209,1.);
#1209 = DIRECTION('',(1.,0.));
#1210 = ( GEOMETRIC_REPRESENTATION_CONTEXT(2) 
PARAMETRIC_REPRESENTATION_CONTEXT() REPRESENTATION_CONTEXT('2D SPACE',''
  ) );
#1211 = PCURVE('',#1050,#1212);
#1212 = DEFINITIONAL_REPRESENTATION('',(#1213),#1217);
#1213 = LINE('',#1214,#1215);
#1214 = CARTESIAN_POINT('',(378.83727010233,-2.633382743132E-14));
#1215 = VECTOR('',#1216,1.);
#1216 = DIRECTION('',(-0.382683432365,0.923879532511));
#1217 = ( GEOMETRIC_REPRESENTATION_CONTEXT(2) 
PARAMETRIC_REPRESENTATION_CONTEXT() REPRESENTATION_CONTEXT('2D SPACE',''
  ) );
#1218 = ORIENTED_EDGE('',*,*,#1219,.F.);
#1219 = EDGE_CURVE('',#1220,#1197,#1222,.T.);
#1220 = VERTEX_POINT('',#1221);
#1221 = CARTESIAN_POINT('',(-455.,-267.8784026555,267.87840265556));
#1222 = SURFACE_CURVE('',#1223,(#1227,#1234),.PCURVE_S1.);
#1223 = LINE('',#1224,#1225);
#1224 = CARTESIAN_POINT('',(-455.,-267.8784026555,267.87840265556));
#1225 = VECTOR('',#1226,1.);
#1226 = DIRECTION('',(1.,0.,0.));
#1227 = PCURVE('',#1159,#1228);
#1228 = DEFINITIONAL_REPRESENTATION('',(#1229),#1233);
#1229 = LINE('',#1230,#1231);
#1230 = CARTESIAN_POINT('',(289.94949366116,0.));
#1231 = VECTOR('',#1232,1.);
#1232 = DIRECTION('',(0.,-1.));
#1233 = ( GEOMETRIC_REPRESENTATION_CONTEXT(2) 
PARAMETRIC_REPRESENTATION_CONTEXT() REPRESENTATION_CONTEXT('2D SPACE',''
  ) );
#1234 = PCURVE('',#1235,#1240);
#1235 = PLANE('',#1236);
#1236 = AXIS2_PLACEMENT_3D('',#1237,#1238,#1239);
#1237 = CARTESIAN_POINT('',(-455.,-267.8784026555,267.87840265556));
#1238 = DIRECTION('',(0.,0.923879532511,-0.382683432365));
#1239 = DIRECTION('',(0.,-0.382683432365,-0.923879532511));
#1240 = DEFINITIONAL_REPRESENTATION('',(#1241),#1245);
#1241 = LINE('',#1242,#1243);
#1242 = CARTESIAN_POINT('',(0.,0.));
#1243 = VECTOR('',#1244,1.);
#1244 = DIRECTION('',(0.,-1.));
#1245 = ( GEOMETRIC_REPRESENTATION_CONTEXT(2) 
PARAMETRIC_REPRESENTATION_CONTEXT() REPRESENTATION_CONTEXT('2D SPACE',''
  ) );
#1246 = ORIENTED_EDGE('',*,*,#1247,.F.);
#1247 = EDGE_CURVE('',#1144,#1220,#1248,.T.);
#1248 = SURFACE_CURVE('',#1249,(#1253,#1260),.PCURVE_S1.);
#1249 = LINE('',#1250,#1251);
#1250 = CARTESIAN_POINT('',(-455.,2.319709251143E-14,378.83727010233));
#1251 = VECTOR('',#1252,1.);
#1252 = DIRECTION('',(0.,-0.923879532511,-0.382683432365));
#1253 = PCURVE('',#1159,#1254);
#1254 = DEFINITIONAL_REPRESENTATION('',(#1255),#1259);
#1255 = LINE('',#1256,#1257);
#1256 = CARTESIAN_POINT('',(0.,0.));
#1257 = VECTOR('',#1258,1.);
#1258 = DIRECTION('',(1.,0.));
#1259 = ( GEOMETRIC_REPRESENTATION_CONTEXT(2) 
PARAMETRIC_REPRESENTATION_CONTEXT() REPRESENTATION_CONTEXT('2D SPACE',''
  ) );
#1260 = PCURVE('',#1104,#1261);
#1261 = DEFINITIONAL_REPRESENTATION('',(#1262),#1266);
#1262 = LINE('',#1263,#1264);
#1263 = CARTESIAN_POINT('',(378.83727010233,-2.633382743132E-14));
#1264 = VECTOR('',#1265,1.);
#1265 = DIRECTION('',(-0.382683432365,0.923879532511));
#1266 = ( GEOMETRIC_REPRESENTATION_CONTEXT(2) 
PARAMETRIC_REPRESENTATION_CONTEXT() REPRESENTATION_CONTEXT('2D SPACE',''
  ) );
#1267 = ADVANCED_FACE('',(#1268),#1235,.F.);
#1268 = FACE_BOUND('',#1269,.F.);
#1269 = EDGE_LOOP('',(#1270,#1271,#1294,#1322));
#1270 = ORIENTED_EDGE('',*,*,#1219,.T.);
#1271 = ORIENTED_EDGE('',*,*,#1272,.T.);
#1272 = EDGE_CURVE('',#1197,#1273,#1275,.T.);
#1273 = VERTEX_POINT('',#1274);
#1274 = CARTESIAN_POINT('',(455.,-378.8372701023,4.639418502285E-14));
#1275 = SURFACE_CURVE('',#1276,(#1280,#1287),.PCURVE_S1.);
#1276 = LINE('',#1277,#1278);
#1277 = CARTESIAN_POINT('',(455.,-267.8784026555,267.87840265556));
#1278 = VECTOR('',#1279,1.);
#1279 = DIRECTION('',(0.,-0.382683432365,-0.923879532511));
#1280 = PCURVE('',#1235,#1281);
#1281 = DEFINITIONAL_REPRESENTATION('',(#1282),#1286);
#1282 = LINE('',#1283,#1284);
#1283 = CARTESIAN_POINT('',(0.,-910.));
#1284 = VECTOR('',#1285,1.);
#1285 = DIRECTION('',(1.,0.));
#1286 = ( GEOMETRIC_REPRESENTATION_CONTEXT(2) 
PARAMETRIC_REPRESENTATION_CONTEXT() REPRESENTATION_CONTEXT('2D SPACE',''
  ) );
#1287 = PCURVE('',#1050,#1288);
#1288 = DEFINITIONAL_REPRESENTATION('',(#1289),#1293);
#1289 = LINE('',#1290,#1291);
#1290 = CARTESIAN_POINT('',(267.87840265556,267.87840265556));
#1291 = VECTOR('',#1292,1.);
#1292 = DIRECTION('',(-0.923879532511,0.382683432365));
#1293 = ( GEOMETRIC_REPRESENTATION_CONTEXT(2) 
PARAMETRIC_REPRESENTATION_CONTEXT() REPRESENTATION_CONTEXT('2D SPACE',''
  ) );
#1294 = ORIENTED_EDGE('',*,*,#1295,.F.);
#1295 = EDGE_CURVE('',#1296,#1273,#1298,.T.);
#1296 = VERTEX_POINT('',#1297);
#1297 = CARTESIAN_POINT('',(-455.,-378.8372701023,4.639418502285E-14));
#1298 = SURFACE_CURVE('',#1299,(#1303,#1310),.PCURVE_S1.);
#1299 = LINE('',#1300,#1301);
#1300 = CARTESIAN_POINT('',(-455.,-378.8372701023,4.639418502285E-14));
#1301 = VECTOR('',#1302,1.);
#1302 = DIRECTION('',(1.,0.,0.));
#1303 = PCURVE('',#1235,#1304);
#1304 = DEFINITIONAL_REPRESENTATION('',(#1305),#1309);
#1305 = LINE('',#1306,#1307);
#1306 = CARTESIAN_POINT('',(289.94949366116,0.));
#1307 = VECTOR('',#1308,1.);
#1308 = DIRECTION('',(0.,-1.));
#1309 = ( GEOMETRIC_REPRESENTATION_CONTEXT(2) 
PARAMETRIC_REPRESENTATION_CONTEXT() REPRESENTATION_CONTEXT('2D SPACE',''
  ) );
#1310 = PCURVE('',#1311,#1316);
#1311 = PLANE('',#1312);
#1312 = AXIS2_PLACEMENT_3D('',#1313,#1314,#1315);
#1313 = CARTESIAN_POINT('',(-455.,-378.8372701023,4.639418502285E-14));
#1314 = DIRECTION('',(0.,0.923879532511,0.382683432365));
#1315 = DIRECTION('',(0.,0.382683432365,-0.923879532511));
#1316 = DEFINITIONAL_REPRESENTATION('',(#1317),#1321);
#1317 = LINE('',#1318,#1319);
#1318 = CARTESIAN_POINT('',(0.,0.));
#1319 = VECTOR('',#1320,1.);
#1320 = DIRECTION('',(0.,-1.));
#1321 = ( GEOMETRIC_REPRESENTATION_CONTEXT(2) 
PARAMETRIC_REPRESENTATION_CONTEXT() REPRESENTATION_CONTEXT('2D SPACE',''
  ) );
#1322 = ORIENTED_EDGE('',*,*,#1323,.F.);
#1323 = EDGE_CURVE('',#1220,#1296,#1324,.T.);
#1324 = SURFACE_CURVE('',#1325,(#1329,#1336),.PCURVE_S1.);
#1325 = LINE('',#1326,#1327);
#1326 = CARTESIAN_POINT('',(-455.,-267.8784026555,267.87840265556));
#1327 = VECTOR('',#1328,1.);
#1328 = DIRECTION('',(0.,-0.382683432365,-0.923879532511));
#1329 = PCURVE('',#1235,#1330);
#1330 = DEFINITIONAL_REPRESENTATION('',(#1331),#1335);
#1331 = LINE('',#1332,#1333);
#1332 = CARTESIAN_POINT('',(0.,0.));
#1333 = VECTOR('',#1334,1.);
#1334 = DIRECTION('',(1.,0.));
#1335 = ( GEOMETRIC_REPRESENTATION_CONTEXT(2) 
PARAMETRIC_REPRESENTATION_CONTEXT() REPRESENTATION_CONTEXT('2D SPACE',''
  ) );
#1336 = PCURVE('',#1104,#1337);
#1337 = DEFINITIONAL_REPRESENTATION('',(#1338),#1342);
#1338 = LINE('',#1339,#1340);
#1339 = CARTESIAN_POINT('',(267.87840265556,267.87840265556));
#1340 = VECTOR('',#1341,1.);
#1341 = DIRECTION('',(-0.923879532511,0.382683432365));
#1342 = ( GEOMETRIC_REPRESENTATION_CONTEXT(2) 
PARAMETRIC_REPRESENTATION_CONTEXT() REPRESENTATION_CONTEXT('2D SPACE',''
  ) );
#1343 = ADVANCED_FACE('',(#1344),#1311,.F.);
#1344 = FACE_BOUND('',#1345,.F.);
#1345 = EDGE_LOOP('',(#1346,#1347,#1370,#1398));
#1346 = ORIENTED_EDGE('',*,*,#1295,.T.);
#1347 = ORIENTED_EDGE('',*,*,#1348,.T.);
#1348 = EDGE_CURVE('',#1273,#1349,#1351,.T.);
#1349 = VERTEX_POINT('',#1350);
#1350 = CARTESIAN_POINT('',(455.,-267.8784026555,-267.8784026555));
#1351 = SURFACE_CURVE('',#1352,(#1356,#1363),.PCURVE_S1.);
#1352 = LINE('',#1353,#1354);
#1353 = CARTESIAN_POINT('',(455.,-378.8372701023,4.639418502285E-14));
#1354 = VECTOR('',#1355,1.);
#1355 = DIRECTION('',(0.,0.382683432365,-0.923879532511));
#1356 = PCURVE('',#1311,#1357);
#1357 = DEFINITIONAL_REPRESENTATION('',(#1358),#1362);
#1358 = LINE('',#1359,#1360);
#1359 = CARTESIAN_POINT('',(0.,-910.));
#1360 = VECTOR('',#1361,1.);
#1361 = DIRECTION('',(1.,0.));
#1362 = ( GEOMETRIC_REPRESENTATION_CONTEXT(2) 
PARAMETRIC_REPRESENTATION_CONTEXT() REPRESENTATION_CONTEXT('2D SPACE',''
  ) );
#1363 = PCURVE('',#1050,#1364);
#1364 = DEFINITIONAL_REPRESENTATION('',(#1365),#1369);
#1365 = LINE('',#1366,#1367);
#1366 = CARTESIAN_POINT('',(2.443704058359E-14,378.83727010233));
#1367 = VECTOR('',#1368,1.);
#1368 = DIRECTION('',(-0.923879532511,-0.382683432365));
#1369 = ( GEOMETRIC_REPRESENTATION_CONTEXT(2) 
PARAMETRIC_REPRESENTATION_CONTEXT() REPRESENTATION_CONTEXT('2D SPACE',''
  ) );
#1370 = ORIENTED_EDGE('',*,*,#1371,.F.);
#1371 = EDGE_CURVE('',#1372,#1349,#1374,.T.);
#1372 = VERTEX_POINT('',#1373);
#1373 = CARTESIAN_POINT('',(-455.,-267.8784026555,-267.8784026555));
#1374 = SURFACE_CURVE('',#1375,(#1379,#1386),.PCURVE_S1.);
#1375 = LINE('',#1376,#1377);
#1376 = CARTESIAN_POINT('',(-455.,-267.8784026555,-267.8784026555));
#1377 = VECTOR('',#1378,1.);
#1378 = DIRECTION('',(1.,0.,0.));
#1379 = PCURVE('',#1311,#1380);
#1380 = DEFINITIONAL_REPRESENTATION('',(#1381),#1385);
#1381 = LINE('',#1382,#1383);
#1382 = CARTESIAN_POINT('',(289.94949366116,0.));
#1383 = VECTOR('',#1384,1.);
#1384 = DIRECTION('',(0.,-1.));
#1385 = ( GEOMETRIC_REPRESENTATION_CONTEXT(2) 
PARAMETRIC_REPRESENTATION_CONTEXT() REPRESENTATION_CONTEXT('2D SPACE',''
  ) );
#1386 = PCURVE('',#1387,#1392);
#1387 = PLANE('',#1388);
#1388 = AXIS2_PLACEMENT_3D('',#1389,#1390,#1391);
#1389 = CARTESIAN_POINT('',(-455.,-267.8784026555,-267.8784026555));
#1390 = DIRECTION('',(0.,0.382683432365,0.923879532511));
#1391 = DIRECTION('',(0.,0.923879532511,-0.382683432365));
#1392 = DEFINITIONAL_REPRESENTATION('',(#1393),#1397);
#1393 = LINE('',#1394,#1395);
#1394 = CARTESIAN_POINT('',(0.,0.));
#1395 = VECTOR('',#1396,1.);
#1396 = DIRECTION('',(0.,-1.));
#1397 = ( GEOMETRIC_REPRESENTATION_CONTEXT(2) 
PARAMETRIC_REPRESENTATION_CONTEXT() REPRESENTATION_CONTEXT('2D SPACE',''
  ) );
#1398 = ORIENTED_EDGE('',*,*,#1399,.F.);
#1399 = EDGE_CURVE('',#1296,#1372,#1400,.T.);
#1400 = SURFACE_CURVE('',#1401,(#1405,#1412),.PCURVE_S1.);
#1401 = LINE('',#1402,#1403);
#1402 = CARTESIAN_POINT('',(-455.,-378.8372701023,4.639418502285E-14));
#1403 = VECTOR('',#1404,1.);
#1404 = DIRECTION('',(0.,0.382683432365,-0.923879532511));
#1405 = PCURVE('',#1311,#1406);
#1406 = DEFINITIONAL_REPRESENTATION('',(#1407),#1411);
#1407 = LINE('',#1408,#1409);
#1408 = CARTESIAN_POINT('',(0.,0.));
#1409 = VECTOR('',#1410,1.);
#1410 = DIRECTION('',(1.,0.));
#1411 = ( GEOMETRIC_REPRESENTATION_CONTEXT(2) 
PARAMETRIC_REPRESENTATION_CONTEXT() REPRESENTATION_CONTEXT('2D SPACE',''
  ) );
#1412 = PCURVE('',#1104,#1413);
#1413 = DEFINITIONAL_REPRESENTATION('',(#1414),#1418);
#1414 = LINE('',#1415,#1416);
#1415 = CARTESIAN_POINT('',(2.443704058359E-14,378.83727010233));
#1416 = VECTOR('',#1417,1.);
#1417 = DIRECTION('',(-0.923879532511,-0.382683432365));
#1418 = ( GEOMETRIC_REPRESENTATION_CONTEXT(2) 
PARAMETRIC_REPRESENTATION_CONTEXT() REPRESENTATION_CONTEXT('2D SPACE',''
  ) );
#1419 = ADVANCED_FACE('',(#1420),#1387,.F.);
#1420 = FACE_BOUND('',#1421,.F.);
#1421 = EDGE_LOOP('',(#1422,#1423,#1446,#1474));
#1422 = ORIENTED_EDGE('',*,*,#1371,.T.);
#1423 = ORIENTED_EDGE('',*,*,#1424,.T.);
#1424 = EDGE_CURVE('',#1349,#1425,#1427,.T.);
#1425 = VERTEX_POINT('',#1426);
#1426 = CARTESIAN_POINT('',(455.,-6.959127753428E-14,-378.8372701023));
#1427 = SURFACE_CURVE('',#1428,(#1432,#1439),.PCURVE_S1.);
#1428 = LINE('',#1429,#1430);
#1429 = CARTESIAN_POINT('',(455.,-267.8784026555,-267.8784026555));
#1430 = VECTOR('',#1431,1.);
#1431 = DIRECTION('',(0.,0.923879532511,-0.382683432365));
#1432 = PCURVE('',#1387,#1433);
#1433 = DEFINITIONAL_REPRESENTATION('',(#1434),#1438);
#1434 = LINE('',#1435,#1436);
#1435 = CARTESIAN_POINT('',(0.,-910.));
#1436 = VECTOR('',#1437,1.);
#1437 = DIRECTION('',(1.,0.));
#1438 = ( GEOMETRIC_REPRESENTATION_CONTEXT(2) 
PARAMETRIC_REPRESENTATION_CONTEXT() REPRESENTATION_CONTEXT('2D SPACE',''
  ) );
#1439 = PCURVE('',#1050,#1440);
#1440 = DEFINITIONAL_REPRESENTATION('',(#1441),#1445);
#1441 = LINE('',#1442,#1443);
#1442 = CARTESIAN_POINT('',(-267.8784026555,267.87840265556));
#1443 = VECTOR('',#1444,1.);
#1444 = DIRECTION('',(-0.382683432365,-0.923879532511));
#1445 = ( GEOMETRIC_REPRESENTATION_CONTEXT(2) 
PARAMETRIC_REPRESENTATION_CONTEXT() REPRESENTATION_CONTEXT('2D SPACE',''
  ) );
#1446 = ORIENTED_EDGE('',*,*,#1447,.F.);
#1447 = EDGE_CURVE('',#1448,#1425,#1450,.T.);
#1448 = VERTEX_POINT('',#1449);
#1449 = CARTESIAN_POINT('',(-455.,-6.959127753428E-14,-378.8372701023));
#1450 = SURFACE_CURVE('',#1451,(#1455,#1462),.PCURVE_S1.);
#1451 = LINE('',#1452,#1453);
#1452 = CARTESIAN_POINT('',(-455.,-6.959127753428E-14,-378.8372701023));
#1453 = VECTOR('',#1454,1.);
#1454 = DIRECTION('',(1.,0.,0.));
#1455 = PCURVE('',#1387,#1456);
#1456 = DEFINITIONAL_REPRESENTATION('',(#1457),#1461);
#1457 = LINE('',#1458,#1459);
#1458 = CARTESIAN_POINT('',(289.94949366116,0.));
#1459 = VECTOR('',#1460,1.);
#1460 = DIRECTION('',(0.,-1.));
#1461 = ( GEOMETRIC_REPRESENTATION_CONTEXT(2) 
PARAMETRIC_REPRESENTATION_CONTEXT() REPRESENTATION_CONTEXT('2D SPACE',''
  ) );
#1462 = PCURVE('',#1463,#1468);
#1463 = PLANE('',#1464);
#1464 = AXIS2_PLACEMENT_3D('',#1465,#1466,#1467);
#1465 = CARTESIAN_POINT('',(-455.,-6.959127753428E-14,-378.8372701023));
#1466 = DIRECTION('',(0.,-0.382683432365,0.923879532511));
#1467 = DIRECTION('',(0.,0.923879532511,0.382683432365));
#1468 = DEFINITIONAL_REPRESENTATION('',(#1469),#1473);
#1469 = LINE('',#1470,#1471);
#1470 = CARTESIAN_POINT('',(0.,0.));
#1471 = VECTOR('',#1472,1.);
#1472 = DIRECTION('',(0.,-1.));
#1473 = ( GEOMETRIC_REPRESENTATION_CONTEXT(2) 
PARAMETRIC_REPRESENTATION_CONTEXT() REPRESENTATION_CONTEXT('2D SPACE',''
  ) );
#1474 = ORIENTED_EDGE('',*,*,#1475,.F.);
#1475 = EDGE_CURVE('',#1372,#1448,#1476,.T.);
#1476 = SURFACE_CURVE('',#1477,(#1481,#1488),.PCURVE_S1.);
#1477 = LINE('',#1478,#1479);
#1478 = CARTESIAN_POINT('',(-455.,-267.8784026555,-267.8784026555));
#1479 = VECTOR('',#1480,1.);
#1480 = DIRECTION('',(0.,0.923879532511,-0.382683432365));
#1481 = PCURVE('',#1387,#1482);
#1482 = DEFINITIONAL_REPRESENTATION('',(#1483),#1487);
#1483 = LINE('',#1484,#1485);
#1484 = CARTESIAN_POINT('',(0.,0.));
#1485 = VECTOR('',#1486,1.);
#1486 = DIRECTION('',(1.,0.));
#1487 = ( GEOMETRIC_REPRESENTATION_CONTEXT(2) 
PARAMETRIC_REPRESENTATION_CONTEXT() REPRESENTATION_CONTEXT('2D SPACE',''
  ) );
#1488 = PCURVE('',#1104,#1489);
#1489 = DEFINITIONAL_REPRESENTATION('',(#1490),#1494);
#1490 = LINE('',#1491,#1492);
#1491 = CARTESIAN_POINT('',(-267.8784026555,267.87840265556));
#1492 = VECTOR('',#1493,1.);
#1493 = DIRECTION('',(-0.382683432365,-0.923879532511));
#1494 = ( GEOMETRIC_REPRESENTATION_CONTEXT(2) 
PARAMETRIC_REPRESENTATION_CONTEXT() REPRESENTATION_CONTEXT('2D SPACE',''
  ) );
#1495 = ADVANCED_FACE('',(#1496),#1463,.F.);
#1496 = FACE_BOUND('',#1497,.F.);
#1497 = EDGE_LOOP('',(#1498,#1499,#1522,#1545));
#1498 = ORIENTED_EDGE('',*,*,#1447,.T.);
#1499 = ORIENTED_EDGE('',*,*,#1500,.T.);
#1500 = EDGE_CURVE('',#1425,#1501,#1503,.T.);
#1501 = VERTEX_POINT('',#1502);
#1502 = CARTESIAN_POINT('',(455.,267.87840265556,-267.8784026555));
#1503 = SURFACE_CURVE('',#1504,(#1508,#1515),.PCURVE_S1.);
#1504 = LINE('',#1505,#1506);
#1505 = CARTESIAN_POINT('',(455.,-6.959127753428E-14,-378.8372701023));
#1506 = VECTOR('',#1507,1.);
#1507 = DIRECTION('',(0.,0.923879532511,0.382683432365));
#1508 = PCURVE('',#1463,#1509);
#1509 = DEFINITIONAL_REPRESENTATION('',(#1510),#1514);
#1510 = LINE('',#1511,#1512);
#1511 = CARTESIAN_POINT('',(0.,-910.));
#1512 = VECTOR('',#1513,1.);
#1513 = DIRECTION('',(1.,0.));
#1514 = ( GEOMETRIC_REPRESENTATION_CONTEXT(2) 
PARAMETRIC_REPRESENTATION_CONTEXT() REPRESENTATION_CONTEXT('2D SPACE',''
  ) );
#1515 = PCURVE('',#1050,#1516);
#1516 = DEFINITIONAL_REPRESENTATION('',(#1517),#1521);
#1517 = LINE('',#1518,#1519);
#1518 = CARTESIAN_POINT('',(-378.8372701023,6.645454261439E-14));
#1519 = VECTOR('',#1520,1.);
#1520 = DIRECTION('',(0.382683432365,-0.923879532511));
#1521 = ( GEOMETRIC_REPRESENTATION_CONTEXT(2) 
PARAMETRIC_REPRESENTATION_CONTEXT() REPRESENTATION_CONTEXT('2D SPACE',''
  ) );
#1522 = ORIENTED_EDGE('',*,*,#1523,.F.);
#1523 = EDGE_CURVE('',#1524,#1501,#1526,.T.);
#1524 = VERTEX_POINT('',#1525);
#1525 = CARTESIAN_POINT('',(-455.,267.87840265556,-267.8784026555));
#1526 = SURFACE_CURVE('',#1527,(#1531,#1538),.PCURVE_S1.);
#1527 = LINE('',#1528,#1529);
#1528 = CARTESIAN_POINT('',(-455.,267.87840265556,-267.8784026555));
#1529 = VECTOR('',#1530,1.);
#1530 = DIRECTION('',(1.,0.,0.));
#1531 = PCURVE('',#1463,#1532);
#1532 = DEFINITIONAL_REPRESENTATION('',(#1533),#1537);
#1533 = LINE('',#1534,#1535);
#1534 = CARTESIAN_POINT('',(289.94949366116,0.));
#1535 = VECTOR('',#1536,1.);
#1536 = DIRECTION('',(0.,-1.));
#1537 = ( GEOMETRIC_REPRESENTATION_CONTEXT(2) 
PARAMETRIC_REPRESENTATION_CONTEXT() REPRESENTATION_CONTEXT('2D SPACE',''
  ) );
#1538 = PCURVE('',#1022,#1539);
#1539 = DEFINITIONAL_REPRESENTATION('',(#1540),#1544);
#1540 = LINE('',#1541,#1542);
#1541 = CARTESIAN_POINT('',(0.,0.));
#1542 = VECTOR('',#1543,1.);
#1543 = DIRECTION('',(0.,-1.));
#1544 = ( GEOMETRIC_REPRESENTATION_CONTEXT(2) 
PARAMETRIC_REPRESENTATION_CONTEXT() REPRESENTATION_CONTEXT('2D SPACE',''
  ) );
#1545 = ORIENTED_EDGE('',*,*,#1546,.F.);
#1546 = EDGE_CURVE('',#1448,#1524,#1547,.T.);
#1547 = SURFACE_CURVE('',#1548,(#1552,#1559),.PCURVE_S1.);
#1548 = LINE('',#1549,#1550);
#1549 = CARTESIAN_POINT('',(-455.,-6.959127753428E-14,-378.8372701023));
#1550 = VECTOR('',#1551,1.);
#1551 = DIRECTION('',(0.,0.923879532511,0.382683432365));
#1552 = PCURVE('',#1463,#1553);
#1553 = DEFINITIONAL_REPRESENTATION('',(#1554),#1558);
#1554 = LINE('',#1555,#1556);
#1555 = CARTESIAN_POINT('',(0.,0.));
#1556 = VECTOR('',#1557,1.);
#1557 = DIRECTION('',(1.,0.));
#1558 = ( GEOMETRIC_REPRESENTATION_CONTEXT(2) 
PARAMETRIC_REPRESENTATION_CONTEXT() REPRESENTATION_CONTEXT('2D SPACE',''
  ) );
#1559 = PCURVE('',#1104,#1560);
#1560 = DEFINITIONAL_REPRESENTATION('',(#1561),#1565);
#1561 = LINE('',#1562,#1563);
#1562 = CARTESIAN_POINT('',(-378.8372701023,6.645454261439E-14));
#1563 = VECTOR('',#1564,1.);
#1564 = DIRECTION('',(0.382683432365,-0.923879532511));
#1565 = ( GEOMETRIC_REPRESENTATION_CONTEXT(2) 
PARAMETRIC_REPRESENTATION_CONTEXT() REPRESENTATION_CONTEXT('2D SPACE',''
  ) );
#1566 = ADVANCED_FACE('',(#1567),#1022,.F.);
#1567 = FACE_BOUND('',#1568,.F.);
#1568 = EDGE_LOOP('',(#1569,#1570,#1591,#1592));
#1569 = ORIENTED_EDGE('',*,*,#1523,.T.);
#1570 = ORIENTED_EDGE('',*,*,#1571,.T.);
#1571 = EDGE_CURVE('',#1501,#1002,#1572,.T.);
#1572 = SURFACE_CURVE('',#1573,(#1577,#1584),.PCURVE_S1.);
#1573 = LINE('',#1574,#1575);
#1574 = CARTESIAN_POINT('',(455.,267.87840265556,-267.8784026555));
#1575 = VECTOR('',#1576,1.);
#1576 = DIRECTION('',(0.,0.382683432365,0.923879532511));
#1577 = PCURVE('',#1022,#1578);
#1578 = DEFINITIONAL_REPRESENTATION('',(#1579),#1583);
#1579 = LINE('',#1580,#1581);
#1580 = CARTESIAN_POINT('',(0.,-910.));
#1581 = VECTOR('',#1582,1.);
#1582 = DIRECTION('',(1.,0.));
#1583 = ( GEOMETRIC_REPRESENTATION_CONTEXT(2) 
PARAMETRIC_REPRESENTATION_CONTEXT() REPRESENTATION_CONTEXT('2D SPACE',''
  ) );
#1584 = PCURVE('',#1050,#1585);
#1585 = DEFINITIONAL_REPRESENTATION('',(#1586),#1590);
#1586 = LINE('',#1587,#1588);
#1587 = CARTESIAN_POINT('',(-267.8784026555,-267.8784026555));
#1588 = VECTOR('',#1589,1.);
#1589 = DIRECTION('',(0.923879532511,-0.382683432365));
#1590 = ( GEOMETRIC_REPRESENTATION_CONTEXT(2) 
PARAMETRIC_REPRESENTATION_CONTEXT() REPRESENTATION_CONTEXT('2D SPACE',''
  ) );
#1591 = ORIENTED_EDGE('',*,*,#999,.F.);
#1592 = ORIENTED_EDGE('',*,*,#1593,.F.);
#1593 = EDGE_CURVE('',#1524,#1000,#1594,.T.);
#1594 = SURFACE_CURVE('',#1595,(#1599,#1606),.PCURVE_S1.);
#1595 = LINE('',#1596,#1597);
#1596 = CARTESIAN_POINT('',(-455.,267.87840265556,-267.8784026555));
#1597 = VECTOR('',#1598,1.);
#1598 = DIRECTION('',(0.,0.382683432365,0.923879532511));
#1599 = PCURVE('',#1022,#1600);
#1600 = DEFINITIONAL_REPRESENTATION('',(#1601),#1605);
#1601 = LINE('',#1602,#1603);
#1602 = CARTESIAN_POINT('',(0.,0.));
#1603 = VECTOR('',#1604,1.);
#1604 = DIRECTION('',(1.,0.));
#1605 = ( GEOMETRIC_REPRESENTATION_CONTEXT(2) 
PARAMETRIC_REPRESENTATION_CONTEXT() REPRESENTATION_CONTEXT('2D SPACE',''
  ) );
#1606 = PCURVE('',#1104,#1607);
#1607 = DEFINITIONAL_REPRESENTATION('',(#1608),#1612);
#1608 = LINE('',#1609,#1610);
#1609 = CARTESIAN_POINT('',(-267.8784026555,-267.8784026555));
#1610 = VECTOR('',#1611,1.);
#1611 = DIRECTION('',(0.923879532511,-0.382683432365));
#1612 = ( GEOMETRIC_REPRESENTATION_CONTEXT(2) 
PARAMETRIC_REPRESENTATION_CONTEXT() REPRESENTATION_CONTEXT('2D SPACE',''
  ) );
#1613 = ADVANCED_FACE('',(#1614),#1104,.F.);
#1614 = FACE_BOUND('',#1615,.F.);
#1615 = EDGE_LOOP('',(#1616,#1617,#1618,#1619,#1620,#1621,#1622,#1623));
#1616 = ORIENTED_EDGE('',*,*,#1090,.T.);
#1617 = ORIENTED_EDGE('',*,*,#1171,.T.);
#1618 = ORIENTED_EDGE('',*,*,#1247,.T.);
#1619 = ORIENTED_EDGE('',*,*,#1323,.T.);
#1620 = ORIENTED_EDGE('',*,*,#1399,.T.);
#1621 = ORIENTED_EDGE('',*,*,#1475,.T.);
#1622 = ORIENTED_EDGE('',*,*,#1546,.T.);
#1623 = ORIENTED_EDGE('',*,*,#1593,.T.);
#1624 = ADVANCED_FACE('',(#1625),#1050,.T.);
#1625 = FACE_BOUND('',#1626,.T.);
#1626 = EDGE_LOOP('',(#1627,#1628,#1629,#1630,#1631,#1632,#1633,#1634));
#1627 = ORIENTED_EDGE('',*,*,#1034,.T.);
#1628 = ORIENTED_EDGE('',*,*,#1120,.T.);
#1629 = ORIENTED_EDGE('',*,*,#1196,.T.);
#1630 = ORIENTED_EDGE('',*,*,#1272,.T.);
#1631 = ORIENTED_EDGE('',*,*,#1348,.T.);
#1632 = ORIENTED_EDGE('',*,*,#1424,.T.);
#1633 = ORIENTED_EDGE('',*,*,#1500,.T.);
#1634 = ORIENTED_EDGE('',*,*,#1571,.T.);
#1635 = MANIFOLD_SOLID_BREP('',#1636);
#1636 = CLOSED_SHELL('',(#1637,#1725,#1729));
#1637 = ADVANCED_FACE('',(#1638),#1651,.T.);
#1638 = FACE_BOUND('',#1639,.T.);
#1639 = EDGE_LOOP('',(#1640,#1674,#1697,#1724));
#1640 = ORIENTED_EDGE('',*,*,#1641,.F.);
#1641 = EDGE_CURVE('',#1642,#1642,#1644,.T.);
#1642 = VERTEX_POINT('',#1643);
#1643 = CARTESIAN_POINT('',(689.,-1.971681346627E-13,-805.));
#1644 = SURFACE_CURVE('',#1645,(#1650,#1662),.PCURVE_S1.);
#1645 = CIRCLE('',#1646,805.);
#1646 = AXIS2_PLACEMENT_3D('',#1647,#1648,#1649);
#1647 = CARTESIAN_POINT('',(689.,0.,3.10862446895E-15));
#1648 = DIRECTION('',(1.,-0.,1.110223024625E-16));
#1649 = DIRECTION('',(1.110223024625E-16,0.,-1.));
#1650 = PCURVE('',#1651,#1656);
#1651 = CYLINDRICAL_SURFACE('',#1652,805.);
#1652 = AXIS2_PLACEMENT_3D('',#1653,#1654,#1655);
#1653 = CARTESIAN_POINT('',(661.,0.,0.));
#1654 = DIRECTION('',(1.,0.,1.110223024625E-16));
#1655 = DIRECTION('',(1.110223024625E-16,0.,-1.));
#1656 = DEFINITIONAL_REPRESENTATION('',(#1657),#1661);
#1657 = LINE('',#1658,#1659);
#1658 = CARTESIAN_POINT('',(0.,28.));
#1659 = VECTOR('',#1660,1.);
#1660 = DIRECTION('',(1.,0.));
#1661 = ( GEOMETRIC_REPRESENTATION_CONTEXT(2) 
PARAMETRIC_REPRESENTATION_CONTEXT() REPRESENTATION_CONTEXT('2D SPACE',''
  ) );
#1662 = PCURVE('',#1663,#1668);
#1663 = PLANE('',#1664);
#1664 = AXIS2_PLACEMENT_3D('',#1665,#1666,#1667);
#1665 = CARTESIAN_POINT('',(689.,0.,3.10862446895E-15));
#1666 = DIRECTION('',(1.,0.,1.110223024625E-16));
#1667 = DIRECTION('',(1.110223024625E-16,0.,-1.));
#1668 = DEFINITIONAL_REPRESENTATION('',(#1669),#1673);
#1669 = CIRCLE('',#1670,805.);
#1670 = AXIS2_PLACEMENT_2D('',#1671,#1672);
#1671 = CARTESIAN_POINT('',(0.,0.));
#1672 = DIRECTION('',(1.,0.));
#1673 = ( GEOMETRIC_REPRESENTATION_CONTEXT(2) 
PARAMETRIC_REPRESENTATION_CONTEXT() REPRESENTATION_CONTEXT('2D SPACE',''
  ) );
#1674 = ORIENTED_EDGE('',*,*,#1675,.F.);
#1675 = EDGE_CURVE('',#1676,#1642,#1678,.T.);
#1676 = VERTEX_POINT('',#1677);
#1677 = CARTESIAN_POINT('',(661.,-1.971681346627E-13,-805.));
#1678 = SEAM_CURVE('',#1679,(#1683,#1690),.PCURVE_S1.);
#1679 = LINE('',#1680,#1681);
#1680 = CARTESIAN_POINT('',(661.,-1.971681346627E-13,-805.));
#1681 = VECTOR('',#1682,1.);
#1682 = DIRECTION('',(1.,0.,1.110223024625E-16));
#1683 = PCURVE('',#1651,#1684);
#1684 = DEFINITIONAL_REPRESENTATION('',(#1685),#1689);
#1685 = LINE('',#1686,#1687);
#1686 = CARTESIAN_POINT('',(6.28318530718,-0.));
#1687 = VECTOR('',#1688,1.);
#1688 = DIRECTION('',(0.,1.));
#1689 = ( GEOMETRIC_REPRESENTATION_CONTEXT(2) 
PARAMETRIC_REPRESENTATION_CONTEXT() REPRESENTATION_CONTEXT('2D SPACE',''
  ) );
#1690 = PCURVE('',#1651,#1691);
#1691 = DEFINITIONAL_REPRESENTATION('',(#1692),#1696);
#1692 = LINE('',#1693,#1694);
#1693 = CARTESIAN_POINT('',(0.,-0.));
#1694 = VECTOR('',#1695,1.);
#1695 = DIRECTION('',(0.,1.));
#1696 = ( GEOMETRIC_REPRESENTATION_CONTEXT(2) 
PARAMETRIC_REPRESENTATION_CONTEXT() REPRESENTATION_CONTEXT('2D SPACE',''
  ) );
#1697 = ORIENTED_EDGE('',*,*,#1698,.T.);
#1698 = EDGE_CURVE('',#1676,#1676,#1699,.T.);
#1699 = SURFACE_CURVE('',#1700,(#1705,#1712),.PCURVE_S1.);
#1700 = CIRCLE('',#1701,805.);
#1701 = AXIS2_PLACEMENT_3D('',#1702,#1703,#1704);
#1702 = CARTESIAN_POINT('',(661.,0.,0.));
#1703 = DIRECTION('',(1.,-0.,1.110223024625E-16));
#1704 = DIRECTION('',(1.110223024625E-16,0.,-1.));
#1705 = PCURVE('',#1651,#1706);
#1706 = DEFINITIONAL_REPRESENTATION('',(#1707),#1711);
#1707 = LINE('',#1708,#1709);
#1708 = CARTESIAN_POINT('',(0.,0.));
#1709 = VECTOR('',#1710,1.);
#1710 = DIRECTION('',(1.,0.));
#1711 = ( GEOMETRIC_REPRESENTATION_CONTEXT(2) 
PARAMETRIC_REPRESENTATION_CONTEXT() REPRESENTATION_CONTEXT('2D SPACE',''
  ) );
#1712 = PCURVE('',#1713,#1718);
#1713 = PLANE('',#1714);
#1714 = AXIS2_PLACEMENT_3D('',#1715,#1716,#1717);
#1715 = CARTESIAN_POINT('',(661.,0.,0.));
#1716 = DIRECTION('',(1.,0.,1.110223024625E-16));
#1717 = DIRECTION('',(1.110223024625E-16,0.,-1.));
#1718 = DEFINITIONAL_REPRESENTATION('',(#1719),#1723);
#1719 = CIRCLE('',#1720,805.);
#1720 = AXIS2_PLACEMENT_2D('',#1721,#1722);
#1721 = CARTESIAN_POINT('',(0.,0.));
#1722 = DIRECTION('',(1.,0.));
#1723 = ( GEOMETRIC_REPRESENTATION_CONTEXT(2) 
PARAMETRIC_REPRESENTATION_CONTEXT() REPRESENTATION_CONTEXT('2D SPACE',''
  ) );
#1724 = ORIENTED_EDGE('',*,*,#1675,.T.);
#1725 = ADVANCED_FACE('',(#1726),#1663,.T.);
#1726 = FACE_BOUND('',#1727,.T.);
#1727 = EDGE_LOOP('',(#1728));
#1728 = ORIENTED_EDGE('',*,*,#1641,.T.);
#1729 = ADVANCED_FACE('',(#1730),#1713,.F.);
#1730 = FACE_BOUND('',#1731,.T.);
#1731 = EDGE_LOOP('',(#1732));
#1732 = ORIENTED_EDGE('',*,*,#1698,.F.);
#1733 = MANIFOLD_SOLID_BREP('',#1734);
#1734 = CLOSED_SHELL('',(#1735,#1823,#1827));
#1735 = ADVANCED_FACE('',(#1736),#1749,.T.);
#1736 = FACE_BOUND('',#1737,.T.);
#1737 = EDGE_LOOP('',(#1738,#1772,#1795,#1822));
#1738 = ORIENTED_EDGE('',*,*,#1739,.F.);
#1739 = EDGE_CURVE('',#1740,#1740,#1742,.T.);
#1740 = VERTEX_POINT('',#1741);
#1741 = CARTESIAN_POINT('',(661.,-6.309380309207E-14,-257.6));
#1742 = SURFACE_CURVE('',#1743,(#1748,#1760),.PCURVE_S1.);
#1743 = CIRCLE('',#1744,257.6);
#1744 = AXIS2_PLACEMENT_3D('',#1745,#1746,#1747);
#1745 = CARTESIAN_POINT('',(661.,0.,1.398881011028E-14));
#1746 = DIRECTION('',(1.,-0.,1.110223024625E-16));
#1747 = DIRECTION('',(1.110223024625E-16,0.,-1.));
#1748 = PCURVE('',#1749,#1754);
#1749 = CONICAL_SURFACE('',#1750,386.4,0.79638673208);
#1750 = AXIS2_PLACEMENT_3D('',#1751,#1752,#1753);
#1751 = CARTESIAN_POINT('',(535.,0.,0.));
#1752 = DIRECTION('',(-1.,-0.,-1.110223024625E-16));
#1753 = DIRECTION('',(1.110223024625E-16,0.,-1.));
#1754 = DEFINITIONAL_REPRESENTATION('',(#1755),#1759);
#1755 = LINE('',#1756,#1757);
#1756 = CARTESIAN_POINT('',(-0.,-126.));
#1757 = VECTOR('',#1758,1.);
#1758 = DIRECTION('',(-1.,-0.));
#1759 = ( GEOMETRIC_REPRESENTATION_CONTEXT(2) 
PARAMETRIC_REPRESENTATION_CONTEXT() REPRESENTATION_CONTEXT('2D SPACE',''
  ) );
#1760 = PCURVE('',#1761,#1766);
#1761 = PLANE('',#1762);
#1762 = AXIS2_PLACEMENT_3D('',#1763,#1764,#1765);
#1763 = CARTESIAN_POINT('',(661.,0.,1.398881011028E-14));
#1764 = DIRECTION('',(1.,0.,1.110223024625E-16));
#1765 = DIRECTION('',(1.110223024625E-16,0.,-1.));
#1766 = DEFINITIONAL_REPRESENTATION('',(#1767),#1771);
#1767 = CIRCLE('',#1768,257.6);
#1768 = AXIS2_PLACEMENT_2D('',#1769,#1770);
#1769 = CARTESIAN_POINT('',(0.,0.));
#1770 = DIRECTION('',(1.,0.));
#1771 = ( GEOMETRIC_REPRESENTATION_CONTEXT(2) 
PARAMETRIC_REPRESENTATION_CONTEXT() REPRESENTATION_CONTEXT('2D SPACE',''
  ) );
#1772 = ORIENTED_EDGE('',*,*,#1773,.F.);
#1773 = EDGE_CURVE('',#1774,#1740,#1776,.T.);
#1774 = VERTEX_POINT('',#1775);
#1775 = CARTESIAN_POINT('',(535.,-9.464070463811E-14,-386.4));
#1776 = SEAM_CURVE('',#1777,(#1781,#1788),.PCURVE_S1.);
#1777 = LINE('',#1778,#1779);
#1778 = CARTESIAN_POINT('',(535.,-9.464070463811E-14,-386.4));
#1779 = VECTOR('',#1780,1.);
#1780 = DIRECTION('',(0.699294155464,1.750838402709E-16,0.714834025585)
  );
#1781 = PCURVE('',#1749,#1782);
#1782 = DEFINITIONAL_REPRESENTATION('',(#1783),#1787);
#1783 = LINE('',#1784,#1785);
#1784 = CARTESIAN_POINT('',(-6.28318530718,0.));
#1785 = VECTOR('',#1786,1.);
#1786 = DIRECTION('',(-0.,-1.));
#1787 = ( GEOMETRIC_REPRESENTATION_CONTEXT(2) 
PARAMETRIC_REPRESENTATION_CONTEXT() REPRESENTATION_CONTEXT('2D SPACE',''
  ) );
#1788 = PCURVE('',#1749,#1789);
#1789 = DEFINITIONAL_REPRESENTATION('',(#1790),#1794);
#1790 = LINE('',#1791,#1792);
#1791 = CARTESIAN_POINT('',(0.,-0.));
#1792 = VECTOR('',#1793,1.);
#1793 = DIRECTION('',(-0.,-1.));
#1794 = ( GEOMETRIC_REPRESENTATION_CONTEXT(2) 
PARAMETRIC_REPRESENTATION_CONTEXT() REPRESENTATION_CONTEXT('2D SPACE',''
  ) );
#1795 = ORIENTED_EDGE('',*,*,#1796,.T.);
#1796 = EDGE_CURVE('',#1774,#1774,#1797,.T.);
#1797 = SURFACE_CURVE('',#1798,(#1803,#1810),.PCURVE_S1.);
#1798 = CIRCLE('',#1799,386.4);
#1799 = AXIS2_PLACEMENT_3D('',#1800,#1801,#1802);
#1800 = CARTESIAN_POINT('',(535.,0.,0.));
#1801 = DIRECTION('',(1.,-0.,1.110223024625E-16));
#1802 = DIRECTION('',(1.110223024625E-16,0.,-1.));
#1803 = PCURVE('',#1749,#1804);
#1804 = DEFINITIONAL_REPRESENTATION('',(#1805),#1809);
#1805 = LINE('',#1806,#1807);
#1806 = CARTESIAN_POINT('',(-0.,-0.));
#1807 = VECTOR('',#1808,1.);
#1808 = DIRECTION('',(-1.,-0.));
#1809 = ( GEOMETRIC_REPRESENTATION_CONTEXT(2) 
PARAMETRIC_REPRESENTATION_CONTEXT() REPRESENTATION_CONTEXT('2D SPACE',''
  ) );
#1810 = PCURVE('',#1811,#1816);
#1811 = PLANE('',#1812);
#1812 = AXIS2_PLACEMENT_3D('',#1813,#1814,#1815);
#1813 = CARTESIAN_POINT('',(535.,0.,0.));
#1814 = DIRECTION('',(1.,0.,1.110223024625E-16));
#1815 = DIRECTION('',(1.110223024625E-16,0.,-1.));
#1816 = DEFINITIONAL_REPRESENTATION('',(#1817),#1821);
#1817 = CIRCLE('',#1818,386.4);
#1818 = AXIS2_PLACEMENT_2D('',#1819,#1820);
#1819 = CARTESIAN_POINT('',(0.,0.));
#1820 = DIRECTION('',(1.,0.));
#1821 = ( GEOMETRIC_REPRESENTATION_CONTEXT(2) 
PARAMETRIC_REPRESENTATION_CONTEXT() REPRESENTATION_CONTEXT('2D SPACE',''
  ) );
#1822 = ORIENTED_EDGE('',*,*,#1773,.T.);
#1823 = ADVANCED_FACE('',(#1824),#1761,.T.);
#1824 = FACE_BOUND('',#1825,.T.);
#1825 = EDGE_LOOP('',(#1826));
#1826 = ORIENTED_EDGE('',*,*,#1739,.T.);
#1827 = ADVANCED_FACE('',(#1828),#1811,.F.);
#1828 = FACE_BOUND('',#1829,.T.);
#1829 = EDGE_LOOP('',(#1830));
#1830 = ORIENTED_EDGE('',*,*,#1796,.F.);
#1831 = MANIFOLD_SOLID_BREP('',#1832);
#1832 = CLOSED_SHELL('',(#1833,#1953,#2053,#2100,#2147,#2154));
#1833 = ADVANCED_FACE('',(#1834),#1848,.F.);
#1834 = FACE_BOUND('',#1835,.F.);
#1835 = EDGE_LOOP('',(#1836,#1871,#1899,#1927));
#1836 = ORIENTED_EDGE('',*,*,#1837,.F.);
#1837 = EDGE_CURVE('',#1838,#1840,#1842,.T.);
#1838 = VERTEX_POINT('',#1839);
#1839 = CARTESIAN_POINT('',(-157.5,311.5,-52.5));
#1840 = VERTEX_POINT('',#1841);
#1841 = CARTESIAN_POINT('',(-157.5,311.5,122.5));
#1842 = SURFACE_CURVE('',#1843,(#1847,#1859),.PCURVE_S1.);
#1843 = LINE('',#1844,#1845);
#1844 = CARTESIAN_POINT('',(-157.5,311.5,-52.5));
#1845 = VECTOR('',#1846,1.);
#1846 = DIRECTION('',(0.,0.,1.));
#1847 = PCURVE('',#1848,#1853);
#1848 = PLANE('',#1849);
#1849 = AXIS2_PLACEMENT_3D('',#1850,#1851,#1852);
#1850 = CARTESIAN_POINT('',(-157.5,311.5,-52.5));
#1851 = DIRECTION('',(1.,0.,0.));
#1852 = DIRECTION('',(0.,0.,1.));
#1853 = DEFINITIONAL_REPRESENTATION('',(#1854),#1858);
#1854 = LINE('',#1855,#1856);
#1855 = CARTESIAN_POINT('',(0.,0.));
#1856 = VECTOR('',#1857,1.);
#1857 = DIRECTION('',(1.,0.));
#1858 = ( GEOMETRIC_REPRESENTATION_CONTEXT(2) 
PARAMETRIC_REPRESENTATION_CONTEXT() REPRESENTATION_CONTEXT('2D SPACE',''
  ) );
#1859 = PCURVE('',#1860,#1865);
#1860 = PLANE('',#1861);
#1861 = AXIS2_PLACEMENT_3D('',#1862,#1863,#1864);
#1862 = CARTESIAN_POINT('',(-157.5,311.5,-52.5));
#1863 = DIRECTION('',(0.,1.,0.));
#1864 = DIRECTION('',(0.,0.,1.));
#1865 = DEFINITIONAL_REPRESENTATION('',(#1866),#1870);
#1866 = LINE('',#1867,#1868);
#1867 = CARTESIAN_POINT('',(0.,0.));
#1868 = VECTOR('',#1869,1.);
#1869 = DIRECTION('',(1.,0.));
#1870 = ( GEOMETRIC_REPRESENTATION_CONTEXT(2) 
PARAMETRIC_REPRESENTATION_CONTEXT() REPRESENTATION_CONTEXT('2D SPACE',''
  ) );
#1871 = ORIENTED_EDGE('',*,*,#1872,.T.);
#1872 = EDGE_CURVE('',#1838,#1873,#1875,.T.);
#1873 = VERTEX_POINT('',#1874);
#1874 = CARTESIAN_POINT('',(-157.5,556.5,-52.5));
#1875 = SURFACE_CURVE('',#1876,(#1880,#1887),.PCURVE_S1.);
#1876 = LINE('',#1877,#1878);
#1877 = CARTESIAN_POINT('',(-157.5,311.5,-52.5));
#1878 = VECTOR('',#1879,1.);
#1879 = DIRECTION('',(0.,1.,0.));
#1880 = PCURVE('',#1848,#1881);
#1881 = DEFINITIONAL_REPRESENTATION('',(#1882),#1886);
#1882 = LINE('',#1883,#1884);
#1883 = CARTESIAN_POINT('',(0.,0.));
#1884 = VECTOR('',#1885,1.);
#1885 = DIRECTION('',(0.,-1.));
#1886 = ( GEOMETRIC_REPRESENTATION_CONTEXT(2) 
PARAMETRIC_REPRESENTATION_CONTEXT() REPRESENTATION_CONTEXT('2D SPACE',''
  ) );
#1887 = PCURVE('',#1888,#1893);
#1888 = PLANE('',#1889);
#1889 = AXIS2_PLACEMENT_3D('',#1890,#1891,#1892);
#1890 = CARTESIAN_POINT('',(-157.5,311.5,-52.5));
#1891 = DIRECTION('',(0.,0.,1.));
#1892 = DIRECTION('',(1.,0.,0.));
#1893 = DEFINITIONAL_REPRESENTATION('',(#1894),#1898);
#1894 = LINE('',#1895,#1896);
#1895 = CARTESIAN_POINT('',(0.,0.));
#1896 = VECTOR('',#1897,1.);
#1897 = DIRECTION('',(0.,1.));
#1898 = ( GEOMETRIC_REPRESENTATION_CONTEXT(2) 
PARAMETRIC_REPRESENTATION_CONTEXT() REPRESENTATION_CONTEXT('2D SPACE',''
  ) );
#1899 = ORIENTED_EDGE('',*,*,#1900,.T.);
#1900 = EDGE_CURVE('',#1873,#1901,#1903,.T.);
#1901 = VERTEX_POINT('',#1902);
#1902 = CARTESIAN_POINT('',(-157.5,556.5,122.5));
#1903 = SURFACE_CURVE('',#1904,(#1908,#1915),.PCURVE_S1.);
#1904 = LINE('',#1905,#1906);
#1905 = CARTESIAN_POINT('',(-157.5,556.5,-52.5));
#1906 = VECTOR('',#1907,1.);
#1907 = DIRECTION('',(0.,0.,1.));
#1908 = PCURVE('',#1848,#1909);
#1909 = DEFINITIONAL_REPRESENTATION('',(#1910),#1914);
#1910 = LINE('',#1911,#1912);
#1911 = CARTESIAN_POINT('',(0.,-245.));
#1912 = VECTOR('',#1913,1.);
#1913 = DIRECTION('',(1.,0.));
#1914 = ( GEOMETRIC_REPRESENTATION_CONTEXT(2) 
PARAMETRIC_REPRESENTATION_CONTEXT() REPRESENTATION_CONTEXT('2D SPACE',''
  ) );
#1915 = PCURVE('',#1916,#1921);
#1916 = PLANE('',#1917);
#1917 = AXIS2_PLACEMENT_3D('',#1918,#1919,#1920);
#1918 = CARTESIAN_POINT('',(-157.5,556.5,-52.5));
#1919 = DIRECTION('',(0.,1.,0.));
#1920 = DIRECTION('',(0.,0.,1.));
#1921 = DEFINITIONAL_REPRESENTATION('',(#1922),#1926);
#1922 = LINE('',#1923,#1924);
#1923 = CARTESIAN_POINT('',(0.,0.));
#1924 = VECTOR('',#1925,1.);
#1925 = DIRECTION('',(1.,0.));
#1926 = ( GEOMETRIC_REPRESENTATION_CONTEXT(2) 
PARAMETRIC_REPRESENTATION_CONTEXT() REPRESENTATION_CONTEXT('2D SPACE',''
  ) );
#1927 = ORIENTED_EDGE('',*,*,#1928,.F.);
#1928 = EDGE_CURVE('',#1840,#1901,#1929,.T.);
#1929 = SURFACE_CURVE('',#1930,(#1934,#1941),.PCURVE_S1.);
#1930 = LINE('',#1931,#1932);
#1931 = CARTESIAN_POINT('',(-157.5,311.5,122.5));
#1932 = VECTOR('',#1933,1.);
#1933 = DIRECTION('',(0.,1.,0.));
#1934 = PCURVE('',#1848,#1935);
#1935 = DEFINITIONAL_REPRESENTATION('',(#1936),#1940);
#1936 = LINE('',#1937,#1938);
#1937 = CARTESIAN_POINT('',(175.,0.));
#1938 = VECTOR('',#1939,1.);
#1939 = DIRECTION('',(0.,-1.));
#1940 = ( GEOMETRIC_REPRESENTATION_CONTEXT(2) 
PARAMETRIC_REPRESENTATION_CONTEXT() REPRESENTATION_CONTEXT('2D SPACE',''
  ) );
#1941 = PCURVE('',#1942,#1947);
#1942 = PLANE('',#1943);
#1943 = AXIS2_PLACEMENT_3D('',#1944,#1945,#1946);
#1944 = CARTESIAN_POINT('',(-157.5,311.5,122.5));
#1945 = DIRECTION('',(0.,0.,1.));
#1946 = DIRECTION('',(1.,0.,0.));
#1947 = DEFINITIONAL_REPRESENTATION('',(#1948),#1952);
#1948 = LINE('',#1949,#1950);
#1949 = CARTESIAN_POINT('',(0.,0.));
#1950 = VECTOR('',#1951,1.);
#1951 = DIRECTION('',(0.,1.));
#1952 = ( GEOMETRIC_REPRESENTATION_CONTEXT(2) 
PARAMETRIC_REPRESENTATION_CONTEXT() REPRESENTATION_CONTEXT('2D SPACE',''
  ) );
#1953 = ADVANCED_FACE('',(#1954),#1968,.T.);
#1954 = FACE_BOUND('',#1955,.T.);
#1955 = EDGE_LOOP('',(#1956,#1986,#2009,#2032));
#1956 = ORIENTED_EDGE('',*,*,#1957,.F.);
#1957 = EDGE_CURVE('',#1958,#1960,#1962,.T.);
#1958 = VERTEX_POINT('',#1959);
#1959 = CARTESIAN_POINT('',(157.5,311.5,-52.5));
#1960 = VERTEX_POINT('',#1961);
#1961 = CARTESIAN_POINT('',(157.5,311.5,122.5));
#1962 = SURFACE_CURVE('',#1963,(#1967,#1979),.PCURVE_S1.);
#1963 = LINE('',#1964,#1965);
#1964 = CARTESIAN_POINT('',(157.5,311.5,-52.5));
#1965 = VECTOR('',#1966,1.);
#1966 = DIRECTION('',(0.,0.,1.));
#1967 = PCURVE('',#1968,#1973);
#1968 = PLANE('',#1969);
#1969 = AXIS2_PLACEMENT_3D('',#1970,#1971,#1972);
#1970 = CARTESIAN_POINT('',(157.5,311.5,-52.5));
#1971 = DIRECTION('',(1.,0.,0.));
#1972 = DIRECTION('',(0.,0.,1.));
#1973 = DEFINITIONAL_REPRESENTATION('',(#1974),#1978);
#1974 = LINE('',#1975,#1976);
#1975 = CARTESIAN_POINT('',(0.,0.));
#1976 = VECTOR('',#1977,1.);
#1977 = DIRECTION('',(1.,0.));
#1978 = ( GEOMETRIC_REPRESENTATION_CONTEXT(2) 
PARAMETRIC_REPRESENTATION_CONTEXT() REPRESENTATION_CONTEXT('2D SPACE',''
  ) );
#1979 = PCURVE('',#1860,#1980);
#1980 = DEFINITIONAL_REPRESENTATION('',(#1981),#1985);
#1981 = LINE('',#1982,#1983);
#1982 = CARTESIAN_POINT('',(0.,315.));
#1983 = VECTOR('',#1984,1.);
#1984 = DIRECTION('',(1.,0.));
#1985 = ( GEOMETRIC_REPRESENTATION_CONTEXT(2) 
PARAMETRIC_REPRESENTATION_CONTEXT() REPRESENTATION_CONTEXT('2D SPACE',''
  ) );
#1986 = ORIENTED_EDGE('',*,*,#1987,.T.);
#1987 = EDGE_CURVE('',#1958,#1988,#1990,.T.);
#1988 = VERTEX_POINT('',#1989);
#1989 = CARTESIAN_POINT('',(157.5,556.5,-52.5));
#1990 = SURFACE_CURVE('',#1991,(#1995,#2002),.PCURVE_S1.);
#1991 = LINE('',#1992,#1993);
#1992 = CARTESIAN_POINT('',(157.5,311.5,-52.5));
#1993 = VECTOR('',#1994,1.);
#1994 = DIRECTION('',(0.,1.,0.));
#1995 = PCURVE('',#1968,#1996);
#1996 = DEFINITIONAL_REPRESENTATION('',(#1997),#2001);
#1997 = LINE('',#1998,#1999);
#1998 = CARTESIAN_POINT('',(0.,0.));
#1999 = VECTOR('',#2000,1.);
#2000 = DIRECTION('',(0.,-1.));
#2001 = ( GEOMETRIC_REPRESENTATION_CONTEXT(2) 
PARAMETRIC_REPRESENTATION_CONTEXT() REPRESENTATION_CONTEXT('2D SPACE',''
  ) );
#2002 = PCURVE('',#1888,#2003);
#2003 = DEFINITIONAL_REPRESENTATION('',(#2004),#2008);
#2004 = LINE('',#2005,#2006);
#2005 = CARTESIAN_POINT('',(315.,0.));
#2006 = VECTOR('',#2007,1.);
#2007 = DIRECTION('',(0.,1.));
#2008 = ( GEOMETRIC_REPRESENTATION_CONTEXT(2) 
PARAMETRIC_REPRESENTATION_CONTEXT() REPRESENTATION_CONTEXT('2D SPACE',''
  ) );
#2009 = ORIENTED_EDGE('',*,*,#2010,.T.);
#2010 = EDGE_CURVE('',#1988,#2011,#2013,.T.);
#2011 = VERTEX_POINT('',#2012);
#2012 = CARTESIAN_POINT('',(157.5,556.5,122.5));
#2013 = SURFACE_CURVE('',#2014,(#2018,#2025),.PCURVE_S1.);
#2014 = LINE('',#2015,#2016);
#2015 = CARTESIAN_POINT('',(157.5,556.5,-52.5));
#2016 = VECTOR('',#2017,1.);
#2017 = DIRECTION('',(0.,0.,1.));
#2018 = PCURVE('',#1968,#2019);
#2019 = DEFINITIONAL_REPRESENTATION('',(#2020),#2024);
#2020 = LINE('',#2021,#2022);
#2021 = CARTESIAN_POINT('',(0.,-245.));
#2022 = VECTOR('',#2023,1.);
#2023 = DIRECTION('',(1.,0.));
#2024 = ( GEOMETRIC_REPRESENTATION_CONTEXT(2) 
PARAMETRIC_REPRESENTATION_CONTEXT() REPRESENTATION_CONTEXT('2D SPACE',''
  ) );
#2025 = PCURVE('',#1916,#2026);
#2026 = DEFINITIONAL_REPRESENTATION('',(#2027),#2031);
#2027 = LINE('',#2028,#2029);
#2028 = CARTESIAN_POINT('',(0.,315.));
#2029 = VECTOR('',#2030,1.);
#2030 = DIRECTION('',(1.,0.));
#2031 = ( GEOMETRIC_REPRESENTATION_CONTEXT(2) 
PARAMETRIC_REPRESENTATION_CONTEXT() REPRESENTATION_CONTEXT('2D SPACE',''
  ) );
#2032 = ORIENTED_EDGE('',*,*,#2033,.F.);
#2033 = EDGE_CURVE('',#1960,#2011,#2034,.T.);
#2034 = SURFACE_CURVE('',#2035,(#2039,#2046),.PCURVE_S1.);
#2035 = LINE('',#2036,#2037);
#2036 = CARTESIAN_POINT('',(157.5,311.5,122.5));
#2037 = VECTOR('',#2038,1.);
#2038 = DIRECTION('',(0.,1.,0.));
#2039 = PCURVE('',#1968,#2040);
#2040 = DEFINITIONAL_REPRESENTATION('',(#2041),#2045);
#2041 = LINE('',#2042,#2043);
#2042 = CARTESIAN_POINT('',(175.,0.));
#2043 = VECTOR('',#2044,1.);
#2044 = DIRECTION('',(0.,-1.));
#2045 = ( GEOMETRIC_REPRESENTATION_CONTEXT(2) 
PARAMETRIC_REPRESENTATION_CONTEXT() REPRESENTATION_CONTEXT('2D SPACE',''
  ) );
#2046 = PCURVE('',#1942,#2047);
#2047 = DEFINITIONAL_REPRESENTATION('',(#2048),#2052);
#2048 = LINE('',#2049,#2050);
#2049 = CARTESIAN_POINT('',(315.,0.));
#2050 = VECTOR('',#2051,1.);
#2051 = DIRECTION('',(0.,1.));
#2052 = ( GEOMETRIC_REPRESENTATION_CONTEXT(2) 
PARAMETRIC_REPRESENTATION_CONTEXT() REPRESENTATION_CONTEXT('2D SPACE',''
  ) );
#2053 = ADVANCED_FACE('',(#2054),#1860,.F.);
#2054 = FACE_BOUND('',#2055,.F.);
#2055 = EDGE_LOOP('',(#2056,#2077,#2078,#2099));
#2056 = ORIENTED_EDGE('',*,*,#2057,.F.);
#2057 = EDGE_CURVE('',#1838,#1958,#2058,.T.);
#2058 = SURFACE_CURVE('',#2059,(#2063,#2070),.PCURVE_S1.);
#2059 = LINE('',#2060,#2061);
#2060 = CARTESIAN_POINT('',(-157.5,311.5,-52.5));
#2061 = VECTOR('',#2062,1.);
#2062 = DIRECTION('',(1.,0.,0.));
#2063 = PCURVE('',#1860,#2064);
#2064 = DEFINITIONAL_REPRESENTATION('',(#2065),#2069);
#2065 = LINE('',#2066,#2067);
#2066 = CARTESIAN_POINT('',(0.,0.));
#2067 = VECTOR('',#2068,1.);
#2068 = DIRECTION('',(0.,1.));
#2069 = ( GEOMETRIC_REPRESENTATION_CONTEXT(2) 
PARAMETRIC_REPRESENTATION_CONTEXT() REPRESENTATION_CONTEXT('2D SPACE',''
  ) );
#2070 = PCURVE('',#1888,#2071);
#2071 = DEFINITIONAL_REPRESENTATION('',(#2072),#2076);
#2072 = LINE('',#2073,#2074);
#2073 = CARTESIAN_POINT('',(0.,0.));
#2074 = VECTOR('',#2075,1.);
#2075 = DIRECTION('',(1.,0.));
#2076 = ( GEOMETRIC_REPRESENTATION_CONTEXT(2) 
PARAMETRIC_REPRESENTATION_CONTEXT() REPRESENTATION_CONTEXT('2D SPACE',''
  ) );
#2077 = ORIENTED_EDGE('',*,*,#1837,.T.);
#2078 = ORIENTED_EDGE('',*,*,#2079,.T.);
#2079 = EDGE_CURVE('',#1840,#1960,#2080,.T.);
#2080 = SURFACE_CURVE('',#2081,(#2085,#2092),.PCURVE_S1.);
#2081 = LINE('',#2082,#2083);
#2082 = CARTESIAN_POINT('',(-157.5,311.5,122.5));
#2083 = VECTOR('',#2084,1.);
#2084 = DIRECTION('',(1.,0.,0.));
#2085 = PCURVE('',#1860,#2086);
#2086 = DEFINITIONAL_REPRESENTATION('',(#2087),#2091);
#2087 = LINE('',#2088,#2089);
#2088 = CARTESIAN_POINT('',(175.,0.));
#2089 = VECTOR('',#2090,1.);
#2090 = DIRECTION('',(0.,1.));
#2091 = ( GEOMETRIC_REPRESENTATION_CONTEXT(2) 
PARAMETRIC_REPRESENTATION_CONTEXT() REPRESENTATION_CONTEXT('2D SPACE',''
  ) );
#2092 = PCURVE('',#1942,#2093);
#2093 = DEFINITIONAL_REPRESENTATION('',(#2094),#2098);
#2094 = LINE('',#2095,#2096);
#2095 = CARTESIAN_POINT('',(0.,0.));
#2096 = VECTOR('',#2097,1.);
#2097 = DIRECTION('',(1.,0.));
#2098 = ( GEOMETRIC_REPRESENTATION_CONTEXT(2) 
PARAMETRIC_REPRESENTATION_CONTEXT() REPRESENTATION_CONTEXT('2D SPACE',''
  ) );
#2099 = ORIENTED_EDGE('',*,*,#1957,.F.);
#2100 = ADVANCED_FACE('',(#2101),#1916,.T.);
#2101 = FACE_BOUND('',#2102,.T.);
#2102 = EDGE_LOOP('',(#2103,#2124,#2125,#2146));
#2103 = ORIENTED_EDGE('',*,*,#2104,.F.);
#2104 = EDGE_CURVE('',#1873,#1988,#2105,.T.);
#2105 = SURFACE_CURVE('',#2106,(#2110,#2117),.PCURVE_S1.);
#2106 = LINE('',#2107,#2108);
#2107 = CARTESIAN_POINT('',(-157.5,556.5,-52.5));
#2108 = VECTOR('',#2109,1.);
#2109 = DIRECTION('',(1.,0.,0.));
#2110 = PCURVE('',#1916,#2111);
#2111 = DEFINITIONAL_REPRESENTATION('',(#2112),#2116);
#2112 = LINE('',#2113,#2114);
#2113 = CARTESIAN_POINT('',(0.,0.));
#2114 = VECTOR('',#2115,1.);
#2115 = DIRECTION('',(0.,1.));
#2116 = ( GEOMETRIC_REPRESENTATION_CONTEXT(2) 
PARAMETRIC_REPRESENTATION_CONTEXT() REPRESENTATION_CONTEXT('2D SPACE',''
  ) );
#2117 = PCURVE('',#1888,#2118);
#2118 = DEFINITIONAL_REPRESENTATION('',(#2119),#2123);
#2119 = LINE('',#2120,#2121);
#2120 = CARTESIAN_POINT('',(0.,245.));
#2121 = VECTOR('',#2122,1.);
#2122 = DIRECTION('',(1.,0.));
#2123 = ( GEOMETRIC_REPRESENTATION_CONTEXT(2) 
PARAMETRIC_REPRESENTATION_CONTEXT() REPRESENTATION_CONTEXT('2D SPACE',''
  ) );
#2124 = ORIENTED_EDGE('',*,*,#1900,.T.);
#2125 = ORIENTED_EDGE('',*,*,#2126,.T.);
#2126 = EDGE_CURVE('',#1901,#2011,#2127,.T.);
#2127 = SURFACE_CURVE('',#2128,(#2132,#2139),.PCURVE_S1.);
#2128 = LINE('',#2129,#2130);
#2129 = CARTESIAN_POINT('',(-157.5,556.5,122.5));
#2130 = VECTOR('',#2131,1.);
#2131 = DIRECTION('',(1.,0.,0.));
#2132 = PCURVE('',#1916,#2133);
#2133 = DEFINITIONAL_REPRESENTATION('',(#2134),#2138);
#2134 = LINE('',#2135,#2136);
#2135 = CARTESIAN_POINT('',(175.,0.));
#2136 = VECTOR('',#2137,1.);
#2137 = DIRECTION('',(0.,1.));
#2138 = ( GEOMETRIC_REPRESENTATION_CONTEXT(2) 
PARAMETRIC_REPRESENTATION_CONTEXT() REPRESENTATION_CONTEXT('2D SPACE',''
  ) );
#2139 = PCURVE('',#1942,#2140);
#2140 = DEFINITIONAL_REPRESENTATION('',(#2141),#2145);
#2141 = LINE('',#2142,#2143);
#2142 = CARTESIAN_POINT('',(0.,245.));
#2143 = VECTOR('',#2144,1.);
#2144 = DIRECTION('',(1.,0.));
#2145 = ( GEOMETRIC_REPRESENTATION_CONTEXT(2) 
PARAMETRIC_REPRESENTATION_CONTEXT() REPRESENTATION_CONTEXT('2D SPACE',''
  ) );
#2146 = ORIENTED_EDGE('',*,*,#2010,.F.);
#2147 = ADVANCED_FACE('',(#2148),#1888,.F.);
#2148 = FACE_BOUND('',#2149,.F.);
#2149 = EDGE_LOOP('',(#2150,#2151,#2152,#2153));
#2150 = ORIENTED_EDGE('',*,*,#1872,.F.);
#2151 = ORIENTED_EDGE('',*,*,#2057,.T.);
#2152 = ORIENTED_EDGE('',*,*,#1987,.T.);
#2153 = ORIENTED_EDGE('',*,*,#2104,.F.);
#2154 = ADVANCED_FACE('',(#2155),#1942,.T.);
#2155 = FACE_BOUND('',#2156,.T.);
#2156 = EDGE_LOOP('',(#2157,#2158,#2159,#2160));
#2157 = ORIENTED_EDGE('',*,*,#1928,.F.);
#2158 = ORIENTED_EDGE('',*,*,#2079,.T.);
#2159 = ORIENTED_EDGE('',*,*,#2033,.T.);
#2160 = ORIENTED_EDGE('',*,*,#2126,.F.);
#2161 = MANIFOLD_SOLID_BREP('',#2162);
#2162 = CLOSED_SHELL('',(#2163,#2376,#3151,#3856,#3860,#3916,#3998));
#2163 = ADVANCED_FACE('',(#2164),#2178,.T.);
#2164 = FACE_BOUND('',#2165,.T.);
#2165 = EDGE_LOOP('',(#2166,#2196,#2223,#2224,#2265,#2301,#2342));
#2166 = ORIENTED_EDGE('',*,*,#2167,.T.);
#2167 = EDGE_CURVE('',#2168,#2170,#2172,.T.);
#2168 = VERTEX_POINT('',#2169);
#2169 = CARTESIAN_POINT('',(-47.25,458.5,52.5));
#2170 = VERTEX_POINT('',#2171);
#2171 = CARTESIAN_POINT('',(-47.25,521.5,52.5));
#2172 = SEAM_CURVE('',#2173,(#2177,#2189),.PCURVE_S1.);
#2173 = LINE('',#2174,#2175);
#2174 = CARTESIAN_POINT('',(-47.25,395.5,52.5));
#2175 = VECTOR('',#2176,1.);
#2176 = DIRECTION('',(0.,1.,0.));
#2177 = PCURVE('',#2178,#2183);
#2178 = CYLINDRICAL_SURFACE('',#2179,17.5);
#2179 = AXIS2_PLACEMENT_3D('',#2180,#2181,#2182);
#2180 = CARTESIAN_POINT('',(-47.25,395.5,35.));
#2181 = DIRECTION('',(0.,1.,0.));
#2182 = DIRECTION('',(0.,0.,1.));
#2183 = DEFINITIONAL_REPRESENTATION('',(#2184),#2188);
#2184 = LINE('',#2185,#2186);
#2185 = CARTESIAN_POINT('',(6.28318530718,-0.));
#2186 = VECTOR('',#2187,1.);
#2187 = DIRECTION('',(0.,1.));
#2188 = ( GEOMETRIC_REPRESENTATION_CONTEXT(2) 
PARAMETRIC_REPRESENTATION_CONTEXT() REPRESENTATION_CONTEXT('2D SPACE',''
  ) );
#2189 = PCURVE('',#2178,#2190);
#2190 = DEFINITIONAL_REPRESENTATION('',(#2191),#2195);
#2191 = LINE('',#2192,#2193);
#2192 = CARTESIAN_POINT('',(0.,-0.));
#2193 = VECTOR('',#2194,1.);
#2194 = DIRECTION('',(0.,1.));
#2195 = ( GEOMETRIC_REPRESENTATION_CONTEXT(2) 
PARAMETRIC_REPRESENTATION_CONTEXT() REPRESENTATION_CONTEXT('2D SPACE',''
  ) );
#2196 = ORIENTED_EDGE('',*,*,#2197,.F.);
#2197 = EDGE_CURVE('',#2170,#2170,#2198,.T.);
#2198 = SURFACE_CURVE('',#2199,(#2204,#2211),.PCURVE_S1.);
#2199 = CIRCLE('',#2200,17.5);
#2200 = AXIS2_PLACEMENT_3D('',#2201,#2202,#2203);
#2201 = CARTESIAN_POINT('',(-47.25,521.5,35.));
#2202 = DIRECTION('',(0.,1.,0.));
#2203 = DIRECTION('',(0.,0.,1.));
#2204 = PCURVE('',#2178,#2205);
#2205 = DEFINITIONAL_REPRESENTATION('',(#2206),#2210);
#2206 = LINE('',#2207,#2208);
#2207 = CARTESIAN_POINT('',(0.,126.));
#2208 = VECTOR('',#2209,1.);
#2209 = DIRECTION('',(1.,0.));
#2210 = ( GEOMETRIC_REPRESENTATION_CONTEXT(2) 
PARAMETRIC_REPRESENTATION_CONTEXT() REPRESENTATION_CONTEXT('2D SPACE',''
  ) );
#2211 = PCURVE('',#2212,#2217);
#2212 = PLANE('',#2213);
#2213 = AXIS2_PLACEMENT_3D('',#2214,#2215,#2216);
#2214 = CARTESIAN_POINT('',(-47.25,521.5,35.));
#2215 = DIRECTION('',(0.,1.,0.));
#2216 = DIRECTION('',(0.,0.,1.));
#2217 = DEFINITIONAL_REPRESENTATION('',(#2218),#2222);
#2218 = CIRCLE('',#2219,17.5);
#2219 = AXIS2_PLACEMENT_2D('',#2220,#2221);
#2220 = CARTESIAN_POINT('',(0.,0.));
#2221 = DIRECTION('',(1.,0.));
#2222 = ( GEOMETRIC_REPRESENTATION_CONTEXT(2) 
PARAMETRIC_REPRESENTATION_CONTEXT() REPRESENTATION_CONTEXT('2D SPACE',''
  ) );
#2223 = ORIENTED_EDGE('',*,*,#2167,.F.);
#2224 = ORIENTED_EDGE('',*,*,#2225,.T.);
#2225 = EDGE_CURVE('',#2168,#2226,#2228,.T.);
#2226 = VERTEX_POINT('',#2227);
#2227 = CARTESIAN_POINT('',(-29.75,476.,35.));
#2228 = SURFACE_CURVE('',#2229,(#2234,#2247),.PCURVE_S1.);
#2229 = ELLIPSE('',#2230,24.748737341529,17.5);
#2230 = AXIS2_PLACEMENT_3D('',#2231,#2232,#2233);
#2231 = CARTESIAN_POINT('',(-47.25,458.5,35.));
#2232 = DIRECTION('',(-0.707106781187,0.707106781187,0.));
#2233 = DIRECTION('',(0.707106781187,0.707106781187,0.));
#2234 = PCURVE('',#2178,#2235);
#2235 = DEFINITIONAL_REPRESENTATION('',(#2236),#2246);
#2236 = B_SPLINE_CURVE_WITH_KNOTS('',8,(#2237,#2238,#2239,#2240,#2241,
    #2242,#2243,#2244,#2245),.UNSPECIFIED.,.F.,.F.,(9,9),(4.712388980385
    ,6.28318530718),.PIECEWISE_BEZIER_KNOTS.);
#2237 = CARTESIAN_POINT('',(0.,63.));
#2238 = CARTESIAN_POINT('',(0.196349540849,66.436116964864));
#2239 = CARTESIAN_POINT('',(0.392699081698,69.872234745504));
#2240 = CARTESIAN_POINT('',(0.589048622546,73.106482071424));
#2241 = CARTESIAN_POINT('',(0.785398163397,75.937028135173));
#2242 = CARTESIAN_POINT('',(0.981747704247,78.186815811147));
#2243 = CARTESIAN_POINT('',(1.178097245095,79.728936420157));
#2244 = CARTESIAN_POINT('',(1.374446785946,80.5));
#2245 = CARTESIAN_POINT('',(1.570796326795,80.5));
#2246 = ( GEOMETRIC_REPRESENTATION_CONTEXT(2) 
PARAMETRIC_REPRESENTATION_CONTEXT() REPRESENTATION_CONTEXT('2D SPACE',''
  ) );
#2247 = PCURVE('',#2248,#2253);
#2248 = CYLINDRICAL_SURFACE('',#2249,17.5);
#2249 = AXIS2_PLACEMENT_3D('',#2250,#2251,#2252);
#2250 = CARTESIAN_POINT('',(-110.25,458.5,35.));
#2251 = DIRECTION('',(1.,0.,0.));
#2252 = DIRECTION('',(0.,0.,1.));
#2253 = DEFINITIONAL_REPRESENTATION('',(#2254),#2264);
#2254 = B_SPLINE_CURVE_WITH_KNOTS('',8,(#2255,#2256,#2257,#2258,#2259,
    #2260,#2261,#2262,#2263),.UNSPECIFIED.,.F.,.F.,(9,9),(4.712388980385
    ,6.28318530718),.PIECEWISE_BEZIER_KNOTS.);
#2255 = CARTESIAN_POINT('',(6.28318530718,63.));
#2256 = CARTESIAN_POINT('',(6.08683576633,66.436116964864));
#2257 = CARTESIAN_POINT('',(5.890486225481,69.872234745504));
#2258 = CARTESIAN_POINT('',(5.694136684631,73.106482071424));
#2259 = CARTESIAN_POINT('',(5.497787143785,75.937028135173));
#2260 = CARTESIAN_POINT('',(5.301437602933,78.186815811147));
#2261 = CARTESIAN_POINT('',(5.105088062084,79.728936420157));
#2262 = CARTESIAN_POINT('',(4.908738521234,80.5));
#2263 = CARTESIAN_POINT('',(4.712388980385,80.5));
#2264 = ( GEOMETRIC_REPRESENTATION_CONTEXT(2) 
PARAMETRIC_REPRESENTATION_CONTEXT() REPRESENTATION_CONTEXT('2D SPACE',''
  ) );
#2265 = ORIENTED_EDGE('',*,*,#2266,.T.);
#2266 = EDGE_CURVE('',#2226,#2267,#2269,.T.);
#2267 = VERTEX_POINT('',#2268);
#2268 = CARTESIAN_POINT('',(-47.25,458.5,17.5));
#2269 = SURFACE_CURVE('',#2270,(#2275,#2288),.PCURVE_S1.);
#2270 = ELLIPSE('',#2271,24.748737341529,17.5);
#2271 = AXIS2_PLACEMENT_3D('',#2272,#2273,#2274);
#2272 = CARTESIAN_POINT('',(-47.25,458.5,35.));
#2273 = DIRECTION('',(-0.707106781187,0.707106781187,0.));
#2274 = DIRECTION('',(0.707106781187,0.707106781187,0.));
#2275 = PCURVE('',#2178,#2276);
#2276 = DEFINITIONAL_REPRESENTATION('',(#2277),#2287);
#2277 = B_SPLINE_CURVE_WITH_KNOTS('',8,(#2278,#2279,#2280,#2281,#2282,
    #2283,#2284,#2285,#2286),.UNSPECIFIED.,.F.,.F.,(9,9),(0.,
    1.570796326795),.PIECEWISE_BEZIER_KNOTS.);
#2278 = CARTESIAN_POINT('',(1.570796326795,80.5));
#2279 = CARTESIAN_POINT('',(1.767145867644,80.5));
#2280 = CARTESIAN_POINT('',(1.963495408491,79.728936420201));
#2281 = CARTESIAN_POINT('',(2.159844949346,78.186815811088));
#2282 = CARTESIAN_POINT('',(2.356194490172,75.937028134824));
#2283 = CARTESIAN_POINT('',(2.552544031043,73.106482071191));
#2284 = CARTESIAN_POINT('',(2.748893571889,69.872234745533));
#2285 = CARTESIAN_POINT('',(2.94524311274,66.436116964864));
#2286 = CARTESIAN_POINT('',(3.14159265359,63.));
#2287 = ( GEOMETRIC_REPRESENTATION_CONTEXT(2) 
PARAMETRIC_REPRESENTATION_CONTEXT() REPRESENTATION_CONTEXT('2D SPACE',''
  ) );
#2288 = PCURVE('',#2248,#2289);
#2289 = DEFINITIONAL_REPRESENTATION('',(#2290),#2300);
#2290 = B_SPLINE_CURVE_WITH_KNOTS('',8,(#2291,#2292,#2293,#2294,#2295,
    #2296,#2297,#2298,#2299),.UNSPECIFIED.,.F.,.F.,(9,9),(0.,
    1.570796326795),.PIECEWISE_BEZIER_KNOTS.);
#2291 = CARTESIAN_POINT('',(4.712388980385,80.5));
#2292 = CARTESIAN_POINT('',(4.516039439535,80.5));
#2293 = CARTESIAN_POINT('',(4.319689898685,79.728936420201));
#2294 = CARTESIAN_POINT('',(4.123340357828,78.186815811088));
#2295 = CARTESIAN_POINT('',(3.926990816984,75.937028134824));
#2296 = CARTESIAN_POINT('',(3.730641276125,73.106482071191));
#2297 = CARTESIAN_POINT('',(3.534291735289,69.872234745533));
#2298 = CARTESIAN_POINT('',(3.337942194439,66.436116964864));
#2299 = CARTESIAN_POINT('',(3.14159265359,63.));
#2300 = ( GEOMETRIC_REPRESENTATION_CONTEXT(2) 
PARAMETRIC_REPRESENTATION_CONTEXT() REPRESENTATION_CONTEXT('2D SPACE',''
  ) );
#2301 = ORIENTED_EDGE('',*,*,#2302,.T.);
#2302 = EDGE_CURVE('',#2267,#2303,#2305,.T.);
#2303 = VERTEX_POINT('',#2304);
#2304 = CARTESIAN_POINT('',(-64.75,476.,35.));
#2305 = SURFACE_CURVE('',#2306,(#2311,#2324),.PCURVE_S1.);
#2306 = ELLIPSE('',#2307,24.748737341529,17.5);
#2307 = AXIS2_PLACEMENT_3D('',#2308,#2309,#2310);
#2308 = CARTESIAN_POINT('',(-47.25,458.5,35.));
#2309 = DIRECTION('',(0.707106781187,0.707106781187,-0.));
#2310 = DIRECTION('',(-0.707106781187,0.707106781187,0.));
#2311 = PCURVE('',#2178,#2312);
#2312 = DEFINITIONAL_REPRESENTATION('',(#2313),#2323);
#2313 = B_SPLINE_CURVE_WITH_KNOTS('',8,(#2314,#2315,#2316,#2317,#2318,
    #2319,#2320,#2321,#2322),.UNSPECIFIED.,.F.,.F.,(9,9),(4.712388980385
    ,6.28318530718),.PIECEWISE_BEZIER_KNOTS.);
#2314 = CARTESIAN_POINT('',(3.14159265359,63.));
#2315 = CARTESIAN_POINT('',(3.337942194439,66.436116964864));
#2316 = CARTESIAN_POINT('',(3.534291735285,69.872234745504));
#2317 = CARTESIAN_POINT('',(3.730641276146,73.106482071424));
#2318 = CARTESIAN_POINT('',(3.926990816959,75.937028135173));
#2319 = CARTESIAN_POINT('',(4.12334035785,78.186815811147));
#2320 = CARTESIAN_POINT('',(4.319689898683,79.728936420157));
#2321 = CARTESIAN_POINT('',(4.516039439535,80.5));
#2322 = CARTESIAN_POINT('',(4.712388980385,80.5));
#2323 = ( GEOMETRIC_REPRESENTATION_CONTEXT(2) 
PARAMETRIC_REPRESENTATION_CONTEXT() REPRESENTATION_CONTEXT('2D SPACE',''
  ) );
#2324 = PCURVE('',#2325,#2330);
#2325 = CYLINDRICAL_SURFACE('',#2326,17.5);
#2326 = AXIS2_PLACEMENT_3D('',#2327,#2328,#2329);
#2327 = CARTESIAN_POINT('',(-110.25,458.5,35.));
#2328 = DIRECTION('',(1.,0.,0.));
#2329 = DIRECTION('',(0.,0.,1.));
#2330 = DEFINITIONAL_REPRESENTATION('',(#2331),#2341);
#2331 = B_SPLINE_CURVE_WITH_KNOTS('',8,(#2332,#2333,#2334,#2335,#2336,
    #2337,#2338,#2339,#2340),.UNSPECIFIED.,.F.,.F.,(9,9),(4.712388980385
    ,6.28318530718),.PIECEWISE_BEZIER_KNOTS.);
#2332 = CARTESIAN_POINT('',(3.14159265359,63.));
#2333 = CARTESIAN_POINT('',(3.337942194439,59.563883035136));
#2334 = CARTESIAN_POINT('',(3.534291735285,56.127765254438));
#2335 = CARTESIAN_POINT('',(3.730641276146,52.893517928693));
#2336 = CARTESIAN_POINT('',(3.926990816959,50.06297186506));
#2337 = CARTESIAN_POINT('',(4.12334035785,47.813184188941));
#2338 = CARTESIAN_POINT('',(4.319689898683,46.271063579778));
#2339 = CARTESIAN_POINT('',(4.516039439535,45.5));
#2340 = CARTESIAN_POINT('',(4.712388980385,45.5));
#2341 = ( GEOMETRIC_REPRESENTATION_CONTEXT(2) 
PARAMETRIC_REPRESENTATION_CONTEXT() REPRESENTATION_CONTEXT('2D SPACE',''
  ) );
#2342 = ORIENTED_EDGE('',*,*,#2343,.T.);
#2343 = EDGE_CURVE('',#2303,#2168,#2344,.T.);
#2344 = SURFACE_CURVE('',#2345,(#2350,#2363),.PCURVE_S1.);
#2345 = ELLIPSE('',#2346,24.748737341529,17.5);
#2346 = AXIS2_PLACEMENT_3D('',#2347,#2348,#2349);
#2347 = CARTESIAN_POINT('',(-47.25,458.5,35.));
#2348 = DIRECTION('',(0.707106781187,0.707106781187,-0.));
#2349 = DIRECTION('',(-0.707106781187,0.707106781187,0.));
#2350 = PCURVE('',#2178,#2351);
#2351 = DEFINITIONAL_REPRESENTATION('',(#2352),#2362);
#2352 = B_SPLINE_CURVE_WITH_KNOTS('',8,(#2353,#2354,#2355,#2356,#2357,
    #2358,#2359,#2360,#2361),.UNSPECIFIED.,.F.,.F.,(9,9),(0.,
    1.570796326795),.PIECEWISE_BEZIER_KNOTS.);
#2353 = CARTESIAN_POINT('',(4.712388980385,80.5));
#2354 = CARTESIAN_POINT('',(4.908738521234,80.5));
#2355 = CARTESIAN_POINT('',(5.105088062085,79.728936420201));
#2356 = CARTESIAN_POINT('',(5.301437602932,78.186815811088));
#2357 = CARTESIAN_POINT('',(5.497787143783,75.937028134824));
#2358 = CARTESIAN_POINT('',(5.694136684629,73.106482071191));
#2359 = CARTESIAN_POINT('',(5.890486225482,69.872234745533));
#2360 = CARTESIAN_POINT('',(6.08683576633,66.436116964864));
#2361 = CARTESIAN_POINT('',(6.28318530718,63.));
#2362 = ( GEOMETRIC_REPRESENTATION_CONTEXT(2) 
PARAMETRIC_REPRESENTATION_CONTEXT() REPRESENTATION_CONTEXT('2D SPACE',''
  ) );
#2363 = PCURVE('',#2325,#2364);
#2364 = DEFINITIONAL_REPRESENTATION('',(#2365),#2375);
#2365 = B_SPLINE_CURVE_WITH_KNOTS('',8,(#2366,#2367,#2368,#2369,#2370,
    #2371,#2372,#2373,#2374),.UNSPECIFIED.,.F.,.F.,(9,9),(0.,
    1.570796326795),.PIECEWISE_BEZIER_KNOTS.);
#2366 = CARTESIAN_POINT('',(4.712388980385,45.5));
#2367 = CARTESIAN_POINT('',(4.908738521234,45.5));
#2368 = CARTESIAN_POINT('',(5.105088062085,46.271063579748));
#2369 = CARTESIAN_POINT('',(5.301437602932,47.813184189115));
#2370 = CARTESIAN_POINT('',(5.497787143783,50.062971864769));
#2371 = CARTESIAN_POINT('',(5.694136684629,52.893517928926));
#2372 = CARTESIAN_POINT('',(5.890486225482,56.127765254379));
#2373 = CARTESIAN_POINT('',(6.08683576633,59.563883035136));
#2374 = CARTESIAN_POINT('',(6.28318530718,63.));
#2375 = ( GEOMETRIC_REPRESENTATION_CONTEXT(2) 
PARAMETRIC_REPRESENTATION_CONTEXT() REPRESENTATION_CONTEXT('2D SPACE',''
  ) );
#2376 = ADVANCED_FACE('',(#2377),#2325,.T.);
#2377 = FACE_BOUND('',#2378,.T.);
#2378 = EDGE_LOOP('',(#2379,#2432,#2455,#2645,#2995,#3148,#3149,#3150));
#2379 = ORIENTED_EDGE('',*,*,#2380,.T.);
#2380 = EDGE_CURVE('',#2267,#2168,#2381,.T.);
#2381 = SURFACE_CURVE('',#2382,(#2387,#2407),.PCURVE_S1.);
#2382 = ELLIPSE('',#2383,24.748737341529,17.5);
#2383 = AXIS2_PLACEMENT_3D('',#2384,#2385,#2386);
#2384 = CARTESIAN_POINT('',(-47.25,458.5,35.));
#2385 = DIRECTION('',(-0.707106781187,0.707106781187,0.));
#2386 = DIRECTION('',(0.707106781187,0.707106781187,0.));
#2387 = PCURVE('',#2325,#2388);
#2388 = DEFINITIONAL_REPRESENTATION('',(#2389),#2406);
#2389 = B_SPLINE_CURVE_WITH_KNOTS('',8,(#2390,#2391,#2392,#2393,#2394,
    #2395,#2396,#2397,#2398,#2399,#2400,#2401,#2402,#2403,#2404,#2405),
  .UNSPECIFIED.,.F.,.F.,(9,7,9),(1.570796326795,3.14159265359,
    4.712388980385),.UNSPECIFIED.);
#2390 = CARTESIAN_POINT('',(3.14159265359,63.));
#2391 = CARTESIAN_POINT('',(2.94524311274,59.563883035136));
#2392 = CARTESIAN_POINT('',(2.74889357189,56.127765254438));
#2393 = CARTESIAN_POINT('',(2.552544031035,52.893517928926));
#2394 = CARTESIAN_POINT('',(2.356194490185,50.062971864711));
#2395 = CARTESIAN_POINT('',(2.15984494934,47.813184189174));
#2396 = CARTESIAN_POINT('',(1.963495408492,46.271063579778));
#2397 = CARTESIAN_POINT('',(1.767145867644,45.5));
#2398 = CARTESIAN_POINT('',(1.374446785946,45.5));
#2399 = CARTESIAN_POINT('',(1.178097245096,46.271063579748));
#2400 = CARTESIAN_POINT('',(0.981747704245,47.813184189115));
#2401 = CARTESIAN_POINT('',(0.785398163396,50.062971864769));
#2402 = CARTESIAN_POINT('',(0.589048622546,52.893517928926));
#2403 = CARTESIAN_POINT('',(0.392699081699,56.127765254379));
#2404 = CARTESIAN_POINT('',(0.196349540849,59.563883035136));
#2405 = CARTESIAN_POINT('',(1.836970198721E-16,63.));
#2406 = ( GEOMETRIC_REPRESENTATION_CONTEXT(2) 
PARAMETRIC_REPRESENTATION_CONTEXT() REPRESENTATION_CONTEXT('2D SPACE',''
  ) );
#2407 = PCURVE('',#2408,#2413);
#2408 = CYLINDRICAL_SURFACE('',#2409,17.5);
#2409 = AXIS2_PLACEMENT_3D('',#2410,#2411,#2412);
#2410 = CARTESIAN_POINT('',(-47.25,395.5,35.));
#2411 = DIRECTION('',(0.,1.,0.));
#2412 = DIRECTION('',(0.,0.,1.));
#2413 = DEFINITIONAL_REPRESENTATION('',(#2414),#2431);
#2414 = B_SPLINE_CURVE_WITH_KNOTS('',8,(#2415,#2416,#2417,#2418,#2419,
    #2420,#2421,#2422,#2423,#2424,#2425,#2426,#2427,#2428,#2429,#2430),
  .UNSPECIFIED.,.F.,.F.,(9,7,9),(1.570796326795,3.14159265359,
    4.712388980385),.UNSPECIFIED.);
#2415 = CARTESIAN_POINT('',(3.14159265359,63.));
#2416 = CARTESIAN_POINT('',(3.337942194439,59.563883035136));
#2417 = CARTESIAN_POINT('',(3.534291735282,56.127765254438));
#2418 = CARTESIAN_POINT('',(3.730641276157,52.893517928926));
#2419 = CARTESIAN_POINT('',(3.926990816955,50.062971864711));
#2420 = CARTESIAN_POINT('',(4.123340357854,47.813184189174));
#2421 = CARTESIAN_POINT('',(4.319689898681,46.271063579778));
#2422 = CARTESIAN_POINT('',(4.516039439535,45.5));
#2423 = CARTESIAN_POINT('',(4.908738521234,45.5));
#2424 = CARTESIAN_POINT('',(5.105088062087,46.271063579748));
#2425 = CARTESIAN_POINT('',(5.301437602902,47.813184189115));
#2426 = CARTESIAN_POINT('',(5.49778714378,50.062971864769));
#2427 = CARTESIAN_POINT('',(5.694136684611,52.893517928926));
#2428 = CARTESIAN_POINT('',(5.89048622548,56.127765254379));
#2429 = CARTESIAN_POINT('',(6.08683576633,59.563883035136));
#2430 = CARTESIAN_POINT('',(6.28318530718,63.));
#2431 = ( GEOMETRIC_REPRESENTATION_CONTEXT(2) 
PARAMETRIC_REPRESENTATION_CONTEXT() REPRESENTATION_CONTEXT('2D SPACE',''
  ) );
#2432 = ORIENTED_EDGE('',*,*,#2433,.F.);
#2433 = EDGE_CURVE('',#2434,#2168,#2436,.T.);
#2434 = VERTEX_POINT('',#2435);
#2435 = CARTESIAN_POINT('',(-89.25,458.5,52.5));
#2436 = SEAM_CURVE('',#2437,(#2441,#2448),.PCURVE_S1.);
#2437 = LINE('',#2438,#2439);
#2438 = CARTESIAN_POINT('',(-110.25,458.5,52.5));
#2439 = VECTOR('',#2440,1.);
#2440 = DIRECTION('',(1.,0.,0.));
#2441 = PCURVE('',#2325,#2442);
#2442 = DEFINITIONAL_REPRESENTATION('',(#2443),#2447);
#2443 = LINE('',#2444,#2445);
#2444 = CARTESIAN_POINT('',(6.28318530718,-0.));
#2445 = VECTOR('',#2446,1.);
#2446 = DIRECTION('',(0.,1.));
#2447 = ( GEOMETRIC_REPRESENTATION_CONTEXT(2) 
PARAMETRIC_REPRESENTATION_CONTEXT() REPRESENTATION_CONTEXT('2D SPACE',''
  ) );
#2448 = PCURVE('',#2325,#2449);
#2449 = DEFINITIONAL_REPRESENTATION('',(#2450),#2454);
#2450 = LINE('',#2451,#2452);
#2451 = CARTESIAN_POINT('',(0.,-0.));
#2452 = VECTOR('',#2453,1.);
#2453 = DIRECTION('',(0.,1.));
#2454 = ( GEOMETRIC_REPRESENTATION_CONTEXT(2) 
PARAMETRIC_REPRESENTATION_CONTEXT() REPRESENTATION_CONTEXT('2D SPACE',''
  ) );
#2455 = ORIENTED_EDGE('',*,*,#2456,.T.);
#2456 = EDGE_CURVE('',#2434,#2457,#2459,.T.);
#2457 = VERTEX_POINT('',#2458);
#2458 = CARTESIAN_POINT('',(-110.25,441.,35.000000000033));
#2459 = SURFACE_CURVE('',#2460,(#2518,#2579),.PCURVE_S1.);
#2460 = B_SPLINE_CURVE_WITH_KNOTS('',6,(#2461,#2462,#2463,#2464,#2465,
    #2466,#2467,#2468,#2469,#2470,#2471,#2472,#2473,#2474,#2475,#2476,
    #2477,#2478,#2479,#2480,#2481,#2482,#2483,#2484,#2485,#2486,#2487,
    #2488,#2489,#2490,#2491,#2492,#2493,#2494,#2495,#2496,#2497,#2498,
    #2499,#2500,#2501,#2502,#2503,#2504,#2505,#2506,#2507,#2508,#2509,
    #2510,#2511,#2512,#2513,#2514,#2515,#2516,#2517),.UNSPECIFIED.,.F.,
  .F.,(7,5,5,5,5,5,5,5,5,5,5,7),(0.,8.16512535029E-02,0.13824750127,
    0.228765600091,0.319581573782,0.423241314474,0.506875489862,
    0.635282093476,0.771550573312,0.884478249182,0.940435094896,1.),
  .UNSPECIFIED.);
#2461 = CARTESIAN_POINT('',(-89.25,458.5,52.5));
#2462 = CARTESIAN_POINT('',(-89.25,457.93508356022,52.5));
#2463 = CARTESIAN_POINT('',(-89.28282455993,457.36992127988,
    52.47811657902));
#2464 = CARTESIAN_POINT('',(-89.34852952405,456.81116537161,
    52.434315176275));
#2465 = CARTESIAN_POINT('',(-89.44469766472,456.26358368543,
    52.370069454522));
#2466 = CARTESIAN_POINT('',(-89.56785770282,455.73053170111,
    52.287463191818));
#2467 = CARTESIAN_POINT('',(-89.81579075402,454.85631018058,
    52.120347299002));
#2468 = CARTESIAN_POINT('',(-89.92852454268,454.50626790209,
    52.044164395586));
#2469 = CARTESIAN_POINT('',(-90.05135284061,454.1645455587,
    51.960899736684));
#2470 = CARTESIAN_POINT('',(-90.18315325893,453.83131534148,
    51.871228099481));
#2471 = CARTESIAN_POINT('',(-90.32292917762,453.50654551525,
    51.775748862957));
#2472 = CARTESIAN_POINT('',(-90.70482079439,452.68381823541,
    51.513760021342));
#2473 = CARTESIAN_POINT('',(-90.95798275187,452.19890021571,
    51.339031870226));
#2474 = CARTESIAN_POINT('',(-91.22597812941,451.73426014007,
    51.152770341086));
#2475 = CARTESIAN_POINT('',(-91.50613396034,451.28878909638,
    50.956565809555));
#2476 = CARTESIAN_POINT('',(-91.79643141353,450.86125159821,
    50.75162613065));
#2477 = CARTESIAN_POINT('',(-92.3955598652,450.03799669409,
    50.325146494047));
#2478 = CARTESIAN_POINT('',(-92.7043550914,449.64251682294,
    50.103620811431));
#2479 = CARTESIAN_POINT('',(-93.02041029978,449.26260379276,
    49.875025006387));
#2480 = CARTESIAN_POINT('',(-93.34258662512,448.89726623651,
    49.640029726795));
#2481 = CARTESIAN_POINT('',(-93.67000198302,448.54561493815,
    49.399155949323));
#2482 = CARTESIAN_POINT('',(-94.38098685802,447.82015586542,
    48.871537271665));
#2483 = CARTESIAN_POINT('',(-94.76590162608,447.45029610409,
    48.583158158902));
#2484 = CARTESIAN_POINT('',(-95.15576711995,447.09609083255,
    48.288208662626));
#2485 = CARTESIAN_POINT('',(-95.54981383401,446.75666099596,
    47.987142409875));
#2486 = CARTESIAN_POINT('',(-95.9474365356,446.43126453765,
    47.68031961565));
#2487 = CARTESIAN_POINT('',(-96.67150873872,445.8675488473,
    47.116023923358));
#2488 = CARTESIAN_POINT('',(-96.99685598241,445.62456076465,
    46.860477779857));
#2489 = CARTESIAN_POINT('',(-97.32397338895,445.38998302689,
    46.601514213607));
#2490 = CARTESIAN_POINT('',(-97.65264797309,445.16355168957,
    46.339262261824));
#2491 = CARTESIAN_POINT('',(-97.98269912955,444.94504742906,
    46.073833190645));
#2492 = CARTESIAN_POINT('',(-98.82259221818,444.41068381054,
    45.393066860825));
#2493 = CARTESIAN_POINT('',(-99.33408342967,444.10533459076,
    44.973555667093));
#2494 = CARTESIAN_POINT('',(-99.84789667915,443.81755023097,
    44.547130542387));
#2495 = CARTESIAN_POINT('',(-100.363577364,443.54686672198,44.1140900937
    ));
#2496 = CARTESIAN_POINT('',(-100.8807445693,443.29294713321,
    43.674697729006));
#2497 = CARTESIAN_POINT('',(-101.9491617783,442.80364635045,
    42.756383215028));
#2498 = CARTESIAN_POINT('',(-102.500546806,442.57035790037,
    42.276699149724));
#2499 = CARTESIAN_POINT('',(-103.0528579751,442.35542789153,
    41.790404149212));
#2500 = CARTESIAN_POINT('',(-103.6057545036,442.1587386004,
    41.297766165076));
#2501 = CARTESIAN_POINT('',(-104.1589284947,441.98027609914,
    40.799046502134));
#2502 = CARTESIAN_POINT('',(-105.1705262118,441.68740213945,
    39.876371392603));
#2503 = CARTESIAN_POINT('',(-105.6289452129,441.5672567308,
    39.45424595912));
#2504 = CARTESIAN_POINT('',(-106.0871991849,441.45973487298,
    39.028268301202));
#2505 = CARTESIAN_POINT('',(-106.5451306504,441.36493064214,
    38.598591538585));
#2506 = CARTESIAN_POINT('',(-107.0025846972,441.2829805748,
    38.165375476137));
#2507 = CARTESIAN_POINT('',(-107.685769493,441.1799090752,37.51245242125
    ));
#2508 = CARTESIAN_POINT('',(-107.9119753587,441.14895739938,
    37.295290383397));
#2509 = CARTESIAN_POINT('',(-108.1380072546,441.12122636727,
    37.077321126214));
#2510 = CARTESIAN_POINT('',(-108.3638460612,441.09673984048,
    36.858565974002));
#2511 = CARTESIAN_POINT('',(-108.5894723931,441.07552410843,
    36.63904705617));
#2512 = CARTESIAN_POINT('',(-109.054794069,441.03853644254,
    36.184325359357));
#2513 = CARTESIAN_POINT('',(-109.2944583482,441.02320373252,
    35.949023998038));
#2514 = CARTESIAN_POINT('',(-109.5338359575,441.01164438888,
    35.712911206948));
#2515 = CARTESIAN_POINT('',(-109.7729022757,441.0038961707,
    35.476015607507));
#2516 = CARTESIAN_POINT('',(-110.0116320868,441.00000000065,
    35.238367537842));
#2517 = CARTESIAN_POINT('',(-110.2500001271,441.,35.000000131738));
#2518 = PCURVE('',#2325,#2519);
#2519 = DEFINITIONAL_REPRESENTATION('',(#2520),#2578);
#2520 = B_SPLINE_CURVE_WITH_KNOTS('',6,(#2521,#2522,#2523,#2524,#2525,
    #2526,#2527,#2528,#2529,#2530,#2531,#2532,#2533,#2534,#2535,#2536,
    #2537,#2538,#2539,#2540,#2541,#2542,#2543,#2544,#2545,#2546,#2547,
    #2548,#2549,#2550,#2551,#2552,#2553,#2554,#2555,#2556,#2557,#2558,
    #2559,#2560,#2561,#2562,#2563,#2564,#2565,#2566,#2567,#2568,#2569,
    #2570,#2571,#2572,#2573,#2574,#2575,#2576,#2577),.UNSPECIFIED.,.F.,
  .F.,(7,5,5,5,5,5,5,5,5,5,5,7),(0.,8.16512535029E-02,0.13824750127,
    0.228765600091,0.319581573782,0.423241314474,0.506875489862,
    0.635282093476,0.771550573312,0.884478249182,0.940435094896,1.),
  .UNSPECIFIED.);
#2521 = CARTESIAN_POINT('',(0.,21.));
#2522 = CARTESIAN_POINT('',(3.228093941593E-02,21.));
#2523 = CARTESIAN_POINT('',(6.457590946971E-02,20.967175440062));
#2524 = CARTESIAN_POINT('',(9.656545279432E-02,20.901470475943));
#2525 = CARTESIAN_POINT('',(0.128037522798,20.805302335275));
#2526 = CARTESIAN_POINT('',(0.158842175426,20.682142297178));
#2527 = CARTESIAN_POINT('',(0.209702239181,20.434209245974));
#2528 = CARTESIAN_POINT('',(0.230166286742,20.321475457316));
#2529 = CARTESIAN_POINT('',(0.250255601836,20.198647159386));
#2530 = CARTESIAN_POINT('',(0.269966705934,20.066846741069));
#2531 = CARTESIAN_POINT('',(0.289305529137,19.927070822379));
#2532 = CARTESIAN_POINT('',(0.338644616762,19.54517920561));
#2533 = CARTESIAN_POINT('',(0.368077399727,19.29201724813));
#2534 = CARTESIAN_POINT('',(0.396656383377,19.024021870585));
#2535 = CARTESIAN_POINT('',(0.42444948064,18.74386603966));
#2536 = CARTESIAN_POINT('',(0.45152897991,18.453568586467));
#2537 = CARTESIAN_POINT('',(0.504509793305,17.854440134797));
#2538 = CARTESIAN_POINT('',(0.530398688064,17.545644908597));
#2539 = CARTESIAN_POINT('',(0.555717178181,17.229589700212));
#2540 = CARTESIAN_POINT('',(0.580523498472,16.90741337488));
#2541 = CARTESIAN_POINT('',(0.604870251943,16.579998016971));
#2542 = CARTESIAN_POINT('',(0.656129412127,15.869013141972));
#2543 = CARTESIAN_POINT('',(0.682914303873,15.484098373919));
#2544 = CARTESIAN_POINT('',(0.709233274829,15.09423288005));
#2545 = CARTESIAN_POINT('',(0.735141297846,14.70018616599));
#2546 = CARTESIAN_POINT('',(0.760686428539,14.302563464398));
#2547 = CARTESIAN_POINT('',(0.806264977302,13.578491261279));
#2548 = CARTESIAN_POINT('',(0.826409064797,13.253144017584));
#2549 = CARTESIAN_POINT('',(0.846366810582,12.926026611049));
#2550 = CARTESIAN_POINT('',(0.866157326311,12.597352026903));
#2551 = CARTESIAN_POINT('',(0.885797585214,12.26730087045));
#2552 = CARTESIAN_POINT('',(0.935251328519,11.427407781815));
#2553 = CARTESIAN_POINT('',(0.964881599944,10.915916570327));
#2554 = CARTESIAN_POINT('',(0.994251243438,10.40210332085));
#2555 = CARTESIAN_POINT('',(1.023406497008,9.886422635928));
#2556 = CARTESIAN_POINT('',(1.052388433581,9.369255430694));
#2557 = CARTESIAN_POINT('',(1.111847678484,8.300838221679));
#2558 = CARTESIAN_POINT('',(1.142307181889,7.749453193943));
#2559 = CARTESIAN_POINT('',(1.172658403221,7.197142024881));
#2560 = CARTESIAN_POINT('',(1.202940090067,6.644245496322));
#2561 = CARTESIAN_POINT('',(1.233188098128,6.091071505234));
#2562 = CARTESIAN_POINT('',(1.288504760238,5.079473788159));
#2563 = CARTESIAN_POINT('',(1.313572874853,4.621054787049));
#2564 = CARTESIAN_POINT('',(1.338660913198,4.162800815085));
#2565 = CARTESIAN_POINT('',(1.363787279411,3.70486934953));
#2566 = CARTESIAN_POINT('',(1.388969877823,3.24741530274));
#2567 = CARTESIAN_POINT('',(1.426741792651,2.564230506952));
#2568 = CARTESIAN_POINT('',(1.439275054947,2.338024641242));
#2569 = CARTESIAN_POINT('',(1.451828704089,2.11199274537));
#2570 = CARTESIAN_POINT('',(1.464404910579,1.886153938716));
#2571 = CARTESIAN_POINT('',(1.477005846921,1.660527606847));
#2572 = CARTESIAN_POINT('',(1.503075762899,1.195205930995));
#2573 = CARTESIAN_POINT('',(1.516548326031,0.955541651756));
#2574 = CARTESIAN_POINT('',(1.530053994765,0.716164042464));
#2575 = CARTESIAN_POINT('',(1.543595434884,0.477097724216));
#2576 = CARTESIAN_POINT('',(1.557175324651,0.238367913117));
#2577 = CARTESIAN_POINT('',(1.570796319267,-1.271661318469E-07));
#2578 = ( GEOMETRIC_REPRESENTATION_CONTEXT(2) 
PARAMETRIC_REPRESENTATION_CONTEXT() REPRESENTATION_CONTEXT('2D SPACE',''
  ) );
#2579 = PCURVE('',#2580,#2585);
#2580 = TOROIDAL_SURFACE('',#2581,63.,17.5);
#2581 = AXIS2_PLACEMENT_3D('',#2582,#2583,#2584);
#2582 = CARTESIAN_POINT('',(-47.25,458.5,35.));
#2583 = DIRECTION('',(0.,-1.,1.110223024625E-16));
#2584 = DIRECTION('',(1.,0.,0.));
#2585 = DEFINITIONAL_REPRESENTATION('',(#2586),#2644);
#2586 = B_SPLINE_CURVE_WITH_KNOTS('',6,(#2587,#2588,#2589,#2590,#2591,
    #2592,#2593,#2594,#2595,#2596,#2597,#2598,#2599,#2600,#2601,#2602,
    #2603,#2604,#2605,#2606,#2607,#2608,#2609,#2610,#2611,#2612,#2613,
    #2614,#2615,#2616,#2617,#2618,#2619,#2620,#2621,#2622,#2623,#2624,
    #2625,#2626,#2627,#2628,#2629,#2630,#2631,#2632,#2633,#2634,#2635,
    #2636,#2637,#2638,#2639,#2640,#2641,#2642,#2643),.UNSPECIFIED.,.F.,
  .F.,(7,5,5,5,5,5,5,5,5,5,5,7),(0.,8.16512535029E-02,0.13824750127,
    0.228765600091,0.319581573782,0.423241314474,0.506875489862,
    0.635282093476,0.771550573312,0.884478249182,0.940435094896,1.),
  .UNSPECIFIED.);
#2587 = CARTESIAN_POINT('',(2.74680153389,3.14159265359));
#2588 = CARTESIAN_POINT('',(2.74680153389,3.109311714174));
#2589 = CARTESIAN_POINT('',(2.747522944988,3.07701674412));
#2590 = CARTESIAN_POINT('',(2.748967049165,3.045027200795));
#2591 = CARTESIAN_POINT('',(2.751077922795,3.013555130792));
#2592 = CARTESIAN_POINT('',(2.753774603923,2.982750478164));
#2593 = CARTESIAN_POINT('',(2.759186661332,2.931890414409));
#2594 = CARTESIAN_POINT('',(2.761643523435,2.911426366848));
#2595 = CARTESIAN_POINT('',(2.764315120405,2.891337051754));
#2596 = CARTESIAN_POINT('',(2.767175305379,2.871625947656));
#2597 = CARTESIAN_POINT('',(2.770200872073,2.852287124453));
#2598 = CARTESIAN_POINT('',(2.778444612635,2.802948036827));
#2599 = CARTESIAN_POINT('',(2.783888338506,2.773515253863));
#2600 = CARTESIAN_POINT('',(2.789624981685,2.744936270213));
#2601 = CARTESIAN_POINT('',(2.795592030348,2.71714317295));
#2602 = CARTESIAN_POINT('',(2.801742462868,2.69006367368));
#2603 = CARTESIAN_POINT('',(2.814365988007,2.637082860284));
#2604 = CARTESIAN_POINT('',(2.820838104226,2.611193965526));
#2605 = CARTESIAN_POINT('',(2.827425434543,2.585875475409));
#2606 = CARTESIAN_POINT('',(2.834101354472,2.561069155118));
#2607 = CARTESIAN_POINT('',(2.840845339318,2.536722401647));
#2608 = CARTESIAN_POINT('',(2.855400614325,2.485463241463));
#2609 = CARTESIAN_POINT('',(2.863226984564,2.458678349716));
#2610 = CARTESIAN_POINT('',(2.871098226918,2.432359378761));
#2611 = CARTESIAN_POINT('',(2.878996617619,2.406451355744));
#2612 = CARTESIAN_POINT('',(2.886908393725,2.380906225051));
#2613 = CARTESIAN_POINT('',(2.901209078384,2.335327676287));
#2614 = CARTESIAN_POINT('',(2.907596666057,2.315183588793));
#2615 = CARTESIAN_POINT('',(2.913980378436,2.295225843007));
#2616 = CARTESIAN_POINT('',(2.920355511294,2.275435327279));
#2617 = CARTESIAN_POINT('',(2.926718156654,2.255795068375));
#2618 = CARTESIAN_POINT('',(2.942809703152,2.206341325071));
#2619 = CARTESIAN_POINT('',(2.952517023791,2.176711053646));
#2620 = CARTESIAN_POINT('',(2.962175324463,2.147341410152));
#2621 = CARTESIAN_POINT('',(2.971775467221,2.118186156582));
#2622 = CARTESIAN_POINT('',(2.98131022963,2.089204220008));
#2623 = CARTESIAN_POINT('',(3.000817280901,2.029744975106));
#2624 = CARTESIAN_POINT('',(3.010780376799,1.999285471701));
#2625 = CARTESIAN_POINT('',(3.020656528166,1.968934250369));
#2626 = CARTESIAN_POINT('',(3.030440222602,1.938652563523));
#2627 = CARTESIAN_POINT('',(3.040126959383,1.908404555462));
#2628 = CARTESIAN_POINT('',(3.057657310613,1.853087893352));
#2629 = CARTESIAN_POINT('',(3.065532348015,1.828019778737));
#2630 = CARTESIAN_POINT('',(3.073336128029,1.802931740392));
#2631 = CARTESIAN_POINT('',(3.081066766695,1.777805374179));
#2632 = CARTESIAN_POINT('',(3.088722577098,1.752622775767));
#2633 = CARTESIAN_POINT('',(3.100057752858,1.714850860939));
#2634 = CARTESIAN_POINT('',(3.103794708971,1.702317598643));
#2635 = CARTESIAN_POINT('',(3.107512726564,1.689763949501));
#2636 = CARTESIAN_POINT('',(3.11121162146,1.677187743011));
#2637 = CARTESIAN_POINT('',(3.114891213522,1.664586806669));
#2638 = CARTESIAN_POINT('',(3.122447441396,1.63851689069));
#2639 = CARTESIAN_POINT('',(3.126321483634,1.625044335015));
#2640 = CARTESIAN_POINT('',(3.130173236028,1.611538650651));
#2641 = CARTESIAN_POINT('',(3.134002492504,1.597997209919));
#2642 = CARTESIAN_POINT('',(3.137809041881,1.58441735039));
#2643 = CARTESIAN_POINT('',(3.141592651499,1.570796319528));
#2644 = ( GEOMETRIC_REPRESENTATION_CONTEXT(2) 
PARAMETRIC_REPRESENTATION_CONTEXT() REPRESENTATION_CONTEXT('2D SPACE',''
  ) );
#2645 = ORIENTED_EDGE('',*,*,#2646,.T.);
#2646 = EDGE_CURVE('',#2457,#2647,#2649,.T.);
#2647 = VERTEX_POINT('',#2648);
#2648 = CARTESIAN_POINT('',(-110.25,476.,35.000000000254));
#2649 = SURFACE_CURVE('',#2650,(#2763,#2879),.PCURVE_S1.);
#2650 = B_SPLINE_CURVE_WITH_KNOTS('',6,(#2651,#2652,#2653,#2654,#2655,
    #2656,#2657,#2658,#2659,#2660,#2661,#2662,#2663,#2664,#2665,#2666,
    #2667,#2668,#2669,#2670,#2671,#2672,#2673,#2674,#2675,#2676,#2677,
    #2678,#2679,#2680,#2681,#2682,#2683,#2684,#2685,#2686,#2687,#2688,
    #2689,#2690,#2691,#2692,#2693,#2694,#2695,#2696,#2697,#2698,#2699,
    #2700,#2701,#2702,#2703,#2704,#2705,#2706,#2707,#2708,#2709,#2710,
    #2711,#2712,#2713,#2714,#2715,#2716,#2717,#2718,#2719,#2720,#2721,
    #2722,#2723,#2724,#2725,#2726,#2727,#2728,#2729,#2730,#2731,#2732,
    #2733,#2734,#2735,#2736,#2737,#2738,#2739,#2740,#2741,#2742,#2743,
    #2744,#2745,#2746,#2747,#2748,#2749,#2750,#2751,#2752,#2753,#2754,
    #2755,#2756,#2757,#2758,#2759,#2760,#2761,#2762),.UNSPECIFIED.,.F.,
  .F.,(7,5,5,5,5,5,5,5,5,5,5,5,5,5,5,5,5,5,5,5,5,5,7),(0.,0.114830456513
    ,0.178291865039,0.224500111371,0.291075936702,0.35442417925,
    0.400120636388,0.424966855344,0.449422142041,0.478918760939,
    0.500266184256,0.526899622801,0.546593622788,0.569136808936,
    0.614369841144,0.659751734195,0.711558458509,0.753363706889,
    0.81756020195,0.885699129702,0.942169965235,0.970148213429,1.),
  .UNSPECIFIED.);
#2651 = CARTESIAN_POINT('',(-110.2500001271,441.,35.000000131738));
#2652 = CARTESIAN_POINT('',(-109.3309197939,440.99999996996,
    34.080919783258));
#2653 = CARTESIAN_POINT('',(-108.4065035591,441.05792292834,
    33.172593245777));
#2654 = CARTESIAN_POINT('',(-107.4781329906,441.1712272017,
    32.27675237221));
#2655 = CARTESIAN_POINT('',(-106.5471539138,441.33812993218,
    31.394935288002));
#2656 = CARTESIAN_POINT('',(-105.6148713546,441.55740525222,
    30.52848410826));
#2657 = CARTESIAN_POINT('',(-104.1673101152,441.97863032801,
    29.208846918314));
#2658 = CARTESIAN_POINT('',(-103.652071606,442.14444384775,
    28.744197883261));
#2659 = CARTESIAN_POINT('',(-103.1370671123,442.32607650453,
    28.284818579475));
#2660 = CARTESIAN_POINT('',(-102.6225440336,442.52353232805,
    27.830919588702));
#2661 = CARTESIAN_POINT('',(-102.1087749906,442.73690153966,
    27.382716812945));
#2662 = CARTESIAN_POINT('',(-101.2227388349,443.13346989708,
    26.618390218012));
#2663 = CARTESIAN_POINT('',(-100.8499785598,443.30909953522,
    26.299488492928));
#2664 = CARTESIAN_POINT('',(-100.4778976905,443.49334506734,
    25.983812492749));
#2665 = CARTESIAN_POINT('',(-100.1066280147,443.686309695,25.67145544868
    ));
#2666 = CARTESIAN_POINT('',(-99.73631832453,443.88813204407,
    25.3625183817));
#2667 = CARTESIAN_POINT('',(-98.83522760644,444.40280141239,
    24.61708555609));
#2668 = CARTESIAN_POINT('',(-98.30568099348,444.72536319354,
    24.184403946606));
#2669 = CARTESIAN_POINT('',(-97.77897074125,445.06724031491,
    23.759368145391));
#2670 = CARTESIAN_POINT('',(-97.25572351486,445.42916760251,
    23.342375142247));
#2671 = CARTESIAN_POINT('',(-96.73673122659,445.81208484425,
    22.933910052144));
#2672 = CARTESIAN_POINT('',(-95.7342101651,446.60299152966,
    22.154600808698));
#2673 = CARTESIAN_POINT('',(-95.25025054779,447.00881271335,
    21.7829461234));
#2674 = CARTESIAN_POINT('',(-94.77195129821,447.43604458981,
    21.420073545248));
#2675 = CARTESIAN_POINT('',(-94.3005209881,447.88615436032,
    21.066704850526));
#2676 = CARTESIAN_POINT('',(-93.83758472533,448.3608861459,
    20.723798274245));
#2677 = CARTESIAN_POINT('',(-93.05922089016,449.22485180559,
    20.153796218721));
#2678 = CARTESIAN_POINT('',(-92.73869678216,449.60098153175,
    19.921100426182));
#2679 = CARTESIAN_POINT('',(-92.42464691013,449.99216901029,
    19.695040502702));
#2680 = CARTESIAN_POINT('',(-92.11822854066,450.39946163166,
    19.476302109436));
#2681 = CARTESIAN_POINT('',(-91.82095533218,450.82398883305,
    19.265779179147));
#2682 = CARTESIAN_POINT('',(-91.37921673512,451.50810866543,
    18.955266367419));
#2683 = CARTESIAN_POINT('',(-91.22693132627,451.75455424258,
    18.848680938337));
#2684 = CARTESIAN_POINT('',(-91.07826967368,452.00670341372,
    18.745067250251));
#2685 = CARTESIAN_POINT('',(-90.93361824432,452.26475683563,
    18.644655009278));
#2686 = CARTESIAN_POINT('',(-90.79342768373,452.52889945788,
    18.547712788211));
#2687 = CARTESIAN_POINT('',(-90.52512488748,453.06544551646,
    18.362846997646));
#2688 = CARTESIAN_POINT('',(-90.39686503729,453.33763891248,
    18.274810807787));
#2689 = CARTESIAN_POINT('',(-90.27391972896,453.61604144699,
    18.190728157153));
#2690 = CARTESIAN_POINT('',(-90.15686634289,453.90074859216,
    18.1109449509));
#2691 = CARTESIAN_POINT('',(-90.04635194023,454.19176899429,
    18.035849783401));
#2692 = CARTESIAN_POINT('',(-89.81850208995,454.8475118159,
    17.881443273377));
#2693 = CARTESIAN_POINT('',(-89.70445530352,455.21506304777,
    17.804452997818));
#2694 = CARTESIAN_POINT('',(-89.6021709166,455.59142564947,
    17.735635744237));
#2695 = CARTESIAN_POINT('',(-89.51300222928,455.97601982407,
    17.675808249188));
#2696 = CARTESIAN_POINT('',(-89.43829238402,456.36784421366,
    17.625781814376));
#2697 = CARTESIAN_POINT('',(-89.33623293144,457.05296383159,
    17.557533064852));
#2698 = CARTESIAN_POINT('',(-89.3014984648,457.34359182615,
    17.53434061246));
#2699 = CARTESIAN_POINT('',(-89.27528330495,457.6365490141,
    17.516855093598));
#2700 = CARTESIAN_POINT('',(-89.25788596583,457.93111867375,
    17.50525737855));
#2701 = CARTESIAN_POINT('',(-89.24946781625,458.2265056099,
    17.49964521066));
#2702 = CARTESIAN_POINT('',(-89.25070986869,458.89028330216,
    17.500473246026));
#2703 = CARTESIAN_POINT('',(-89.26536314441,459.25872590422,
    17.510242296335));
#2704 = CARTESIAN_POINT('',(-89.29397521238,459.62541213867,
    17.529317162399));
#2705 = CARTESIAN_POINT('',(-89.33612355779,459.98884949691,
    17.557442092344));
#2706 = CARTESIAN_POINT('',(-89.39108517252,460.34777380944,
    17.594179270949));
#2707 = CARTESIAN_POINT('',(-89.50739910845,460.96240737146,
    17.672105829736));
#2708 = CARTESIAN_POINT('',(-89.56336189057,461.2206785072,
    17.709645626243));
#2709 = CARTESIAN_POINT('',(-89.62548645495,461.47555752975,
    17.751383270346));
#2710 = CARTESIAN_POINT('',(-89.69338237503,461.72677168933,
    17.797082880875));
#2711 = CARTESIAN_POINT('',(-89.76665191758,461.97413894007,
    17.84650448209));
#2712 = CARTESIAN_POINT('',(-89.93450648476,462.49617945849,
    17.959992600819));
#2713 = CARTESIAN_POINT('',(-90.03063967017,462.76961939354,
    18.025142025823));
#2714 = CARTESIAN_POINT('',(-90.13275342304,463.03772926803,
    18.094529893411));
#2715 = CARTESIAN_POINT('',(-90.2403111297,463.30046416601,
    18.167833553104));
#2716 = CARTESIAN_POINT('',(-90.35282306224,463.55785839675,
    18.244759181613));
#2717 = CARTESIAN_POINT('',(-90.70471335822,464.31594610746,
    18.486166347371));
#2718 = CARTESIAN_POINT('',(-90.95772831532,464.80060972214,
    18.660792593936));
#2719 = CARTESIAN_POINT('',(-91.22556215044,465.26501692197,
    18.846940609158));
#2720 = CARTESIAN_POINT('',(-91.50554586556,465.71027475916,
    19.043022372682));
#2721 = CARTESIAN_POINT('',(-91.79566332279,466.13761670238,
    19.247831652492));
#2722 = CARTESIAN_POINT('',(-92.39441832246,466.96051100928,
    19.674036381502));
#2723 = CARTESIAN_POINT('',(-92.70302027442,467.35582621163,
    19.895417672376));
#2724 = CARTESIAN_POINT('',(-93.01887765369,467.73558857142,
    20.123863345526));
#2725 = CARTESIAN_POINT('',(-93.34085276926,468.10078818361,
    20.358703442366));
#2726 = CARTESIAN_POINT('',(-93.66806436116,468.45231319394,
    20.599417475818));
#2727 = CARTESIAN_POINT('',(-94.37865699968,469.1775744126,
    21.126720900023));
#2728 = CARTESIAN_POINT('',(-94.76338427235,469.54736162206,
    21.414945093219));
#2729 = CARTESIAN_POINT('',(-95.15306162927,469.90150330397,
    21.709736226381));
#2730 = CARTESIAN_POINT('',(-95.54691987243,470.24087802252,
    22.010640861546));
#2731 = CARTESIAN_POINT('',(-95.9443539915,470.56622747985,
    22.317298928773));
#2732 = CARTESIAN_POINT('',(-96.66813836678,471.12991364692,
    22.881332725967));
#2733 = CARTESIAN_POINT('',(-96.99338702356,471.37291360458,
    23.136783926875));
#2734 = CARTESIAN_POINT('',(-97.32040649712,471.60750553494,
    23.39565174722));
#2735 = CARTESIAN_POINT('',(-97.64898377525,471.83395343198,
    23.657807143385));
#2736 = CARTESIAN_POINT('',(-97.9789382337,472.05247667861,
    23.923138849135));
#2737 = CARTESIAN_POINT('',(-98.81867774838,472.58695208977,
    24.603729290542));
#2738 = CARTESIAN_POINT('',(-99.33011390777,472.89239103285,
    25.023163437645));
#2739 = CARTESIAN_POINT('',(-99.84387419166,473.18026513964,
    25.449512027203));
#2740 = CARTESIAN_POINT('',(-100.359503763,473.45103890688,
    25.882476350374));
#2741 = CARTESIAN_POINT('',(-100.8766215428,473.70504970754,
    26.321792942648));
#2742 = CARTESIAN_POINT('',(-101.9450363156,474.19458537502,
    27.240034629187));
#2743 = CARTESIAN_POINT('',(-102.4964689808,474.42801114849,
    27.719724083573));
#2744 = CARTESIAN_POINT('',(-103.0488296968,474.64307412711,
    28.206027096518));
#2745 = CARTESIAN_POINT('',(-103.6017774342,474.83989250247,
    28.698675594068));
#2746 = CARTESIAN_POINT('',(-104.1550041095,475.01848058905,
    29.197408184431));
#2747 = CARTESIAN_POINT('',(-105.1667259028,475.31158571864,
    30.120134309198));
#2748 = CARTESIAN_POINT('',(-105.6252158694,475.43183631844,
    30.542297526432));
#2749 = CARTESIAN_POINT('',(-106.08354162,475.53945996921,
    30.968314973312));
#2750 = CARTESIAN_POINT('',(-106.5415455886,475.63436272554,
    31.398033481381));
#2751 = CARTESIAN_POINT('',(-106.9990727888,475.71640814831,
    31.831293204357));
#2752 = CARTESIAN_POINT('',(-107.6823384005,475.81961317059,
    32.484256206826));
#2753 = CARTESIAN_POINT('',(-107.9085515241,475.850606183,
    32.701412896689));
#2754 = CARTESIAN_POINT('',(-108.1345908623,475.87837864117,
    32.919377055592));
#2755 = CARTESIAN_POINT('',(-108.3604372962,475.90290670027,
    33.138127363527));
#2756 = CARTESIAN_POINT('',(-108.5860714413,475.92416408741,
    33.357641696026));
#2757 = CARTESIAN_POINT('',(-109.0519697107,475.96128265834,
    33.812901760108));
#2758 = CARTESIAN_POINT('',(-109.2922015704,475.97668716299,
    34.048750035081));
#2759 = CARTESIAN_POINT('',(-109.5321455757,475.98830076125,
    34.285413779853));
#2760 = CARTESIAN_POINT('',(-109.7717769381,475.99608544163,
    34.522864165862));
#2761 = CARTESIAN_POINT('',(-110.0110702705,475.99999999932,
    34.761070641446));
#2762 = CARTESIAN_POINT('',(-110.2500001271,476.,34.999999868106));
#2763 = PCURVE('',#2325,#2764);
#2764 = DEFINITIONAL_REPRESENTATION('',(#2765),#2878);
#2765 = B_SPLINE_CURVE_WITH_KNOTS('',6,(#2766,#2767,#2768,#2769,#2770,
    #2771,#2772,#2773,#2774,#2775,#2776,#2777,#2778,#2779,#2780,#2781,
    #2782,#2783,#2784,#2785,#2786,#2787,#2788,#2789,#2790,#2791,#2792,
    #2793,#2794,#2795,#2796,#2797,#2798,#2799,#2800,#2801,#2802,#2803,
    #2804,#2805,#2806,#2807,#2808,#2809,#2810,#2811,#2812,#2813,#2814,
    #2815,#2816,#2817,#2818,#2819,#2820,#2821,#2822,#2823,#2824,#2825,
    #2826,#2827,#2828,#2829,#2830,#2831,#2832,#2833,#2834,#2835,#2836,
    #2837,#2838,#2839,#2840,#2841,#2842,#2843,#2844,#2845,#2846,#2847,
    #2848,#2849,#2850,#2851,#2852,#2853,#2854,#2855,#2856,#2857,#2858,
    #2859,#2860,#2861,#2862,#2863,#2864,#2865,#2866,#2867,#2868,#2869,
    #2870,#2871,#2872,#2873,#2874,#2875,#2876,#2877),.UNSPECIFIED.,.F.,
  .F.,(7,5,5,5,5,5,5,5,5,5,5,5,5,5,5,5,5,5,5,5,5,5,7),(0.,0.114830456513
    ,0.178291865039,0.224500111371,0.291075936702,0.35442417925,
    0.400120636388,0.424966855344,0.449422142041,0.478918760939,
    0.500266184256,0.526899622801,0.546593622788,0.569136808936,
    0.614369841144,0.659751734195,0.711558458509,0.753363706889,
    0.81756020195,0.885699129702,0.942169965235,0.970148213429,1.),
  .UNSPECIFIED.);
#2766 = CARTESIAN_POINT('',(1.570796319267,-1.271661318469E-07));
#2767 = CARTESIAN_POINT('',(1.623315180439,0.919080206036));
#2768 = CARTESIAN_POINT('',(1.675219644002,1.843496440807));
#2769 = CARTESIAN_POINT('',(1.726671034166,2.771867009363));
#2770 = CARTESIAN_POINT('',(1.777812902531,3.702846086177));
#2771 = CARTESIAN_POINT('',(1.828790004998,4.63512864531));
#2772 = CARTESIAN_POINT('',(1.907946226202,6.082689884761));
#2773 = CARTESIAN_POINT('',(1.936121467325,6.59792839398));
#2774 = CARTESIAN_POINT('',(1.964325010138,7.112932887693));
#2775 = CARTESIAN_POINT('',(1.992585646861,7.627455966383));
#2776 = CARTESIAN_POINT('',(2.020934636101,8.1412250094));
#2777 = CARTESIAN_POINT('',(2.070139301745,9.027261165068));
#2778 = CARTESIAN_POINT('',(2.090936677548,9.400021440188));
#2779 = CARTESIAN_POINT('',(2.11181323388,9.772102309422));
#2780 = CARTESIAN_POINT('',(2.132783475683,10.143371985218));
#2781 = CARTESIAN_POINT('',(2.153863320595,10.513681675462));
#2782 = CARTESIAN_POINT('',(2.205625876005,11.414772393552));
#2783 = CARTESIAN_POINT('',(2.236444647611,11.944319006519));
#2784 = CARTESIAN_POINT('',(2.267582288332,12.471029258748));
#2785 = CARTESIAN_POINT('',(2.299099952017,12.994276485134));
#2786 = CARTESIAN_POINT('',(2.331068137946,13.513268773406));
#2787 = CARTESIAN_POINT('',(2.394516173105,14.515789834893));
#2788 = CARTESIAN_POINT('',(2.425940303939,14.999749452202));
#2789 = CARTESIAN_POINT('',(2.457936868908,15.478048701788));
#2790 = CARTESIAN_POINT('',(2.490598824999,15.949479011895));
#2791 = CARTESIAN_POINT('',(2.524033056843,16.412415274661));
#2792 = CARTESIAN_POINT('',(2.583179061022,17.19077910984));
#2793 = CARTESIAN_POINT('',(2.608442056895,17.511303217831));
#2794 = CARTESIAN_POINT('',(2.634241821296,17.825353089864));
#2795 = CARTESIAN_POINT('',(2.660639557505,18.131771459336));
#2796 = CARTESIAN_POINT('',(2.687701365195,18.429044667818));
#2797 = CARTESIAN_POINT('',(2.730632278896,18.870783264872));
#2798 = CARTESIAN_POINT('',(2.745973067911,19.023068673724));
#2799 = CARTESIAN_POINT('',(2.761546677327,19.171730326318));
#2800 = CARTESIAN_POINT('',(2.777365245602,19.316381755678));
#2801 = CARTESIAN_POINT('',(2.793440341381,19.456572316262));
#2802 = CARTESIAN_POINT('',(2.825868952256,19.724875112515));
#2803 = CARTESIAN_POINT('',(2.842213221096,19.853134962703));
#2804 = CARTESIAN_POINT('',(2.858826827287,19.976080271032));
#2805 = CARTESIAN_POINT('',(2.875717222893,20.093133657106));
#2806 = CARTESIAN_POINT('',(2.892887793969,20.203648059763));
#2807 = CARTESIAN_POINT('',(2.931383593621,20.431497910043));
#2808 = CARTESIAN_POINT('',(2.952835758651,20.54554469647));
#2809 = CARTESIAN_POINT('',(2.974687785673,20.647829083395));
#2810 = CARTESIAN_POINT('',(2.996916659776,20.736997770718));
#2811 = CARTESIAN_POINT('',(3.019479714989,20.81170761598));
#2812 = CARTESIAN_POINT('',(3.058823175206,20.913767068555));
#2813 = CARTESIAN_POINT('',(3.075480072422,20.948501535192));
#2814 = CARTESIAN_POINT('',(3.092245176544,20.97471669505));
#2815 = CARTESIAN_POINT('',(3.109085555157,20.992114034163));
#2816 = CARTESIAN_POINT('',(3.12596438992,21.000532183746));
#2817 = CARTESIAN_POINT('',(3.163894573276,20.999290131302));
#2818 = CARTESIAN_POINT('',(3.18494909166,20.984636855587));
#2819 = CARTESIAN_POINT('',(3.20592080374,20.956024787618));
#2820 = CARTESIAN_POINT('',(3.226740969007,20.91387644221));
#2821 = CARTESIAN_POINT('',(3.247352115769,20.858914827478));
#2822 = CARTESIAN_POINT('',(3.282755192501,20.742600891546));
#2823 = CARTESIAN_POINT('',(3.297666144445,20.686638109423));
#2824 = CARTESIAN_POINT('',(3.312421125238,20.62451354505));
#2825 = CARTESIAN_POINT('',(3.32700850206,20.55661762497));
#2826 = CARTESIAN_POINT('',(3.341421080315,20.483348082412));
#2827 = CARTESIAN_POINT('',(3.371948731533,20.31549351524));
#2828 = CARTESIAN_POINT('',(3.388008083587,20.219360329826));
#2829 = CARTESIAN_POINT('',(3.403829062256,20.11724657696));
#2830 = CARTESIAN_POINT('',(3.419411873798,20.009688870294));
#2831 = CARTESIAN_POINT('',(3.43476048352,19.897176937757));
#2832 = CARTESIAN_POINT('',(3.480223162426,19.545286641778));
#2833 = CARTESIAN_POINT('',(3.509640329223,19.292271684678));
#2834 = CARTESIAN_POINT('',(3.538204587466,19.02443784956));
#2835 = CARTESIAN_POINT('',(3.565983739971,18.74445413444));
#2836 = CARTESIAN_POINT('',(3.593049960388,18.454336677204));
#2837 = CARTESIAN_POINT('',(3.646005251853,17.855581677533));
#2838 = CARTESIAN_POINT('',(3.671881925056,17.546979725578));
#2839 = CARTESIAN_POINT('',(3.697188639755,17.231122346306));
#2840 = CARTESIAN_POINT('',(3.721983555425,16.909147230737));
#2841 = CARTESIAN_POINT('',(3.746319210128,16.581935638837));
#2842 = CARTESIAN_POINT('',(3.797558631701,15.871343000311));
#2843 = CARTESIAN_POINT('',(3.824334825664,15.486615727646));
#2844 = CARTESIAN_POINT('',(3.850645233333,15.096938370725));
#2845 = CARTESIAN_POINT('',(3.876544790293,14.703080127569));
#2846 = CARTESIAN_POINT('',(3.902081521115,14.305646008493));
#2847 = CARTESIAN_POINT('',(3.947648290938,13.58186163322));
#2848 = CARTESIAN_POINT('',(3.96778891788,13.256612976439));
#2849 = CARTESIAN_POINT('',(3.987743158191,12.929593502875));
#2850 = CARTESIAN_POINT('',(4.007530121083,12.601016224749));
#2851 = CARTESIAN_POINT('',(4.027166777522,12.2710617663));
#2852 = CARTESIAN_POINT('',(4.076616560388,11.431322251619));
#2853 = CARTESIAN_POINT('',(4.106246290639,10.919886092225));
#2854 = CARTESIAN_POINT('',(4.135615180577,10.406125808337));
#2855 = CARTESIAN_POINT('',(4.164769482853,9.89049623697));
#2856 = CARTESIAN_POINT('',(4.193750281644,9.373378457176));
#2857 = CARTESIAN_POINT('',(4.253212166939,8.304963684336));
#2858 = CARTESIAN_POINT('',(4.283675371829,7.753531019184));
#2859 = CARTESIAN_POINT('',(4.314030073762,7.20117030318));
#2860 = CARTESIAN_POINT('',(4.344315044916,6.648222565743));
#2861 = CARTESIAN_POINT('',(4.374566161314,6.094995890454));
#2862 = CARTESIAN_POINT('',(4.429889599704,5.083274097105));
#2863 = CARTESIAN_POINT('',(4.454961431695,4.624784130572));
#2864 = CARTESIAN_POINT('',(4.480053091199,4.166458379989));
#2865 = CARTESIAN_POINT('',(4.505182993234,3.708454411375));
#2866 = CARTESIAN_POINT('',(4.530369051662,3.250927211162));
#2867 = CARTESIAN_POINT('',(4.5681444117,2.567661599467));
#2868 = CARTESIAN_POINT('',(4.580677704956,2.341448475891));
#2869 = CARTESIAN_POINT('',(4.593231364072,2.115409137647));
#2870 = CARTESIAN_POINT('',(4.605807559707,1.889562703735));
#2871 = CARTESIAN_POINT('',(4.618408464473,1.663928558688));
#2872 = CARTESIAN_POINT('',(4.64450964995,1.198030289237));
#2873 = CARTESIAN_POINT('',(4.658013653854,0.957798429582));
#2874 = CARTESIAN_POINT('',(4.671550901076,0.717854424266));
#2875 = CARTESIAN_POINT('',(4.685124075522,0.478223061899));
#2876 = CARTESIAN_POINT('',(4.6987358742,0.238929729481));
#2877 = CARTESIAN_POINT('',(4.712388972848,-1.271456611107E-07));
#2878 = ( GEOMETRIC_REPRESENTATION_CONTEXT(2) 
PARAMETRIC_REPRESENTATION_CONTEXT() REPRESENTATION_CONTEXT('2D SPACE',''
  ) );
#2879 = PCURVE('',#2580,#2880);
#2880 = DEFINITIONAL_REPRESENTATION('',(#2881),#2994);
#2881 = B_SPLINE_CURVE_WITH_KNOTS('',6,(#2882,#2883,#2884,#2885,#2886,
    #2887,#2888,#2889,#2890,#2891,#2892,#2893,#2894,#2895,#2896,#2897,
    #2898,#2899,#2900,#2901,#2902,#2903,#2904,#2905,#2906,#2907,#2908,
    #2909,#2910,#2911,#2912,#2913,#2914,#2915,#2916,#2917,#2918,#2919,
    #2920,#2921,#2922,#2923,#2924,#2925,#2926,#2927,#2928,#2929,#2930,
    #2931,#2932,#2933,#2934,#2935,#2936,#2937,#2938,#2939,#2940,#2941,
    #2942,#2943,#2944,#2945,#2946,#2947,#2948,#2949,#2950,#2951,#2952,
    #2953,#2954,#2955,#2956,#2957,#2958,#2959,#2960,#2961,#2962,#2963,
    #2964,#2965,#2966,#2967,#2968,#2969,#2970,#2971,#2972,#2973,#2974,
    #2975,#2976,#2977,#2978,#2979,#2980,#2981,#2982,#2983,#2984,#2985,
    #2986,#2987,#2988,#2989,#2990,#2991,#2992,#2993),.UNSPECIFIED.,.F.,
  .F.,(7,5,5,5,5,5,5,5,5,5,5,5,5,5,5,5,5,5,5,5,5,5,7),(0.,0.114830456513
    ,0.178291865039,0.224500111371,0.291075936702,0.35442417925,
    0.400120636388,0.424966855344,0.449422142041,0.478918760939,
    0.500266184256,0.526899622801,0.546593622788,0.569136808936,
    0.614369841144,0.659751734195,0.711558458509,0.753363706889,
    0.81756020195,0.885699129702,0.942169965235,0.970148213429,1.),
  .UNSPECIFIED.);
#2882 = CARTESIAN_POINT('',(3.141592651499,1.570796319528));
#2883 = CARTESIAN_POINT('',(3.156181228475,1.62331517974));
#2884 = CARTESIAN_POINT('',(3.171109893314,1.675219644983));
#2885 = CARTESIAN_POINT('',(3.186367867565,1.726671033428));
#2886 = CARTESIAN_POINT('',(3.201942753577,1.777812902777));
#2887 = CARTESIAN_POINT('',(3.217820347981,1.828790004998));
#2888 = CARTESIAN_POINT('',(3.242917389889,1.907946226202));
#2889 = CARTESIAN_POINT('',(3.25193761687,1.936121467325));
#2890 = CARTESIAN_POINT('',(3.261042035465,1.964325010138));
#2891 = CARTESIAN_POINT('',(3.270227046302,1.992585646861));
#2892 = CARTESIAN_POINT('',(3.279488277706,2.020934636101));
#2893 = CARTESIAN_POINT('',(3.295615492697,2.070139301745));
#2894 = CARTESIAN_POINT('',(3.302448096924,2.090936677548));
#2895 = CARTESIAN_POINT('',(3.309316208632,2.11181323388));
#2896 = CARTESIAN_POINT('',(3.316217398737,2.132783475683));
#2897 = CARTESIAN_POINT('',(3.323148789748,2.153863320595));
#2898 = CARTESIAN_POINT('',(3.340132200821,2.205625876005));
#2899 = CARTESIAN_POINT('',(3.350212663344,2.236444647612));
#2900 = CARTESIAN_POINT('',(3.360338733912,2.267582288332));
#2901 = CARTESIAN_POINT('',(3.370497237468,2.299099952017));
#2902 = CARTESIAN_POINT('',(3.380670884237,2.331068137946));
#2903 = CARTESIAN_POINT('',(3.400509203834,2.394516173105));
#2904 = CARTESIAN_POINT('',(3.410173281561,2.425940303939));
#2905 = CARTESIAN_POINT('',(3.419810045259,2.457936868908));
#2906 = CARTESIAN_POINT('',(3.429391972069,2.490598824999));
#2907 = CARTESIAN_POINT('',(3.438881494974,2.524033056843));
#2908 = CARTESIAN_POINT('',(3.454965830884,2.583179061022));
#2909 = CARTESIAN_POINT('',(3.461629158295,2.608442056895));
#2910 = CARTESIAN_POINT('',(3.46819619494,2.634241821296));
#2911 = CARTESIAN_POINT('',(3.474639970513,2.660639557505));
#2912 = CARTESIAN_POINT('',(3.480925064888,2.687701365195));
#2913 = CARTESIAN_POINT('',(3.490310851235,2.730632278896));
#2914 = CARTESIAN_POINT('',(3.493555734582,2.745973067911));
#2915 = CARTESIAN_POINT('',(3.496732124725,2.761546677327));
#2916 = CARTESIAN_POINT('',(3.499830983365,2.777365245602));
#2917 = CARTESIAN_POINT('',(3.502841779482,2.793440341381));
#2918 = CARTESIAN_POINT('',(3.508617377649,2.825868952256));
#2919 = CARTESIAN_POINT('',(3.511385137825,2.842213221096));
#2920 = CARTESIAN_POINT('',(3.514044371813,2.858826827287));
#2921 = CARTESIAN_POINT('',(3.516581611657,2.875717222893));
#2922 = CARTESIAN_POINT('',(3.518981778865,2.892887793969));
#2923 = CARTESIAN_POINT('',(3.523938715336,2.931383593621));
#2924 = CARTESIAN_POINT('',(3.526425806885,2.952835758651));
#2925 = CARTESIAN_POINT('',(3.528661093084,2.974687785673));
#2926 = CARTESIAN_POINT('',(3.530613105582,2.996916659776));
#2927 = CARTESIAN_POINT('',(3.532250621661,3.019479714989));
#2928 = CARTESIAN_POINT('',(3.534489445677,3.058823175206));
#2929 = CARTESIAN_POINT('',(3.535252107349,3.075480072422));
#2930 = CARTESIAN_POINT('',(3.535828087254,3.092245176544));
#2931 = CARTESIAN_POINT('',(3.536210456747,3.109085555157));
#2932 = CARTESIAN_POINT('',(3.536395469632,3.12596438992));
#2933 = CARTESIAN_POINT('',(3.536368171784,3.163894573276));
#2934 = CARTESIAN_POINT('',(3.536046125847,3.18494909166));
#2935 = CARTESIAN_POINT('',(3.535417292238,3.20592080374));
#2936 = CARTESIAN_POINT('',(3.53449148322,3.226740969007));
#2937 = CARTESIAN_POINT('',(3.533285485168,3.247352115769));
#2938 = CARTESIAN_POINT('',(3.530736919475,3.282755192501));
#2939 = CARTESIAN_POINT('',(3.52951165693,3.297666144445));
#2940 = CARTESIAN_POINT('',(3.528152794056,3.312421125238));
#2941 = CARTESIAN_POINT('',(3.526669405193,3.32700850206));
#2942 = CARTESIAN_POINT('',(3.525070740165,3.341421080315));
#2943 = CARTESIAN_POINT('',(3.521413731768,3.371948731533));
#2944 = CARTESIAN_POINT('',(3.519322390489,3.388008083587));
#2945 = CARTESIAN_POINT('',(3.517104690507,3.403829062256));
#2946 = CARTESIAN_POINT('',(3.514773130417,3.419411873798));
#2947 = CARTESIAN_POINT('',(3.512339127123,3.43476048352));
#2948 = CARTESIAN_POINT('',(3.504743015198,3.480223162426));
#2949 = CARTESIAN_POINT('',(3.499302441255,3.509640329223));
#2950 = CARTESIAN_POINT('',(3.493569231101,3.538204587466));
#2951 = CARTESIAN_POINT('',(3.487605803661,3.565983739971));
#2952 = CARTESIAN_POINT('',(3.481459118142,3.593049960388));
#2953 = CARTESIAN_POINT('',(3.468843280956,3.646005251853));
#2954 = CARTESIAN_POINT('',(3.462375101609,3.671881925056));
#2955 = CARTESIAN_POINT('',(3.455791754913,3.697188639755));
#2956 = CARTESIAN_POINT('',(3.449119838035,3.721983555425));
#2957 = CARTESIAN_POINT('',(3.442379856751,3.746319210128));
#2958 = CARTESIAN_POINT('',(3.427832137888,3.797558631701));
#2959 = CARTESIAN_POINT('',(3.42000929789,3.824334825664));
#2960 = CARTESIAN_POINT('',(3.412141542301,3.850645233333));
#2961 = CARTESIAN_POINT('',(3.404246588388,3.876544790293));
#2962 = CARTESIAN_POINT('',(3.396338194754,3.902081521115));
#2963 = CARTESIAN_POINT('',(3.382042475044,3.947648290938));
#2964 = CARTESIAN_POINT('',(3.375656488943,3.96778891788));
#2965 = CARTESIAN_POINT('',(3.369274341608,3.987743158191));
#2966 = CARTESIAN_POINT('',(3.362900738319,4.007530121083));
#2967 = CARTESIAN_POINT('',(3.35653958795,4.027166777522));
#2968 = CARTESIAN_POINT('',(3.340450020119,4.076616560388));
#2969 = CARTESIAN_POINT('',(3.330743150529,4.106246290639));
#2970 = CARTESIAN_POINT('',(3.321085243369,4.135615180577));
#2971 = CARTESIAN_POINT('',(3.311485443143,4.164769482853));
#2972 = CARTESIAN_POINT('',(3.301950977225,4.193750281644));
#2973 = CARTESIAN_POINT('',(3.282442693614,4.253212166939));
#2974 = CARTESIAN_POINT('',(3.272478091742,4.283675371829));
#2975 = CARTESIAN_POINT('',(3.262600422739,4.314030073762));
#2976 = CARTESIAN_POINT('',(3.252815204931,4.344315044916));
#2977 = CARTESIAN_POINT('',(3.24312694348,4.374566161314));
#2978 = CARTESIAN_POINT('',(3.225593369504,4.429889599704));
#2979 = CARTESIAN_POINT('',(3.217716641157,4.454961431695));
#2980 = CARTESIAN_POINT('',(3.209911181426,4.480053091199));
#2981 = CARTESIAN_POINT('',(3.202178876054,4.505182993234));
#2982 = CARTESIAN_POINT('',(3.194521413353,4.530369051662));
#2983 = CARTESIAN_POINT('',(3.183184278661,4.5681444117));
#2984 = CARTESIAN_POINT('',(3.179446999354,4.580677704956));
#2985 = CARTESIAN_POINT('',(3.175728657553,4.593231364072));
#2986 = CARTESIAN_POINT('',(3.172029437485,4.605807559707));
#2987 = CARTESIAN_POINT('',(3.168349519322,4.618408464473));
#2988 = CARTESIAN_POINT('',(3.160783520949,4.64450964995));
#2989 = CARTESIAN_POINT('',(3.156900137336,4.658013646541));
#2990 = CARTESIAN_POINT('',(3.153039147185,4.671550909139));
#2991 = CARTESIAN_POINT('',(3.1492007582,4.685124084117));
#2992 = CARTESIAN_POINT('',(3.145385183087,4.698735852998));
#2993 = CARTESIAN_POINT('',(3.141592655683,4.71238898765));
#2994 = ( GEOMETRIC_REPRESENTATION_CONTEXT(2) 
PARAMETRIC_REPRESENTATION_CONTEXT() REPRESENTATION_CONTEXT('2D SPACE',''
  ) );
#2995 = ORIENTED_EDGE('',*,*,#2996,.T.);
#2996 = EDGE_CURVE('',#2647,#2434,#2997,.T.);
#2997 = SURFACE_CURVE('',#2998,(#3046,#3097),.PCURVE_S1.);
#2998 = B_SPLINE_CURVE_WITH_KNOTS('',6,(#2999,#3000,#3001,#3002,#3003,
    #3004,#3005,#3006,#3007,#3008,#3009,#3010,#3011,#3012,#3013,#3014,
    #3015,#3016,#3017,#3018,#3019,#3020,#3021,#3022,#3023,#3024,#3025,
    #3026,#3027,#3028,#3029,#3030,#3031,#3032,#3033,#3034,#3035,#3036,
    #3037,#3038,#3039,#3040,#3041,#3042,#3043,#3044,#3045),
  .UNSPECIFIED.,.F.,.F.,(7,5,5,5,5,5,5,5,5,7),(0.,0.231428963592,
    0.35834612903,0.450722177496,0.583748738783,0.710241365062,
    0.801438431422,0.896890377835,0.950578881136,1.),.UNSPECIFIED.);
#2999 = CARTESIAN_POINT('',(-110.2500001271,476.,34.999999868106));
#3000 = CARTESIAN_POINT('',(-109.3238342897,476.00000003289,
    35.926165721289));
#3001 = CARTESIAN_POINT('',(-108.3922510678,475.94118052444,
    36.841410207603));
#3002 = CARTESIAN_POINT('',(-107.4566626305,475.82614269577,
    37.743962780847));
#3003 = CARTESIAN_POINT('',(-106.5184455086,475.65670445467,
    38.632251267203));
#3004 = CARTESIAN_POINT('',(-105.578935337,475.43411149061,
    39.504904477116));
#3005 = CARTESIAN_POINT('',(-104.124206185,475.00767268268,
    40.830080405684));
#3006 = CARTESIAN_POINT('',(-103.6089988743,474.84076133034,
    41.294348707991));
#3007 = CARTESIAN_POINT('',(-103.0940390528,474.65803241469,
    41.753336002103));
#3008 = CARTESIAN_POINT('',(-102.5795749231,474.45947860068,
    42.206831650354));
#3009 = CARTESIAN_POINT('',(-102.0658803091,474.24500594326,
    42.654619421221));
#3010 = CARTESIAN_POINT('',(-101.1801491473,473.84657967146,
    43.41808113907));
#3011 = CARTESIAN_POINT('',(-100.8076109533,473.67020692429,
    43.736541215411));
#3012 = CARTESIAN_POINT('',(-100.4357613353,473.48521817513,
    44.051771381149));
#3013 = CARTESIAN_POINT('',(-100.0647327537,473.29150850017,
    44.363678155935));
#3014 = CARTESIAN_POINT('',(-99.69467487313,473.08893735438,
    44.672160143156));
#3015 = CARTESIAN_POINT('',(-98.79449446324,472.57257886416,
    45.4162486519));
#3016 = CARTESIAN_POINT('',(-98.26561689761,472.24908936159,
    45.848042505111));
#3017 = CARTESIAN_POINT('',(-97.7396002998,471.90628518327,
    46.272185907517));
#3018 = CARTESIAN_POINT('',(-97.2170750703,471.54342492561,
    46.688280035898));
#3019 = CARTESIAN_POINT('',(-96.69883845399,471.15956149105,
    47.095836969126));
#3020 = CARTESIAN_POINT('',(-95.69820011941,470.36702190972,
    47.873093480291));
#3021 = CARTESIAN_POINT('',(-95.21535779023,469.9605440675,
    48.243615527803));
#3022 = CARTESIAN_POINT('',(-94.7382117736,469.53265543063,
    48.605351801354));
#3023 = CARTESIAN_POINT('',(-94.2679782245,469.08188214373,
    48.957576189729));
#3024 = CARTESIAN_POINT('',(-93.80629316986,468.60647386176,
    49.299324132333));
#3025 = CARTESIAN_POINT('',(-93.03037844783,467.74150122385,
    49.867163571395));
#3026 = CARTESIAN_POINT('',(-92.7110127664,467.36506699986,
    50.098873097172));
#3027 = CARTESIAN_POINT('',(-92.39815692908,466.97357820513,
    50.323938026374));
#3028 = CARTESIAN_POINT('',(-92.09297482155,466.56598761814,
    50.541668691453));
#3029 = CARTESIAN_POINT('',(-91.79698869545,466.14116813169,
    50.751165961922));
#3030 = CARTESIAN_POINT('',(-91.21409393062,465.23359378835,
    51.160692883015));
#3031 = CARTESIAN_POINT('',(-90.92839819699,464.7492875851,
    51.359722702844));
#3032 = CARTESIAN_POINT('',(-90.65721429462,464.24301415461,
    51.54712908487));
#3033 = CARTESIAN_POINT('',(-90.40376476484,463.71343652991,
    51.720970368722));
#3034 = CARTESIAN_POINT('',(-90.17235412678,463.15974138374,
    51.878676840705));
#3035 = CARTESIAN_POINT('',(-89.85303817554,462.25712927969,
    52.095193266368));
#3036 = CARTESIAN_POINT('',(-89.74667465976,461.92469773786,
    52.167062785231));
#3037 = CARTESIAN_POINT('',(-89.6498179038,461.58490458854,
    52.232304899786));
#3038 = CARTESIAN_POINT('',(-89.56347543523,461.23812725477,
    52.290311718584));
#3039 = CARTESIAN_POINT('',(-89.48866619203,460.88502597998,
    52.340468046884));
#3040 = CARTESIAN_POINT('',(-89.36879785669,460.19675458416,
    52.420715619304));
#3041 = CARTESIAN_POINT('',(-89.32183982441,459.86235003302,
    52.452089363275));
#3042 = CARTESIAN_POINT('',(-89.28606912632,459.52434037237,
    52.475954169965));
#3043 = CARTESIAN_POINT('',(-89.26202138424,459.1837763948,
    52.491985615668));
#3044 = CARTESIAN_POINT('',(-89.25,458.84186817466,52.5));
#3045 = CARTESIAN_POINT('',(-89.25,458.5,52.5));
#3046 = PCURVE('',#2325,#3047);
#3047 = DEFINITIONAL_REPRESENTATION('',(#3048),#3096);
#3048 = B_SPLINE_CURVE_WITH_KNOTS('',6,(#3049,#3050,#3051,#3052,#3053,
    #3054,#3055,#3056,#3057,#3058,#3059,#3060,#3061,#3062,#3063,#3064,
    #3065,#3066,#3067,#3068,#3069,#3070,#3071,#3072,#3073,#3074,#3075,
    #3076,#3077,#3078,#3079,#3080,#3081,#3082,#3083,#3084,#3085,#3086,
    #3087,#3088,#3089,#3090,#3091,#3092,#3093,#3094,#3095),
  .UNSPECIFIED.,.F.,.F.,(7,5,5,5,5,5,5,5,5,7),(0.,0.231428963592,
    0.35834612903,0.450722177496,0.583748738783,0.710241365062,
    0.801438431422,0.896890377835,0.950578881136,1.),.UNSPECIFIED.);
#3049 = CARTESIAN_POINT('',(4.712388972848,-1.271456611107E-07));
#3050 = CARTESIAN_POINT('',(4.765312719124,0.92616571022));
#3051 = CARTESIAN_POINT('',(4.817612499074,1.857748932118));
#3052 = CARTESIAN_POINT('',(4.869453477343,2.79333736943));
#3053 = CARTESIAN_POINT('',(4.920982449583,3.731554491383));
#3054 = CARTESIAN_POINT('',(4.972347495251,4.671064662912));
#3055 = CARTESIAN_POINT('',(5.051896043868,6.125793814933));
#3056 = CARTESIAN_POINT('',(5.080071959405,6.641001125604));
#3057 = CARTESIAN_POINT('',(5.108277779037,7.155960947119));
#3058 = CARTESIAN_POINT('',(5.13654237606,7.670425076801));
#3059 = CARTESIAN_POINT('',(5.16489712086,8.184119690863));
#3060 = CARTESIAN_POINT('',(5.214106951923,9.069850852687));
#3061 = CARTESIAN_POINT('',(5.234902767471,9.442389046658));
#3062 = CARTESIAN_POINT('',(5.255778789269,9.814238664646));
#3063 = CARTESIAN_POINT('',(5.276749574711,10.185267246277));
#3064 = CARTESIAN_POINT('',(5.297831106824,10.555325126867));
#3065 = CARTESIAN_POINT('',(5.349585433841,11.455505536758));
#3066 = CARTESIAN_POINT('',(5.380395329315,11.984383102388));
#3067 = CARTESIAN_POINT('',(5.411526547192,12.510399700198));
#3068 = CARTESIAN_POINT('',(5.443040462691,13.032924929693));
#3069 = CARTESIAN_POINT('',(5.475007846329,13.551161546009));
#3070 = CARTESIAN_POINT('',(5.53844019299,14.55179988059));
#3071 = CARTESIAN_POINT('',(5.569848407982,15.034642209763));
#3072 = CARTESIAN_POINT('',(5.601831675709,15.511788226395));
#3073 = CARTESIAN_POINT('',(5.634483196861,15.982021775497));
#3074 = CARTESIAN_POINT('',(5.667910092361,16.443706830137));
#3075 = CARTESIAN_POINT('',(5.727036226446,17.219621552165));
#3076 = CARTESIAN_POINT('',(5.752284454514,17.538987233592));
#3077 = CARTESIAN_POINT('',(5.778070773672,17.851843070911));
#3078 = CARTESIAN_POINT('',(5.80445635614,18.157025178448));
#3079 = CARTESIAN_POINT('',(5.831507171628,18.453011304548));
#3080 = CARTESIAN_POINT('',(5.888403883998,19.035906069375));
#3081 = CARTESIAN_POINT('',(5.918307080103,19.321601803004));
#3082 = CARTESIAN_POINT('',(5.949125671297,19.592785705379));
#3083 = CARTESIAN_POINT('',(5.980940078566,19.846235235158));
#3084 = CARTESIAN_POINT('',(6.01380908601,20.077645873216));
#3085 = CARTESIAN_POINT('',(6.066850093572,20.396961824452));
#3086 = CARTESIAN_POINT('',(6.086280120268,20.503325340231));
#3087 = CARTESIAN_POINT('',(6.106043409506,20.600182096198));
#3088 = CARTESIAN_POINT('',(6.126125578705,20.686524564761));
#3089 = CARTESIAN_POINT('',(6.146498947462,20.761333807969));
#3090 = CARTESIAN_POINT('',(6.186095161966,20.881202143305));
#3091 = CARTESIAN_POINT('',(6.205283056502,20.928160175588));
#3092 = CARTESIAN_POINT('',(6.224638124971,20.963930873676));
#3093 = CARTESIAN_POINT('',(6.244112385174,20.987978615757));
#3094 = CARTESIAN_POINT('',(6.263649982913,21.));
#3095 = CARTESIAN_POINT('',(6.28318530718,21.));
#3096 = ( GEOMETRIC_REPRESENTATION_CONTEXT(2) 
PARAMETRIC_REPRESENTATION_CONTEXT() REPRESENTATION_CONTEXT('2D SPACE',''
  ) );
#3097 = PCURVE('',#2580,#3098);
#3098 = DEFINITIONAL_REPRESENTATION('',(#3099),#3147);
#3099 = B_SPLINE_CURVE_WITH_KNOTS('',6,(#3100,#3101,#3102,#3103,#3104,
    #3105,#3106,#3107,#3108,#3109,#3110,#3111,#3112,#3113,#3114,#3115,
    #3116,#3117,#3118,#3119,#3120,#3121,#3122,#3123,#3124,#3125,#3126,
    #3127,#3128,#3129,#3130,#3131,#3132,#3133,#3134,#3135,#3136,#3137,
    #3138,#3139,#3140,#3141,#3142,#3143,#3144,#3145,#3146),
  .UNSPECIFIED.,.F.,.F.,(7,5,5,5,5,5,5,5,5,7),(0.,0.231428963592,
    0.35834612903,0.450722177496,0.583748738783,0.710241365062,
    0.801438431422,0.896890377835,0.950578881136,1.),.UNSPECIFIED.);
#3100 = CARTESIAN_POINT('',(3.141592655683,4.71238898765));
#3101 = CARTESIAN_POINT('',(3.126891610374,4.659465242375));
#3102 = CARTESIAN_POINT('',(3.111845230881,4.607165460667));
#3103 = CARTESIAN_POINT('',(3.09646452258,4.555324484201));
#3104 = CARTESIAN_POINT('',(3.080762177174,4.503795510928));
#3105 = CARTESIAN_POINT('',(3.064752769944,4.452430465518));
#3106 = CARTESIAN_POINT('',(3.039514259533,4.372881916901));
#3107 = CARTESIAN_POINT('',(3.030488436369,4.344706001365));
#3108 = CARTESIAN_POINT('',(3.021378619683,4.316500181732));
#3109 = CARTESIAN_POINT('',(3.012188435487,4.28823558471));
#3110 = CARTESIAN_POINT('',(3.002922291173,4.259880839909));
#3111 = CARTESIAN_POINT('',(2.986789789732,4.210671008847));
#3112 = CARTESIAN_POINT('',(2.979956697416,4.189875193298));
#3113 = CARTESIAN_POINT('',(2.973088306078,4.168999171501));
#3114 = CARTESIAN_POINT('',(2.966187064197,4.148028386058));
#3115 = CARTESIAN_POINT('',(2.959255873289,4.126946853946));
#3116 = CARTESIAN_POINT('',(2.942278670247,4.075192526929));
#3117 = CARTESIAN_POINT('',(2.932204577885,4.044382631455));
#3118 = CARTESIAN_POINT('',(2.922085588232,4.013251413578));
#3119 = CARTESIAN_POINT('',(2.911934975981,3.981737498079));
#3120 = CARTESIAN_POINT('',(2.901770167769,3.94977011444));
#3121 = CARTESIAN_POINT('',(2.881957803244,3.88633776778));
#3122 = CARTESIAN_POINT('',(2.872310735623,3.854929552787));
#3123 = CARTESIAN_POINT('',(2.862692132286,3.82294628506));
#3124 = CARTESIAN_POINT('',(2.853129703042,3.790294763909));
#3125 = CARTESIAN_POINT('',(2.843661279854,3.756867868409));
#3126 = CARTESIAN_POINT('',(2.827620280548,3.697741734323));
#3127 = CARTESIAN_POINT('',(2.820978163108,3.672493506255));
#3128 = CARTESIAN_POINT('',(2.814433406588,3.646707187098));
#3129 = CARTESIAN_POINT('',(2.808013137343,3.620321604629));
#3130 = CARTESIAN_POINT('',(2.801752977389,3.593270789141));
#3131 = CARTESIAN_POINT('',(2.789363808525,3.536374076771));
#3132 = CARTESIAN_POINT('',(2.783257626365,3.506470880666));
#3133 = CARTESIAN_POINT('',(2.777431227584,3.475652289472));
#3134 = CARTESIAN_POINT('',(2.771959491635,3.443837882204));
#3135 = CARTESIAN_POINT('',(2.766943008158,3.410968874759));
#3136 = CARTESIAN_POINT('',(2.759998752897,3.357927867198));
#3137 = CARTESIAN_POINT('',(2.757680550429,3.338497840502));
#3138 = CARTESIAN_POINT('',(2.755565427629,3.318734551264));
#3139 = CARTESIAN_POINT('',(2.753676815119,3.298652382064));
#3140 = CARTESIAN_POINT('',(2.752038403847,3.278279013308));
#3141 = CARTESIAN_POINT('',(2.749410734974,3.238682798804));
#3142 = CARTESIAN_POINT('',(2.748380077683,3.219494904267));
#3143 = CARTESIAN_POINT('',(2.747594267133,3.200139835798));
#3144 = CARTESIAN_POINT('',(2.74706573752,3.180665575596));
#3145 = CARTESIAN_POINT('',(2.74680153389,3.161127977856));
#3146 = CARTESIAN_POINT('',(2.74680153389,3.14159265359));
#3147 = ( GEOMETRIC_REPRESENTATION_CONTEXT(2) 
PARAMETRIC_REPRESENTATION_CONTEXT() REPRESENTATION_CONTEXT('2D SPACE',''
  ) );
#3148 = ORIENTED_EDGE('',*,*,#2433,.T.);
#3149 = ORIENTED_EDGE('',*,*,#2343,.F.);
#3150 = ORIENTED_EDGE('',*,*,#2302,.F.);
#3151 = ADVANCED_FACE('',(#3152),#2248,.T.);
#3152 = FACE_BOUND('',#3153,.T.);
#3153 = EDGE_LOOP('',(#3154,#3476,#3631,#3652,#3700,#3701,#3702,#3703));
#3154 = ORIENTED_EDGE('',*,*,#3155,.T.);
#3155 = EDGE_CURVE('',#3156,#3158,#3160,.T.);
#3156 = VERTEX_POINT('',#3157);
#3157 = CARTESIAN_POINT('',(15.75,476.,35.));
#3158 = VERTEX_POINT('',#3159);
#3159 = CARTESIAN_POINT('',(15.75,441.,35.));
#3160 = SURFACE_CURVE('',#3161,(#3264,#3370),.PCURVE_S1.);
#3161 = B_SPLINE_CURVE_WITH_KNOTS('',6,(#3162,#3163,#3164,#3165,#3166,
    #3167,#3168,#3169,#3170,#3171,#3172,#3173,#3174,#3175,#3176,#3177,
    #3178,#3179,#3180,#3181,#3182,#3183,#3184,#3185,#3186,#3187,#3188,
    #3189,#3190,#3191,#3192,#3193,#3194,#3195,#3196,#3197,#3198,#3199,
    #3200,#3201,#3202,#3203,#3204,#3205,#3206,#3207,#3208,#3209,#3210,
    #3211,#3212,#3213,#3214,#3215,#3216,#3217,#3218,#3219,#3220,#3221,
    #3222,#3223,#3224,#3225,#3226,#3227,#3228,#3229,#3230,#3231,#3232,
    #3233,#3234,#3235,#3236,#3237,#3238,#3239,#3240,#3241,#3242,#3243,
    #3244,#3245,#3246,#3247,#3248,#3249,#3250,#3251,#3252,#3253,#3254,
    #3255,#3256,#3257,#3258,#3259,#3260,#3261,#3262,#3263),
  .UNSPECIFIED.,.F.,.F.,(7,5,5,5,5,5,5,5,5,5,5,5,5,5,5,5,5,5,5,5,7),(0.,
    0.113526151404,0.177009171129,0.223246928492,0.292033948371,
    0.355266567057,0.400851282896,0.448560990171,0.478116067848,
    0.499489402712,0.527641718794,0.547384429079,0.569998540915,
    0.615381863967,0.660893894534,0.712811326149,0.795718263516,
    0.884712482243,0.943518761298,0.971477717682,1.),.UNSPECIFIED.);
#3162 = CARTESIAN_POINT('',(15.750000042766,476.,35.));
#3163 = CARTESIAN_POINT('',(14.841371599008,476.00000002087,
    34.091371716687));
#3164 = CARTESIAN_POINT('',(13.927526448853,475.94338700308,
    33.193252091836));
#3165 = CARTESIAN_POINT('',(13.009801487085,475.83261644577,
    32.307317688714));
#3166 = CARTESIAN_POINT('',(12.08949849514,475.66942011914,
    31.43505658298));
#3167 = CARTESIAN_POINT('',(11.167877992708,475.45499480026,
    30.577769184689));
#3168 = CARTESIAN_POINT('',(9.730752110659,475.04136451613,
    29.266194119091));
#3169 = CARTESIAN_POINT('',(9.215326570708,474.87712084246,
    28.800857462072));
#3170 = CARTESIAN_POINT('',(8.700115423008,474.69704662908,
    28.340776865372));
#3171 = CARTESIAN_POINT('',(8.185365117203,474.50114268061,
    27.886163021994));
#3172 = CARTESIAN_POINT('',(7.671346772647,474.28932411764,
    27.437231553448));
#3173 = CARTESIAN_POINT('',(6.784726626509,473.89539460013,
    26.671524443007));
#3174 = CARTESIAN_POINT('',(6.411643338297,473.72084571264,
    26.351979564806));
#3175 = CARTESIAN_POINT('',(6.03922619488,473.53768079357,
    26.035654370668));
#3176 = CARTESIAN_POINT('',(5.667606022682,473.34579913205,
    25.722641741204));
#3177 = CARTESIAN_POINT('',(5.296930366352,473.1450648749,
    25.413042165122));
#3178 = CARTESIAN_POINT('',(4.377571209833,472.62323297902,
    24.651617739377));
#3179 = CARTESIAN_POINT('',(3.83025981335,472.29119072707,
    24.204085370728));
#3180 = CARTESIAN_POINT('',(3.285945187608,471.93856470061,
    23.764695148797));
#3181 = CARTESIAN_POINT('',(2.745314454374,471.56455050095,
    23.333883111996));
#3182 = CARTESIAN_POINT('',(2.209241800561,471.1681145761,22.91218495179
    ));
#3183 = CARTESIAN_POINT('',(1.191322183194,470.36128234185,
    22.121618993574));
#3184 = CARTESIAN_POINT('',(0.708662551987,469.95465271401,
    21.751289631078));
#3185 = CARTESIAN_POINT('',(0.231706865943,469.52660945943,
    21.389747891587));
#3186 = CARTESIAN_POINT('',(-0.238327015172,469.07567715238,
    21.037720869423));
#3187 = CARTESIAN_POINT('',(-0.699800604543,468.60010390827,
    20.696174554979));
#3188 = CARTESIAN_POINT('',(-1.475296704078,467.73486479407,
    20.128713695244));
#3189 = CARTESIAN_POINT('',(-1.794463520357,467.3583355652,
    19.897177054579));
#3190 = CARTESIAN_POINT('',(-2.107112233412,466.96674956491,
    19.672287985991));
#3191 = CARTESIAN_POINT('',(-2.412077309424,466.55905931433,
    19.454737152201));
#3192 = CARTESIAN_POINT('',(-2.70783431873,466.13413786372,
    19.245424995126));
#3193 = CARTESIAN_POINT('',(-3.290218731467,465.22636940434,
    18.836298964962));
#3194 = CARTESIAN_POINT('',(-3.575632872822,464.74197252234,
    18.637484705247));
#3195 = CARTESIAN_POINT('',(-3.846516990939,464.23560977737,
    18.450302497014));
#3196 = CARTESIAN_POINT('',(-4.099644944113,463.70594785445,
    18.276696215914));
#3197 = CARTESIAN_POINT('',(-4.330708430855,463.1521797662,
    18.119237899327));
#3198 = CARTESIAN_POINT('',(-4.661071792922,462.21655426294,
    17.895244734672));
#3199 = CARTESIAN_POINT('',(-4.777020198617,461.84956036426,
    17.816933489773));
#3200 = CARTESIAN_POINT('',(-4.88131293461,461.4736658256,
    17.746735215405));
#3201 = CARTESIAN_POINT('',(-4.972592229849,461.08941672378,
    17.685469290387));
#3202 = CARTESIAN_POINT('',(-5.049498160084,460.69777770624,
    17.633956971002));
#3203 = CARTESIAN_POINT('',(-5.155402244415,460.01285853715,
    17.563120514514));
#3204 = CARTESIAN_POINT('',(-5.191771658321,459.72234622052,
    17.538831646927));
#3205 = CARTESIAN_POINT('',(-5.219651369151,459.42939308989,
    17.520233123673));
#3206 = CARTESIAN_POINT('',(-5.238727137746,459.13470642881,
    17.507515335664));
#3207 = CARTESIAN_POINT('',(-5.248819574159,458.83907821738,
    17.500786952021));
#3208 = CARTESIAN_POINT('',(-5.251367845844,458.15392117672,
    17.499088100967));
#3209 = CARTESIAN_POINT('',(-5.237215079373,457.76423988581,
    17.508523363931));
#3210 = CARTESIAN_POINT('',(-5.207422647993,457.37642964012,
    17.528383355459));
#3211 = CARTESIAN_POINT('',(-5.16248493619,456.99225510706,
    17.558366493504));
#3212 = CARTESIAN_POINT('',(-5.103264795559,456.61320133021,
    17.597952737102));
#3213 = CARTESIAN_POINT('',(-4.980071326236,455.97913804397,
    17.680510248746));
#3214 = CARTESIAN_POINT('',(-4.922793750622,455.72085582956,
    17.718943640344));
#3215 = CARTESIAN_POINT('',(-4.85938222839,455.46602776751,
    17.761560420059));
#3216 = CARTESIAN_POINT('',(-4.790231660411,455.21491746039,
    17.808122037808));
#3217 = CARTESIAN_POINT('',(-4.71574216274,454.96769815046,
    17.858387122126));
#3218 = CARTESIAN_POINT('',(-4.545285838718,454.44586476462,
    17.973685155024));
#3219 = CARTESIAN_POINT('',(-4.44777326815,454.17250260378,
    18.039801155008));
#3220 = CARTESIAN_POINT('',(-4.344319985508,453.90451319166,
    18.110135714658));
#3221 = CARTESIAN_POINT('',(-4.235462622206,453.64193209318,
    18.184366243625));
#3222 = CARTESIAN_POINT('',(-4.12168952704,453.38471753713,
    18.262199817559));
#3223 = CARTESIAN_POINT('',(-3.76607540254,452.62714088971,
    18.506312421062));
#3224 = CARTESIAN_POINT('',(-3.510702020335,452.14287516209,
    18.682687374467));
#3225 = CARTESIAN_POINT('',(-3.240636174323,451.67890843664,
    18.870526931474));
#3226 = CARTESIAN_POINT('',(-2.958526636454,451.23411268847,
    19.068255466872));
#3227 = CARTESIAN_POINT('',(-2.666372522836,450.80724349695,
    19.274677227211));
#3228 = CARTESIAN_POINT('',(-2.063827060411,449.98549970801,
    19.703961924121));
#3229 = CARTESIAN_POINT('',(-1.753479460815,449.59084579724,
    19.926803442897));
#3230 = CARTESIAN_POINT('',(-1.435945930386,449.21173553714,
    20.156684720033));
#3231 = CARTESIAN_POINT('',(-1.112352437935,448.84717989937,
    20.392942808826));
#3232 = CARTESIAN_POINT('',(-0.783571364072,448.49629344845,
    20.635062521253));
#3233 = CARTESIAN_POINT('',(-6.998662705522E-02,447.77267809064,
    21.165151367663));
#3234 = CARTESIAN_POINT('',(0.316142271136,447.40387239389,
    21.454742623596));
#3235 = CARTESIAN_POINT('',(0.707169004616,447.05069319267,
    21.750886001567));
#3236 = CARTESIAN_POINT('',(1.102332843793,446.71226830663,
    22.053132918887));
#3237 = CARTESIAN_POINT('',(1.50103501901,446.38786218529,
    22.361126818935));
#3238 = CARTESIAN_POINT('',(2.544446743172,445.58019443423,
    23.17520039424));
#3239 = CARTESIAN_POINT('',(3.193865242806,445.11775411862,
    23.689720545085));
#3240 = CARTESIAN_POINT('',(3.849227201127,444.68698894757,
    24.217076404347));
#3241 = CARTESIAN_POINT('',(4.509171854265,444.28636106906,
    24.756420811159));
#3242 = CARTESIAN_POINT('',(5.172656914971,443.91472216538,
    25.307071604046));
#3243 = CARTESIAN_POINT('',(6.554147933734,443.20264081441,
    26.47122869409));
#3244 = CARTESIAN_POINT('',(7.272508425127,442.86652789797,
    27.086321117771));
#3245 = CARTESIAN_POINT('',(7.993041729924,442.56199812876,
    27.713148834656));
#3246 = CARTESIAN_POINT('',(8.71492646294,442.28864092794,
    28.351093184982));
#3247 = CARTESIAN_POINT('',(9.437455090446,442.04634008252,
    28.999567091895));
#3248 = CARTESIAN_POINT('',(10.637494601749,441.6957931468,
    30.093127432887));
#3249 = CARTESIAN_POINT('',(11.114969949561,441.56995726299,
    30.532578903159));
#3250 = CARTESIAN_POINT('',(11.592272079081,441.45781087402,
    30.976215182197));
#3251 = CARTESIAN_POINT('',(12.069222992962,441.35945963347,
    31.42386335053));
#3252 = CARTESIAN_POINT('',(12.545647698924,441.27505916863,
    31.875342607692));
#3253 = CARTESIAN_POINT('',(13.247553572889,441.17141142432,
    32.546847864599));
#3254 = CARTESIAN_POINT('',(13.473575140763,441.14121134271,
    32.764054516234));
#3255 = CARTESIAN_POINT('',(13.699419501189,441.11423202709,
    32.98206350779));
#3256 = CARTESIAN_POINT('',(13.925067540692,441.09049762342,
    33.200853452055));
#3257 = CARTESIAN_POINT('',(14.150499867985,441.07003469893,
    33.420402145825));
#3258 = CARTESIAN_POINT('',(14.60543109957,441.03536399073,
    33.865409354537));
#3259 = CARTESIAN_POINT('',(14.834920273686,441.02129055052,
    34.090897752652));
#3260 = CARTESIAN_POINT('',(15.06414362605,441.01068269027,
    34.31712713955));
#3261 = CARTESIAN_POINT('',(15.29307954036,441.00357381656,
    34.544072162815));
#3262 = CARTESIAN_POINT('',(15.521705839681,440.99999999978,
    34.771706063947));
#3263 = CARTESIAN_POINT('',(15.750000131835,441.,35.));
#3264 = PCURVE('',#2248,#3265);
#3265 = DEFINITIONAL_REPRESENTATION('',(#3266),#3369);
#3266 = B_SPLINE_CURVE_WITH_KNOTS('',6,(#3267,#3268,#3269,#3270,#3271,
    #3272,#3273,#3274,#3275,#3276,#3277,#3278,#3279,#3280,#3281,#3282,
    #3283,#3284,#3285,#3286,#3287,#3288,#3289,#3290,#3291,#3292,#3293,
    #3294,#3295,#3296,#3297,#3298,#3299,#3300,#3301,#3302,#3303,#3304,
    #3305,#3306,#3307,#3308,#3309,#3310,#3311,#3312,#3313,#3314,#3315,
    #3316,#3317,#3318,#3319,#3320,#3321,#3322,#3323,#3324,#3325,#3326,
    #3327,#3328,#3329,#3330,#3331,#3332,#3333,#3334,#3335,#3336,#3337,
    #3338,#3339,#3340,#3341,#3342,#3343,#3344,#3345,#3346,#3347,#3348,
    #3349,#3350,#3351,#3352,#3353,#3354,#3355,#3356,#3357,#3358,#3359,
    #3360,#3361,#3362,#3363,#3364,#3365,#3366,#3367,#3368),
  .UNSPECIFIED.,.F.,.F.,(7,5,5,5,5,5,5,5,5,5,5,5,5,5,5,5,5,5,5,5,7),(0.,
    0.113526151404,0.177009171129,0.223246928492,0.292033948371,
    0.355266567057,0.400851282896,0.448560990171,0.478116067848,
    0.499489402712,0.527641718794,0.547384429079,0.569998540915,
    0.615381863967,0.660893894534,0.712811326149,0.795718263516,
    0.884712482243,0.943518761298,0.971477717682,1.),.UNSPECIFIED.);
#3267 = CARTESIAN_POINT('',(4.712388980385,126.00000004276));
#3268 = CARTESIAN_POINT('',(4.6604673788,125.091371599));
#3269 = CARTESIAN_POINT('',(4.609146174534,124.17752644885));
#3270 = CARTESIAN_POINT('',(4.558269642601,123.25980148708));
#3271 = CARTESIAN_POINT('',(4.507698892168,122.33949849514));
#3272 = CARTESIAN_POINT('',(4.457294005864,121.4178779927));
#3273 = CARTESIAN_POINT('',(4.378708154416,119.98075211065));
#3274 = CARTESIAN_POINT('',(4.35052590401,119.4653265707));
#3275 = CARTESIAN_POINT('',(4.322317685626,118.950115423));
#3276 = CARTESIAN_POINT('',(4.294054800619,118.4353651172));
#3277 = CARTESIAN_POINT('',(4.265706125808,117.92134677264));
#3278 = CARTESIAN_POINT('',(4.216500589576,117.0347266265));
#3279 = CARTESIAN_POINT('',(4.195700693836,116.66164333829));
#3280 = CARTESIAN_POINT('',(4.174823103457,116.28922619488));
#3281 = CARTESIAN_POINT('',(4.153853388599,115.91760602268));
#3282 = CARTESIAN_POINT('',(4.132775725321,115.54693036635));
#3283 = CARTESIAN_POINT('',(4.080028327787,114.62757120983));
#3284 = CARTESIAN_POINT('',(4.048207356467,114.08025981335));
#3285 = CARTESIAN_POINT('',(4.016048800691,113.5359451876));
#3286 = CARTESIAN_POINT('',(3.98348553697,112.99531445437));
#3287 = CARTESIAN_POINT('',(3.95044002637,112.45924180056));
#3288 = CARTESIAN_POINT('',(3.885892046089,111.44132218319));
#3289 = CARTESIAN_POINT('',(3.854484831948,110.95866255198));
#3290 = CARTESIAN_POINT('',(3.822501988021,110.48170686594));
#3291 = CARTESIAN_POINT('',(3.789850248412,110.01167298482));
#3292 = CARTESIAN_POINT('',(3.756422425885,109.55019939545));
#3293 = CARTESIAN_POINT('',(3.697295428644,108.77470329592));
#3294 = CARTESIAN_POINT('',(3.672047752137,108.45553647964));
#3295 = CARTESIAN_POINT('',(3.646261622523,108.14288776658));
#3296 = CARTESIAN_POINT('',(3.619875856796,107.83792269057));
#3297 = CARTESIAN_POINT('',(3.592824493133,107.54216568127));
#3298 = CARTESIAN_POINT('',(3.535927086445,106.95978126853));
#3299 = CARTESIAN_POINT('',(3.506023776403,106.67436712717));
#3300 = CARTESIAN_POINT('',(3.475204843073,106.40348300906));
#3301 = CARTESIAN_POINT('',(3.443390048143,106.15035505588));
#3302 = CARTESIAN_POINT('',(3.410520910501,105.91929156914));
#3303 = CARTESIAN_POINT('',(3.35554579865,105.58892820707));
#3304 = CARTESIAN_POINT('',(3.334109161201,105.47297980138));
#3305 = CARTESIAN_POINT('',(3.312269070383,105.36868706539));
#3306 = CARTESIAN_POINT('',(3.290046874957,105.27740777015));
#3307 = CARTESIAN_POINT('',(3.267483425757,105.20050183991));
#3308 = CARTESIAN_POINT('',(3.228136426421,105.09459775558));
#3309 = CARTESIAN_POINT('',(3.21148101071,105.05822834167));
#3310 = CARTESIAN_POINT('',(3.19471222984,105.03034863084));
#3311 = CARTESIAN_POINT('',(3.177862542333,105.01127286225));
#3312 = CARTESIAN_POINT('',(3.160968606206,105.00118042584));
#3313 = CARTESIAN_POINT('',(3.121816654959,104.99863215415));
#3314 = CARTESIAN_POINT('',(3.09955055851,105.01278492062));
#3315 = CARTESIAN_POINT('',(3.077373010266,105.042577352));
#3316 = CARTESIAN_POINT('',(3.055364882009,105.08751506381));
#3317 = CARTESIAN_POINT('',(3.033593903121,105.14673520444));
#3318 = CARTESIAN_POINT('',(2.997055882948,105.26992867376));
#3319 = CARTESIAN_POINT('',(2.982136880525,105.32720624937));
#3320 = CARTESIAN_POINT('',(2.967376574515,105.39061777161));
#3321 = CARTESIAN_POINT('',(2.952786137234,105.45976833958));
#3322 = CARTESIAN_POINT('',(2.938372322581,105.53425783726));
#3323 = CARTESIAN_POINT('',(2.907834091261,105.70471416128));
#3324 = CARTESIAN_POINT('',(2.891766174287,105.80222673185));
#3325 = CARTESIAN_POINT('',(2.875938219221,105.90568001449));
#3326 = CARTESIAN_POINT('',(2.860349551655,106.01453737779));
#3327 = CARTESIAN_POINT('',(2.844995834724,106.12831047296));
#3328 = CARTESIAN_POINT('',(2.799513805444,106.48392459746));
#3329 = CARTESIAN_POINT('',(2.770084012003,106.73929797966));
#3330 = CARTESIAN_POINT('',(2.741507008813,107.00936382567));
#3331 = CARTESIAN_POINT('',(2.713713965238,107.29147336354));
#3332 = CARTESIAN_POINT('',(2.686632143765,107.58362747716));
#3333 = CARTESIAN_POINT('',(2.633653959401,108.18617293958));
#3334 = CARTESIAN_POINT('',(2.607769332132,108.49652053918));
#3335 = CARTESIAN_POINT('',(2.582452123895,108.81405406961));
#3336 = CARTESIAN_POINT('',(2.557644206116,109.13764756206));
#3337 = CARTESIAN_POINT('',(2.533293142525,109.46642863592));
#3338 = CARTESIAN_POINT('',(2.482035860438,110.18001337294));
#3339 = CARTESIAN_POINT('',(2.455255705709,110.56614227113));
#3340 = CARTESIAN_POINT('',(2.428937978467,110.95716900461));
#3341 = CARTESIAN_POINT('',(2.403028004909,111.35233284379));
#3342 = CARTESIAN_POINT('',(2.377477999593,111.75103501901));
#3343 = CARTESIAN_POINT('',(2.311949243304,112.79444674317));
#3344 = CARTESIAN_POINT('',(2.272466048575,113.4438652428));
#3345 = CARTESIAN_POINT('',(2.23361936688,114.09922720112));
#3346 = CARTESIAN_POINT('',(2.195286909916,114.75917185426));
#3347 = CARTESIAN_POINT('',(2.157363243834,115.42265691497));
#3348 = CARTESIAN_POINT('',(2.079382156002,116.80414793373));
#3349 = CARTESIAN_POINT('',(2.03937646497,117.52250842512));
#3350 = CARTESIAN_POINT('',(1.99962206809,118.24304172992));
#3351 = CARTESIAN_POINT('',(1.960028848335,118.96492646294));
#3352 = CARTESIAN_POINT('',(1.92051533526,119.68745509044));
#3353 = CARTESIAN_POINT('',(1.854894099933,120.88749460174));
#3354 = CARTESIAN_POINT('',(1.828786169881,121.36496994956));
#3355 = CARTESIAN_POINT('',(1.802657277641,121.84227207908));
#3356 = CARTESIAN_POINT('',(1.776486638491,122.31922299296));
#3357 = CARTESIAN_POINT('',(1.750254054394,122.79564769892));
#3358 = CARTESIAN_POINT('',(1.711427925387,123.49755357288));
#3359 = CARTESIAN_POINT('',(1.69889812463,123.72357514076));
#3360 = CARTESIAN_POINT('',(1.686347569403,123.94941950118));
#3361 = CARTESIAN_POINT('',(1.673774093496,124.17506754069));
#3362 = CARTESIAN_POINT('',(1.661175527819,124.40049986798));
#3363 = CARTESIAN_POINT('',(1.635669483793,124.85543109957));
#3364 = CARTESIAN_POINT('',(1.622760895704,125.08492027368));
#3365 = CARTESIAN_POINT('',(1.60982162921,125.31414362605));
#3366 = CARTESIAN_POINT('',(1.596849346103,125.54307954036));
#3367 = CARTESIAN_POINT('',(1.583841694555,125.77170583968));
#3368 = CARTESIAN_POINT('',(1.570796326795,126.00000013183));
#3369 = ( GEOMETRIC_REPRESENTATION_CONTEXT(2) 
PARAMETRIC_REPRESENTATION_CONTEXT() REPRESENTATION_CONTEXT('2D SPACE',''
  ) );
#3370 = PCURVE('',#2580,#3371);
#3371 = DEFINITIONAL_REPRESENTATION('',(#3372),#3475);
#3372 = B_SPLINE_CURVE_WITH_KNOTS('',6,(#3373,#3374,#3375,#3376,#3377,
    #3378,#3379,#3380,#3381,#3382,#3383,#3384,#3385,#3386,#3387,#3388,
    #3389,#3390,#3391,#3392,#3393,#3394,#3395,#3396,#3397,#3398,#3399,
    #3400,#3401,#3402,#3403,#3404,#3405,#3406,#3407,#3408,#3409,#3410,
    #3411,#3412,#3413,#3414,#3415,#3416,#3417,#3418,#3419,#3420,#3421,
    #3422,#3423,#3424,#3425,#3426,#3427,#3428,#3429,#3430,#3431,#3432,
    #3433,#3434,#3435,#3436,#3437,#3438,#3439,#3440,#3441,#3442,#3443,
    #3444,#3445,#3446,#3447,#3448,#3449,#3450,#3451,#3452,#3453,#3454,
    #3455,#3456,#3457,#3458,#3459,#3460,#3461,#3462,#3463,#3464,#3465,
    #3466,#3467,#3468,#3469,#3470,#3471,#3472,#3473,#3474),
  .UNSPECIFIED.,.F.,.F.,(7,5,5,5,5,5,5,5,5,5,5,5,5,5,5,5,5,5,5,5,7),(0.,
    0.113526151404,0.177009171129,0.223246928492,0.292033948371,
    0.355266567057,0.400851282896,0.448560990171,0.478116067848,
    0.499489402712,0.527641718794,0.547384429079,0.569998540915,
    0.615381863967,0.660893894534,0.712811326149,0.795718263516,
    0.884712482243,0.943518761298,0.971477717682,1.),.UNSPECIFIED.);
#3373 = CARTESIAN_POINT('',(6.28318530718,4.712388982828));
#3374 = CARTESIAN_POINT('',(6.26876263596,4.66046737223));
#3375 = CARTESIAN_POINT('',(6.254007536917,4.609146183778));
#3376 = CARTESIAN_POINT('',(6.238930471298,4.558269635642));
#3377 = CARTESIAN_POINT('',(6.223543400732,4.507698894495));
#3378 = CARTESIAN_POINT('',(6.207860000525,4.457294005864));
#3379 = CARTESIAN_POINT('',(6.182968919972,4.378708154416));
#3380 = CARTESIAN_POINT('',(6.173954452523,4.35052590401));
#3381 = CARTESIAN_POINT('',(6.164855457762,4.322317685626));
#3382 = CARTESIAN_POINT('',(6.155675499439,4.294054800619));
#3383 = CARTESIAN_POINT('',(6.146418901337,4.265706125808));
#3384 = CARTESIAN_POINT('',(6.130296835879,4.216500589576));
#3385 = CARTESIAN_POINT('',(6.123464951302,4.195700693836));
#3386 = CARTESIAN_POINT('',(6.116597257972,4.174823103457));
#3387 = CARTESIAN_POINT('',(6.109696157148,4.153853388599));
#3388 = CARTESIAN_POINT('',(6.102764491867,4.132775725321));
#3389 = CARTESIAN_POINT('',(6.085453030525,4.080028327787));
#3390 = CARTESIAN_POINT('',(6.075040682458,4.048207356467));
#3391 = CARTESIAN_POINT('',(6.064578991818,4.016048800691));
#3392 = CARTESIAN_POINT('',(6.054082382034,3.98348553697));
#3393 = CARTESIAN_POINT('',(6.043569936484,3.95044002637));
#3394 = CARTESIAN_POINT('',(6.023413220711,3.885892046089));
#3395 = CARTESIAN_POINT('',(6.013768790062,3.854484831948));
#3396 = CARTESIAN_POINT('',(6.004153047921,3.822501988021));
#3397 = CARTESIAN_POINT('',(5.994593745618,3.789850248412));
#3398 = CARTESIAN_POINT('',(5.985128774386,3.756422425885));
#3399 = CARTESIAN_POINT('',(5.969095006417,3.697295428644));
#3400 = CARTESIAN_POINT('',(5.962456459313,3.672047752137));
#3401 = CARTESIAN_POINT('',(5.955915502848,3.646261622523));
#3402 = CARTESIAN_POINT('',(5.949499302105,3.619875856796));
#3403 = CARTESIAN_POINT('',(5.943243530213,3.592824493133));
#3404 = CARTESIAN_POINT('',(5.930864362211,3.535927086445));
#3405 = CARTESIAN_POINT('',(5.924763809701,3.506023776403));
#3406 = CARTESIAN_POINT('',(5.91894350996,3.475204843073));
#3407 = CARTESIAN_POINT('',(5.91347842574,3.443390048143));
#3408 = CARTESIAN_POINT('',(5.908469234232,3.410520910501));
#3409 = CARTESIAN_POINT('',(5.901284442805,3.35554579865));
#3410 = CARTESIAN_POINT('',(5.898756634504,3.334109161201));
#3411 = CARTESIAN_POINT('',(5.896478061829,3.312269070383));
#3412 = CARTESIAN_POINT('',(5.894480297766,3.290046874957));
#3413 = CARTESIAN_POINT('',(5.892794958542,3.267483425757));
#3414 = CARTESIAN_POINT('',(5.890472136274,3.228136426421));
#3415 = CARTESIAN_POINT('',(5.889673672526,3.21148101071));
#3416 = CARTESIAN_POINT('',(5.889061176107,3.19471222984));
#3417 = CARTESIAN_POINT('',(5.888641940776,3.177862542333));
#3418 = CARTESIAN_POINT('',(5.888420130875,3.160968606206));
#3419 = CARTESIAN_POINT('',(5.88836412497,3.121816654959));
#3420 = CARTESIAN_POINT('',(5.888675173047,3.09955055851));
#3421 = CARTESIAN_POINT('',(5.889329984839,3.077373010266));
#3422 = CARTESIAN_POINT('',(5.89031712644,3.055364882009));
#3423 = CARTESIAN_POINT('',(5.891616514545,3.033593903121));
#3424 = CARTESIAN_POINT('',(5.894315374808,2.997055882948));
#3425 = CARTESIAN_POINT('',(5.895569188106,2.982136880525));
#3426 = CARTESIAN_POINT('',(5.896955907056,2.967376574515));
#3427 = CARTESIAN_POINT('',(5.898466352717,2.952786137234));
#3428 = CARTESIAN_POINT('',(5.900091219113,2.938372322581));
#3429 = CARTESIAN_POINT('',(5.903803883526,2.907834091261));
#3430 = CARTESIAN_POINT('',(5.905924590946,2.891766174287));
#3431 = CARTESIAN_POINT('',(5.908170646518,2.875938219221));
#3432 = CARTESIAN_POINT('',(5.910529550074,2.860349551655));
#3433 = CARTESIAN_POINT('',(5.912989915744,2.844995834724));
#3434 = CARTESIAN_POINT('',(5.92066337602,2.799513805444));
#3435 = CARTESIAN_POINT('',(5.926152230852,2.770084012003));
#3436 = CARTESIAN_POINT('',(5.931930404274,2.741507008813));
#3437 = CARTESIAN_POINT('',(5.937935947073,2.713713965238));
#3438 = CARTESIAN_POINT('',(5.944122295007,2.686632143765));
#3439 = CARTESIAN_POINT('',(5.956810396756,2.633653959401));
#3440 = CARTESIAN_POINT('',(5.963311035312,2.607769332132));
#3441 = CARTESIAN_POINT('',(5.969924896651,2.582452123895));
#3442 = CARTESIAN_POINT('',(5.976625660881,2.557644206116));
#3443 = CARTESIAN_POINT('',(5.983393033396,2.533293142525));
#3444 = CARTESIAN_POINT('',(5.997990938211,2.482035860438));
#3445 = CARTESIAN_POINT('',(6.005836092061,2.455255705709));
#3446 = CARTESIAN_POINT('',(6.013724652194,2.428937978467));
#3447 = CARTESIAN_POINT('',(6.02163910793,2.403028004909));
#3448 = CARTESIAN_POINT('',(6.029565855371,2.377477999593));
#3449 = CARTESIAN_POINT('',(6.050156281427,2.311949243304));
#3450 = CARTESIAN_POINT('',(6.062821648421,2.272466048575));
#3451 = CARTESIAN_POINT('',(6.075448880717,2.23361936688));
#3452 = CARTESIAN_POINT('',(6.088008797374,2.195286909916));
#3453 = CARTESIAN_POINT('',(6.100480243326,2.157363243834));
#3454 = CARTESIAN_POINT('',(6.126125844146,2.079382156002));
#3455 = CARTESIAN_POINT('',(6.13928302801,2.03937646497));
#3456 = CARTESIAN_POINT('',(6.152301728413,1.99962206809));
#3457 = CARTESIAN_POINT('',(6.165167920711,1.960028848335));
#3458 = CARTESIAN_POINT('',(6.177870936425,1.92051533526));
#3459 = CARTESIAN_POINT('',(6.198683988751,1.854894099933));
#3460 = CARTESIAN_POINT('',(6.206890160223,1.828786169881));
#3461 = CARTESIAN_POINT('',(6.215019096139,1.802657277641));
#3462 = CARTESIAN_POINT('',(6.223068664425,1.776486638491));
#3463 = CARTESIAN_POINT('',(6.23103696465,1.750254054394));
#3464 = CARTESIAN_POINT('',(6.242671316949,1.711427925387));
#3465 = CARTESIAN_POINT('',(6.246401573273,1.69889812463));
#3466 = CARTESIAN_POINT('',(6.250112881851,1.686347569403));
#3467 = CARTESIAN_POINT('',(6.253805059502,1.673774093496));
#3468 = CARTESIAN_POINT('',(6.257477926864,1.661175527819));
#3469 = CARTESIAN_POINT('',(6.264858299422,1.635669483793));
#3470 = CARTESIAN_POINT('',(6.268565010432,1.622760900645));
#3471 = CARTESIAN_POINT('',(6.272251252271,1.609821624189));
#3472 = CARTESIAN_POINT('',(6.275916842226,1.596849340103));
#3473 = CARTESIAN_POINT('',(6.279561593918,1.583841707387));
#3474 = CARTESIAN_POINT('',(6.28318530718,1.570796319261));
#3475 = ( GEOMETRIC_REPRESENTATION_CONTEXT(2) 
PARAMETRIC_REPRESENTATION_CONTEXT() REPRESENTATION_CONTEXT('2D SPACE',''
  ) );
#3476 = ORIENTED_EDGE('',*,*,#3477,.T.);
#3477 = EDGE_CURVE('',#3158,#3478,#3480,.T.);
#3478 = VERTEX_POINT('',#3479);
#3479 = CARTESIAN_POINT('',(-5.25,458.5,52.5));
#3480 = SURFACE_CURVE('',#3481,(#3529,#3580),.PCURVE_S1.);
#3481 = B_SPLINE_CURVE_WITH_KNOTS('',6,(#3482,#3483,#3484,#3485,#3486,
    #3487,#3488,#3489,#3490,#3491,#3492,#3493,#3494,#3495,#3496,#3497,
    #3498,#3499,#3500,#3501,#3502,#3503,#3504,#3505,#3506,#3507,#3508,
    #3509,#3510,#3511,#3512,#3513,#3514,#3515,#3516,#3517,#3518,#3519,
    #3520,#3521,#3522,#3523,#3524,#3525,#3526,#3527,#3528),
  .UNSPECIFIED.,.F.,.F.,(7,5,5,5,5,5,5,5,5,7),(0.,0.230876537839,
    0.357785194781,0.450173634474,0.583252887275,0.709837618772,
    0.801121109478,0.896661642723,0.95038429091,1.),.UNSPECIFIED.);
#3482 = CARTESIAN_POINT('',(15.749999901534,441.,35.));
#3483 = CARTESIAN_POINT('',(14.826044971869,440.99999997808,
    35.923955288982));
#3484 = CARTESIAN_POINT('',(13.896697814101,441.05853902007,
    36.837041008548));
#3485 = CARTESIAN_POINT('',(12.963361758263,441.17303458251,
    37.737500178228));
#3486 = CARTESIAN_POINT('',(12.027402943172,441.34167973357,
    38.623769844632));
#3487 = CARTESIAN_POINT('',(11.090147901983,441.56323496905,
    39.494488863202));
#3488 = CARTESIAN_POINT('',(9.637694949471,441.98803210213,
    40.81790149515));
#3489 = CARTESIAN_POINT('',(9.122517778992,442.15458677934,
    41.282253036388));
#3490 = CARTESIAN_POINT('',(8.607583834425,442.33695704096,
    41.741327922465));
#3491 = CARTESIAN_POINT('',(8.093141007337,442.53514918284,
    42.194915583375));
#3492 = CARTESIAN_POINT('',(7.579462676054,442.74925595157,
    42.642799943374));
#3493 = CARTESIAN_POINT('',(6.693674868941,443.14707395526,
    43.406501606648));
#3494 = CARTESIAN_POINT('',(6.321066611246,443.32321042505,
    43.725101512972));
#3495 = CARTESIAN_POINT('',(5.949144010211,443.50796282242,
    44.04047284948));
#3496 = CARTESIAN_POINT('',(5.578039310911,443.70143552285,
    44.352522216044));
#3497 = CARTESIAN_POINT('',(5.207901898922,443.90376845999,
    44.661148336639));
#3498 = CARTESIAN_POINT('',(4.307379055765,444.41962070673,
    45.405707777107));
#3499 = CARTESIAN_POINT('',(3.778235722541,444.74284996606,
    45.837826463281));
#3500 = CARTESIAN_POINT('',(3.251946144666,445.08539802612,
    46.262294611831));
#3501 = CARTESIAN_POINT('',(2.729139734805,445.44800444338,
    46.678713856523));
#3502 = CARTESIAN_POINT('',(2.210612314241,445.83161431309,
    47.086597003849));
#3503 = CARTESIAN_POINT('',(1.20922181974,446.62378269152,
    47.864620101219));
#3504 = CARTESIAN_POINT('',(0.725922339128,447.03015670922,
    48.235576889399));
#3505 = CARTESIAN_POINT('',(0.248310842217,447.45795171459,
    48.597744873832));
#3506 = CARTESIAN_POINT('',(-0.222397939816,447.90864062607,
    48.95039872871));
#3507 = CARTESIAN_POINT('',(-0.684570010562,448.38397318619,
    49.292575054934));
#3508 = CARTESIAN_POINT('',(-1.461419499334,449.24890946427,
    49.861205065835));
#3509 = CARTESIAN_POINT('',(-1.781223429327,449.62538531224,
    50.093273783823));
#3510 = CARTESIAN_POINT('',(-2.094523248555,450.01692696535,
    50.318695898525));
#3511 = CARTESIAN_POINT('',(-2.400155724985,450.42458279507,
    50.536782147918));
#3512 = CARTESIAN_POINT('',(-2.696599309979,450.84948173721,
    50.746633849546));
#3513 = CARTESIAN_POINT('',(-3.280439818663,451.7572456102,
    51.156880339161));
#3514 = CARTESIAN_POINT('',(-3.56662455374,452.24166235813,
    51.356275269515));
#3515 = CARTESIAN_POINT('',(-3.838307038295,452.74806889087,
    51.544046911941));
#3516 = CARTESIAN_POINT('',(-4.0922645605,453.27780858618,
    51.718253530291));
#3517 = CARTESIAN_POINT('',(-4.324190473985,453.83170346107,
    51.87632422976));
#3518 = CARTESIAN_POINT('',(-4.644277224853,454.73461401067,
    52.093378246554));
#3519 = CARTESIAN_POINT('',(-4.750901404146,455.06710405269,
    52.165428366371));
#3520 = CARTESIAN_POINT('',(-4.848022930526,455.40697020612,
    52.230852419591));
#3521 = CARTESIAN_POINT('',(-4.934632812468,455.7538377488,
    52.289041640067));
#3522 = CARTESIAN_POINT('',(-5.009709640784,456.10704906802,
    52.339379357362));
#3523 = CARTESIAN_POINT('',(-5.13027603696,456.79666302619,
    52.420096858941));
#3524 = CARTESIAN_POINT('',(-5.177595675329,457.13232671984,
    52.451712752225));
#3525 = CARTESIAN_POINT('',(-5.213646201302,457.47163634636,
    52.475764393762));
#3526 = CARTESIAN_POINT('',(-5.237883764371,457.81353067363,
    52.491922378272));
#3527 = CARTESIAN_POINT('',(-5.25,458.15678590071,52.5));
#3528 = CARTESIAN_POINT('',(-5.25,458.5,52.5));
#3529 = PCURVE('',#2248,#3530);
#3530 = DEFINITIONAL_REPRESENTATION('',(#3531),#3579);
#3531 = B_SPLINE_CURVE_WITH_KNOTS('',6,(#3532,#3533,#3534,#3535,#3536,
    #3537,#3538,#3539,#3540,#3541,#3542,#3543,#3544,#3545,#3546,#3547,
    #3548,#3549,#3550,#3551,#3552,#3553,#3554,#3555,#3556,#3557,#3558,
    #3559,#3560,#3561,#3562,#3563,#3564,#3565,#3566,#3567,#3568,#3569,
    #3570,#3571,#3572,#3573,#3574,#3575,#3576,#3577,#3578),
  .UNSPECIFIED.,.F.,.F.,(7,5,5,5,5,5,5,5,5,7),(0.,0.230876537839,
    0.357785194781,0.450173634474,0.583252887275,0.709837618772,
    0.801121109478,0.896661642723,0.95038429091,1.),.UNSPECIFIED.);
#3532 = CARTESIAN_POINT('',(1.570796326795,125.99999990153));
#3533 = CARTESIAN_POINT('',(1.517998898197,125.07604497186));
#3534 = CARTESIAN_POINT('',(1.465822477892,124.1466978141));
#3535 = CARTESIAN_POINT('',(1.41410302415,123.21336175826));
#3536 = CARTESIAN_POINT('',(1.362694841599,122.27740294317));
#3537 = CARTESIAN_POINT('',(1.311450840026,121.34014790198));
#3538 = CARTESIAN_POINT('',(1.232026922409,119.88769494947));
#3539 = CARTESIAN_POINT('',(1.20385341545,119.37251777899));
#3540 = CARTESIAN_POINT('',(1.175650511595,118.85758383442));
#3541 = CARTESIAN_POINT('',(1.147389369741,118.34314100733));
#3542 = CARTESIAN_POINT('',(1.119038662155,117.82946267605));
#3543 = CARTESIAN_POINT('',(1.069832742665,116.94367486894));
#3544 = CARTESIAN_POINT('',(1.049036473479,116.57106661124));
#3545 = CARTESIAN_POINT('',(1.028160324435,116.19914401021));
#3546 = CARTESIAN_POINT('',(1.007189754928,115.82803931091));
#3547 = CARTESIAN_POINT('',(0.986108802852,115.45790189892));
#3548 = CARTESIAN_POINT('',(0.934348845092,114.55737905576));
#3549 = CARTESIAN_POINT('',(0.903533015661,114.02823572254));
#3550 = CARTESIAN_POINT('',(0.872396573813,113.50194614466));
#3551 = CARTESIAN_POINT('',(0.840878195502,112.9791397348));
#3552 = CARTESIAN_POINT('',(0.808907173704,112.46061231424));
#3553 = CARTESIAN_POINT('',(0.745459282699,111.45922181974));
#3554 = CARTESIAN_POINT('',(0.714038735506,110.97592233912));
#3555 = CARTESIAN_POINT('',(0.682043658616,110.49831084221));
#3556 = CARTESIAN_POINT('',(0.649380857718,110.02760206018));
#3557 = CARTESIAN_POINT('',(0.61594320604,109.56542998943));
#3558 = CARTESIAN_POINT('',(0.55679400405,108.78858050066));
#3559 = CARTESIAN_POINT('',(0.531533002815,108.46877657067));
#3560 = CARTESIAN_POINT('',(0.505733914123,108.15547675144));
#3561 = CARTESIAN_POINT('',(0.479335493346,107.84984427501));
#3562 = CARTESIAN_POINT('',(0.452271666103,107.55340069002));
#3563 = CARTESIAN_POINT('',(0.3953481605,106.96956018133));
#3564 = CARTESIAN_POINT('',(0.365431210246,106.68337544626));
#3565 = CARTESIAN_POINT('',(0.334598277085,106.4116929617));
#3566 = CARTESIAN_POINT('',(0.302768604002,106.1577354395));
#3567 = CARTESIAN_POINT('',(0.269882963877,105.92580952601));
#3568 = CARTESIAN_POINT('',(0.216818200772,105.60572277514));
#3569 = CARTESIAN_POINT('',(0.197382727451,105.49909859585));
#3570 = CARTESIAN_POINT('',(0.177613385658,105.40197706947));
#3571 = CARTESIAN_POINT('',(0.157524419738,105.31536718753));
#3572 = CARTESIAN_POINT('',(0.137143373744,105.24029035921));
#3573 = CARTESIAN_POINT('',(9.746784378013E-02,105.11972396304));
#3574 = CARTESIAN_POINT('',(7.820707279987E-02,105.07240432467));
#3575 = CARTESIAN_POINT('',(5.877724387656E-02,105.03635379869));
#3576 = CARTESIAN_POINT('',(3.922680333777E-02,105.01211623562));
#3577 = CARTESIAN_POINT('',(1.961223424486E-02,105.));
#3578 = CARTESIAN_POINT('',(0.,105.));
#3579 = ( GEOMETRIC_REPRESENTATION_CONTEXT(2) 
PARAMETRIC_REPRESENTATION_CONTEXT() REPRESENTATION_CONTEXT('2D SPACE',''
  ) );
#3580 = PCURVE('',#2580,#3581);
#3581 = DEFINITIONAL_REPRESENTATION('',(#3582),#3630);
#3582 = B_SPLINE_CURVE_WITH_KNOTS('',6,(#3583,#3584,#3585,#3586,#3587,
    #3588,#3589,#3590,#3591,#3592,#3593,#3594,#3595,#3596,#3597,#3598,
    #3599,#3600,#3601,#3602,#3603,#3604,#3605,#3606,#3607,#3608,#3609,
    #3610,#3611,#3612,#3613,#3614,#3615,#3616,#3617,#3618,#3619,#3620,
    #3621,#3622,#3623,#3624,#3625,#3626,#3627,#3628,#3629),
  .UNSPECIFIED.,.F.,.F.,(7,5,5,5,5,5,5,5,5,7),(0.,0.230876537839,
    0.357785194781,0.450173634474,0.583252887275,0.709837618772,
    0.801121109478,0.896661642723,0.95038429091,1.),.UNSPECIFIED.);
#3583 = CARTESIAN_POINT('',(0.,1.570796332422));
#3584 = CARTESIAN_POINT('',(1.466595707565E-02,1.623593740233));
#3585 = CARTESIAN_POINT('',(2.967559723263E-02,1.675770197055));
#3586 = CARTESIAN_POINT('',(4.50180089443E-02,1.727489613349));
#3587 = CARTESIAN_POINT('',(6.068056972789E-02,1.778897817373));
#3588 = CARTESIAN_POINT('',(7.664883581991E-02,1.830141813564));
#3589 = CARTESIAN_POINT('',(0.10184249802,1.909565731181));
#3590 = CARTESIAN_POINT('',(0.110865869633,1.93773923814));
#3591 = CARTESIAN_POINT('',(0.119973283907,1.965942141995));
#3592 = CARTESIAN_POINT('',(0.129161124061,1.994203283849));
#3593 = CARTESIAN_POINT('',(0.138424995042,2.022553991435));
#3594 = CARTESIAN_POINT('',(0.15455508556,2.071759910924));
#3595 = CARTESIAN_POINT('',(0.161388014645,2.09255618011));
#3596 = CARTESIAN_POINT('',(0.168256308995,2.113432329155));
#3597 = CARTESIAN_POINT('',(0.175157526326,2.134402898662));
#3598 = CARTESIAN_POINT('',(0.182088772793,2.155483850738));
#3599 = CARTESIAN_POINT('',(0.199068954307,2.207243808497));
#3600 = CARTESIAN_POINT('',(0.209146095779,2.238059637929));
#3601 = CARTESIAN_POINT('',(0.219268368919,2.269196079777));
#3602 = CARTESIAN_POINT('',(0.229422526477,2.300714458087));
#3603 = CARTESIAN_POINT('',(0.239591179305,2.332685479886));
#3604 = CARTESIAN_POINT('',(0.25941493857,2.39613337089));
#3605 = CARTESIAN_POINT('',(0.269069519544,2.427553918084));
#3606 = CARTESIAN_POINT('',(0.278695975608,2.459548994974));
#3607 = CARTESIAN_POINT('',(0.288266633819,2.492211795872));
#3608 = CARTESIAN_POINT('',(0.297743712926,2.52564944755));
#3609 = CARTESIAN_POINT('',(0.313801939136,2.58479864954));
#3610 = CARTESIAN_POINT('',(0.320452355842,2.610059650775));
#3611 = CARTESIAN_POINT('',(0.327005650393,2.635858739467));
#3612 = CARTESIAN_POINT('',(0.333434712279,2.662257160244));
#3613 = CARTESIAN_POINT('',(0.339703936168,2.689320987487));
#3614 = CARTESIAN_POINT('',(0.352112104394,2.746244493089));
#3615 = CARTESIAN_POINT('',(0.358228247685,2.776161443343));
#3616 = CARTESIAN_POINT('',(0.364064942181,2.806994376505));
#3617 = CARTESIAN_POINT('',(0.369547304632,2.838824049588));
#3618 = CARTESIAN_POINT('',(0.374574694464,2.871709689713));
#3619 = CARTESIAN_POINT('',(0.381535410688,2.924774452818));
#3620 = CARTESIAN_POINT('',(0.383859203914,2.944209926138));
#3621 = CARTESIAN_POINT('',(0.385980035992,2.963979267932));
#3622 = CARTESIAN_POINT('',(0.387874442128,2.984068233852));
#3623 = CARTESIAN_POINT('',(0.389518673615,3.004449279846));
#3624 = CARTESIAN_POINT('',(0.392161592141,3.04412480981));
#3625 = CARTESIAN_POINT('',(0.393200174939,3.06338558079));
#3626 = CARTESIAN_POINT('',(0.393992129811,3.082815409713));
#3627 = CARTESIAN_POINT('',(0.394524831488,3.102365850252));
#3628 = CARTESIAN_POINT('',(0.3947911197,3.121980419345));
#3629 = CARTESIAN_POINT('',(0.3947911197,3.14159265359));
#3630 = ( GEOMETRIC_REPRESENTATION_CONTEXT(2) 
PARAMETRIC_REPRESENTATION_CONTEXT() REPRESENTATION_CONTEXT('2D SPACE',''
  ) );
#3631 = ORIENTED_EDGE('',*,*,#3632,.F.);
#3632 = EDGE_CURVE('',#2168,#3478,#3633,.T.);
#3633 = SEAM_CURVE('',#3634,(#3638,#3645),.PCURVE_S1.);
#3634 = LINE('',#3635,#3636);
#3635 = CARTESIAN_POINT('',(-110.25,458.5,52.5));
#3636 = VECTOR('',#3637,1.);
#3637 = DIRECTION('',(1.,0.,0.));
#3638 = PCURVE('',#2248,#3639);
#3639 = DEFINITIONAL_REPRESENTATION('',(#3640),#3644);
#3640 = LINE('',#3641,#3642);
#3641 = CARTESIAN_POINT('',(6.28318530718,-0.));
#3642 = VECTOR('',#3643,1.);
#3643 = DIRECTION('',(0.,1.));
#3644 = ( GEOMETRIC_REPRESENTATION_CONTEXT(2) 
PARAMETRIC_REPRESENTATION_CONTEXT() REPRESENTATION_CONTEXT('2D SPACE',''
  ) );
#3645 = PCURVE('',#2248,#3646);
#3646 = DEFINITIONAL_REPRESENTATION('',(#3647),#3651);
#3647 = LINE('',#3648,#3649);
#3648 = CARTESIAN_POINT('',(0.,-0.));
#3649 = VECTOR('',#3650,1.);
#3650 = DIRECTION('',(0.,1.));
#3651 = ( GEOMETRIC_REPRESENTATION_CONTEXT(2) 
PARAMETRIC_REPRESENTATION_CONTEXT() REPRESENTATION_CONTEXT('2D SPACE',''
  ) );
#3652 = ORIENTED_EDGE('',*,*,#3653,.T.);
#3653 = EDGE_CURVE('',#2168,#2267,#3654,.T.);
#3654 = SURFACE_CURVE('',#3655,(#3660,#3680),.PCURVE_S1.);
#3655 = ELLIPSE('',#3656,24.748737341529,17.5);
#3656 = AXIS2_PLACEMENT_3D('',#3657,#3658,#3659);
#3657 = CARTESIAN_POINT('',(-47.25,458.5,35.));
#3658 = DIRECTION('',(0.707106781187,0.707106781187,-0.));
#3659 = DIRECTION('',(-0.707106781187,0.707106781187,0.));
#3660 = PCURVE('',#2248,#3661);
#3661 = DEFINITIONAL_REPRESENTATION('',(#3662),#3679);
#3662 = B_SPLINE_CURVE_WITH_KNOTS('',8,(#3663,#3664,#3665,#3666,#3667,
    #3668,#3669,#3670,#3671,#3672,#3673,#3674,#3675,#3676,#3677,#3678),
  .UNSPECIFIED.,.F.,.F.,(9,7,9),(1.570796326795,3.14159265359,
    4.712388980385),.UNSPECIFIED.);
#3663 = CARTESIAN_POINT('',(0.,63.));
#3664 = CARTESIAN_POINT('',(0.196349540849,66.436116964864));
#3665 = CARTESIAN_POINT('',(0.392699081697,69.872234745446));
#3666 = CARTESIAN_POINT('',(0.58904862255,73.106482071191));
#3667 = CARTESIAN_POINT('',(0.78539816339,75.937028134242));
#3668 = CARTESIAN_POINT('',(0.98174770425,78.18681581103));
#3669 = CARTESIAN_POINT('',(1.178097245095,79.728936420128));
#3670 = CARTESIAN_POINT('',(1.374446785946,80.5));
#3671 = CARTESIAN_POINT('',(1.767145867644,80.5));
#3672 = CARTESIAN_POINT('',(1.963495408492,79.728936420201));
#3673 = CARTESIAN_POINT('',(2.159844949339,78.186815811088));
#3674 = CARTESIAN_POINT('',(2.356194490179,75.937028134824));
#3675 = CARTESIAN_POINT('',(2.552544031036,73.106482071191));
#3676 = CARTESIAN_POINT('',(2.748893571891,69.872234745533));
#3677 = CARTESIAN_POINT('',(2.94524311274,66.436116964864));
#3678 = CARTESIAN_POINT('',(3.14159265359,63.));
#3679 = ( GEOMETRIC_REPRESENTATION_CONTEXT(2) 
PARAMETRIC_REPRESENTATION_CONTEXT() REPRESENTATION_CONTEXT('2D SPACE',''
  ) );
#3680 = PCURVE('',#2408,#3681);
#3681 = DEFINITIONAL_REPRESENTATION('',(#3682),#3699);
#3682 = B_SPLINE_CURVE_WITH_KNOTS('',8,(#3683,#3684,#3685,#3686,#3687,
    #3688,#3689,#3690,#3691,#3692,#3693,#3694,#3695,#3696,#3697,#3698),
  .UNSPECIFIED.,.F.,.F.,(9,7,9),(1.570796326795,3.14159265359,
    4.712388980385),.UNSPECIFIED.);
#3683 = CARTESIAN_POINT('',(0.,63.));
#3684 = CARTESIAN_POINT('',(0.196349540849,59.563883035136));
#3685 = CARTESIAN_POINT('',(0.392699081697,56.127765254438));
#3686 = CARTESIAN_POINT('',(0.58904862255,52.893517928926));
#3687 = CARTESIAN_POINT('',(0.78539816339,50.062971864711));
#3688 = CARTESIAN_POINT('',(0.98174770425,47.813184189174));
#3689 = CARTESIAN_POINT('',(1.178097245095,46.271063579778));
#3690 = CARTESIAN_POINT('',(1.374446785946,45.5));
#3691 = CARTESIAN_POINT('',(1.767145867644,45.5));
#3692 = CARTESIAN_POINT('',(1.963495408492,46.271063579748));
#3693 = CARTESIAN_POINT('',(2.159844949339,47.813184189115));
#3694 = CARTESIAN_POINT('',(2.356194490179,50.062971864769));
#3695 = CARTESIAN_POINT('',(2.552544031036,52.893517928926));
#3696 = CARTESIAN_POINT('',(2.748893571891,56.127765254379));
#3697 = CARTESIAN_POINT('',(2.94524311274,59.563883035136));
#3698 = CARTESIAN_POINT('',(3.14159265359,63.));
#3699 = ( GEOMETRIC_REPRESENTATION_CONTEXT(2) 
PARAMETRIC_REPRESENTATION_CONTEXT() REPRESENTATION_CONTEXT('2D SPACE',''
  ) );
#3700 = ORIENTED_EDGE('',*,*,#2266,.F.);
#3701 = ORIENTED_EDGE('',*,*,#2225,.F.);
#3702 = ORIENTED_EDGE('',*,*,#3632,.T.);
#3703 = ORIENTED_EDGE('',*,*,#3704,.T.);
#3704 = EDGE_CURVE('',#3478,#3156,#3705,.T.);
#3705 = SURFACE_CURVE('',#3706,(#3754,#3805),.PCURVE_S1.);
#3706 = B_SPLINE_CURVE_WITH_KNOTS('',6,(#3707,#3708,#3709,#3710,#3711,
    #3712,#3713,#3714,#3715,#3716,#3717,#3718,#3719,#3720,#3721,#3722,
    #3723,#3724,#3725,#3726,#3727,#3728,#3729,#3730,#3731,#3732,#3733,
    #3734,#3735,#3736,#3737,#3738,#3739,#3740,#3741,#3742,#3743,#3744,
    #3745,#3746,#3747,#3748,#3749,#3750,#3751,#3752,#3753),
  .UNSPECIFIED.,.F.,.F.,(7,5,5,5,5,5,5,5,5,7),(0.,8.177679002564E-02,
    0.138359609573,0.22884438913,0.319624316398,0.423252157623,
    0.50687144183,0.635273820304,0.771557158782,1.),.UNSPECIFIED.);
#3707 = CARTESIAN_POINT('',(-5.25,458.5,52.5));
#3708 = CARTESIAN_POINT('',(-5.25,459.06578366705,52.5));
#3709 = CARTESIAN_POINT('',(-5.217074644688,459.63181038108,
    52.478049381143));
#3710 = CARTESIAN_POINT('',(-5.151168165683,460.1914113876,
    52.434113652289));
#3711 = CARTESIAN_POINT('',(-5.054709583519,460.73978471338,
    52.369673449167));
#3712 = CARTESIAN_POINT('',(-4.931196302945,461.27356072577,
    52.286828693232));
#3713 = CARTESIAN_POINT('',(-4.682756749615,462.14828179919,
    52.119366069296));
#3714 = CARTESIAN_POINT('',(-4.569937588527,462.49815261896,
    52.043122811166));
#3715 = CARTESIAN_POINT('',(-4.447038409837,462.83970535451,
    51.959806990279));
#3716 = CARTESIAN_POINT('',(-4.315180100083,463.17276956903,
    51.87009247052));
#3717 = CARTESIAN_POINT('',(-4.175357748128,463.4973780766,
    51.774577700242));
#3718 = CARTESIAN_POINT('',(-3.793402383502,464.31963337022,
    51.512534519305));
#3719 = CARTESIAN_POINT('',(-3.540243443995,464.80425480408,
    51.337801163265));
#3720 = CARTESIAN_POINT('',(-3.272274810996,465.26861839349,
    51.151550526128));
#3721 = CARTESIAN_POINT('',(-2.992163913298,465.71383245527,
    50.955369671353));
#3722 = CARTESIAN_POINT('',(-2.701925606271,466.14113105483,
    50.750464043605));
#3723 = CARTESIAN_POINT('',(-2.102948023941,466.96392747394,
    50.324076855042));
#3724 = CARTESIAN_POINT('',(-1.79424485557,467.35918921164,
    50.102609912362));
#3725 = CARTESIAN_POINT('',(-1.478291090112,467.73889959817,
    49.874080570796));
#3726 = CARTESIAN_POINT('',(-1.156223577697,468.10404858273,
    49.639158286625));
#3727 = CARTESIAN_POINT('',(-0.828922945252,468.45552406938,
    49.398363169146));
#3728 = CARTESIAN_POINT('',(-0.118160644336,469.18066585676,
    48.870898884502));
#3729 = CARTESIAN_POINT('',(0.266645942204,469.55038476753,
    48.58259570213));
#3730 = CARTESIAN_POINT('',(0.656399161734,469.90445996657,
    48.287726770981));
#3731 = CARTESIAN_POINT('',(1.050330389509,470.24376957294,
    47.986745199317));
#3732 = CARTESIAN_POINT('',(1.447835037422,470.56905486678,
    47.680010817899));
#3733 = CARTESIAN_POINT('',(2.171731993518,471.13261756991,
    47.115848504137));
#3734 = CARTESIAN_POINT('',(2.497023337883,471.37555864062,
    46.860345166024));
#3735 = CARTESIAN_POINT('',(2.824084142802,471.61009240863,
    46.601425650208));
#3736 = CARTESIAN_POINT('',(3.152701543359,471.83648266969,
    46.33921892131));
#3737 = CARTESIAN_POINT('',(3.482695030524,472.05494863104,
    46.073836186144));
#3738 = CARTESIAN_POINT('',(4.322514695535,472.58926891238,
    45.393130197909));
#3739 = CARTESIAN_POINT('',(4.833990438493,472.89461143975,
    44.97363234415));
#3740 = CARTESIAN_POINT('',(5.347788136734,473.18239008385,
    44.547220933691));
#3741 = CARTESIAN_POINT('',(5.863453219733,473.45306882836,
    44.114194551163));
#3742 = CARTESIAN_POINT('',(6.380604798403,473.70698459005,
    43.674816584656));
#3743 = CARTESIAN_POINT('',(7.449067869219,474.19631516886,
    42.756465287602));
#3744 = CARTESIAN_POINT('',(8.000514756038,474.42963207096,
    42.276728125426));
#3745 = CARTESIAN_POINT('',(8.552888015833,474.64458640763,
    41.790378522409));
#3746 = CARTESIAN_POINT('',(9.105846751212,474.84129594172,
    41.297684520739));
#3747 = CARTESIAN_POINT('',(9.659082963883,475.01977459656,
    40.798907513196));
#3748 = CARTESIAN_POINT('',(11.139673186057,475.44841350733,
    39.448460717777));
#3749 = CARTESIAN_POINT('',(12.066967072442,475.66541302794,
    38.586294945888));
#3750 = CARTESIAN_POINT('',(12.992950837715,475.83057654936,
    37.708947761476));
#3751 = CARTESIAN_POINT('',(13.916339986205,475.94269183262,
    36.817740872547));
#3752 = CARTESIAN_POINT('',(14.835810078804,476.00000001932,
    35.914190086361));
#3753 = CARTESIAN_POINT('',(15.749999936246,476.,35.));
#3754 = PCURVE('',#2248,#3755);
#3755 = DEFINITIONAL_REPRESENTATION('',(#3756),#3804);
#3756 = B_SPLINE_CURVE_WITH_KNOTS('',6,(#3757,#3758,#3759,#3760,#3761,
    #3762,#3763,#3764,#3765,#3766,#3767,#3768,#3769,#3770,#3771,#3772,
    #3773,#3774,#3775,#3776,#3777,#3778,#3779,#3780,#3781,#3782,#3783,
    #3784,#3785,#3786,#3787,#3788,#3789,#3790,#3791,#3792,#3793,#3794,
    #3795,#3796,#3797,#3798,#3799,#3800,#3801,#3802,#3803),
  .UNSPECIFIED.,.F.,.F.,(7,5,5,5,5,5,5,5,5,7),(0.,8.177679002564E-02,
    0.138359609573,0.22884438913,0.319624316398,0.423252157623,
    0.50687144183,0.635273820304,0.771557158782,1.),.UNSPECIFIED.);
#3757 = CARTESIAN_POINT('',(6.28318530718,105.));
#3758 = CARTESIAN_POINT('',(6.250854811919,105.));
#3759 = CARTESIAN_POINT('',(6.218510444744,105.03292535531));
#3760 = CARTESIAN_POINT('',(6.186472334942,105.09883183431));
#3761 = CARTESIAN_POINT('',(6.154954181142,105.19529041648));
#3762 = CARTESIAN_POINT('',(6.124106631403,105.31880369705));
#3763 = CARTESIAN_POINT('',(6.073214807379,105.56724325038));
#3764 = CARTESIAN_POINT('',(6.052759590838,105.68006241147));
#3765 = CARTESIAN_POINT('',(6.032678987454,105.80296159016));
#3766 = CARTESIAN_POINT('',(6.012976395673,105.93481989991));
#3767 = CARTESIAN_POINT('',(5.993645837079,106.07464225187));
#3768 = CARTESIAN_POINT('',(5.944331505128,106.45659761649));
#3769 = CARTESIAN_POINT('',(5.91491453032,106.709756556));
#3770 = CARTESIAN_POINT('',(5.886350401834,106.977725189));
#3771 = CARTESIAN_POINT('',(5.85857125613,107.2578360867));
#3772 = CARTESIAN_POINT('',(5.831504889582,107.54807439372));
#3773 = CARTESIAN_POINT('',(5.778549768595,108.14705197605));
#3774 = CARTESIAN_POINT('',(5.752673368066,108.45575514443));
#3775 = CARTESIAN_POINT('',(5.727366732891,108.77170890988));
#3776 = CARTESIAN_POINT('',(5.702571710207,109.0937764223));
#3777 = CARTESIAN_POINT('',(5.678235772605,109.42107705474));
#3778 = CARTESIAN_POINT('',(5.626996464244,110.13183935566));
#3779 = CARTESIAN_POINT('',(5.600220571978,110.5166459422));
#3780 = CARTESIAN_POINT('',(5.573910239075,110.90639916173));
#3781 = CARTESIAN_POINT('',(5.548010549318,111.3003303895));
#3782 = CARTESIAN_POINT('',(5.522473495667,111.69783503742));
#3783 = CARTESIAN_POINT('',(5.476906517411,112.42173199351));
#3784 = CARTESIAN_POINT('',(5.456766050294,112.74702333788));
#3785 = CARTESIAN_POINT('',(5.436811852256,113.0740841428));
#3786 = CARTESIAN_POINT('',(5.417024822133,113.40270154335));
#3787 = CARTESIAN_POINT('',(5.397387995621,113.73269503052));
#3788 = CARTESIAN_POINT('',(5.347938493679,114.57251469553));
#3789 = CARTESIAN_POINT('',(5.318309061942,115.08399043849));
#3790 = CARTESIAN_POINT('',(5.288940248415,115.59778813673));
#3791 = CARTESIAN_POINT('',(5.259785818496,116.11345321973));
#3792 = CARTESIAN_POINT('',(5.230804702236,116.6306047984));
#3793 = CARTESIAN_POINT('',(5.171342801687,117.69906786921));
#3794 = CARTESIAN_POINT('',(5.140879865761,118.25051475603));
#3795 = CARTESIAN_POINT('',(5.110525238762,118.80288801583));
#3796 = CARTESIAN_POINT('',(5.080240160189,119.35584675121));
#3797 = CARTESIAN_POINT('',(5.049988762599,119.90908296388));
#3798 = CARTESIAN_POINT('',(4.969026430958,121.38967318605));
#3799 = CARTESIAN_POINT('',(4.918317069076,122.31696707244));
#3800 = CARTESIAN_POINT('',(4.867442419557,123.24295083771));
#3801 = CARTESIAN_POINT('',(4.816259958706,124.1663399862));
#3802 = CARTESIAN_POINT('',(4.764628398626,125.0858100788));
#3803 = CARTESIAN_POINT('',(4.712388980385,125.99999993624));
#3804 = ( GEOMETRIC_REPRESENTATION_CONTEXT(2) 
PARAMETRIC_REPRESENTATION_CONTEXT() REPRESENTATION_CONTEXT('2D SPACE',''
  ) );
#3805 = PCURVE('',#2580,#3806);
#3806 = DEFINITIONAL_REPRESENTATION('',(#3807),#3855);
#3807 = B_SPLINE_CURVE_WITH_KNOTS('',6,(#3808,#3809,#3810,#3811,#3812,
    #3813,#3814,#3815,#3816,#3817,#3818,#3819,#3820,#3821,#3822,#3823,
    #3824,#3825,#3826,#3827,#3828,#3829,#3830,#3831,#3832,#3833,#3834,
    #3835,#3836,#3837,#3838,#3839,#3840,#3841,#3842,#3843,#3844,#3845,
    #3846,#3847,#3848,#3849,#3850,#3851,#3852,#3853,#3854),
  .UNSPECIFIED.,.F.,.F.,(7,5,5,5,5,5,5,5,5,7),(0.,8.177679002564E-02,
    0.138359609573,0.22884438913,0.319624316398,0.423252157623,
    0.50687144183,0.635273820304,0.771557158782,1.),.UNSPECIFIED.);
#3808 = CARTESIAN_POINT('',(0.3947911197,3.14159265359));
#3809 = CARTESIAN_POINT('',(0.3947911197,3.17392314885));
#3810 = CARTESIAN_POINT('',(0.394067493338,3.206267516026));
#3811 = CARTESIAN_POINT('',(0.392618959913,3.238305625827));
#3812 = CARTESIAN_POINT('',(0.390501720281,3.269823779628));
#3813 = CARTESIAN_POINT('',(0.387797336386,3.300671329367));
#3814 = CARTESIAN_POINT('',(0.382374330543,3.351563153391));
#3815 = CARTESIAN_POINT('',(0.379915661708,3.372018369932));
#3816 = CARTESIAN_POINT('',(0.377242585922,3.392098973316));
#3817 = CARTESIAN_POINT('',(0.374381215218,3.411801565097));
#3818 = CARTESIAN_POINT('',(0.371354720379,3.431132123691));
#3819 = CARTESIAN_POINT('',(0.363109817325,3.480446455641));
#3820 = CARTESIAN_POINT('',(0.357666302884,3.50986343045));
#3821 = CARTESIAN_POINT('',(0.351930386602,3.538427558936));
#3822 = CARTESIAN_POINT('',(0.34596445092,3.56620670464));
#3823 = CARTESIAN_POINT('',(0.339815425293,3.593273071187));
#3824 = CARTESIAN_POINT('',(0.327195376491,3.646228192174));
#3825 = CARTESIAN_POINT('',(0.320725334677,3.672104592703));
#3826 = CARTESIAN_POINT('',(0.314140255364,3.697411227878));
#3827 = CARTESIAN_POINT('',(0.307466715861,3.722206250563));
#3828 = CARTESIAN_POINT('',(0.300725206942,3.746542188165));
#3829 = CARTESIAN_POINT('',(0.286174699655,3.797781496525));
#3830 = CARTESIAN_POINT('',(0.278350628892,3.824557388792));
#3831 = CARTESIAN_POINT('',(0.27048173822,3.850867721695));
#3832 = CARTESIAN_POINT('',(0.262585730993,3.876767411452));
#3833 = CARTESIAN_POINT('',(0.254676355428,3.902304465102));
#3834 = CARTESIAN_POINT('',(0.240379193206,3.947871443358));
#3835 = CARTESIAN_POINT('',(0.23399272399,3.968011910476));
#3836 = CARTESIAN_POINT('',(0.227610130559,3.987966108513));
#3837 = CARTESIAN_POINT('',(0.221236114464,4.007753138636));
#3838 = CARTESIAN_POINT('',(0.214874581597,4.027389965148));
#3839 = CARTESIAN_POINT('',(0.198784426289,4.076839467091));
#3840 = CARTESIAN_POINT('',(0.189077387043,4.106468898827));
#3841 = CARTESIAN_POINT('',(0.179419363732,4.135837712354));
#3842 = CARTESIAN_POINT('',(0.169819493707,4.164992142273));
#3843 = CARTESIAN_POINT('',(0.160284998964,4.193973258534));
#3844 = CARTESIAN_POINT('',(0.14077706278,4.253435159082));
#3845 = CARTESIAN_POINT('',(0.130812836382,4.283898095008));
#3846 = CARTESIAN_POINT('',(0.120935573711,4.314252722008));
#3847 = CARTESIAN_POINT('',(0.111150789043,4.34453780058));
#3848 = CARTESIAN_POINT('',(0.101462984535,4.37478919817));
#3849 = CARTESIAN_POINT('',(7.580537645979E-02,4.455751529811));
#3850 = CARTESIAN_POINT('',(6.00186801014E-02,4.506460888321));
#3851 = CARTESIAN_POINT('',(4.45317046238E-02,4.557335551328));
#3852 = CARTESIAN_POINT('',(2.935839193679E-02,4.60851798857));
#3853 = CARTESIAN_POINT('',(1.451095384225E-02,4.6601495718));
#3854 = CARTESIAN_POINT('',(0.,4.712388976742));
#3855 = ( GEOMETRIC_REPRESENTATION_CONTEXT(2) 
PARAMETRIC_REPRESENTATION_CONTEXT() REPRESENTATION_CONTEXT('2D SPACE',''
  ) );
#3856 = ADVANCED_FACE('',(#3857),#2212,.T.);
#3857 = FACE_BOUND('',#3858,.T.);
#3858 = EDGE_LOOP('',(#3859));
#3859 = ORIENTED_EDGE('',*,*,#2197,.T.);
#3860 = ADVANCED_FACE('',(#3861),#2408,.T.);
#3861 = FACE_BOUND('',#3862,.T.);
#3862 = EDGE_LOOP('',(#3863,#3864,#3887,#3914,#3915));
#3863 = ORIENTED_EDGE('',*,*,#3653,.F.);
#3864 = ORIENTED_EDGE('',*,*,#3865,.F.);
#3865 = EDGE_CURVE('',#3866,#2168,#3868,.T.);
#3866 = VERTEX_POINT('',#3867);
#3867 = CARTESIAN_POINT('',(-47.25,395.5,52.5));
#3868 = SEAM_CURVE('',#3869,(#3873,#3880),.PCURVE_S1.);
#3869 = LINE('',#3870,#3871);
#3870 = CARTESIAN_POINT('',(-47.25,395.5,52.5));
#3871 = VECTOR('',#3872,1.);
#3872 = DIRECTION('',(0.,1.,0.));
#3873 = PCURVE('',#2408,#3874);
#3874 = DEFINITIONAL_REPRESENTATION('',(#3875),#3879);
#3875 = LINE('',#3876,#3877);
#3876 = CARTESIAN_POINT('',(6.28318530718,-0.));
#3877 = VECTOR('',#3878,1.);
#3878 = DIRECTION('',(0.,1.));
#3879 = ( GEOMETRIC_REPRESENTATION_CONTEXT(2) 
PARAMETRIC_REPRESENTATION_CONTEXT() REPRESENTATION_CONTEXT('2D SPACE',''
  ) );
#3880 = PCURVE('',#2408,#3881);
#3881 = DEFINITIONAL_REPRESENTATION('',(#3882),#3886);
#3882 = LINE('',#3883,#3884);
#3883 = CARTESIAN_POINT('',(0.,-0.));
#3884 = VECTOR('',#3885,1.);
#3885 = DIRECTION('',(0.,1.));
#3886 = ( GEOMETRIC_REPRESENTATION_CONTEXT(2) 
PARAMETRIC_REPRESENTATION_CONTEXT() REPRESENTATION_CONTEXT('2D SPACE',''
  ) );
#3887 = ORIENTED_EDGE('',*,*,#3888,.T.);
#3888 = EDGE_CURVE('',#3866,#3866,#3889,.T.);
#3889 = SURFACE_CURVE('',#3890,(#3895,#3902),.PCURVE_S1.);
#3890 = CIRCLE('',#3891,17.5);
#3891 = AXIS2_PLACEMENT_3D('',#3892,#3893,#3894);
#3892 = CARTESIAN_POINT('',(-47.25,395.5,35.));
#3893 = DIRECTION('',(0.,1.,0.));
#3894 = DIRECTION('',(0.,0.,1.));
#3895 = PCURVE('',#2408,#3896);
#3896 = DEFINITIONAL_REPRESENTATION('',(#3897),#3901);
#3897 = LINE('',#3898,#3899);
#3898 = CARTESIAN_POINT('',(0.,0.));
#3899 = VECTOR('',#3900,1.);
#3900 = DIRECTION('',(1.,0.));
#3901 = ( GEOMETRIC_REPRESENTATION_CONTEXT(2) 
PARAMETRIC_REPRESENTATION_CONTEXT() REPRESENTATION_CONTEXT('2D SPACE',''
  ) );
#3902 = PCURVE('',#3903,#3908);
#3903 = PLANE('',#3904);
#3904 = AXIS2_PLACEMENT_3D('',#3905,#3906,#3907);
#3905 = CARTESIAN_POINT('',(-47.25,395.5,35.));
#3906 = DIRECTION('',(0.,1.,0.));
#3907 = DIRECTION('',(0.,0.,1.));
#3908 = DEFINITIONAL_REPRESENTATION('',(#3909),#3913);
#3909 = CIRCLE('',#3910,17.5);
#3910 = AXIS2_PLACEMENT_2D('',#3911,#3912);
#3911 = CARTESIAN_POINT('',(0.,0.));
#3912 = DIRECTION('',(1.,0.));
#3913 = ( GEOMETRIC_REPRESENTATION_CONTEXT(2) 
PARAMETRIC_REPRESENTATION_CONTEXT() REPRESENTATION_CONTEXT('2D SPACE',''
  ) );
#3914 = ORIENTED_EDGE('',*,*,#3865,.T.);
#3915 = ORIENTED_EDGE('',*,*,#2380,.F.);
#3916 = ADVANCED_FACE('',(#3917,#3993),#2580,.T.);
#3917 = FACE_BOUND('',#3918,.T.);
#3918 = EDGE_LOOP('',(#3919,#3943,#3965,#3966,#3967,#3989,#3990,#3991,
    #3992));
#3919 = ORIENTED_EDGE('',*,*,#3920,.F.);
#3920 = EDGE_CURVE('',#3921,#3158,#3923,.T.);
#3921 = VERTEX_POINT('',#3922);
#3922 = CARTESIAN_POINT('',(33.25,458.5,35.));
#3923 = SEAM_CURVE('',#3924,(#3929,#3936),.PCURVE_S1.);
#3924 = CIRCLE('',#3925,17.5);
#3925 = AXIS2_PLACEMENT_3D('',#3926,#3927,#3928);
#3926 = CARTESIAN_POINT('',(15.75,458.5,35.));
#3927 = DIRECTION('',(-2.449293598295E-16,-1.110223024625E-16,-1.));
#3928 = DIRECTION('',(1.,-2.719262146894E-32,-2.449293598295E-16));
#3929 = PCURVE('',#2580,#3930);
#3930 = DEFINITIONAL_REPRESENTATION('',(#3931),#3935);
#3931 = LINE('',#3932,#3933);
#3932 = CARTESIAN_POINT('',(0.,-0.));
#3933 = VECTOR('',#3934,1.);
#3934 = DIRECTION('',(0.,1.));
#3935 = ( GEOMETRIC_REPRESENTATION_CONTEXT(2) 
PARAMETRIC_REPRESENTATION_CONTEXT() REPRESENTATION_CONTEXT('2D SPACE',''
  ) );
#3936 = PCURVE('',#2580,#3937);
#3937 = DEFINITIONAL_REPRESENTATION('',(#3938),#3942);
#3938 = LINE('',#3939,#3940);
#3939 = CARTESIAN_POINT('',(6.28318530718,-0.));
#3940 = VECTOR('',#3941,1.);
#3941 = DIRECTION('',(0.,1.));
#3942 = ( GEOMETRIC_REPRESENTATION_CONTEXT(2) 
PARAMETRIC_REPRESENTATION_CONTEXT() REPRESENTATION_CONTEXT('2D SPACE',''
  ) );
#3943 = ORIENTED_EDGE('',*,*,#3944,.T.);
#3944 = EDGE_CURVE('',#3921,#3921,#3945,.T.);
#3945 = SEAM_CURVE('',#3946,(#3951,#3958),.PCURVE_S1.);
#3946 = CIRCLE('',#3947,80.5);
#3947 = AXIS2_PLACEMENT_3D('',#3948,#3949,#3950);
#3948 = CARTESIAN_POINT('',(-47.25,458.5,35.));
#3949 = DIRECTION('',(0.,-1.,1.110223024625E-16));
#3950 = DIRECTION('',(1.,0.,0.));
#3951 = PCURVE('',#2580,#3952);
#3952 = DEFINITIONAL_REPRESENTATION('',(#3953),#3957);
#3953 = LINE('',#3954,#3955);
#3954 = CARTESIAN_POINT('',(0.,6.28318530718));
#3955 = VECTOR('',#3956,1.);
#3956 = DIRECTION('',(1.,0.));
#3957 = ( GEOMETRIC_REPRESENTATION_CONTEXT(2) 
PARAMETRIC_REPRESENTATION_CONTEXT() REPRESENTATION_CONTEXT('2D SPACE',''
  ) );
#3958 = PCURVE('',#2580,#3959);
#3959 = DEFINITIONAL_REPRESENTATION('',(#3960),#3964);
#3960 = LINE('',#3961,#3962);
#3961 = CARTESIAN_POINT('',(0.,0.));
#3962 = VECTOR('',#3963,1.);
#3963 = DIRECTION('',(1.,0.));
#3964 = ( GEOMETRIC_REPRESENTATION_CONTEXT(2) 
PARAMETRIC_REPRESENTATION_CONTEXT() REPRESENTATION_CONTEXT('2D SPACE',''
  ) );
#3965 = ORIENTED_EDGE('',*,*,#3920,.T.);
#3966 = ORIENTED_EDGE('',*,*,#3155,.F.);
#3967 = ORIENTED_EDGE('',*,*,#3968,.T.);
#3968 = EDGE_CURVE('',#3156,#3921,#3969,.T.);
#3969 = SEAM_CURVE('',#3970,(#3975,#3982),.PCURVE_S1.);
#3970 = CIRCLE('',#3971,17.5);
#3971 = AXIS2_PLACEMENT_3D('',#3972,#3973,#3974);
#3972 = CARTESIAN_POINT('',(15.75,458.5,35.));
#3973 = DIRECTION('',(-2.449293598295E-16,-1.110223024625E-16,-1.));
#3974 = DIRECTION('',(1.,-2.719262146894E-32,-2.449293598295E-16));
#3975 = PCURVE('',#2580,#3976);
#3976 = DEFINITIONAL_REPRESENTATION('',(#3977),#3981);
#3977 = LINE('',#3978,#3979);
#3978 = CARTESIAN_POINT('',(0.,-0.));
#3979 = VECTOR('',#3980,1.);
#3980 = DIRECTION('',(0.,1.));
#3981 = ( GEOMETRIC_REPRESENTATION_CONTEXT(2) 
PARAMETRIC_REPRESENTATION_CONTEXT() REPRESENTATION_CONTEXT('2D SPACE',''
  ) );
#3982 = PCURVE('',#2580,#3983);
#3983 = DEFINITIONAL_REPRESENTATION('',(#3984),#3988);
#3984 = LINE('',#3985,#3986);
#3985 = CARTESIAN_POINT('',(6.28318530718,-0.));
#3986 = VECTOR('',#3987,1.);
#3987 = DIRECTION('',(0.,1.));
#3988 = ( GEOMETRIC_REPRESENTATION_CONTEXT(2) 
PARAMETRIC_REPRESENTATION_CONTEXT() REPRESENTATION_CONTEXT('2D SPACE',''
  ) );
#3989 = ORIENTED_EDGE('',*,*,#3944,.F.);
#3990 = ORIENTED_EDGE('',*,*,#3968,.F.);
#3991 = ORIENTED_EDGE('',*,*,#3704,.F.);
#3992 = ORIENTED_EDGE('',*,*,#3477,.F.);
#3993 = FACE_BOUND('',#3994,.T.);
#3994 = EDGE_LOOP('',(#3995,#3996,#3997));
#3995 = ORIENTED_EDGE('',*,*,#2996,.F.);
#3996 = ORIENTED_EDGE('',*,*,#2646,.F.);
#3997 = ORIENTED_EDGE('',*,*,#2456,.F.);
#3998 = ADVANCED_FACE('',(#3999),#3903,.F.);
#3999 = FACE_BOUND('',#4000,.T.);
#4000 = EDGE_LOOP('',(#4001));
#4001 = ORIENTED_EDGE('',*,*,#3888,.F.);
#4002 = MANIFOLD_SOLID_BREP('',#4003);
#4003 = CLOSED_SHELL('',(#4004,#4217,#4992,#5697,#5701,#5757,#5839));
#4004 = ADVANCED_FACE('',(#4005),#4019,.T.);
#4005 = FACE_BOUND('',#4006,.T.);
#4006 = EDGE_LOOP('',(#4007,#4037,#4064,#4065,#4106,#4142,#4183));
#4007 = ORIENTED_EDGE('',*,*,#4008,.T.);
#4008 = EDGE_CURVE('',#4009,#4011,#4013,.T.);
#4009 = VERTEX_POINT('',#4010);
#4010 = CARTESIAN_POINT('',(31.5,311.5,52.5));
#4011 = VERTEX_POINT('',#4012);
#4012 = CARTESIAN_POINT('',(31.5,374.5,52.5));
#4013 = SEAM_CURVE('',#4014,(#4018,#4030),.PCURVE_S1.);
#4014 = LINE('',#4015,#4016);
#4015 = CARTESIAN_POINT('',(31.5,248.5,52.5));
#4016 = VECTOR('',#4017,1.);
#4017 = DIRECTION('',(0.,1.,0.));
#4018 = PCURVE('',#4019,#4024);
#4019 = CYLINDRICAL_SURFACE('',#4020,17.5);
#4020 = AXIS2_PLACEMENT_3D('',#4021,#4022,#4023);
#4021 = CARTESIAN_POINT('',(31.5,248.5,35.));
#4022 = DIRECTION('',(0.,1.,0.));
#4023 = DIRECTION('',(0.,0.,1.));
#4024 = DEFINITIONAL_REPRESENTATION('',(#4025),#4029);
#4025 = LINE('',#4026,#4027);
#4026 = CARTESIAN_POINT('',(6.28318530718,-0.));
#4027 = VECTOR('',#4028,1.);
#4028 = DIRECTION('',(0.,1.));
#4029 = ( GEOMETRIC_REPRESENTATION_CONTEXT(2) 
PARAMETRIC_REPRESENTATION_CONTEXT() REPRESENTATION_CONTEXT('2D SPACE',''
  ) );
#4030 = PCURVE('',#4019,#4031);
#4031 = DEFINITIONAL_REPRESENTATION('',(#4032),#4036);
#4032 = LINE('',#4033,#4034);
#4033 = CARTESIAN_POINT('',(0.,-0.));
#4034 = VECTOR('',#4035,1.);
#4035 = DIRECTION('',(0.,1.));
#4036 = ( GEOMETRIC_REPRESENTATION_CONTEXT(2) 
PARAMETRIC_REPRESENTATION_CONTEXT() REPRESENTATION_CONTEXT('2D SPACE',''
  ) );
#4037 = ORIENTED_EDGE('',*,*,#4038,.F.);
#4038 = EDGE_CURVE('',#4011,#4011,#4039,.T.);
#4039 = SURFACE_CURVE('',#4040,(#4045,#4052),.PCURVE_S1.);
#4040 = CIRCLE('',#4041,17.5);
#4041 = AXIS2_PLACEMENT_3D('',#4042,#4043,#4044);
#4042 = CARTESIAN_POINT('',(31.5,374.5,35.));
#4043 = DIRECTION('',(0.,1.,0.));
#4044 = DIRECTION('',(0.,0.,1.));
#4045 = PCURVE('',#4019,#4046);
#4046 = DEFINITIONAL_REPRESENTATION('',(#4047),#4051);
#4047 = LINE('',#4048,#4049);
#4048 = CARTESIAN_POINT('',(0.,126.));
#4049 = VECTOR('',#4050,1.);
#4050 = DIRECTION('',(1.,0.));
#4051 = ( GEOMETRIC_REPRESENTATION_CONTEXT(2) 
PARAMETRIC_REPRESENTATION_CONTEXT() REPRESENTATION_CONTEXT('2D SPACE',''
  ) );
#4052 = PCURVE('',#4053,#4058);
#4053 = PLANE('',#4054);
#4054 = AXIS2_PLACEMENT_3D('',#4055,#4056,#4057);
#4055 = CARTESIAN_POINT('',(31.5,374.5,35.));
#4056 = DIRECTION('',(0.,1.,0.));
#4057 = DIRECTION('',(0.,0.,1.));
#4058 = DEFINITIONAL_REPRESENTATION('',(#4059),#4063);
#4059 = CIRCLE('',#4060,17.5);
#4060 = AXIS2_PLACEMENT_2D('',#4061,#4062);
#4061 = CARTESIAN_POINT('',(0.,0.));
#4062 = DIRECTION('',(1.,0.));
#4063 = ( GEOMETRIC_REPRESENTATION_CONTEXT(2) 
PARAMETRIC_REPRESENTATION_CONTEXT() REPRESENTATION_CONTEXT('2D SPACE',''
  ) );
#4064 = ORIENTED_EDGE('',*,*,#4008,.F.);
#4065 = ORIENTED_EDGE('',*,*,#4066,.T.);
#4066 = EDGE_CURVE('',#4009,#4067,#4069,.T.);
#4067 = VERTEX_POINT('',#4068);
#4068 = CARTESIAN_POINT('',(49.,329.,35.));
#4069 = SURFACE_CURVE('',#4070,(#4075,#4088),.PCURVE_S1.);
#4070 = ELLIPSE('',#4071,24.748737341529,17.5);
#4071 = AXIS2_PLACEMENT_3D('',#4072,#4073,#4074);
#4072 = CARTESIAN_POINT('',(31.5,311.5,35.));
#4073 = DIRECTION('',(-0.707106781187,0.707106781187,0.));
#4074 = DIRECTION('',(0.707106781187,0.707106781187,0.));
#4075 = PCURVE('',#4019,#4076);
#4076 = DEFINITIONAL_REPRESENTATION('',(#4077),#4087);
#4077 = B_SPLINE_CURVE_WITH_KNOTS('',8,(#4078,#4079,#4080,#4081,#4082,
    #4083,#4084,#4085,#4086),.UNSPECIFIED.,.F.,.F.,(9,9),(4.712388980385
    ,6.28318530718),.PIECEWISE_BEZIER_KNOTS.);
#4078 = CARTESIAN_POINT('',(0.,63.));
#4079 = CARTESIAN_POINT('',(0.196349540849,66.436116964864));
#4080 = CARTESIAN_POINT('',(0.392699081698,69.872234745504));
#4081 = CARTESIAN_POINT('',(0.589048622546,73.106482071424));
#4082 = CARTESIAN_POINT('',(0.785398163397,75.937028135173));
#4083 = CARTESIAN_POINT('',(0.981747704247,78.186815811147));
#4084 = CARTESIAN_POINT('',(1.178097245095,79.728936420157));
#4085 = CARTESIAN_POINT('',(1.374446785946,80.5));
#4086 = CARTESIAN_POINT('',(1.570796326795,80.5));
#4087 = ( GEOMETRIC_REPRESENTATION_CONTEXT(2) 
PARAMETRIC_REPRESENTATION_CONTEXT() REPRESENTATION_CONTEXT('2D SPACE',''
  ) );
#4088 = PCURVE('',#4089,#4094);
#4089 = CYLINDRICAL_SURFACE('',#4090,17.5);
#4090 = AXIS2_PLACEMENT_3D('',#4091,#4092,#4093);
#4091 = CARTESIAN_POINT('',(-31.5,311.5,35.));
#4092 = DIRECTION('',(1.,0.,0.));
#4093 = DIRECTION('',(0.,0.,1.));
#4094 = DEFINITIONAL_REPRESENTATION('',(#4095),#4105);
#4095 = B_SPLINE_CURVE_WITH_KNOTS('',8,(#4096,#4097,#4098,#4099,#4100,
    #4101,#4102,#4103,#4104),.UNSPECIFIED.,.F.,.F.,(9,9),(4.712388980385
    ,6.28318530718),.PIECEWISE_BEZIER_KNOTS.);
#4096 = CARTESIAN_POINT('',(6.28318530718,63.));
#4097 = CARTESIAN_POINT('',(6.08683576633,66.436116964864));
#4098 = CARTESIAN_POINT('',(5.890486225481,69.872234745504));
#4099 = CARTESIAN_POINT('',(5.694136684631,73.106482071424));
#4100 = CARTESIAN_POINT('',(5.497787143785,75.937028135173));
#4101 = CARTESIAN_POINT('',(5.301437602933,78.186815811147));
#4102 = CARTESIAN_POINT('',(5.105088062084,79.728936420157));
#4103 = CARTESIAN_POINT('',(4.908738521234,80.5));
#4104 = CARTESIAN_POINT('',(4.712388980385,80.5));
#4105 = ( GEOMETRIC_REPRESENTATION_CONTEXT(2) 
PARAMETRIC_REPRESENTATION_CONTEXT() REPRESENTATION_CONTEXT('2D SPACE',''
  ) );
#4106 = ORIENTED_EDGE('',*,*,#4107,.T.);
#4107 = EDGE_CURVE('',#4067,#4108,#4110,.T.);
#4108 = VERTEX_POINT('',#4109);
#4109 = CARTESIAN_POINT('',(31.5,311.5,17.5));
#4110 = SURFACE_CURVE('',#4111,(#4116,#4129),.PCURVE_S1.);
#4111 = ELLIPSE('',#4112,24.748737341529,17.5);
#4112 = AXIS2_PLACEMENT_3D('',#4113,#4114,#4115);
#4113 = CARTESIAN_POINT('',(31.5,311.5,35.));
#4114 = DIRECTION('',(-0.707106781187,0.707106781187,0.));
#4115 = DIRECTION('',(0.707106781187,0.707106781187,0.));
#4116 = PCURVE('',#4019,#4117);
#4117 = DEFINITIONAL_REPRESENTATION('',(#4118),#4128);
#4118 = B_SPLINE_CURVE_WITH_KNOTS('',8,(#4119,#4120,#4121,#4122,#4123,
    #4124,#4125,#4126,#4127),.UNSPECIFIED.,.F.,.F.,(9,9),(0.,
    1.570796326795),.PIECEWISE_BEZIER_KNOTS.);
#4119 = CARTESIAN_POINT('',(1.570796326795,80.5));
#4120 = CARTESIAN_POINT('',(1.767145867644,80.5));
#4121 = CARTESIAN_POINT('',(1.963495408491,79.728936420201));
#4122 = CARTESIAN_POINT('',(2.159844949346,78.186815811088));
#4123 = CARTESIAN_POINT('',(2.356194490172,75.937028134824));
#4124 = CARTESIAN_POINT('',(2.552544031043,73.106482071191));
#4125 = CARTESIAN_POINT('',(2.748893571889,69.872234745533));
#4126 = CARTESIAN_POINT('',(2.94524311274,66.436116964864));
#4127 = CARTESIAN_POINT('',(3.14159265359,63.));
#4128 = ( GEOMETRIC_REPRESENTATION_CONTEXT(2) 
PARAMETRIC_REPRESENTATION_CONTEXT() REPRESENTATION_CONTEXT('2D SPACE',''
  ) );
#4129 = PCURVE('',#4089,#4130);
#4130 = DEFINITIONAL_REPRESENTATION('',(#4131),#4141);
#4131 = B_SPLINE_CURVE_WITH_KNOTS('',8,(#4132,#4133,#4134,#4135,#4136,
    #4137,#4138,#4139,#4140),.UNSPECIFIED.,.F.,.F.,(9,9),(0.,
    1.570796326795),.PIECEWISE_BEZIER_KNOTS.);
#4132 = CARTESIAN_POINT('',(4.712388980385,80.5));
#4133 = CARTESIAN_POINT('',(4.516039439535,80.5));
#4134 = CARTESIAN_POINT('',(4.319689898685,79.728936420201));
#4135 = CARTESIAN_POINT('',(4.123340357828,78.186815811088));
#4136 = CARTESIAN_POINT('',(3.926990816984,75.937028134824));
#4137 = CARTESIAN_POINT('',(3.730641276125,73.106482071191));
#4138 = CARTESIAN_POINT('',(3.534291735289,69.872234745533));
#4139 = CARTESIAN_POINT('',(3.337942194439,66.436116964864));
#4140 = CARTESIAN_POINT('',(3.14159265359,63.));
#4141 = ( GEOMETRIC_REPRESENTATION_CONTEXT(2) 
PARAMETRIC_REPRESENTATION_CONTEXT() REPRESENTATION_CONTEXT('2D SPACE',''
  ) );
#4142 = ORIENTED_EDGE('',*,*,#4143,.T.);
#4143 = EDGE_CURVE('',#4108,#4144,#4146,.T.);
#4144 = VERTEX_POINT('',#4145);
#4145 = CARTESIAN_POINT('',(14.,329.,35.));
#4146 = SURFACE_CURVE('',#4147,(#4152,#4165),.PCURVE_S1.);
#4147 = ELLIPSE('',#4148,24.748737341529,17.5);
#4148 = AXIS2_PLACEMENT_3D('',#4149,#4150,#4151);
#4149 = CARTESIAN_POINT('',(31.5,311.5,35.));
#4150 = DIRECTION('',(0.707106781187,0.707106781187,-0.));
#4151 = DIRECTION('',(-0.707106781187,0.707106781187,0.));
#4152 = PCURVE('',#4019,#4153);
#4153 = DEFINITIONAL_REPRESENTATION('',(#4154),#4164);
#4154 = B_SPLINE_CURVE_WITH_KNOTS('',8,(#4155,#4156,#4157,#4158,#4159,
    #4160,#4161,#4162,#4163),.UNSPECIFIED.,.F.,.F.,(9,9),(4.712388980385
    ,6.28318530718),.PIECEWISE_BEZIER_KNOTS.);
#4155 = CARTESIAN_POINT('',(3.14159265359,63.));
#4156 = CARTESIAN_POINT('',(3.337942194439,66.436116964864));
#4157 = CARTESIAN_POINT('',(3.534291735285,69.872234745504));
#4158 = CARTESIAN_POINT('',(3.730641276146,73.106482071424));
#4159 = CARTESIAN_POINT('',(3.926990816959,75.937028135173));
#4160 = CARTESIAN_POINT('',(4.12334035785,78.186815811147));
#4161 = CARTESIAN_POINT('',(4.319689898683,79.728936420157));
#4162 = CARTESIAN_POINT('',(4.516039439535,80.5));
#4163 = CARTESIAN_POINT('',(4.712388980385,80.5));
#4164 = ( GEOMETRIC_REPRESENTATION_CONTEXT(2) 
PARAMETRIC_REPRESENTATION_CONTEXT() REPRESENTATION_CONTEXT('2D SPACE',''
  ) );
#4165 = PCURVE('',#4166,#4171);
#4166 = CYLINDRICAL_SURFACE('',#4167,17.5);
#4167 = AXIS2_PLACEMENT_3D('',#4168,#4169,#4170);
#4168 = CARTESIAN_POINT('',(-31.5,311.5,35.));
#4169 = DIRECTION('',(1.,0.,0.));
#4170 = DIRECTION('',(0.,0.,1.));
#4171 = DEFINITIONAL_REPRESENTATION('',(#4172),#4182);
#4172 = B_SPLINE_CURVE_WITH_KNOTS('',8,(#4173,#4174,#4175,#4176,#4177,
    #4178,#4179,#4180,#4181),.UNSPECIFIED.,.F.,.F.,(9,9),(4.712388980385
    ,6.28318530718),.PIECEWISE_BEZIER_KNOTS.);
#4173 = CARTESIAN_POINT('',(3.14159265359,63.));
#4174 = CARTESIAN_POINT('',(3.337942194439,59.563883035136));
#4175 = CARTESIAN_POINT('',(3.534291735285,56.127765254438));
#4176 = CARTESIAN_POINT('',(3.730641276146,52.893517928693));
#4177 = CARTESIAN_POINT('',(3.926990816959,50.06297186506));
#4178 = CARTESIAN_POINT('',(4.12334035785,47.813184188941));
#4179 = CARTESIAN_POINT('',(4.319689898683,46.271063579778));
#4180 = CARTESIAN_POINT('',(4.516039439535,45.5));
#4181 = CARTESIAN_POINT('',(4.712388980385,45.5));
#4182 = ( GEOMETRIC_REPRESENTATION_CONTEXT(2) 
PARAMETRIC_REPRESENTATION_CONTEXT() REPRESENTATION_CONTEXT('2D SPACE',''
  ) );
#4183 = ORIENTED_EDGE('',*,*,#4184,.T.);
#4184 = EDGE_CURVE('',#4144,#4009,#4185,.T.);
#4185 = SURFACE_CURVE('',#4186,(#4191,#4204),.PCURVE_S1.);
#4186 = ELLIPSE('',#4187,24.748737341529,17.5);
#4187 = AXIS2_PLACEMENT_3D('',#4188,#4189,#4190);
#4188 = CARTESIAN_POINT('',(31.5,311.5,35.));
#4189 = DIRECTION('',(0.707106781187,0.707106781187,-0.));
#4190 = DIRECTION('',(-0.707106781187,0.707106781187,0.));
#4191 = PCURVE('',#4019,#4192);
#4192 = DEFINITIONAL_REPRESENTATION('',(#4193),#4203);
#4193 = B_SPLINE_CURVE_WITH_KNOTS('',8,(#4194,#4195,#4196,#4197,#4198,
    #4199,#4200,#4201,#4202),.UNSPECIFIED.,.F.,.F.,(9,9),(0.,
    1.570796326795),.PIECEWISE_BEZIER_KNOTS.);
#4194 = CARTESIAN_POINT('',(4.712388980385,80.5));
#4195 = CARTESIAN_POINT('',(4.908738521234,80.5));
#4196 = CARTESIAN_POINT('',(5.105088062085,79.728936420201));
#4197 = CARTESIAN_POINT('',(5.301437602932,78.186815811088));
#4198 = CARTESIAN_POINT('',(5.497787143783,75.937028134824));
#4199 = CARTESIAN_POINT('',(5.694136684629,73.106482071191));
#4200 = CARTESIAN_POINT('',(5.890486225482,69.872234745533));
#4201 = CARTESIAN_POINT('',(6.08683576633,66.436116964864));
#4202 = CARTESIAN_POINT('',(6.28318530718,63.));
#4203 = ( GEOMETRIC_REPRESENTATION_CONTEXT(2) 
PARAMETRIC_REPRESENTATION_CONTEXT() REPRESENTATION_CONTEXT('2D SPACE',''
  ) );
#4204 = PCURVE('',#4166,#4205);
#4205 = DEFINITIONAL_REPRESENTATION('',(#4206),#4216);
#4206 = B_SPLINE_CURVE_WITH_KNOTS('',8,(#4207,#4208,#4209,#4210,#4211,
    #4212,#4213,#4214,#4215),.UNSPECIFIED.,.F.,.F.,(9,9),(0.,
    1.570796326795),.PIECEWISE_BEZIER_KNOTS.);
#4207 = CARTESIAN_POINT('',(4.712388980385,45.5));
#4208 = CARTESIAN_POINT('',(4.908738521234,45.5));
#4209 = CARTESIAN_POINT('',(5.105088062085,46.271063579748));
#4210 = CARTESIAN_POINT('',(5.301437602932,47.813184189115));
#4211 = CARTESIAN_POINT('',(5.497787143783,50.062971864769));
#4212 = CARTESIAN_POINT('',(5.694136684629,52.893517928926));
#4213 = CARTESIAN_POINT('',(5.890486225482,56.127765254379));
#4214 = CARTESIAN_POINT('',(6.08683576633,59.563883035136));
#4215 = CARTESIAN_POINT('',(6.28318530718,63.));
#4216 = ( GEOMETRIC_REPRESENTATION_CONTEXT(2) 
PARAMETRIC_REPRESENTATION_CONTEXT() REPRESENTATION_CONTEXT('2D SPACE',''
  ) );
#4217 = ADVANCED_FACE('',(#4218),#4166,.T.);
#4218 = FACE_BOUND('',#4219,.T.);
#4219 = EDGE_LOOP('',(#4220,#4273,#4296,#4486,#4836,#4989,#4990,#4991));
#4220 = ORIENTED_EDGE('',*,*,#4221,.T.);
#4221 = EDGE_CURVE('',#4108,#4009,#4222,.T.);
#4222 = SURFACE_CURVE('',#4223,(#4228,#4248),.PCURVE_S1.);
#4223 = ELLIPSE('',#4224,24.748737341529,17.5);
#4224 = AXIS2_PLACEMENT_3D('',#4225,#4226,#4227);
#4225 = CARTESIAN_POINT('',(31.5,311.5,35.));
#4226 = DIRECTION('',(-0.707106781187,0.707106781187,0.));
#4227 = DIRECTION('',(0.707106781187,0.707106781187,0.));
#4228 = PCURVE('',#4166,#4229);
#4229 = DEFINITIONAL_REPRESENTATION('',(#4230),#4247);
#4230 = B_SPLINE_CURVE_WITH_KNOTS('',8,(#4231,#4232,#4233,#4234,#4235,
    #4236,#4237,#4238,#4239,#4240,#4241,#4242,#4243,#4244,#4245,#4246),
  .UNSPECIFIED.,.F.,.F.,(9,7,9),(1.570796326795,3.14159265359,
    4.712388980385),.UNSPECIFIED.);
#4231 = CARTESIAN_POINT('',(3.14159265359,63.));
#4232 = CARTESIAN_POINT('',(2.94524311274,59.563883035136));
#4233 = CARTESIAN_POINT('',(2.74889357189,56.127765254438));
#4234 = CARTESIAN_POINT('',(2.552544031035,52.893517928926));
#4235 = CARTESIAN_POINT('',(2.356194490185,50.062971864711));
#4236 = CARTESIAN_POINT('',(2.15984494934,47.813184189174));
#4237 = CARTESIAN_POINT('',(1.963495408492,46.271063579778));
#4238 = CARTESIAN_POINT('',(1.767145867644,45.5));
#4239 = CARTESIAN_POINT('',(1.374446785946,45.5));
#4240 = CARTESIAN_POINT('',(1.178097245096,46.271063579748));
#4241 = CARTESIAN_POINT('',(0.981747704245,47.813184189115));
#4242 = CARTESIAN_POINT('',(0.785398163396,50.062971864769));
#4243 = CARTESIAN_POINT('',(0.589048622546,52.893517928926));
#4244 = CARTESIAN_POINT('',(0.392699081699,56.127765254379));
#4245 = CARTESIAN_POINT('',(0.196349540849,59.563883035136));
#4246 = CARTESIAN_POINT('',(1.836970198721E-16,63.));
#4247 = ( GEOMETRIC_REPRESENTATION_CONTEXT(2) 
PARAMETRIC_REPRESENTATION_CONTEXT() REPRESENTATION_CONTEXT('2D SPACE',''
  ) );
#4248 = PCURVE('',#4249,#4254);
#4249 = CYLINDRICAL_SURFACE('',#4250,17.5);
#4250 = AXIS2_PLACEMENT_3D('',#4251,#4252,#4253);
#4251 = CARTESIAN_POINT('',(31.5,248.5,35.));
#4252 = DIRECTION('',(0.,1.,0.));
#4253 = DIRECTION('',(0.,0.,1.));
#4254 = DEFINITIONAL_REPRESENTATION('',(#4255),#4272);
#4255 = B_SPLINE_CURVE_WITH_KNOTS('',8,(#4256,#4257,#4258,#4259,#4260,
    #4261,#4262,#4263,#4264,#4265,#4266,#4267,#4268,#4269,#4270,#4271),
  .UNSPECIFIED.,.F.,.F.,(9,7,9),(1.570796326795,3.14159265359,
    4.712388980385),.UNSPECIFIED.);
#4256 = CARTESIAN_POINT('',(3.14159265359,63.));
#4257 = CARTESIAN_POINT('',(3.337942194439,59.563883035136));
#4258 = CARTESIAN_POINT('',(3.534291735282,56.127765254438));
#4259 = CARTESIAN_POINT('',(3.730641276157,52.893517928926));
#4260 = CARTESIAN_POINT('',(3.926990816955,50.062971864711));
#4261 = CARTESIAN_POINT('',(4.123340357854,47.813184189174));
#4262 = CARTESIAN_POINT('',(4.319689898681,46.271063579778));
#4263 = CARTESIAN_POINT('',(4.516039439535,45.5));
#4264 = CARTESIAN_POINT('',(4.908738521234,45.5));
#4265 = CARTESIAN_POINT('',(5.105088062087,46.271063579748));
#4266 = CARTESIAN_POINT('',(5.301437602902,47.813184189115));
#4267 = CARTESIAN_POINT('',(5.49778714378,50.062971864769));
#4268 = CARTESIAN_POINT('',(5.694136684611,52.893517928926));
#4269 = CARTESIAN_POINT('',(5.89048622548,56.127765254379));
#4270 = CARTESIAN_POINT('',(6.08683576633,59.563883035136));
#4271 = CARTESIAN_POINT('',(6.28318530718,63.));
#4272 = ( GEOMETRIC_REPRESENTATION_CONTEXT(2) 
PARAMETRIC_REPRESENTATION_CONTEXT() REPRESENTATION_CONTEXT('2D SPACE',''
  ) );
#4273 = ORIENTED_EDGE('',*,*,#4274,.F.);
#4274 = EDGE_CURVE('',#4275,#4009,#4277,.T.);
#4275 = VERTEX_POINT('',#4276);
#4276 = CARTESIAN_POINT('',(-10.5,311.5,52.5));
#4277 = SEAM_CURVE('',#4278,(#4282,#4289),.PCURVE_S1.);
#4278 = LINE('',#4279,#4280);
#4279 = CARTESIAN_POINT('',(-31.5,311.5,52.5));
#4280 = VECTOR('',#4281,1.);
#4281 = DIRECTION('',(1.,0.,0.));
#4282 = PCURVE('',#4166,#4283);
#4283 = DEFINITIONAL_REPRESENTATION('',(#4284),#4288);
#4284 = LINE('',#4285,#4286);
#4285 = CARTESIAN_POINT('',(6.28318530718,-0.));
#4286 = VECTOR('',#4287,1.);
#4287 = DIRECTION('',(0.,1.));
#4288 = ( GEOMETRIC_REPRESENTATION_CONTEXT(2) 
PARAMETRIC_REPRESENTATION_CONTEXT() REPRESENTATION_CONTEXT('2D SPACE',''
  ) );
#4289 = PCURVE('',#4166,#4290);
#4290 = DEFINITIONAL_REPRESENTATION('',(#4291),#4295);
#4291 = LINE('',#4292,#4293);
#4292 = CARTESIAN_POINT('',(0.,-0.));
#4293 = VECTOR('',#4294,1.);
#4294 = DIRECTION('',(0.,1.));
#4295 = ( GEOMETRIC_REPRESENTATION_CONTEXT(2) 
PARAMETRIC_REPRESENTATION_CONTEXT() REPRESENTATION_CONTEXT('2D SPACE',''
  ) );
#4296 = ORIENTED_EDGE('',*,*,#4297,.T.);
#4297 = EDGE_CURVE('',#4275,#4298,#4300,.T.);
#4298 = VERTEX_POINT('',#4299);
#4299 = CARTESIAN_POINT('',(-31.5,294.,35.000000000033));
#4300 = SURFACE_CURVE('',#4301,(#4359,#4420),.PCURVE_S1.);
#4301 = B_SPLINE_CURVE_WITH_KNOTS('',6,(#4302,#4303,#4304,#4305,#4306,
    #4307,#4308,#4309,#4310,#4311,#4312,#4313,#4314,#4315,#4316,#4317,
    #4318,#4319,#4320,#4321,#4322,#4323,#4324,#4325,#4326,#4327,#4328,
    #4329,#4330,#4331,#4332,#4333,#4334,#4335,#4336,#4337,#4338,#4339,
    #4340,#4341,#4342,#4343,#4344,#4345,#4346,#4347,#4348,#4349,#4350,
    #4351,#4352,#4353,#4354,#4355,#4356,#4357,#4358),.UNSPECIFIED.,.F.,
  .F.,(7,5,5,5,5,5,5,5,5,5,5,7),(0.,8.16512535029E-02,0.13824750127,
    0.228765600091,0.319581573782,0.423241314474,0.506875489862,
    0.635282093476,0.771550573312,0.884478249182,0.940435094896,1.),
  .UNSPECIFIED.);
#4302 = CARTESIAN_POINT('',(-10.5,311.5,52.5));
#4303 = CARTESIAN_POINT('',(-10.5,310.93508356022,52.5));
#4304 = CARTESIAN_POINT('',(-10.53282455993,310.36992127988,
    52.47811657902));
#4305 = CARTESIAN_POINT('',(-10.59852952405,309.81116537161,
    52.434315176275));
#4306 = CARTESIAN_POINT('',(-10.69469766472,309.26358368543,
    52.370069454522));
#4307 = CARTESIAN_POINT('',(-10.81785770282,308.73053170111,
    52.287463191818));
#4308 = CARTESIAN_POINT('',(-11.06579075402,307.85631018058,
    52.120347299002));
#4309 = CARTESIAN_POINT('',(-11.17852454268,307.50626790209,
    52.044164395586));
#4310 = CARTESIAN_POINT('',(-11.30135284061,307.1645455587,
    51.960899736684));
#4311 = CARTESIAN_POINT('',(-11.43315325893,306.83131534148,
    51.871228099481));
#4312 = CARTESIAN_POINT('',(-11.57292917762,306.50654551525,
    51.775748862957));
#4313 = CARTESIAN_POINT('',(-11.95482079439,305.68381823541,
    51.513760021342));
#4314 = CARTESIAN_POINT('',(-12.20798275187,305.19890021571,
    51.339031870226));
#4315 = CARTESIAN_POINT('',(-12.47597812941,304.73426014007,
    51.152770341086));
#4316 = CARTESIAN_POINT('',(-12.75613396034,304.28878909638,
    50.956565809555));
#4317 = CARTESIAN_POINT('',(-13.04643141353,303.86125159821,
    50.75162613065));
#4318 = CARTESIAN_POINT('',(-13.6455598652,303.03799669409,
    50.325146494047));
#4319 = CARTESIAN_POINT('',(-13.9543550914,302.64251682294,
    50.103620811431));
#4320 = CARTESIAN_POINT('',(-14.27041029978,302.26260379276,
    49.875025006387));
#4321 = CARTESIAN_POINT('',(-14.59258662512,301.89726623651,
    49.640029726795));
#4322 = CARTESIAN_POINT('',(-14.92000198302,301.54561493815,
    49.399155949323));
#4323 = CARTESIAN_POINT('',(-15.63098685802,300.82015586542,
    48.871537271665));
#4324 = CARTESIAN_POINT('',(-16.01590162608,300.45029610409,
    48.583158158902));
#4325 = CARTESIAN_POINT('',(-16.40576711995,300.09609083255,
    48.288208662626));
#4326 = CARTESIAN_POINT('',(-16.79981383401,299.75666099596,
    47.987142409875));
#4327 = CARTESIAN_POINT('',(-17.1974365356,299.43126453765,
    47.68031961565));
#4328 = CARTESIAN_POINT('',(-17.92150873872,298.8675488473,
    47.116023923358));
#4329 = CARTESIAN_POINT('',(-18.24685598241,298.62456076465,
    46.860477779857));
#4330 = CARTESIAN_POINT('',(-18.57397338895,298.38998302689,
    46.601514213607));
#4331 = CARTESIAN_POINT('',(-18.90264797309,298.16355168957,
    46.339262261824));
#4332 = CARTESIAN_POINT('',(-19.23269912955,297.94504742906,
    46.073833190645));
#4333 = CARTESIAN_POINT('',(-20.07259221818,297.41068381054,
    45.393066860825));
#4334 = CARTESIAN_POINT('',(-20.58408342967,297.10533459076,
    44.973555667093));
#4335 = CARTESIAN_POINT('',(-21.09789667915,296.81755023097,
    44.547130542387));
#4336 = CARTESIAN_POINT('',(-21.61357736407,296.54686672198,
    44.1140900937));
#4337 = CARTESIAN_POINT('',(-22.1307445693,296.29294713321,
    43.674697729006));
#4338 = CARTESIAN_POINT('',(-23.19916177832,295.80364635045,
    42.756383215028));
#4339 = CARTESIAN_POINT('',(-23.75054680605,295.57035790037,
    42.276699149724));
#4340 = CARTESIAN_POINT('',(-24.30285797511,295.35542789153,
    41.790404149212));
#4341 = CARTESIAN_POINT('',(-24.85575450367,295.1587386004,
    41.297766165076));
#4342 = CARTESIAN_POINT('',(-25.40892849476,294.98027609914,
    40.799046502134));
#4343 = CARTESIAN_POINT('',(-26.42052621184,294.68740213945,
    39.876371392603));
#4344 = CARTESIAN_POINT('',(-26.87894521295,294.5672567308,
    39.45424595912));
#4345 = CARTESIAN_POINT('',(-27.33719918491,294.45973487298,
    39.028268301202));
#4346 = CARTESIAN_POINT('',(-27.79513065047,294.36493064214,
    38.598591538585));
#4347 = CARTESIAN_POINT('',(-28.25258469726,294.2829805748,
    38.165375476137));
#4348 = CARTESIAN_POINT('',(-28.93576949304,294.1799090752,
    37.51245242125));
#4349 = CARTESIAN_POINT('',(-29.16197535875,294.14895739938,
    37.295290383397));
#4350 = CARTESIAN_POINT('',(-29.38800725463,294.12122636727,
    37.077321126214));
#4351 = CARTESIAN_POINT('',(-29.61384606128,294.09673984048,
    36.858565974002));
#4352 = CARTESIAN_POINT('',(-29.83947239315,294.07552410843,
    36.63904705617));
#4353 = CARTESIAN_POINT('',(-30.304794069,294.03853644254,
    36.184325359357));
#4354 = CARTESIAN_POINT('',(-30.54445834824,294.02320373252,
    35.949023998038));
#4355 = CARTESIAN_POINT('',(-30.78383595753,294.01164438888,
    35.712911206948));
#4356 = CARTESIAN_POINT('',(-31.02290227578,294.0038961707,
    35.476015607507));
#4357 = CARTESIAN_POINT('',(-31.26163208688,294.00000000065,
    35.238367537842));
#4358 = CARTESIAN_POINT('',(-31.50000012716,294.,35.000000131738));
#4359 = PCURVE('',#4166,#4360);
#4360 = DEFINITIONAL_REPRESENTATION('',(#4361),#4419);
#4361 = B_SPLINE_CURVE_WITH_KNOTS('',6,(#4362,#4363,#4364,#4365,#4366,
    #4367,#4368,#4369,#4370,#4371,#4372,#4373,#4374,#4375,#4376,#4377,
    #4378,#4379,#4380,#4381,#4382,#4383,#4384,#4385,#4386,#4387,#4388,
    #4389,#4390,#4391,#4392,#4393,#4394,#4395,#4396,#4397,#4398,#4399,
    #4400,#4401,#4402,#4403,#4404,#4405,#4406,#4407,#4408,#4409,#4410,
    #4411,#4412,#4413,#4414,#4415,#4416,#4417,#4418),.UNSPECIFIED.,.F.,
  .F.,(7,5,5,5,5,5,5,5,5,5,5,7),(0.,8.16512535029E-02,0.13824750127,
    0.228765600091,0.319581573782,0.423241314474,0.506875489862,
    0.635282093476,0.771550573312,0.884478249182,0.940435094896,1.),
  .UNSPECIFIED.);
#4362 = CARTESIAN_POINT('',(0.,21.));
#4363 = CARTESIAN_POINT('',(3.228093941593E-02,21.));
#4364 = CARTESIAN_POINT('',(6.457590946971E-02,20.967175440062));
#4365 = CARTESIAN_POINT('',(9.656545279432E-02,20.901470475943));
#4366 = CARTESIAN_POINT('',(0.128037522798,20.805302335275));
#4367 = CARTESIAN_POINT('',(0.158842175426,20.682142297178));
#4368 = CARTESIAN_POINT('',(0.209702239181,20.434209245974));
#4369 = CARTESIAN_POINT('',(0.230166286742,20.321475457316));
#4370 = CARTESIAN_POINT('',(0.250255601836,20.198647159386));
#4371 = CARTESIAN_POINT('',(0.269966705934,20.066846741069));
#4372 = CARTESIAN_POINT('',(0.289305529137,19.927070822379));
#4373 = CARTESIAN_POINT('',(0.338644616762,19.54517920561));
#4374 = CARTESIAN_POINT('',(0.368077399727,19.29201724813));
#4375 = CARTESIAN_POINT('',(0.396656383377,19.024021870585));
#4376 = CARTESIAN_POINT('',(0.42444948064,18.74386603966));
#4377 = CARTESIAN_POINT('',(0.45152897991,18.453568586467));
#4378 = CARTESIAN_POINT('',(0.504509793305,17.854440134797));
#4379 = CARTESIAN_POINT('',(0.530398688064,17.545644908597));
#4380 = CARTESIAN_POINT('',(0.555717178181,17.229589700212));
#4381 = CARTESIAN_POINT('',(0.580523498472,16.90741337488));
#4382 = CARTESIAN_POINT('',(0.604870251943,16.579998016971));
#4383 = CARTESIAN_POINT('',(0.656129412127,15.869013141972));
#4384 = CARTESIAN_POINT('',(0.682914303873,15.484098373919));
#4385 = CARTESIAN_POINT('',(0.709233274829,15.09423288005));
#4386 = CARTESIAN_POINT('',(0.735141297846,14.70018616599));
#4387 = CARTESIAN_POINT('',(0.760686428539,14.302563464398));
#4388 = CARTESIAN_POINT('',(0.806264977302,13.578491261279));
#4389 = CARTESIAN_POINT('',(0.826409064797,13.253144017584));
#4390 = CARTESIAN_POINT('',(0.846366810582,12.926026611049));
#4391 = CARTESIAN_POINT('',(0.866157326311,12.597352026903));
#4392 = CARTESIAN_POINT('',(0.885797585214,12.26730087045));
#4393 = CARTESIAN_POINT('',(0.935251328519,11.427407781815));
#4394 = CARTESIAN_POINT('',(0.964881599944,10.915916570327));
#4395 = CARTESIAN_POINT('',(0.994251243438,10.40210332085));
#4396 = CARTESIAN_POINT('',(1.023406497008,9.886422635928));
#4397 = CARTESIAN_POINT('',(1.052388433581,9.369255430694));
#4398 = CARTESIAN_POINT('',(1.111847678484,8.300838221679));
#4399 = CARTESIAN_POINT('',(1.142307181889,7.749453193943));
#4400 = CARTESIAN_POINT('',(1.172658403221,7.197142024881));
#4401 = CARTESIAN_POINT('',(1.202940090067,6.644245496322));
#4402 = CARTESIAN_POINT('',(1.233188098128,6.091071505234));
#4403 = CARTESIAN_POINT('',(1.288504760238,5.079473788159));
#4404 = CARTESIAN_POINT('',(1.313572874853,4.621054787049));
#4405 = CARTESIAN_POINT('',(1.338660913198,4.162800815085));
#4406 = CARTESIAN_POINT('',(1.363787279411,3.70486934953));
#4407 = CARTESIAN_POINT('',(1.388969877823,3.24741530274));
#4408 = CARTESIAN_POINT('',(1.426741792651,2.564230506952));
#4409 = CARTESIAN_POINT('',(1.439275054947,2.338024641242));
#4410 = CARTESIAN_POINT('',(1.451828704089,2.11199274537));
#4411 = CARTESIAN_POINT('',(1.464404910579,1.886153938716));
#4412 = CARTESIAN_POINT('',(1.477005846921,1.660527606847));
#4413 = CARTESIAN_POINT('',(1.503075762899,1.195205930995));
#4414 = CARTESIAN_POINT('',(1.516548326031,0.955541651756));
#4415 = CARTESIAN_POINT('',(1.530053994765,0.716164042464));
#4416 = CARTESIAN_POINT('',(1.543595434884,0.477097724216));
#4417 = CARTESIAN_POINT('',(1.557175324651,0.238367913117));
#4418 = CARTESIAN_POINT('',(1.570796319267,-1.271661318469E-07));
#4419 = ( GEOMETRIC_REPRESENTATION_CONTEXT(2) 
PARAMETRIC_REPRESENTATION_CONTEXT() REPRESENTATION_CONTEXT('2D SPACE',''
  ) );
#4420 = PCURVE('',#4421,#4426);
#4421 = TOROIDAL_SURFACE('',#4422,63.,17.5);
#4422 = AXIS2_PLACEMENT_3D('',#4423,#4424,#4425);
#4423 = CARTESIAN_POINT('',(31.5,311.5,35.));
#4424 = DIRECTION('',(0.,-1.,1.110223024625E-16));
#4425 = DIRECTION('',(1.,0.,0.));
#4426 = DEFINITIONAL_REPRESENTATION('',(#4427),#4485);
#4427 = B_SPLINE_CURVE_WITH_KNOTS('',6,(#4428,#4429,#4430,#4431,#4432,
    #4433,#4434,#4435,#4436,#4437,#4438,#4439,#4440,#4441,#4442,#4443,
    #4444,#4445,#4446,#4447,#4448,#4449,#4450,#4451,#4452,#4453,#4454,
    #4455,#4456,#4457,#4458,#4459,#4460,#4461,#4462,#4463,#4464,#4465,
    #4466,#4467,#4468,#4469,#4470,#4471,#4472,#4473,#4474,#4475,#4476,
    #4477,#4478,#4479,#4480,#4481,#4482,#4483,#4484),.UNSPECIFIED.,.F.,
  .F.,(7,5,5,5,5,5,5,5,5,5,5,7),(0.,8.16512535029E-02,0.13824750127,
    0.228765600091,0.319581573782,0.423241314474,0.506875489862,
    0.635282093476,0.771550573312,0.884478249182,0.940435094896,1.),
  .UNSPECIFIED.);
#4428 = CARTESIAN_POINT('',(2.74680153389,3.14159265359));
#4429 = CARTESIAN_POINT('',(2.74680153389,3.109311714174));
#4430 = CARTESIAN_POINT('',(2.747522944988,3.07701674412));
#4431 = CARTESIAN_POINT('',(2.748967049165,3.045027200795));
#4432 = CARTESIAN_POINT('',(2.751077922795,3.013555130792));
#4433 = CARTESIAN_POINT('',(2.753774603923,2.982750478164));
#4434 = CARTESIAN_POINT('',(2.759186661332,2.931890414409));
#4435 = CARTESIAN_POINT('',(2.761643523435,2.911426366848));
#4436 = CARTESIAN_POINT('',(2.764315120405,2.891337051754));
#4437 = CARTESIAN_POINT('',(2.767175305379,2.871625947656));
#4438 = CARTESIAN_POINT('',(2.770200872073,2.852287124453));
#4439 = CARTESIAN_POINT('',(2.778444612635,2.802948036827));
#4440 = CARTESIAN_POINT('',(2.783888338506,2.773515253863));
#4441 = CARTESIAN_POINT('',(2.789624981685,2.744936270213));
#4442 = CARTESIAN_POINT('',(2.795592030348,2.71714317295));
#4443 = CARTESIAN_POINT('',(2.801742462868,2.69006367368));
#4444 = CARTESIAN_POINT('',(2.814365988007,2.637082860284));
#4445 = CARTESIAN_POINT('',(2.820838104226,2.611193965526));
#4446 = CARTESIAN_POINT('',(2.827425434543,2.585875475409));
#4447 = CARTESIAN_POINT('',(2.834101354472,2.561069155118));
#4448 = CARTESIAN_POINT('',(2.840845339318,2.536722401647));
#4449 = CARTESIAN_POINT('',(2.855400614325,2.485463241463));
#4450 = CARTESIAN_POINT('',(2.863226984564,2.458678349716));
#4451 = CARTESIAN_POINT('',(2.871098226918,2.432359378761));
#4452 = CARTESIAN_POINT('',(2.878996617619,2.406451355744));
#4453 = CARTESIAN_POINT('',(2.886908393725,2.380906225051));
#4454 = CARTESIAN_POINT('',(2.901209078384,2.335327676287));
#4455 = CARTESIAN_POINT('',(2.907596666057,2.315183588793));
#4456 = CARTESIAN_POINT('',(2.913980378436,2.295225843007));
#4457 = CARTESIAN_POINT('',(2.920355511294,2.275435327279));
#4458 = CARTESIAN_POINT('',(2.926718156654,2.255795068375));
#4459 = CARTESIAN_POINT('',(2.942809703152,2.206341325071));
#4460 = CARTESIAN_POINT('',(2.952517023791,2.176711053646));
#4461 = CARTESIAN_POINT('',(2.962175324463,2.147341410152));
#4462 = CARTESIAN_POINT('',(2.971775467221,2.118186156582));
#4463 = CARTESIAN_POINT('',(2.98131022963,2.089204220008));
#4464 = CARTESIAN_POINT('',(3.000817280901,2.029744975106));
#4465 = CARTESIAN_POINT('',(3.010780376799,1.999285471701));
#4466 = CARTESIAN_POINT('',(3.020656528166,1.968934250369));
#4467 = CARTESIAN_POINT('',(3.030440222602,1.938652563523));
#4468 = CARTESIAN_POINT('',(3.040126959383,1.908404555462));
#4469 = CARTESIAN_POINT('',(3.057657310613,1.853087893352));
#4470 = CARTESIAN_POINT('',(3.065532348015,1.828019778737));
#4471 = CARTESIAN_POINT('',(3.073336128029,1.802931740392));
#4472 = CARTESIAN_POINT('',(3.081066766695,1.777805374179));
#4473 = CARTESIAN_POINT('',(3.088722577098,1.752622775767));
#4474 = CARTESIAN_POINT('',(3.100057752858,1.714850860939));
#4475 = CARTESIAN_POINT('',(3.103794708971,1.702317598643));
#4476 = CARTESIAN_POINT('',(3.107512726564,1.689763949501));
#4477 = CARTESIAN_POINT('',(3.11121162146,1.677187743011));
#4478 = CARTESIAN_POINT('',(3.114891213522,1.664586806669));
#4479 = CARTESIAN_POINT('',(3.122447441396,1.63851689069));
#4480 = CARTESIAN_POINT('',(3.126321483634,1.625044335015));
#4481 = CARTESIAN_POINT('',(3.130173236028,1.611538650651));
#4482 = CARTESIAN_POINT('',(3.134002492504,1.597997209919));
#4483 = CARTESIAN_POINT('',(3.137809041881,1.58441735039));
#4484 = CARTESIAN_POINT('',(3.141592651499,1.570796319528));
#4485 = ( GEOMETRIC_REPRESENTATION_CONTEXT(2) 
PARAMETRIC_REPRESENTATION_CONTEXT() REPRESENTATION_CONTEXT('2D SPACE',''
  ) );
#4486 = ORIENTED_EDGE('',*,*,#4487,.T.);
#4487 = EDGE_CURVE('',#4298,#4488,#4490,.T.);
#4488 = VERTEX_POINT('',#4489);
#4489 = CARTESIAN_POINT('',(-31.5,329.,35.000000000254));
#4490 = SURFACE_CURVE('',#4491,(#4604,#4720),.PCURVE_S1.);
#4491 = B_SPLINE_CURVE_WITH_KNOTS('',6,(#4492,#4493,#4494,#4495,#4496,
    #4497,#4498,#4499,#4500,#4501,#4502,#4503,#4504,#4505,#4506,#4507,
    #4508,#4509,#4510,#4511,#4512,#4513,#4514,#4515,#4516,#4517,#4518,
    #4519,#4520,#4521,#4522,#4523,#4524,#4525,#4526,#4527,#4528,#4529,
    #4530,#4531,#4532,#4533,#4534,#4535,#4536,#4537,#4538,#4539,#4540,
    #4541,#4542,#4543,#4544,#4545,#4546,#4547,#4548,#4549,#4550,#4551,
    #4552,#4553,#4554,#4555,#4556,#4557,#4558,#4559,#4560,#4561,#4562,
    #4563,#4564,#4565,#4566,#4567,#4568,#4569,#4570,#4571,#4572,#4573,
    #4574,#4575,#4576,#4577,#4578,#4579,#4580,#4581,#4582,#4583,#4584,
    #4585,#4586,#4587,#4588,#4589,#4590,#4591,#4592,#4593,#4594,#4595,
    #4596,#4597,#4598,#4599,#4600,#4601,#4602,#4603),.UNSPECIFIED.,.F.,
  .F.,(7,5,5,5,5,5,5,5,5,5,5,5,5,5,5,5,5,5,5,5,5,5,7),(0.,0.114830456513
    ,0.178291865039,0.224500111371,0.291075936702,0.35442417925,
    0.400120636388,0.424966855344,0.449422142041,0.478918760939,
    0.500266184256,0.526899622801,0.546593622788,0.569136808936,
    0.614369841144,0.659751734195,0.711558458509,0.753363706889,
    0.81756020195,0.885699129702,0.942169965235,0.970148213429,1.),
  .UNSPECIFIED.);
#4492 = CARTESIAN_POINT('',(-31.50000012716,294.,35.000000131738));
#4493 = CARTESIAN_POINT('',(-30.58091979396,293.99999996996,
    34.080919783258));
#4494 = CARTESIAN_POINT('',(-29.65650355919,294.05792292834,
    33.172593245777));
#4495 = CARTESIAN_POINT('',(-28.72813299063,294.1712272017,
    32.27675237221));
#4496 = CARTESIAN_POINT('',(-27.79715391382,294.33812993218,
    31.394935288002));
#4497 = CARTESIAN_POINT('',(-26.86487135469,294.55740525222,
    30.52848410826));
#4498 = CARTESIAN_POINT('',(-25.41731011523,294.97863032801,
    29.208846918314));
#4499 = CARTESIAN_POINT('',(-24.90207160602,295.14444384775,
    28.744197883261));
#4500 = CARTESIAN_POINT('',(-24.3870671123,295.32607650453,
    28.284818579475));
#4501 = CARTESIAN_POINT('',(-23.87254403361,295.52353232805,
    27.830919588702));
#4502 = CARTESIAN_POINT('',(-23.3587749906,295.73690153966,
    27.382716812945));
#4503 = CARTESIAN_POINT('',(-22.47273883493,296.13346989708,
    26.618390218012));
#4504 = CARTESIAN_POINT('',(-22.09997855981,296.30909953522,
    26.299488492928));
#4505 = CARTESIAN_POINT('',(-21.72789769057,296.49334506734,
    25.983812492749));
#4506 = CARTESIAN_POINT('',(-21.35662801478,296.686309695,25.67145544868
    ));
#4507 = CARTESIAN_POINT('',(-20.98631832453,296.88813204407,
    25.3625183817));
#4508 = CARTESIAN_POINT('',(-20.08522760644,297.40280141239,
    24.61708555609));
#4509 = CARTESIAN_POINT('',(-19.55568099348,297.72536319354,
    24.184403946606));
#4510 = CARTESIAN_POINT('',(-19.02897074125,298.06724031491,
    23.759368145391));
#4511 = CARTESIAN_POINT('',(-18.50572351486,298.42916760251,
    23.342375142247));
#4512 = CARTESIAN_POINT('',(-17.98673122659,298.81208484425,
    22.933910052144));
#4513 = CARTESIAN_POINT('',(-16.9842101651,299.60299152966,
    22.154600808698));
#4514 = CARTESIAN_POINT('',(-16.50025054779,300.00881271335,
    21.7829461234));
#4515 = CARTESIAN_POINT('',(-16.02195129821,300.43604458981,
    21.420073545248));
#4516 = CARTESIAN_POINT('',(-15.5505209881,300.88615436032,
    21.066704850526));
#4517 = CARTESIAN_POINT('',(-15.08758472533,301.3608861459,
    20.723798274245));
#4518 = CARTESIAN_POINT('',(-14.30922089016,302.22485180559,
    20.153796218721));
#4519 = CARTESIAN_POINT('',(-13.98869678216,302.60098153175,
    19.921100426182));
#4520 = CARTESIAN_POINT('',(-13.67464691013,302.99216901029,
    19.695040502702));
#4521 = CARTESIAN_POINT('',(-13.36822854066,303.39946163166,
    19.476302109436));
#4522 = CARTESIAN_POINT('',(-13.07095533218,303.82398883305,
    19.265779179147));
#4523 = CARTESIAN_POINT('',(-12.62921673512,304.50810866543,
    18.955266367419));
#4524 = CARTESIAN_POINT('',(-12.47693132627,304.75455424258,
    18.848680938337));
#4525 = CARTESIAN_POINT('',(-12.32826967368,305.00670341372,
    18.745067250251));
#4526 = CARTESIAN_POINT('',(-12.18361824432,305.26475683563,
    18.644655009278));
#4527 = CARTESIAN_POINT('',(-12.04342768373,305.52889945788,
    18.547712788211));
#4528 = CARTESIAN_POINT('',(-11.77512488748,306.06544551646,
    18.362846997646));
#4529 = CARTESIAN_POINT('',(-11.64686503729,306.33763891248,
    18.274810807787));
#4530 = CARTESIAN_POINT('',(-11.52391972896,306.61604144699,
    18.190728157153));
#4531 = CARTESIAN_POINT('',(-11.40686634289,306.90074859216,
    18.1109449509));
#4532 = CARTESIAN_POINT('',(-11.29635194023,307.19176899429,
    18.035849783401));
#4533 = CARTESIAN_POINT('',(-11.06850208995,307.8475118159,
    17.881443273377));
#4534 = CARTESIAN_POINT('',(-10.95445530353,308.21506304777,
    17.804452997818));
#4535 = CARTESIAN_POINT('',(-10.8521709166,308.59142564947,
    17.735635744237));
#4536 = CARTESIAN_POINT('',(-10.76300222928,308.97601982407,
    17.675808249188));
#4537 = CARTESIAN_POINT('',(-10.68829238402,309.36784421366,
    17.625781814376));
#4538 = CARTESIAN_POINT('',(-10.58623293144,310.05296383159,
    17.557533064852));
#4539 = CARTESIAN_POINT('',(-10.5514984648,310.34359182615,
    17.53434061246));
#4540 = CARTESIAN_POINT('',(-10.52528330495,310.6365490141,
    17.516855093598));
#4541 = CARTESIAN_POINT('',(-10.50788596583,310.93111867375,
    17.50525737855));
#4542 = CARTESIAN_POINT('',(-10.49946781625,311.2265056099,
    17.49964521066));
#4543 = CARTESIAN_POINT('',(-10.50070986869,311.89028330216,
    17.500473246026));
#4544 = CARTESIAN_POINT('',(-10.51536314441,312.25872590422,
    17.510242296335));
#4545 = CARTESIAN_POINT('',(-10.54397521238,312.62541213867,
    17.529317162399));
#4546 = CARTESIAN_POINT('',(-10.58612355779,312.98884949691,
    17.557442092344));
#4547 = CARTESIAN_POINT('',(-10.64108517252,313.34777380944,
    17.594179270949));
#4548 = CARTESIAN_POINT('',(-10.75739910845,313.96240737146,
    17.672105829736));
#4549 = CARTESIAN_POINT('',(-10.81336189057,314.2206785072,
    17.709645626243));
#4550 = CARTESIAN_POINT('',(-10.87548645495,314.47555752975,
    17.751383270346));
#4551 = CARTESIAN_POINT('',(-10.94338237503,314.72677168933,
    17.797082880875));
#4552 = CARTESIAN_POINT('',(-11.01665191758,314.97413894007,
    17.84650448209));
#4553 = CARTESIAN_POINT('',(-11.18450648476,315.49617945849,
    17.959992600819));
#4554 = CARTESIAN_POINT('',(-11.28063967017,315.76961939354,
    18.025142025823));
#4555 = CARTESIAN_POINT('',(-11.38275342304,316.03772926803,
    18.094529893411));
#4556 = CARTESIAN_POINT('',(-11.4903111297,316.30046416601,
    18.167833553104));
#4557 = CARTESIAN_POINT('',(-11.60282306224,316.55785839675,
    18.244759181613));
#4558 = CARTESIAN_POINT('',(-11.95471335822,317.31594610746,
    18.486166347371));
#4559 = CARTESIAN_POINT('',(-12.20772831532,317.80060972214,
    18.660792593936));
#4560 = CARTESIAN_POINT('',(-12.47556215044,318.26501692197,
    18.846940609158));
#4561 = CARTESIAN_POINT('',(-12.75554586556,318.71027475916,
    19.043022372682));
#4562 = CARTESIAN_POINT('',(-13.04566332279,319.13761670238,
    19.247831652492));
#4563 = CARTESIAN_POINT('',(-13.64441832246,319.96051100928,
    19.674036381502));
#4564 = CARTESIAN_POINT('',(-13.95302027442,320.35582621163,
    19.895417672376));
#4565 = CARTESIAN_POINT('',(-14.26887765369,320.73558857142,
    20.123863345526));
#4566 = CARTESIAN_POINT('',(-14.59085276926,321.10078818361,
    20.358703442366));
#4567 = CARTESIAN_POINT('',(-14.91806436116,321.45231319394,
    20.599417475818));
#4568 = CARTESIAN_POINT('',(-15.62865699968,322.1775744126,
    21.126720900023));
#4569 = CARTESIAN_POINT('',(-16.01338427235,322.54736162206,
    21.414945093219));
#4570 = CARTESIAN_POINT('',(-16.40306162927,322.90150330397,
    21.709736226381));
#4571 = CARTESIAN_POINT('',(-16.79691987243,323.24087802252,
    22.010640861546));
#4572 = CARTESIAN_POINT('',(-17.1943539915,323.56622747985,
    22.317298928773));
#4573 = CARTESIAN_POINT('',(-17.91813836678,324.12991364692,
    22.881332725967));
#4574 = CARTESIAN_POINT('',(-18.24338702356,324.37291360458,
    23.136783926875));
#4575 = CARTESIAN_POINT('',(-18.57040649712,324.60750553494,
    23.39565174722));
#4576 = CARTESIAN_POINT('',(-18.89898377525,324.83395343198,
    23.657807143385));
#4577 = CARTESIAN_POINT('',(-19.2289382337,325.05247667861,
    23.923138849135));
#4578 = CARTESIAN_POINT('',(-20.06867774838,325.58695208977,
    24.603729290542));
#4579 = CARTESIAN_POINT('',(-20.58011390777,325.89239103285,
    25.023163437645));
#4580 = CARTESIAN_POINT('',(-21.09387419166,326.18026513964,
    25.449512027203));
#4581 = CARTESIAN_POINT('',(-21.60950376303,326.45103890688,
    25.882476350374));
#4582 = CARTESIAN_POINT('',(-22.12662154282,326.70504970754,
    26.321792942648));
#4583 = CARTESIAN_POINT('',(-23.19503631566,327.19458537502,
    27.240034629187));
#4584 = CARTESIAN_POINT('',(-23.74646898081,327.42801114849,
    27.719724083573));
#4585 = CARTESIAN_POINT('',(-24.29882969682,327.64307412711,
    28.206027096518));
#4586 = CARTESIAN_POINT('',(-24.85177743425,327.83989250247,
    28.698675594068));
#4587 = CARTESIAN_POINT('',(-25.40500410954,328.01848058905,
    29.197408184431));
#4588 = CARTESIAN_POINT('',(-26.41672590289,328.31158571864,
    30.120134309198));
#4589 = CARTESIAN_POINT('',(-26.87521586942,328.43183631844,
    30.542297526432));
#4590 = CARTESIAN_POINT('',(-27.33354162001,328.53945996921,
    30.968314973312));
#4591 = CARTESIAN_POINT('',(-27.79154558862,328.63436272554,
    31.398033481381));
#4592 = CARTESIAN_POINT('',(-28.24907278883,328.71640814831,
    31.831293204357));
#4593 = CARTESIAN_POINT('',(-28.93233840053,328.81961317059,
    32.484256206826));
#4594 = CARTESIAN_POINT('',(-29.1585515241,328.850606183,32.701412896689
    ));
#4595 = CARTESIAN_POINT('',(-29.38459086235,328.87837864117,
    32.919377055592));
#4596 = CARTESIAN_POINT('',(-29.61043729626,328.90290670027,
    33.138127363527));
#4597 = CARTESIAN_POINT('',(-29.83607144131,328.92416408741,
    33.357641696026));
#4598 = CARTESIAN_POINT('',(-30.30196971076,328.96128265834,
    33.812901760108));
#4599 = CARTESIAN_POINT('',(-30.54220157041,328.97668716299,
    34.048750035081));
#4600 = CARTESIAN_POINT('',(-30.78214557573,328.98830076125,
    34.285413779853));
#4601 = CARTESIAN_POINT('',(-31.0217769381,328.99608544163,
    34.522864165862));
#4602 = CARTESIAN_POINT('',(-31.26107027051,328.99999999932,
    34.761070641446));
#4603 = CARTESIAN_POINT('',(-31.50000012714,329.,34.999999868106));
#4604 = PCURVE('',#4166,#4605);
#4605 = DEFINITIONAL_REPRESENTATION('',(#4606),#4719);
#4606 = B_SPLINE_CURVE_WITH_KNOTS('',6,(#4607,#4608,#4609,#4610,#4611,
    #4612,#4613,#4614,#4615,#4616,#4617,#4618,#4619,#4620,#4621,#4622,
    #4623,#4624,#4625,#4626,#4627,#4628,#4629,#4630,#4631,#4632,#4633,
    #4634,#4635,#4636,#4637,#4638,#4639,#4640,#4641,#4642,#4643,#4644,
    #4645,#4646,#4647,#4648,#4649,#4650,#4651,#4652,#4653,#4654,#4655,
    #4656,#4657,#4658,#4659,#4660,#4661,#4662,#4663,#4664,#4665,#4666,
    #4667,#4668,#4669,#4670,#4671,#4672,#4673,#4674,#4675,#4676,#4677,
    #4678,#4679,#4680,#4681,#4682,#4683,#4684,#4685,#4686,#4687,#4688,
    #4689,#4690,#4691,#4692,#4693,#4694,#4695,#4696,#4697,#4698,#4699,
    #4700,#4701,#4702,#4703,#4704,#4705,#4706,#4707,#4708,#4709,#4710,
    #4711,#4712,#4713,#4714,#4715,#4716,#4717,#4718),.UNSPECIFIED.,.F.,
  .F.,(7,5,5,5,5,5,5,5,5,5,5,5,5,5,5,5,5,5,5,5,5,5,7),(0.,0.114830456513
    ,0.178291865039,0.224500111371,0.291075936702,0.35442417925,
    0.400120636388,0.424966855344,0.449422142041,0.478918760939,
    0.500266184256,0.526899622801,0.546593622788,0.569136808936,
    0.614369841144,0.659751734195,0.711558458509,0.753363706889,
    0.81756020195,0.885699129702,0.942169965235,0.970148213429,1.),
  .UNSPECIFIED.);
#4607 = CARTESIAN_POINT('',(1.570796319267,-1.271661318469E-07));
#4608 = CARTESIAN_POINT('',(1.623315180439,0.919080206036));
#4609 = CARTESIAN_POINT('',(1.675219644002,1.843496440807));
#4610 = CARTESIAN_POINT('',(1.726671034166,2.771867009363));
#4611 = CARTESIAN_POINT('',(1.777812902531,3.702846086177));
#4612 = CARTESIAN_POINT('',(1.828790004998,4.63512864531));
#4613 = CARTESIAN_POINT('',(1.907946226202,6.082689884761));
#4614 = CARTESIAN_POINT('',(1.936121467325,6.59792839398));
#4615 = CARTESIAN_POINT('',(1.964325010138,7.112932887693));
#4616 = CARTESIAN_POINT('',(1.992585646861,7.627455966383));
#4617 = CARTESIAN_POINT('',(2.020934636101,8.1412250094));
#4618 = CARTESIAN_POINT('',(2.070139301745,9.027261165068));
#4619 = CARTESIAN_POINT('',(2.090936677548,9.400021440188));
#4620 = CARTESIAN_POINT('',(2.11181323388,9.772102309422));
#4621 = CARTESIAN_POINT('',(2.132783475683,10.143371985218));
#4622 = CARTESIAN_POINT('',(2.153863320595,10.513681675462));
#4623 = CARTESIAN_POINT('',(2.205625876005,11.414772393552));
#4624 = CARTESIAN_POINT('',(2.236444647611,11.944319006519));
#4625 = CARTESIAN_POINT('',(2.267582288332,12.471029258748));
#4626 = CARTESIAN_POINT('',(2.299099952017,12.994276485134));
#4627 = CARTESIAN_POINT('',(2.331068137946,13.513268773406));
#4628 = CARTESIAN_POINT('',(2.394516173105,14.515789834893));
#4629 = CARTESIAN_POINT('',(2.425940303939,14.999749452202));
#4630 = CARTESIAN_POINT('',(2.457936868908,15.478048701788));
#4631 = CARTESIAN_POINT('',(2.490598824999,15.949479011895));
#4632 = CARTESIAN_POINT('',(2.524033056843,16.412415274661));
#4633 = CARTESIAN_POINT('',(2.583179061022,17.19077910984));
#4634 = CARTESIAN_POINT('',(2.608442056895,17.511303217831));
#4635 = CARTESIAN_POINT('',(2.634241821296,17.825353089864));
#4636 = CARTESIAN_POINT('',(2.660639557505,18.131771459336));
#4637 = CARTESIAN_POINT('',(2.687701365195,18.429044667818));
#4638 = CARTESIAN_POINT('',(2.730632278896,18.870783264872));
#4639 = CARTESIAN_POINT('',(2.745973067911,19.023068673724));
#4640 = CARTESIAN_POINT('',(2.761546677327,19.171730326318));
#4641 = CARTESIAN_POINT('',(2.777365245602,19.316381755678));
#4642 = CARTESIAN_POINT('',(2.793440341381,19.456572316262));
#4643 = CARTESIAN_POINT('',(2.825868952256,19.724875112515));
#4644 = CARTESIAN_POINT('',(2.842213221096,19.853134962703));
#4645 = CARTESIAN_POINT('',(2.858826827287,19.976080271032));
#4646 = CARTESIAN_POINT('',(2.875717222893,20.093133657106));
#4647 = CARTESIAN_POINT('',(2.892887793969,20.203648059763));
#4648 = CARTESIAN_POINT('',(2.931383593621,20.431497910043));
#4649 = CARTESIAN_POINT('',(2.952835758651,20.54554469647));
#4650 = CARTESIAN_POINT('',(2.974687785673,20.647829083395));
#4651 = CARTESIAN_POINT('',(2.996916659776,20.736997770718));
#4652 = CARTESIAN_POINT('',(3.019479714989,20.81170761598));
#4653 = CARTESIAN_POINT('',(3.058823175206,20.913767068555));
#4654 = CARTESIAN_POINT('',(3.075480072422,20.948501535192));
#4655 = CARTESIAN_POINT('',(3.092245176544,20.97471669505));
#4656 = CARTESIAN_POINT('',(3.109085555157,20.992114034163));
#4657 = CARTESIAN_POINT('',(3.12596438992,21.000532183746));
#4658 = CARTESIAN_POINT('',(3.163894573276,20.999290131302));
#4659 = CARTESIAN_POINT('',(3.18494909166,20.984636855587));
#4660 = CARTESIAN_POINT('',(3.20592080374,20.956024787618));
#4661 = CARTESIAN_POINT('',(3.226740969007,20.91387644221));
#4662 = CARTESIAN_POINT('',(3.247352115769,20.858914827478));
#4663 = CARTESIAN_POINT('',(3.282755192501,20.742600891546));
#4664 = CARTESIAN_POINT('',(3.297666144445,20.686638109423));
#4665 = CARTESIAN_POINT('',(3.312421125238,20.62451354505));
#4666 = CARTESIAN_POINT('',(3.32700850206,20.55661762497));
#4667 = CARTESIAN_POINT('',(3.341421080315,20.483348082412));
#4668 = CARTESIAN_POINT('',(3.371948731533,20.31549351524));
#4669 = CARTESIAN_POINT('',(3.388008083587,20.219360329826));
#4670 = CARTESIAN_POINT('',(3.403829062256,20.11724657696));
#4671 = CARTESIAN_POINT('',(3.419411873798,20.009688870294));
#4672 = CARTESIAN_POINT('',(3.43476048352,19.897176937757));
#4673 = CARTESIAN_POINT('',(3.480223162426,19.545286641778));
#4674 = CARTESIAN_POINT('',(3.509640329223,19.292271684678));
#4675 = CARTESIAN_POINT('',(3.538204587466,19.02443784956));
#4676 = CARTESIAN_POINT('',(3.565983739971,18.74445413444));
#4677 = CARTESIAN_POINT('',(3.593049960388,18.454336677204));
#4678 = CARTESIAN_POINT('',(3.646005251853,17.855581677533));
#4679 = CARTESIAN_POINT('',(3.671881925056,17.546979725578));
#4680 = CARTESIAN_POINT('',(3.697188639755,17.231122346306));
#4681 = CARTESIAN_POINT('',(3.721983555425,16.909147230737));
#4682 = CARTESIAN_POINT('',(3.746319210128,16.581935638837));
#4683 = CARTESIAN_POINT('',(3.797558631701,15.871343000311));
#4684 = CARTESIAN_POINT('',(3.824334825664,15.486615727646));
#4685 = CARTESIAN_POINT('',(3.850645233333,15.096938370725));
#4686 = CARTESIAN_POINT('',(3.876544790293,14.703080127569));
#4687 = CARTESIAN_POINT('',(3.902081521115,14.305646008493));
#4688 = CARTESIAN_POINT('',(3.947648290938,13.58186163322));
#4689 = CARTESIAN_POINT('',(3.96778891788,13.256612976439));
#4690 = CARTESIAN_POINT('',(3.987743158191,12.929593502875));
#4691 = CARTESIAN_POINT('',(4.007530121083,12.601016224749));
#4692 = CARTESIAN_POINT('',(4.027166777522,12.2710617663));
#4693 = CARTESIAN_POINT('',(4.076616560388,11.431322251619));
#4694 = CARTESIAN_POINT('',(4.106246290639,10.919886092225));
#4695 = CARTESIAN_POINT('',(4.135615180577,10.406125808337));
#4696 = CARTESIAN_POINT('',(4.164769482853,9.89049623697));
#4697 = CARTESIAN_POINT('',(4.193750281644,9.373378457176));
#4698 = CARTESIAN_POINT('',(4.253212166939,8.304963684336));
#4699 = CARTESIAN_POINT('',(4.283675371829,7.753531019184));
#4700 = CARTESIAN_POINT('',(4.314030073762,7.20117030318));
#4701 = CARTESIAN_POINT('',(4.344315044916,6.648222565743));
#4702 = CARTESIAN_POINT('',(4.374566161314,6.094995890454));
#4703 = CARTESIAN_POINT('',(4.429889599704,5.083274097105));
#4704 = CARTESIAN_POINT('',(4.454961431695,4.624784130572));
#4705 = CARTESIAN_POINT('',(4.480053091199,4.166458379989));
#4706 = CARTESIAN_POINT('',(4.505182993234,3.708454411375));
#4707 = CARTESIAN_POINT('',(4.530369051662,3.250927211162));
#4708 = CARTESIAN_POINT('',(4.5681444117,2.567661599467));
#4709 = CARTESIAN_POINT('',(4.580677704956,2.341448475891));
#4710 = CARTESIAN_POINT('',(4.593231364072,2.115409137647));
#4711 = CARTESIAN_POINT('',(4.605807559707,1.889562703735));
#4712 = CARTESIAN_POINT('',(4.618408464473,1.663928558688));
#4713 = CARTESIAN_POINT('',(4.64450964995,1.198030289237));
#4714 = CARTESIAN_POINT('',(4.658013653854,0.957798429582));
#4715 = CARTESIAN_POINT('',(4.671550901076,0.717854424266));
#4716 = CARTESIAN_POINT('',(4.685124075522,0.478223061899));
#4717 = CARTESIAN_POINT('',(4.6987358742,0.238929729481));
#4718 = CARTESIAN_POINT('',(4.712388972848,-1.271456611107E-07));
#4719 = ( GEOMETRIC_REPRESENTATION_CONTEXT(2) 
PARAMETRIC_REPRESENTATION_CONTEXT() REPRESENTATION_CONTEXT('2D SPACE',''
  ) );
#4720 = PCURVE('',#4421,#4721);
#4721 = DEFINITIONAL_REPRESENTATION('',(#4722),#4835);
#4722 = B_SPLINE_CURVE_WITH_KNOTS('',6,(#4723,#4724,#4725,#4726,#4727,
    #4728,#4729,#4730,#4731,#4732,#4733,#4734,#4735,#4736,#4737,#4738,
    #4739,#4740,#4741,#4742,#4743,#4744,#4745,#4746,#4747,#4748,#4749,
    #4750,#4751,#4752,#4753,#4754,#4755,#4756,#4757,#4758,#4759,#4760,
    #4761,#4762,#4763,#4764,#4765,#4766,#4767,#4768,#4769,#4770,#4771,
    #4772,#4773,#4774,#4775,#4776,#4777,#4778,#4779,#4780,#4781,#4782,
    #4783,#4784,#4785,#4786,#4787,#4788,#4789,#4790,#4791,#4792,#4793,
    #4794,#4795,#4796,#4797,#4798,#4799,#4800,#4801,#4802,#4803,#4804,
    #4805,#4806,#4807,#4808,#4809,#4810,#4811,#4812,#4813,#4814,#4815,
    #4816,#4817,#4818,#4819,#4820,#4821,#4822,#4823,#4824,#4825,#4826,
    #4827,#4828,#4829,#4830,#4831,#4832,#4833,#4834),.UNSPECIFIED.,.F.,
  .F.,(7,5,5,5,5,5,5,5,5,5,5,5,5,5,5,5,5,5,5,5,5,5,7),(0.,0.114830456513
    ,0.178291865039,0.224500111371,0.291075936702,0.35442417925,
    0.400120636388,0.424966855344,0.449422142041,0.478918760939,
    0.500266184256,0.526899622801,0.546593622788,0.569136808936,
    0.614369841144,0.659751734195,0.711558458509,0.753363706889,
    0.81756020195,0.885699129702,0.942169965235,0.970148213429,1.),
  .UNSPECIFIED.);
#4723 = CARTESIAN_POINT('',(3.141592651499,1.570796319528));
#4724 = CARTESIAN_POINT('',(3.156181228475,1.62331517974));
#4725 = CARTESIAN_POINT('',(3.171109893314,1.675219644983));
#4726 = CARTESIAN_POINT('',(3.186367867565,1.726671033428));
#4727 = CARTESIAN_POINT('',(3.201942753577,1.777812902777));
#4728 = CARTESIAN_POINT('',(3.217820347981,1.828790004998));
#4729 = CARTESIAN_POINT('',(3.242917389889,1.907946226202));
#4730 = CARTESIAN_POINT('',(3.25193761687,1.936121467325));
#4731 = CARTESIAN_POINT('',(3.261042035465,1.964325010138));
#4732 = CARTESIAN_POINT('',(3.270227046302,1.992585646861));
#4733 = CARTESIAN_POINT('',(3.279488277706,2.020934636101));
#4734 = CARTESIAN_POINT('',(3.295615492697,2.070139301745));
#4735 = CARTESIAN_POINT('',(3.302448096924,2.090936677548));
#4736 = CARTESIAN_POINT('',(3.309316208632,2.11181323388));
#4737 = CARTESIAN_POINT('',(3.316217398737,2.132783475683));
#4738 = CARTESIAN_POINT('',(3.323148789748,2.153863320595));
#4739 = CARTESIAN_POINT('',(3.340132200821,2.205625876005));
#4740 = CARTESIAN_POINT('',(3.350212663344,2.236444647612));
#4741 = CARTESIAN_POINT('',(3.360338733912,2.267582288332));
#4742 = CARTESIAN_POINT('',(3.370497237468,2.299099952017));
#4743 = CARTESIAN_POINT('',(3.380670884237,2.331068137946));
#4744 = CARTESIAN_POINT('',(3.400509203834,2.394516173105));
#4745 = CARTESIAN_POINT('',(3.410173281561,2.425940303939));
#4746 = CARTESIAN_POINT('',(3.419810045259,2.457936868908));
#4747 = CARTESIAN_POINT('',(3.429391972069,2.490598824999));
#4748 = CARTESIAN_POINT('',(3.438881494974,2.524033056843));
#4749 = CARTESIAN_POINT('',(3.454965830884,2.583179061022));
#4750 = CARTESIAN_POINT('',(3.461629158295,2.608442056895));
#4751 = CARTESIAN_POINT('',(3.46819619494,2.634241821296));
#4752 = CARTESIAN_POINT('',(3.474639970513,2.660639557505));
#4753 = CARTESIAN_POINT('',(3.480925064888,2.687701365195));
#4754 = CARTESIAN_POINT('',(3.490310851235,2.730632278896));
#4755 = CARTESIAN_POINT('',(3.493555734582,2.745973067911));
#4756 = CARTESIAN_POINT('',(3.496732124725,2.761546677327));
#4757 = CARTESIAN_POINT('',(3.499830983365,2.777365245602));
#4758 = CARTESIAN_POINT('',(3.502841779482,2.793440341381));
#4759 = CARTESIAN_POINT('',(3.508617377649,2.825868952256));
#4760 = CARTESIAN_POINT('',(3.511385137825,2.842213221096));
#4761 = CARTESIAN_POINT('',(3.514044371813,2.858826827287));
#4762 = CARTESIAN_POINT('',(3.516581611657,2.875717222893));
#4763 = CARTESIAN_POINT('',(3.518981778865,2.892887793969));
#4764 = CARTESIAN_POINT('',(3.523938715336,2.931383593621));
#4765 = CARTESIAN_POINT('',(3.526425806885,2.952835758651));
#4766 = CARTESIAN_POINT('',(3.528661093084,2.974687785673));
#4767 = CARTESIAN_POINT('',(3.530613105582,2.996916659776));
#4768 = CARTESIAN_POINT('',(3.532250621661,3.019479714989));
#4769 = CARTESIAN_POINT('',(3.534489445677,3.058823175206));
#4770 = CARTESIAN_POINT('',(3.535252107349,3.075480072422));
#4771 = CARTESIAN_POINT('',(3.535828087254,3.092245176544));
#4772 = CARTESIAN_POINT('',(3.536210456747,3.109085555157));
#4773 = CARTESIAN_POINT('',(3.536395469632,3.12596438992));
#4774 = CARTESIAN_POINT('',(3.536368171784,3.163894573276));
#4775 = CARTESIAN_POINT('',(3.536046125847,3.18494909166));
#4776 = CARTESIAN_POINT('',(3.535417292238,3.20592080374));
#4777 = CARTESIAN_POINT('',(3.53449148322,3.226740969007));
#4778 = CARTESIAN_POINT('',(3.533285485168,3.247352115769));
#4779 = CARTESIAN_POINT('',(3.530736919475,3.282755192501));
#4780 = CARTESIAN_POINT('',(3.52951165693,3.297666144445));
#4781 = CARTESIAN_POINT('',(3.528152794056,3.312421125238));
#4782 = CARTESIAN_POINT('',(3.526669405193,3.32700850206));
#4783 = CARTESIAN_POINT('',(3.525070740165,3.341421080315));
#4784 = CARTESIAN_POINT('',(3.521413731768,3.371948731533));
#4785 = CARTESIAN_POINT('',(3.519322390489,3.388008083587));
#4786 = CARTESIAN_POINT('',(3.517104690507,3.403829062256));
#4787 = CARTESIAN_POINT('',(3.514773130417,3.419411873798));
#4788 = CARTESIAN_POINT('',(3.512339127123,3.43476048352));
#4789 = CARTESIAN_POINT('',(3.504743015198,3.480223162426));
#4790 = CARTESIAN_POINT('',(3.499302441255,3.509640329223));
#4791 = CARTESIAN_POINT('',(3.493569231101,3.538204587466));
#4792 = CARTESIAN_POINT('',(3.487605803661,3.565983739971));
#4793 = CARTESIAN_POINT('',(3.481459118142,3.593049960388));
#4794 = CARTESIAN_POINT('',(3.468843280956,3.646005251853));
#4795 = CARTESIAN_POINT('',(3.462375101609,3.671881925056));
#4796 = CARTESIAN_POINT('',(3.455791754913,3.697188639755));
#4797 = CARTESIAN_POINT('',(3.449119838035,3.721983555425));
#4798 = CARTESIAN_POINT('',(3.442379856751,3.746319210128));
#4799 = CARTESIAN_POINT('',(3.427832137888,3.797558631701));
#4800 = CARTESIAN_POINT('',(3.42000929789,3.824334825664));
#4801 = CARTESIAN_POINT('',(3.412141542301,3.850645233333));
#4802 = CARTESIAN_POINT('',(3.404246588388,3.876544790293));
#4803 = CARTESIAN_POINT('',(3.396338194754,3.902081521115));
#4804 = CARTESIAN_POINT('',(3.382042475044,3.947648290938));
#4805 = CARTESIAN_POINT('',(3.375656488943,3.96778891788));
#4806 = CARTESIAN_POINT('',(3.369274341608,3.987743158191));
#4807 = CARTESIAN_POINT('',(3.362900738319,4.007530121083));
#4808 = CARTESIAN_POINT('',(3.35653958795,4.027166777522));
#4809 = CARTESIAN_POINT('',(3.340450020119,4.076616560388));
#4810 = CARTESIAN_POINT('',(3.330743150529,4.106246290639));
#4811 = CARTESIAN_POINT('',(3.321085243369,4.135615180577));
#4812 = CARTESIAN_POINT('',(3.311485443143,4.164769482853));
#4813 = CARTESIAN_POINT('',(3.301950977225,4.193750281644));
#4814 = CARTESIAN_POINT('',(3.282442693614,4.253212166939));
#4815 = CARTESIAN_POINT('',(3.272478091742,4.283675371829));
#4816 = CARTESIAN_POINT('',(3.262600422739,4.314030073762));
#4817 = CARTESIAN_POINT('',(3.252815204931,4.344315044916));
#4818 = CARTESIAN_POINT('',(3.24312694348,4.374566161314));
#4819 = CARTESIAN_POINT('',(3.225593369504,4.429889599704));
#4820 = CARTESIAN_POINT('',(3.217716641157,4.454961431695));
#4821 = CARTESIAN_POINT('',(3.209911181426,4.480053091199));
#4822 = CARTESIAN_POINT('',(3.202178876054,4.505182993234));
#4823 = CARTESIAN_POINT('',(3.194521413353,4.530369051662));
#4824 = CARTESIAN_POINT('',(3.183184278661,4.5681444117));
#4825 = CARTESIAN_POINT('',(3.179446999354,4.580677704956));
#4826 = CARTESIAN_POINT('',(3.175728657553,4.593231364072));
#4827 = CARTESIAN_POINT('',(3.172029437485,4.605807559707));
#4828 = CARTESIAN_POINT('',(3.168349519322,4.618408464473));
#4829 = CARTESIAN_POINT('',(3.160783520949,4.64450964995));
#4830 = CARTESIAN_POINT('',(3.156900137336,4.658013646541));
#4831 = CARTESIAN_POINT('',(3.153039147185,4.671550909139));
#4832 = CARTESIAN_POINT('',(3.1492007582,4.685124084117));
#4833 = CARTESIAN_POINT('',(3.145385183087,4.698735852998));
#4834 = CARTESIAN_POINT('',(3.141592655683,4.71238898765));
#4835 = ( GEOMETRIC_REPRESENTATION_CONTEXT(2) 
PARAMETRIC_REPRESENTATION_CONTEXT() REPRESENTATION_CONTEXT('2D SPACE',''
  ) );
#4836 = ORIENTED_EDGE('',*,*,#4837,.T.);
#4837 = EDGE_CURVE('',#4488,#4275,#4838,.T.);
#4838 = SURFACE_CURVE('',#4839,(#4887,#4938),.PCURVE_S1.);
#4839 = B_SPLINE_CURVE_WITH_KNOTS('',6,(#4840,#4841,#4842,#4843,#4844,
    #4845,#4846,#4847,#4848,#4849,#4850,#4851,#4852,#4853,#4854,#4855,
    #4856,#4857,#4858,#4859,#4860,#4861,#4862,#4863,#4864,#4865,#4866,
    #4867,#4868,#4869,#4870,#4871,#4872,#4873,#4874,#4875,#4876,#4877,
    #4878,#4879,#4880,#4881,#4882,#4883,#4884,#4885,#4886),
  .UNSPECIFIED.,.F.,.F.,(7,5,5,5,5,5,5,5,5,7),(0.,0.231428963592,
    0.35834612903,0.450722177496,0.583748738783,0.710241365062,
    0.801438431422,0.896890377835,0.950578881136,1.),.UNSPECIFIED.);
#4840 = CARTESIAN_POINT('',(-31.50000012714,329.,34.999999868106));
#4841 = CARTESIAN_POINT('',(-30.57383428978,329.00000003289,
    35.926165721289));
#4842 = CARTESIAN_POINT('',(-29.64225106788,328.94118052444,
    36.841410207603));
#4843 = CARTESIAN_POINT('',(-28.70666263057,328.82614269577,
    37.743962780847));
#4844 = CARTESIAN_POINT('',(-27.76844550861,328.65670445467,
    38.632251267203));
#4845 = CARTESIAN_POINT('',(-26.82893533708,328.43411149061,
    39.504904477116));
#4846 = CARTESIAN_POINT('',(-25.37420618506,328.00767268268,
    40.830080405684));
#4847 = CARTESIAN_POINT('',(-24.85899887439,327.84076133034,
    41.294348707991));
#4848 = CARTESIAN_POINT('',(-24.34403905288,327.65803241469,
    41.753336002103));
#4849 = CARTESIAN_POINT('',(-23.82957492319,327.45947860068,
    42.206831650354));
#4850 = CARTESIAN_POINT('',(-23.31588030913,327.24500594326,
    42.654619421221));
#4851 = CARTESIAN_POINT('',(-22.43014914731,326.84657967146,
    43.41808113907));
#4852 = CARTESIAN_POINT('',(-22.05761095334,326.67020692429,
    43.736541215411));
#4853 = CARTESIAN_POINT('',(-21.68576133535,326.48521817513,
    44.051771381149));
#4854 = CARTESIAN_POINT('',(-21.31473275372,326.29150850017,
    44.363678155935));
#4855 = CARTESIAN_POINT('',(-20.94467487313,326.08893735438,
    44.672160143156));
#4856 = CARTESIAN_POINT('',(-20.04449446324,325.57257886416,
    45.4162486519));
#4857 = CARTESIAN_POINT('',(-19.51561689761,325.24908936159,
    45.848042505111));
#4858 = CARTESIAN_POINT('',(-18.9896002998,324.90628518327,
    46.272185907517));
#4859 = CARTESIAN_POINT('',(-18.4670750703,324.54342492561,
    46.688280035898));
#4860 = CARTESIAN_POINT('',(-17.94883845399,324.15956149105,
    47.095836969126));
#4861 = CARTESIAN_POINT('',(-16.94820011941,323.36702190972,
    47.873093480291));
#4862 = CARTESIAN_POINT('',(-16.46535779023,322.9605440675,
    48.243615527803));
#4863 = CARTESIAN_POINT('',(-15.9882117736,322.53265543063,
    48.605351801354));
#4864 = CARTESIAN_POINT('',(-15.5179782245,322.08188214373,
    48.957576189729));
#4865 = CARTESIAN_POINT('',(-15.05629316986,321.60647386176,
    49.299324132333));
#4866 = CARTESIAN_POINT('',(-14.28037844783,320.74150122385,
    49.867163571395));
#4867 = CARTESIAN_POINT('',(-13.9610127664,320.36506699986,
    50.098873097172));
#4868 = CARTESIAN_POINT('',(-13.64815692908,319.97357820513,
    50.323938026374));
#4869 = CARTESIAN_POINT('',(-13.34297482155,319.56598761814,
    50.541668691453));
#4870 = CARTESIAN_POINT('',(-13.04698869545,319.14116813169,
    50.751165961922));
#4871 = CARTESIAN_POINT('',(-12.46409393062,318.23359378835,
    51.160692883015));
#4872 = CARTESIAN_POINT('',(-12.17839819699,317.7492875851,
    51.359722702844));
#4873 = CARTESIAN_POINT('',(-11.90721429462,317.24301415461,
    51.54712908487));
#4874 = CARTESIAN_POINT('',(-11.65376476484,316.71343652991,
    51.720970368722));
#4875 = CARTESIAN_POINT('',(-11.42235412678,316.15974138374,
    51.878676840705));
#4876 = CARTESIAN_POINT('',(-11.10303817554,315.25712927969,
    52.095193266368));
#4877 = CARTESIAN_POINT('',(-10.99667465976,314.92469773786,
    52.167062785231));
#4878 = CARTESIAN_POINT('',(-10.8998179038,314.58490458854,
    52.232304899786));
#4879 = CARTESIAN_POINT('',(-10.81347543523,314.23812725477,
    52.290311718584));
#4880 = CARTESIAN_POINT('',(-10.73866619203,313.88502597998,
    52.340468046884));
#4881 = CARTESIAN_POINT('',(-10.61879785669,313.19675458416,
    52.420715619304));
#4882 = CARTESIAN_POINT('',(-10.57183982441,312.86235003302,
    52.452089363275));
#4883 = CARTESIAN_POINT('',(-10.53606912632,312.52434037237,
    52.475954169965));
#4884 = CARTESIAN_POINT('',(-10.51202138424,312.1837763948,
    52.491985615668));
#4885 = CARTESIAN_POINT('',(-10.5,311.84186817466,52.5));
#4886 = CARTESIAN_POINT('',(-10.5,311.5,52.5));
#4887 = PCURVE('',#4166,#4888);
#4888 = DEFINITIONAL_REPRESENTATION('',(#4889),#4937);
#4889 = B_SPLINE_CURVE_WITH_KNOTS('',6,(#4890,#4891,#4892,#4893,#4894,
    #4895,#4896,#4897,#4898,#4899,#4900,#4901,#4902,#4903,#4904,#4905,
    #4906,#4907,#4908,#4909,#4910,#4911,#4912,#4913,#4914,#4915,#4916,
    #4917,#4918,#4919,#4920,#4921,#4922,#4923,#4924,#4925,#4926,#4927,
    #4928,#4929,#4930,#4931,#4932,#4933,#4934,#4935,#4936),
  .UNSPECIFIED.,.F.,.F.,(7,5,5,5,5,5,5,5,5,7),(0.,0.231428963592,
    0.35834612903,0.450722177496,0.583748738783,0.710241365062,
    0.801438431422,0.896890377835,0.950578881136,1.),.UNSPECIFIED.);
#4890 = CARTESIAN_POINT('',(4.712388972848,-1.271456611107E-07));
#4891 = CARTESIAN_POINT('',(4.765312719124,0.92616571022));
#4892 = CARTESIAN_POINT('',(4.817612499074,1.857748932118));
#4893 = CARTESIAN_POINT('',(4.869453477343,2.79333736943));
#4894 = CARTESIAN_POINT('',(4.920982449583,3.731554491383));
#4895 = CARTESIAN_POINT('',(4.972347495251,4.671064662912));
#4896 = CARTESIAN_POINT('',(5.051896043868,6.125793814933));
#4897 = CARTESIAN_POINT('',(5.080071959405,6.641001125604));
#4898 = CARTESIAN_POINT('',(5.108277779037,7.155960947119));
#4899 = CARTESIAN_POINT('',(5.13654237606,7.670425076801));
#4900 = CARTESIAN_POINT('',(5.16489712086,8.184119690863));
#4901 = CARTESIAN_POINT('',(5.214106951923,9.069850852687));
#4902 = CARTESIAN_POINT('',(5.234902767471,9.442389046658));
#4903 = CARTESIAN_POINT('',(5.255778789269,9.814238664646));
#4904 = CARTESIAN_POINT('',(5.276749574711,10.185267246277));
#4905 = CARTESIAN_POINT('',(5.297831106824,10.555325126867));
#4906 = CARTESIAN_POINT('',(5.349585433841,11.455505536758));
#4907 = CARTESIAN_POINT('',(5.380395329315,11.984383102388));
#4908 = CARTESIAN_POINT('',(5.411526547192,12.510399700198));
#4909 = CARTESIAN_POINT('',(5.443040462691,13.032924929693));
#4910 = CARTESIAN_POINT('',(5.475007846329,13.551161546009));
#4911 = CARTESIAN_POINT('',(5.53844019299,14.55179988059));
#4912 = CARTESIAN_POINT('',(5.569848407982,15.034642209763));
#4913 = CARTESIAN_POINT('',(5.601831675709,15.511788226395));
#4914 = CARTESIAN_POINT('',(5.634483196861,15.982021775497));
#4915 = CARTESIAN_POINT('',(5.667910092361,16.443706830137));
#4916 = CARTESIAN_POINT('',(5.727036226446,17.219621552165));
#4917 = CARTESIAN_POINT('',(5.752284454514,17.538987233592));
#4918 = CARTESIAN_POINT('',(5.778070773672,17.851843070911));
#4919 = CARTESIAN_POINT('',(5.80445635614,18.157025178448));
#4920 = CARTESIAN_POINT('',(5.831507171628,18.453011304548));
#4921 = CARTESIAN_POINT('',(5.888403883998,19.035906069375));
#4922 = CARTESIAN_POINT('',(5.918307080103,19.321601803004));
#4923 = CARTESIAN_POINT('',(5.949125671297,19.592785705379));
#4924 = CARTESIAN_POINT('',(5.980940078566,19.846235235158));
#4925 = CARTESIAN_POINT('',(6.01380908601,20.077645873216));
#4926 = CARTESIAN_POINT('',(6.066850093572,20.396961824452));
#4927 = CARTESIAN_POINT('',(6.086280120268,20.503325340231));
#4928 = CARTESIAN_POINT('',(6.106043409506,20.600182096198));
#4929 = CARTESIAN_POINT('',(6.126125578705,20.686524564761));
#4930 = CARTESIAN_POINT('',(6.146498947462,20.761333807969));
#4931 = CARTESIAN_POINT('',(6.186095161966,20.881202143305));
#4932 = CARTESIAN_POINT('',(6.205283056502,20.928160175588));
#4933 = CARTESIAN_POINT('',(6.224638124971,20.963930873676));
#4934 = CARTESIAN_POINT('',(6.244112385174,20.987978615757));
#4935 = CARTESIAN_POINT('',(6.263649982913,21.));
#4936 = CARTESIAN_POINT('',(6.28318530718,21.));
#4937 = ( GEOMETRIC_REPRESENTATION_CONTEXT(2) 
PARAMETRIC_REPRESENTATION_CONTEXT() REPRESENTATION_CONTEXT('2D SPACE',''
  ) );
#4938 = PCURVE('',#4421,#4939);
#4939 = DEFINITIONAL_REPRESENTATION('',(#4940),#4988);
#4940 = B_SPLINE_CURVE_WITH_KNOTS('',6,(#4941,#4942,#4943,#4944,#4945,
    #4946,#4947,#4948,#4949,#4950,#4951,#4952,#4953,#4954,#4955,#4956,
    #4957,#4958,#4959,#4960,#4961,#4962,#4963,#4964,#4965,#4966,#4967,
    #4968,#4969,#4970,#4971,#4972,#4973,#4974,#4975,#4976,#4977,#4978,
    #4979,#4980,#4981,#4982,#4983,#4984,#4985,#4986,#4987),
  .UNSPECIFIED.,.F.,.F.,(7,5,5,5,5,5,5,5,5,7),(0.,0.231428963592,
    0.35834612903,0.450722177496,0.583748738783,0.710241365062,
    0.801438431422,0.896890377835,0.950578881136,1.),.UNSPECIFIED.);
#4941 = CARTESIAN_POINT('',(3.141592655683,4.71238898765));
#4942 = CARTESIAN_POINT('',(3.126891610374,4.659465242375));
#4943 = CARTESIAN_POINT('',(3.111845230881,4.607165460667));
#4944 = CARTESIAN_POINT('',(3.09646452258,4.555324484201));
#4945 = CARTESIAN_POINT('',(3.080762177174,4.503795510928));
#4946 = CARTESIAN_POINT('',(3.064752769944,4.452430465518));
#4947 = CARTESIAN_POINT('',(3.039514259533,4.372881916901));
#4948 = CARTESIAN_POINT('',(3.030488436369,4.344706001365));
#4949 = CARTESIAN_POINT('',(3.021378619683,4.316500181732));
#4950 = CARTESIAN_POINT('',(3.012188435487,4.28823558471));
#4951 = CARTESIAN_POINT('',(3.002922291173,4.259880839909));
#4952 = CARTESIAN_POINT('',(2.986789789732,4.210671008847));
#4953 = CARTESIAN_POINT('',(2.979956697416,4.189875193298));
#4954 = CARTESIAN_POINT('',(2.973088306078,4.168999171501));
#4955 = CARTESIAN_POINT('',(2.966187064197,4.148028386058));
#4956 = CARTESIAN_POINT('',(2.959255873289,4.126946853946));
#4957 = CARTESIAN_POINT('',(2.942278670247,4.075192526929));
#4958 = CARTESIAN_POINT('',(2.932204577885,4.044382631455));
#4959 = CARTESIAN_POINT('',(2.922085588232,4.013251413578));
#4960 = CARTESIAN_POINT('',(2.911934975981,3.981737498079));
#4961 = CARTESIAN_POINT('',(2.901770167769,3.94977011444));
#4962 = CARTESIAN_POINT('',(2.881957803244,3.88633776778));
#4963 = CARTESIAN_POINT('',(2.872310735623,3.854929552787));
#4964 = CARTESIAN_POINT('',(2.862692132286,3.82294628506));
#4965 = CARTESIAN_POINT('',(2.853129703042,3.790294763909));
#4966 = CARTESIAN_POINT('',(2.843661279854,3.756867868409));
#4967 = CARTESIAN_POINT('',(2.827620280548,3.697741734323));
#4968 = CARTESIAN_POINT('',(2.820978163108,3.672493506255));
#4969 = CARTESIAN_POINT('',(2.814433406588,3.646707187098));
#4970 = CARTESIAN_POINT('',(2.808013137343,3.620321604629));
#4971 = CARTESIAN_POINT('',(2.801752977389,3.593270789141));
#4972 = CARTESIAN_POINT('',(2.789363808525,3.536374076771));
#4973 = CARTESIAN_POINT('',(2.783257626365,3.506470880666));
#4974 = CARTESIAN_POINT('',(2.777431227584,3.475652289472));
#4975 = CARTESIAN_POINT('',(2.771959491635,3.443837882204));
#4976 = CARTESIAN_POINT('',(2.766943008158,3.410968874759));
#4977 = CARTESIAN_POINT('',(2.759998752897,3.357927867198));
#4978 = CARTESIAN_POINT('',(2.757680550429,3.338497840502));
#4979 = CARTESIAN_POINT('',(2.755565427629,3.318734551264));
#4980 = CARTESIAN_POINT('',(2.753676815119,3.298652382064));
#4981 = CARTESIAN_POINT('',(2.752038403847,3.278279013308));
#4982 = CARTESIAN_POINT('',(2.749410734974,3.238682798804));
#4983 = CARTESIAN_POINT('',(2.748380077683,3.219494904267));
#4984 = CARTESIAN_POINT('',(2.747594267133,3.200139835798));
#4985 = CARTESIAN_POINT('',(2.74706573752,3.180665575596));
#4986 = CARTESIAN_POINT('',(2.74680153389,3.161127977856));
#4987 = CARTESIAN_POINT('',(2.74680153389,3.14159265359));
#4988 = ( GEOMETRIC_REPRESENTATION_CONTEXT(2) 
PARAMETRIC_REPRESENTATION_CONTEXT() REPRESENTATION_CONTEXT('2D SPACE',''
  ) );
#4989 = ORIENTED_EDGE('',*,*,#4274,.T.);
#4990 = ORIENTED_EDGE('',*,*,#4184,.F.);
#4991 = ORIENTED_EDGE('',*,*,#4143,.F.);
#4992 = ADVANCED_FACE('',(#4993),#4089,.T.);
#4993 = FACE_BOUND('',#4994,.T.);
#4994 = EDGE_LOOP('',(#4995,#5317,#5472,#5493,#5541,#5542,#5543,#5544));
#4995 = ORIENTED_EDGE('',*,*,#4996,.T.);
#4996 = EDGE_CURVE('',#4997,#4999,#5001,.T.);
#4997 = VERTEX_POINT('',#4998);
#4998 = CARTESIAN_POINT('',(94.5,329.,35.));
#4999 = VERTEX_POINT('',#5000);
#5000 = CARTESIAN_POINT('',(94.5,294.,35.));
#5001 = SURFACE_CURVE('',#5002,(#5105,#5211),.PCURVE_S1.);
#5002 = B_SPLINE_CURVE_WITH_KNOTS('',6,(#5003,#5004,#5005,#5006,#5007,
    #5008,#5009,#5010,#5011,#5012,#5013,#5014,#5015,#5016,#5017,#5018,
    #5019,#5020,#5021,#5022,#5023,#5024,#5025,#5026,#5027,#5028,#5029,
    #5030,#5031,#5032,#5033,#5034,#5035,#5036,#5037,#5038,#5039,#5040,
    #5041,#5042,#5043,#5044,#5045,#5046,#5047,#5048,#5049,#5050,#5051,
    #5052,#5053,#5054,#5055,#5056,#5057,#5058,#5059,#5060,#5061,#5062,
    #5063,#5064,#5065,#5066,#5067,#5068,#5069,#5070,#5071,#5072,#5073,
    #5074,#5075,#5076,#5077,#5078,#5079,#5080,#5081,#5082,#5083,#5084,
    #5085,#5086,#5087,#5088,#5089,#5090,#5091,#5092,#5093,#5094,#5095,
    #5096,#5097,#5098,#5099,#5100,#5101,#5102,#5103,#5104),
  .UNSPECIFIED.,.F.,.F.,(7,5,5,5,5,5,5,5,5,5,5,5,5,5,5,5,5,5,5,5,7),(0.,
    0.113526151404,0.177009171129,0.223246928492,0.292033948371,
    0.355266567057,0.400851282896,0.448560990171,0.478116067848,
    0.499489402712,0.527641718794,0.547384429079,0.569998540915,
    0.615381863967,0.660893894534,0.712811326149,0.795718263516,
    0.884712482243,0.943518761298,0.971477717682,1.),.UNSPECIFIED.);
#5003 = CARTESIAN_POINT('',(94.500000042766,329.,35.));
#5004 = CARTESIAN_POINT('',(93.591371599008,329.00000002087,
    34.091371716687));
#5005 = CARTESIAN_POINT('',(92.677526448853,328.94338700308,
    33.193252091836));
#5006 = CARTESIAN_POINT('',(91.759801487085,328.83261644577,
    32.307317688714));
#5007 = CARTESIAN_POINT('',(90.83949849514,328.66942011914,
    31.43505658298));
#5008 = CARTESIAN_POINT('',(89.917877992708,328.45499480026,
    30.577769184689));
#5009 = CARTESIAN_POINT('',(88.480752110659,328.04136451613,
    29.266194119091));
#5010 = CARTESIAN_POINT('',(87.965326570708,327.87712084246,
    28.800857462072));
#5011 = CARTESIAN_POINT('',(87.450115423008,327.69704662908,
    28.340776865372));
#5012 = CARTESIAN_POINT('',(86.935365117203,327.50114268061,
    27.886163021994));
#5013 = CARTESIAN_POINT('',(86.421346772647,327.28932411764,
    27.437231553448));
#5014 = CARTESIAN_POINT('',(85.534726626509,326.89539460013,
    26.671524443007));
#5015 = CARTESIAN_POINT('',(85.161643338297,326.72084571264,
    26.351979564806));
#5016 = CARTESIAN_POINT('',(84.78922619488,326.53768079357,
    26.035654370668));
#5017 = CARTESIAN_POINT('',(84.417606022681,326.34579913205,
    25.722641741204));
#5018 = CARTESIAN_POINT('',(84.046930366352,326.1450648749,
    25.413042165122));
#5019 = CARTESIAN_POINT('',(83.127571209833,325.62323297902,
    24.651617739377));
#5020 = CARTESIAN_POINT('',(82.58025981335,325.29119072707,
    24.204085370728));
#5021 = CARTESIAN_POINT('',(82.035945187608,324.93856470061,
    23.764695148797));
#5022 = CARTESIAN_POINT('',(81.495314454374,324.56455050095,
    23.333883111996));
#5023 = CARTESIAN_POINT('',(80.959241800561,324.1681145761,
    22.91218495179));
#5024 = CARTESIAN_POINT('',(79.941322183194,323.36128234185,
    22.121618993574));
#5025 = CARTESIAN_POINT('',(79.458662551987,322.95465271401,
    21.751289631078));
#5026 = CARTESIAN_POINT('',(78.981706865943,322.52660945943,
    21.389747891587));
#5027 = CARTESIAN_POINT('',(78.511672984828,322.07567715238,
    21.037720869423));
#5028 = CARTESIAN_POINT('',(78.050199395457,321.60010390827,
    20.696174554979));
#5029 = CARTESIAN_POINT('',(77.274703295922,320.73486479407,
    20.128713695244));
#5030 = CARTESIAN_POINT('',(76.955536479643,320.3583355652,
    19.897177054579));
#5031 = CARTESIAN_POINT('',(76.642887766588,319.96674956491,
    19.672287985991));
#5032 = CARTESIAN_POINT('',(76.337922690576,319.55905931433,
    19.454737152201));
#5033 = CARTESIAN_POINT('',(76.04216568127,319.13413786372,
    19.245424995126));
#5034 = CARTESIAN_POINT('',(75.459781268533,318.22636940434,
    18.836298964962));
#5035 = CARTESIAN_POINT('',(75.174367127178,317.74197252234,
    18.637484705247));
#5036 = CARTESIAN_POINT('',(74.903483009061,317.23560977737,
    18.450302497014));
#5037 = CARTESIAN_POINT('',(74.650355055887,316.70594785445,
    18.276696215914));
#5038 = CARTESIAN_POINT('',(74.419291569145,316.1521797662,
    18.119237899327));
#5039 = CARTESIAN_POINT('',(74.088928207078,315.21655426294,
    17.895244734672));
#5040 = CARTESIAN_POINT('',(73.972979801383,314.84956036426,
    17.816933489773));
#5041 = CARTESIAN_POINT('',(73.86868706539,314.4736658256,
    17.746735215405));
#5042 = CARTESIAN_POINT('',(73.777407770151,314.08941672378,
    17.685469290387));
#5043 = CARTESIAN_POINT('',(73.700501839916,313.69777770624,
    17.633956971002));
#5044 = CARTESIAN_POINT('',(73.594597755585,313.01285853715,
    17.563120514514));
#5045 = CARTESIAN_POINT('',(73.558228341679,312.72234622052,
    17.538831646927));
#5046 = CARTESIAN_POINT('',(73.530348630849,312.42939308989,
    17.520233123673));
#5047 = CARTESIAN_POINT('',(73.511272862254,312.13470642881,
    17.507515335664));
#5048 = CARTESIAN_POINT('',(73.501180425841,311.83907821738,
    17.500786952021));
#5049 = CARTESIAN_POINT('',(73.498632154156,311.15392117672,
    17.499088100967));
#5050 = CARTESIAN_POINT('',(73.512784920627,310.76423988581,
    17.508523363931));
#5051 = CARTESIAN_POINT('',(73.542577352007,310.37642964012,
    17.528383355459));
#5052 = CARTESIAN_POINT('',(73.58751506381,309.99225510706,
    17.558366493504));
#5053 = CARTESIAN_POINT('',(73.646735204441,309.61320133021,
    17.597952737102));
#5054 = CARTESIAN_POINT('',(73.769928673764,308.97913804397,
    17.680510248746));
#5055 = CARTESIAN_POINT('',(73.827206249378,308.72085582956,
    17.718943640344));
#5056 = CARTESIAN_POINT('',(73.89061777161,308.46602776751,
    17.761560420059));
#5057 = CARTESIAN_POINT('',(73.959768339589,308.21491746039,
    17.808122037808));
#5058 = CARTESIAN_POINT('',(74.03425783726,307.96769815046,
    17.858387122126));
#5059 = CARTESIAN_POINT('',(74.204714161282,307.44586476462,
    17.973685155024));
#5060 = CARTESIAN_POINT('',(74.30222673185,307.17250260378,
    18.039801155008));
#5061 = CARTESIAN_POINT('',(74.405680014492,306.90451319166,
    18.110135714658));
#5062 = CARTESIAN_POINT('',(74.514537377794,306.64193209318,
    18.184366243625));
#5063 = CARTESIAN_POINT('',(74.62831047296,306.38471753713,
    18.262199817559));
#5064 = CARTESIAN_POINT('',(74.98392459746,305.62714088971,
    18.506312421062));
#5065 = CARTESIAN_POINT('',(75.239297979665,305.14287516209,
    18.682687374467));
#5066 = CARTESIAN_POINT('',(75.509363825677,304.67890843664,
    18.870526931474));
#5067 = CARTESIAN_POINT('',(75.791473363546,304.23411268847,
    19.068255466872));
#5068 = CARTESIAN_POINT('',(76.083627477164,303.80724349695,
    19.274677227211));
#5069 = CARTESIAN_POINT('',(76.686172939589,302.98549970801,
    19.703961924121));
#5070 = CARTESIAN_POINT('',(76.996520539185,302.59084579724,
    19.926803442897));
#5071 = CARTESIAN_POINT('',(77.314054069614,302.21173553714,
    20.156684720033));
#5072 = CARTESIAN_POINT('',(77.637647562065,301.84717989937,
    20.392942808826));
#5073 = CARTESIAN_POINT('',(77.966428635928,301.49629344845,
    20.635062521253));
#5074 = CARTESIAN_POINT('',(78.680013372945,300.77267809064,
    21.165151367663));
#5075 = CARTESIAN_POINT('',(79.066142271136,300.40387239389,
    21.454742623596));
#5076 = CARTESIAN_POINT('',(79.457169004616,300.05069319267,
    21.750886001567));
#5077 = CARTESIAN_POINT('',(79.852332843793,299.71226830663,
    22.053132918887));
#5078 = CARTESIAN_POINT('',(80.25103501901,299.38786218529,
    22.361126818935));
#5079 = CARTESIAN_POINT('',(81.294446743172,298.58019443423,
    23.17520039424));
#5080 = CARTESIAN_POINT('',(81.943865242806,298.11775411862,
    23.689720545085));
#5081 = CARTESIAN_POINT('',(82.599227201127,297.68698894757,
    24.217076404347));
#5082 = CARTESIAN_POINT('',(83.259171854265,297.28636106906,
    24.756420811159));
#5083 = CARTESIAN_POINT('',(83.922656914971,296.91472216538,
    25.307071604046));
#5084 = CARTESIAN_POINT('',(85.304147933734,296.20264081441,
    26.47122869409));
#5085 = CARTESIAN_POINT('',(86.022508425127,295.86652789797,
    27.086321117771));
#5086 = CARTESIAN_POINT('',(86.743041729924,295.56199812876,
    27.713148834656));
#5087 = CARTESIAN_POINT('',(87.46492646294,295.28864092794,
    28.351093184982));
#5088 = CARTESIAN_POINT('',(88.187455090446,295.04634008252,
    28.999567091895));
#5089 = CARTESIAN_POINT('',(89.387494601749,294.6957931468,
    30.093127432887));
#5090 = CARTESIAN_POINT('',(89.864969949561,294.56995726299,
    30.532578903159));
#5091 = CARTESIAN_POINT('',(90.342272079081,294.45781087402,
    30.976215182197));
#5092 = CARTESIAN_POINT('',(90.819222992962,294.35945963347,
    31.42386335053));
#5093 = CARTESIAN_POINT('',(91.295647698924,294.27505916863,
    31.875342607692));
#5094 = CARTESIAN_POINT('',(91.997553572889,294.17141142432,
    32.546847864599));
#5095 = CARTESIAN_POINT('',(92.223575140763,294.14121134271,
    32.764054516234));
#5096 = CARTESIAN_POINT('',(92.449419501189,294.11423202709,
    32.98206350779));
#5097 = CARTESIAN_POINT('',(92.675067540692,294.09049762342,
    33.200853452055));
#5098 = CARTESIAN_POINT('',(92.900499867985,294.07003469893,
    33.420402145825));
#5099 = CARTESIAN_POINT('',(93.35543109957,294.03536399073,
    33.865409354537));
#5100 = CARTESIAN_POINT('',(93.584920273686,294.02129055052,
    34.090897752652));
#5101 = CARTESIAN_POINT('',(93.81414362605,294.01068269027,
    34.31712713955));
#5102 = CARTESIAN_POINT('',(94.04307954036,294.00357381656,
    34.544072162815));
#5103 = CARTESIAN_POINT('',(94.271705839681,293.99999999978,
    34.771706063947));
#5104 = CARTESIAN_POINT('',(94.500000131835,294.,35.));
#5105 = PCURVE('',#4089,#5106);
#5106 = DEFINITIONAL_REPRESENTATION('',(#5107),#5210);
#5107 = B_SPLINE_CURVE_WITH_KNOTS('',6,(#5108,#5109,#5110,#5111,#5112,
    #5113,#5114,#5115,#5116,#5117,#5118,#5119,#5120,#5121,#5122,#5123,
    #5124,#5125,#5126,#5127,#5128,#5129,#5130,#5131,#5132,#5133,#5134,
    #5135,#5136,#5137,#5138,#5139,#5140,#5141,#5142,#5143,#5144,#5145,
    #5146,#5147,#5148,#5149,#5150,#5151,#5152,#5153,#5154,#5155,#5156,
    #5157,#5158,#5159,#5160,#5161,#5162,#5163,#5164,#5165,#5166,#5167,
    #5168,#5169,#5170,#5171,#5172,#5173,#5174,#5175,#5176,#5177,#5178,
    #5179,#5180,#5181,#5182,#5183,#5184,#5185,#5186,#5187,#5188,#5189,
    #5190,#5191,#5192,#5193,#5194,#5195,#5196,#5197,#5198,#5199,#5200,
    #5201,#5202,#5203,#5204,#5205,#5206,#5207,#5208,#5209),
  .UNSPECIFIED.,.F.,.F.,(7,5,5,5,5,5,5,5,5,5,5,5,5,5,5,5,5,5,5,5,7),(0.,
    0.113526151404,0.177009171129,0.223246928492,0.292033948371,
    0.355266567057,0.400851282896,0.448560990171,0.478116067848,
    0.499489402712,0.527641718794,0.547384429079,0.569998540915,
    0.615381863967,0.660893894534,0.712811326149,0.795718263516,
    0.884712482243,0.943518761298,0.971477717682,1.),.UNSPECIFIED.);
#5108 = CARTESIAN_POINT('',(4.712388980385,126.00000004276));
#5109 = CARTESIAN_POINT('',(4.6604673788,125.091371599));
#5110 = CARTESIAN_POINT('',(4.609146174534,124.17752644885));
#5111 = CARTESIAN_POINT('',(4.558269642601,123.25980148708));
#5112 = CARTESIAN_POINT('',(4.507698892168,122.33949849514));
#5113 = CARTESIAN_POINT('',(4.457294005864,121.4178779927));
#5114 = CARTESIAN_POINT('',(4.378708154416,119.98075211065));
#5115 = CARTESIAN_POINT('',(4.35052590401,119.4653265707));
#5116 = CARTESIAN_POINT('',(4.322317685626,118.950115423));
#5117 = CARTESIAN_POINT('',(4.294054800619,118.4353651172));
#5118 = CARTESIAN_POINT('',(4.265706125808,117.92134677264));
#5119 = CARTESIAN_POINT('',(4.216500589576,117.0347266265));
#5120 = CARTESIAN_POINT('',(4.195700693836,116.66164333829));
#5121 = CARTESIAN_POINT('',(4.174823103457,116.28922619488));
#5122 = CARTESIAN_POINT('',(4.153853388599,115.91760602268));
#5123 = CARTESIAN_POINT('',(4.132775725321,115.54693036635));
#5124 = CARTESIAN_POINT('',(4.080028327787,114.62757120983));
#5125 = CARTESIAN_POINT('',(4.048207356467,114.08025981335));
#5126 = CARTESIAN_POINT('',(4.016048800691,113.5359451876));
#5127 = CARTESIAN_POINT('',(3.98348553697,112.99531445437));
#5128 = CARTESIAN_POINT('',(3.95044002637,112.45924180056));
#5129 = CARTESIAN_POINT('',(3.885892046089,111.44132218319));
#5130 = CARTESIAN_POINT('',(3.854484831948,110.95866255198));
#5131 = CARTESIAN_POINT('',(3.822501988021,110.48170686594));
#5132 = CARTESIAN_POINT('',(3.789850248412,110.01167298482));
#5133 = CARTESIAN_POINT('',(3.756422425885,109.55019939545));
#5134 = CARTESIAN_POINT('',(3.697295428644,108.77470329592));
#5135 = CARTESIAN_POINT('',(3.672047752137,108.45553647964));
#5136 = CARTESIAN_POINT('',(3.646261622523,108.14288776658));
#5137 = CARTESIAN_POINT('',(3.619875856796,107.83792269057));
#5138 = CARTESIAN_POINT('',(3.592824493133,107.54216568127));
#5139 = CARTESIAN_POINT('',(3.535927086445,106.95978126853));
#5140 = CARTESIAN_POINT('',(3.506023776403,106.67436712717));
#5141 = CARTESIAN_POINT('',(3.475204843073,106.40348300906));
#5142 = CARTESIAN_POINT('',(3.443390048143,106.15035505588));
#5143 = CARTESIAN_POINT('',(3.410520910501,105.91929156914));
#5144 = CARTESIAN_POINT('',(3.35554579865,105.58892820707));
#5145 = CARTESIAN_POINT('',(3.334109161201,105.47297980138));
#5146 = CARTESIAN_POINT('',(3.312269070383,105.36868706539));
#5147 = CARTESIAN_POINT('',(3.290046874957,105.27740777015));
#5148 = CARTESIAN_POINT('',(3.267483425757,105.20050183991));
#5149 = CARTESIAN_POINT('',(3.228136426421,105.09459775558));
#5150 = CARTESIAN_POINT('',(3.21148101071,105.05822834167));
#5151 = CARTESIAN_POINT('',(3.19471222984,105.03034863084));
#5152 = CARTESIAN_POINT('',(3.177862542333,105.01127286225));
#5153 = CARTESIAN_POINT('',(3.160968606206,105.00118042584));
#5154 = CARTESIAN_POINT('',(3.121816654959,104.99863215415));
#5155 = CARTESIAN_POINT('',(3.09955055851,105.01278492062));
#5156 = CARTESIAN_POINT('',(3.077373010266,105.042577352));
#5157 = CARTESIAN_POINT('',(3.055364882009,105.08751506381));
#5158 = CARTESIAN_POINT('',(3.033593903121,105.14673520444));
#5159 = CARTESIAN_POINT('',(2.997055882948,105.26992867376));
#5160 = CARTESIAN_POINT('',(2.982136880525,105.32720624937));
#5161 = CARTESIAN_POINT('',(2.967376574515,105.39061777161));
#5162 = CARTESIAN_POINT('',(2.952786137234,105.45976833958));
#5163 = CARTESIAN_POINT('',(2.938372322581,105.53425783726));
#5164 = CARTESIAN_POINT('',(2.907834091261,105.70471416128));
#5165 = CARTESIAN_POINT('',(2.891766174287,105.80222673185));
#5166 = CARTESIAN_POINT('',(2.875938219221,105.90568001449));
#5167 = CARTESIAN_POINT('',(2.860349551655,106.01453737779));
#5168 = CARTESIAN_POINT('',(2.844995834724,106.12831047296));
#5169 = CARTESIAN_POINT('',(2.799513805444,106.48392459746));
#5170 = CARTESIAN_POINT('',(2.770084012003,106.73929797966));
#5171 = CARTESIAN_POINT('',(2.741507008813,107.00936382567));
#5172 = CARTESIAN_POINT('',(2.713713965238,107.29147336354));
#5173 = CARTESIAN_POINT('',(2.686632143765,107.58362747716));
#5174 = CARTESIAN_POINT('',(2.633653959401,108.18617293958));
#5175 = CARTESIAN_POINT('',(2.607769332132,108.49652053918));
#5176 = CARTESIAN_POINT('',(2.582452123895,108.81405406961));
#5177 = CARTESIAN_POINT('',(2.557644206116,109.13764756206));
#5178 = CARTESIAN_POINT('',(2.533293142525,109.46642863592));
#5179 = CARTESIAN_POINT('',(2.482035860438,110.18001337294));
#5180 = CARTESIAN_POINT('',(2.455255705709,110.56614227113));
#5181 = CARTESIAN_POINT('',(2.428937978467,110.95716900461));
#5182 = CARTESIAN_POINT('',(2.403028004909,111.35233284379));
#5183 = CARTESIAN_POINT('',(2.377477999593,111.75103501901));
#5184 = CARTESIAN_POINT('',(2.311949243304,112.79444674317));
#5185 = CARTESIAN_POINT('',(2.272466048575,113.4438652428));
#5186 = CARTESIAN_POINT('',(2.23361936688,114.09922720112));
#5187 = CARTESIAN_POINT('',(2.195286909916,114.75917185426));
#5188 = CARTESIAN_POINT('',(2.157363243834,115.42265691497));
#5189 = CARTESIAN_POINT('',(2.079382156002,116.80414793373));
#5190 = CARTESIAN_POINT('',(2.03937646497,117.52250842512));
#5191 = CARTESIAN_POINT('',(1.99962206809,118.24304172992));
#5192 = CARTESIAN_POINT('',(1.960028848335,118.96492646294));
#5193 = CARTESIAN_POINT('',(1.92051533526,119.68745509044));
#5194 = CARTESIAN_POINT('',(1.854894099933,120.88749460174));
#5195 = CARTESIAN_POINT('',(1.828786169881,121.36496994956));
#5196 = CARTESIAN_POINT('',(1.802657277641,121.84227207908));
#5197 = CARTESIAN_POINT('',(1.776486638491,122.31922299296));
#5198 = CARTESIAN_POINT('',(1.750254054394,122.79564769892));
#5199 = CARTESIAN_POINT('',(1.711427925387,123.49755357288));
#5200 = CARTESIAN_POINT('',(1.69889812463,123.72357514076));
#5201 = CARTESIAN_POINT('',(1.686347569403,123.94941950118));
#5202 = CARTESIAN_POINT('',(1.673774093496,124.17506754069));
#5203 = CARTESIAN_POINT('',(1.661175527819,124.40049986798));
#5204 = CARTESIAN_POINT('',(1.635669483793,124.85543109957));
#5205 = CARTESIAN_POINT('',(1.622760895704,125.08492027368));
#5206 = CARTESIAN_POINT('',(1.60982162921,125.31414362605));
#5207 = CARTESIAN_POINT('',(1.596849346103,125.54307954036));
#5208 = CARTESIAN_POINT('',(1.583841694555,125.77170583968));
#5209 = CARTESIAN_POINT('',(1.570796326795,126.00000013183));
#5210 = ( GEOMETRIC_REPRESENTATION_CONTEXT(2) 
PARAMETRIC_REPRESENTATION_CONTEXT() REPRESENTATION_CONTEXT('2D SPACE',''
  ) );
#5211 = PCURVE('',#4421,#5212);
#5212 = DEFINITIONAL_REPRESENTATION('',(#5213),#5316);
#5213 = B_SPLINE_CURVE_WITH_KNOTS('',6,(#5214,#5215,#5216,#5217,#5218,
    #5219,#5220,#5221,#5222,#5223,#5224,#5225,#5226,#5227,#5228,#5229,
    #5230,#5231,#5232,#5233,#5234,#5235,#5236,#5237,#5238,#5239,#5240,
    #5241,#5242,#5243,#5244,#5245,#5246,#5247,#5248,#5249,#5250,#5251,
    #5252,#5253,#5254,#5255,#5256,#5257,#5258,#5259,#5260,#5261,#5262,
    #5263,#5264,#5265,#5266,#5267,#5268,#5269,#5270,#5271,#5272,#5273,
    #5274,#5275,#5276,#5277,#5278,#5279,#5280,#5281,#5282,#5283,#5284,
    #5285,#5286,#5287,#5288,#5289,#5290,#5291,#5292,#5293,#5294,#5295,
    #5296,#5297,#5298,#5299,#5300,#5301,#5302,#5303,#5304,#5305,#5306,
    #5307,#5308,#5309,#5310,#5311,#5312,#5313,#5314,#5315),
  .UNSPECIFIED.,.F.,.F.,(7,5,5,5,5,5,5,5,5,5,5,5,5,5,5,5,5,5,5,5,7),(0.,
    0.113526151404,0.177009171129,0.223246928492,0.292033948371,
    0.355266567057,0.400851282896,0.448560990171,0.478116067848,
    0.499489402712,0.527641718794,0.547384429079,0.569998540915,
    0.615381863967,0.660893894534,0.712811326149,0.795718263516,
    0.884712482243,0.943518761298,0.971477717682,1.),.UNSPECIFIED.);
#5214 = CARTESIAN_POINT('',(6.28318530718,4.712388982828));
#5215 = CARTESIAN_POINT('',(6.26876263596,4.66046737223));
#5216 = CARTESIAN_POINT('',(6.254007536917,4.609146183778));
#5217 = CARTESIAN_POINT('',(6.238930471298,4.558269635642));
#5218 = CARTESIAN_POINT('',(6.223543400732,4.507698894495));
#5219 = CARTESIAN_POINT('',(6.207860000525,4.457294005864));
#5220 = CARTESIAN_POINT('',(6.182968919972,4.378708154416));
#5221 = CARTESIAN_POINT('',(6.173954452523,4.35052590401));
#5222 = CARTESIAN_POINT('',(6.164855457762,4.322317685626));
#5223 = CARTESIAN_POINT('',(6.155675499439,4.294054800619));
#5224 = CARTESIAN_POINT('',(6.146418901337,4.265706125808));
#5225 = CARTESIAN_POINT('',(6.130296835879,4.216500589576));
#5226 = CARTESIAN_POINT('',(6.123464951302,4.195700693836));
#5227 = CARTESIAN_POINT('',(6.116597257972,4.174823103457));
#5228 = CARTESIAN_POINT('',(6.109696157148,4.153853388599));
#5229 = CARTESIAN_POINT('',(6.102764491867,4.132775725321));
#5230 = CARTESIAN_POINT('',(6.085453030525,4.080028327787));
#5231 = CARTESIAN_POINT('',(6.075040682458,4.048207356467));
#5232 = CARTESIAN_POINT('',(6.064578991818,4.016048800691));
#5233 = CARTESIAN_POINT('',(6.054082382034,3.98348553697));
#5234 = CARTESIAN_POINT('',(6.043569936484,3.95044002637));
#5235 = CARTESIAN_POINT('',(6.023413220711,3.885892046089));
#5236 = CARTESIAN_POINT('',(6.013768790062,3.854484831948));
#5237 = CARTESIAN_POINT('',(6.004153047921,3.822501988021));
#5238 = CARTESIAN_POINT('',(5.994593745618,3.789850248412));
#5239 = CARTESIAN_POINT('',(5.985128774386,3.756422425885));
#5240 = CARTESIAN_POINT('',(5.969095006417,3.697295428644));
#5241 = CARTESIAN_POINT('',(5.962456459313,3.672047752137));
#5242 = CARTESIAN_POINT('',(5.955915502848,3.646261622523));
#5243 = CARTESIAN_POINT('',(5.949499302105,3.619875856796));
#5244 = CARTESIAN_POINT('',(5.943243530213,3.592824493133));
#5245 = CARTESIAN_POINT('',(5.930864362211,3.535927086445));
#5246 = CARTESIAN_POINT('',(5.924763809701,3.506023776403));
#5247 = CARTESIAN_POINT('',(5.91894350996,3.475204843073));
#5248 = CARTESIAN_POINT('',(5.91347842574,3.443390048143));
#5249 = CARTESIAN_POINT('',(5.908469234232,3.410520910501));
#5250 = CARTESIAN_POINT('',(5.901284442805,3.35554579865));
#5251 = CARTESIAN_POINT('',(5.898756634504,3.334109161201));
#5252 = CARTESIAN_POINT('',(5.896478061829,3.312269070383));
#5253 = CARTESIAN_POINT('',(5.894480297766,3.290046874957));
#5254 = CARTESIAN_POINT('',(5.892794958542,3.267483425757));
#5255 = CARTESIAN_POINT('',(5.890472136274,3.228136426421));
#5256 = CARTESIAN_POINT('',(5.889673672526,3.21148101071));
#5257 = CARTESIAN_POINT('',(5.889061176107,3.19471222984));
#5258 = CARTESIAN_POINT('',(5.888641940776,3.177862542333));
#5259 = CARTESIAN_POINT('',(5.888420130875,3.160968606206));
#5260 = CARTESIAN_POINT('',(5.88836412497,3.121816654959));
#5261 = CARTESIAN_POINT('',(5.888675173047,3.09955055851));
#5262 = CARTESIAN_POINT('',(5.889329984839,3.077373010266));
#5263 = CARTESIAN_POINT('',(5.89031712644,3.055364882009));
#5264 = CARTESIAN_POINT('',(5.891616514545,3.033593903121));
#5265 = CARTESIAN_POINT('',(5.894315374808,2.997055882948));
#5266 = CARTESIAN_POINT('',(5.895569188106,2.982136880525));
#5267 = CARTESIAN_POINT('',(5.896955907056,2.967376574515));
#5268 = CARTESIAN_POINT('',(5.898466352717,2.952786137234));
#5269 = CARTESIAN_POINT('',(5.900091219113,2.938372322581));
#5270 = CARTESIAN_POINT('',(5.903803883526,2.907834091261));
#5271 = CARTESIAN_POINT('',(5.905924590946,2.891766174287));
#5272 = CARTESIAN_POINT('',(5.908170646518,2.875938219221));
#5273 = CARTESIAN_POINT('',(5.910529550074,2.860349551655));
#5274 = CARTESIAN_POINT('',(5.912989915744,2.844995834724));
#5275 = CARTESIAN_POINT('',(5.92066337602,2.799513805444));
#5276 = CARTESIAN_POINT('',(5.926152230852,2.770084012003));
#5277 = CARTESIAN_POINT('',(5.931930404274,2.741507008813));
#5278 = CARTESIAN_POINT('',(5.937935947073,2.713713965238));
#5279 = CARTESIAN_POINT('',(5.944122295007,2.686632143765));
#5280 = CARTESIAN_POINT('',(5.956810396756,2.633653959401));
#5281 = CARTESIAN_POINT('',(5.963311035312,2.607769332132));
#5282 = CARTESIAN_POINT('',(5.969924896651,2.582452123895));
#5283 = CARTESIAN_POINT('',(5.976625660881,2.557644206116));
#5284 = CARTESIAN_POINT('',(5.983393033396,2.533293142525));
#5285 = CARTESIAN_POINT('',(5.997990938211,2.482035860438));
#5286 = CARTESIAN_POINT('',(6.005836092061,2.455255705709));
#5287 = CARTESIAN_POINT('',(6.013724652194,2.428937978467));
#5288 = CARTESIAN_POINT('',(6.02163910793,2.403028004909));
#5289 = CARTESIAN_POINT('',(6.029565855371,2.377477999593));
#5290 = CARTESIAN_POINT('',(6.050156281427,2.311949243304));
#5291 = CARTESIAN_POINT('',(6.062821648421,2.272466048575));
#5292 = CARTESIAN_POINT('',(6.075448880717,2.23361936688));
#5293 = CARTESIAN_POINT('',(6.088008797374,2.195286909916));
#5294 = CARTESIAN_POINT('',(6.100480243326,2.157363243834));
#5295 = CARTESIAN_POINT('',(6.126125844146,2.079382156002));
#5296 = CARTESIAN_POINT('',(6.13928302801,2.03937646497));
#5297 = CARTESIAN_POINT('',(6.152301728413,1.99962206809));
#5298 = CARTESIAN_POINT('',(6.165167920711,1.960028848335));
#5299 = CARTESIAN_POINT('',(6.177870936425,1.92051533526));
#5300 = CARTESIAN_POINT('',(6.198683988751,1.854894099933));
#5301 = CARTESIAN_POINT('',(6.206890160223,1.828786169881));
#5302 = CARTESIAN_POINT('',(6.215019096139,1.802657277641));
#5303 = CARTESIAN_POINT('',(6.223068664425,1.776486638491));
#5304 = CARTESIAN_POINT('',(6.23103696465,1.750254054394));
#5305 = CARTESIAN_POINT('',(6.242671316949,1.711427925387));
#5306 = CARTESIAN_POINT('',(6.246401573273,1.69889812463));
#5307 = CARTESIAN_POINT('',(6.250112881851,1.686347569403));
#5308 = CARTESIAN_POINT('',(6.253805059502,1.673774093496));
#5309 = CARTESIAN_POINT('',(6.257477926864,1.661175527819));
#5310 = CARTESIAN_POINT('',(6.264858299422,1.635669483793));
#5311 = CARTESIAN_POINT('',(6.268565010432,1.622760900645));
#5312 = CARTESIAN_POINT('',(6.272251252271,1.609821624189));
#5313 = CARTESIAN_POINT('',(6.275916842226,1.596849340103));
#5314 = CARTESIAN_POINT('',(6.279561593918,1.583841707387));
#5315 = CARTESIAN_POINT('',(6.28318530718,1.570796319261));
#5316 = ( GEOMETRIC_REPRESENTATION_CONTEXT(2) 
PARAMETRIC_REPRESENTATION_CONTEXT() REPRESENTATION_CONTEXT('2D SPACE',''
  ) );
#5317 = ORIENTED_EDGE('',*,*,#5318,.T.);
#5318 = EDGE_CURVE('',#4999,#5319,#5321,.T.);
#5319 = VERTEX_POINT('',#5320);
#5320 = CARTESIAN_POINT('',(73.5,311.5,52.5));
#5321 = SURFACE_CURVE('',#5322,(#5370,#5421),.PCURVE_S1.);
#5322 = B_SPLINE_CURVE_WITH_KNOTS('',6,(#5323,#5324,#5325,#5326,#5327,
    #5328,#5329,#5330,#5331,#5332,#5333,#5334,#5335,#5336,#5337,#5338,
    #5339,#5340,#5341,#5342,#5343,#5344,#5345,#5346,#5347,#5348,#5349,
    #5350,#5351,#5352,#5353,#5354,#5355,#5356,#5357,#5358,#5359,#5360,
    #5361,#5362,#5363,#5364,#5365,#5366,#5367,#5368,#5369),
  .UNSPECIFIED.,.F.,.F.,(7,5,5,5,5,5,5,5,5,7),(0.,0.230876537839,
    0.357785194781,0.450173634474,0.583252887275,0.709837618772,
    0.801121109478,0.896661642723,0.95038429091,1.),.UNSPECIFIED.);
#5323 = CARTESIAN_POINT('',(94.499999901534,294.,35.));
#5324 = CARTESIAN_POINT('',(93.576044971869,293.99999997808,
    35.923955288982));
#5325 = CARTESIAN_POINT('',(92.646697814101,294.05853902007,
    36.837041008548));
#5326 = CARTESIAN_POINT('',(91.713361758263,294.17303458251,
    37.737500178228));
#5327 = CARTESIAN_POINT('',(90.777402943172,294.34167973357,
    38.623769844632));
#5328 = CARTESIAN_POINT('',(89.840147901983,294.56323496905,
    39.494488863202));
#5329 = CARTESIAN_POINT('',(88.387694949471,294.98803210213,
    40.81790149515));
#5330 = CARTESIAN_POINT('',(87.872517778992,295.15458677934,
    41.282253036388));
#5331 = CARTESIAN_POINT('',(87.357583834425,295.33695704096,
    41.741327922465));
#5332 = CARTESIAN_POINT('',(86.843141007337,295.53514918284,
    42.194915583375));
#5333 = CARTESIAN_POINT('',(86.329462676054,295.74925595157,
    42.642799943374));
#5334 = CARTESIAN_POINT('',(85.443674868941,296.14707395526,
    43.406501606648));
#5335 = CARTESIAN_POINT('',(85.071066611246,296.32321042505,
    43.725101512972));
#5336 = CARTESIAN_POINT('',(84.699144010211,296.50796282242,
    44.04047284948));
#5337 = CARTESIAN_POINT('',(84.328039310911,296.70143552285,
    44.352522216044));
#5338 = CARTESIAN_POINT('',(83.957901898922,296.90376845999,
    44.661148336639));
#5339 = CARTESIAN_POINT('',(83.057379055765,297.41962070673,
    45.405707777107));
#5340 = CARTESIAN_POINT('',(82.528235722541,297.74284996606,
    45.837826463281));
#5341 = CARTESIAN_POINT('',(82.001946144666,298.08539802612,
    46.262294611831));
#5342 = CARTESIAN_POINT('',(81.479139734805,298.44800444338,
    46.678713856523));
#5343 = CARTESIAN_POINT('',(80.960612314241,298.83161431309,
    47.086597003849));
#5344 = CARTESIAN_POINT('',(79.95922181974,299.62378269152,
    47.864620101219));
#5345 = CARTESIAN_POINT('',(79.475922339128,300.03015670922,
    48.235576889399));
#5346 = CARTESIAN_POINT('',(78.998310842217,300.45795171459,
    48.597744873832));
#5347 = CARTESIAN_POINT('',(78.527602060184,300.90864062607,
    48.95039872871));
#5348 = CARTESIAN_POINT('',(78.065429989438,301.38397318619,
    49.292575054934));
#5349 = CARTESIAN_POINT('',(77.288580500666,302.24890946427,
    49.861205065835));
#5350 = CARTESIAN_POINT('',(76.968776570673,302.62538531224,
    50.093273783823));
#5351 = CARTESIAN_POINT('',(76.655476751445,303.01692696535,
    50.318695898525));
#5352 = CARTESIAN_POINT('',(76.349844275015,303.42458279507,
    50.536782147918));
#5353 = CARTESIAN_POINT('',(76.053400690021,303.84948173721,
    50.746633849546));
#5354 = CARTESIAN_POINT('',(75.469560181337,304.7572456102,
    51.156880339161));
#5355 = CARTESIAN_POINT('',(75.18337544626,305.24166235813,
    51.356275269515));
#5356 = CARTESIAN_POINT('',(74.911692961705,305.74806889087,
    51.544046911941));
#5357 = CARTESIAN_POINT('',(74.6577354395,306.27780858618,
    51.718253530291));
#5358 = CARTESIAN_POINT('',(74.425809526015,306.83170346107,
    51.87632422976));
#5359 = CARTESIAN_POINT('',(74.105722775147,307.73461401067,
    52.093378246554));
#5360 = CARTESIAN_POINT('',(73.999098595854,308.06710405269,
    52.165428366371));
#5361 = CARTESIAN_POINT('',(73.901977069474,308.40697020612,
    52.230852419591));
#5362 = CARTESIAN_POINT('',(73.815367187532,308.7538377488,
    52.289041640067));
#5363 = CARTESIAN_POINT('',(73.740290359216,309.10704906802,
    52.339379357362));
#5364 = CARTESIAN_POINT('',(73.61972396304,309.79666302619,
    52.420096858941));
#5365 = CARTESIAN_POINT('',(73.572404324671,310.13232671984,
    52.451712752225));
#5366 = CARTESIAN_POINT('',(73.536353798698,310.47163634636,
    52.475764393762));
#5367 = CARTESIAN_POINT('',(73.512116235629,310.81353067363,
    52.491922378272));
#5368 = CARTESIAN_POINT('',(73.5,311.15678590071,52.5));
#5369 = CARTESIAN_POINT('',(73.5,311.5,52.5));
#5370 = PCURVE('',#4089,#5371);
#5371 = DEFINITIONAL_REPRESENTATION('',(#5372),#5420);
#5372 = B_SPLINE_CURVE_WITH_KNOTS('',6,(#5373,#5374,#5375,#5376,#5377,
    #5378,#5379,#5380,#5381,#5382,#5383,#5384,#5385,#5386,#5387,#5388,
    #5389,#5390,#5391,#5392,#5393,#5394,#5395,#5396,#5397,#5398,#5399,
    #5400,#5401,#5402,#5403,#5404,#5405,#5406,#5407,#5408,#5409,#5410,
    #5411,#5412,#5413,#5414,#5415,#5416,#5417,#5418,#5419),
  .UNSPECIFIED.,.F.,.F.,(7,5,5,5,5,5,5,5,5,7),(0.,0.230876537839,
    0.357785194781,0.450173634474,0.583252887275,0.709837618772,
    0.801121109478,0.896661642723,0.95038429091,1.),.UNSPECIFIED.);
#5373 = CARTESIAN_POINT('',(1.570796326795,125.99999990153));
#5374 = CARTESIAN_POINT('',(1.517998898197,125.07604497186));
#5375 = CARTESIAN_POINT('',(1.465822477892,124.1466978141));
#5376 = CARTESIAN_POINT('',(1.41410302415,123.21336175826));
#5377 = CARTESIAN_POINT('',(1.362694841599,122.27740294317));
#5378 = CARTESIAN_POINT('',(1.311450840026,121.34014790198));
#5379 = CARTESIAN_POINT('',(1.232026922409,119.88769494947));
#5380 = CARTESIAN_POINT('',(1.20385341545,119.37251777899));
#5381 = CARTESIAN_POINT('',(1.175650511595,118.85758383442));
#5382 = CARTESIAN_POINT('',(1.147389369741,118.34314100733));
#5383 = CARTESIAN_POINT('',(1.119038662155,117.82946267605));
#5384 = CARTESIAN_POINT('',(1.069832742665,116.94367486894));
#5385 = CARTESIAN_POINT('',(1.049036473479,116.57106661124));
#5386 = CARTESIAN_POINT('',(1.028160324435,116.19914401021));
#5387 = CARTESIAN_POINT('',(1.007189754928,115.82803931091));
#5388 = CARTESIAN_POINT('',(0.986108802852,115.45790189892));
#5389 = CARTESIAN_POINT('',(0.934348845092,114.55737905576));
#5390 = CARTESIAN_POINT('',(0.903533015661,114.02823572254));
#5391 = CARTESIAN_POINT('',(0.872396573813,113.50194614466));
#5392 = CARTESIAN_POINT('',(0.840878195502,112.9791397348));
#5393 = CARTESIAN_POINT('',(0.808907173704,112.46061231424));
#5394 = CARTESIAN_POINT('',(0.745459282699,111.45922181974));
#5395 = CARTESIAN_POINT('',(0.714038735506,110.97592233912));
#5396 = CARTESIAN_POINT('',(0.682043658616,110.49831084221));
#5397 = CARTESIAN_POINT('',(0.649380857718,110.02760206018));
#5398 = CARTESIAN_POINT('',(0.61594320604,109.56542998943));
#5399 = CARTESIAN_POINT('',(0.55679400405,108.78858050066));
#5400 = CARTESIAN_POINT('',(0.531533002815,108.46877657067));
#5401 = CARTESIAN_POINT('',(0.505733914123,108.15547675144));
#5402 = CARTESIAN_POINT('',(0.479335493346,107.84984427501));
#5403 = CARTESIAN_POINT('',(0.452271666103,107.55340069002));
#5404 = CARTESIAN_POINT('',(0.3953481605,106.96956018133));
#5405 = CARTESIAN_POINT('',(0.365431210246,106.68337544626));
#5406 = CARTESIAN_POINT('',(0.334598277085,106.4116929617));
#5407 = CARTESIAN_POINT('',(0.302768604002,106.1577354395));
#5408 = CARTESIAN_POINT('',(0.269882963877,105.92580952601));
#5409 = CARTESIAN_POINT('',(0.216818200772,105.60572277514));
#5410 = CARTESIAN_POINT('',(0.197382727451,105.49909859585));
#5411 = CARTESIAN_POINT('',(0.177613385658,105.40197706947));
#5412 = CARTESIAN_POINT('',(0.157524419738,105.31536718753));
#5413 = CARTESIAN_POINT('',(0.137143373744,105.24029035921));
#5414 = CARTESIAN_POINT('',(9.746784378013E-02,105.11972396304));
#5415 = CARTESIAN_POINT('',(7.820707279987E-02,105.07240432467));
#5416 = CARTESIAN_POINT('',(5.877724387656E-02,105.03635379869));
#5417 = CARTESIAN_POINT('',(3.922680333777E-02,105.01211623562));
#5418 = CARTESIAN_POINT('',(1.961223424486E-02,105.));
#5419 = CARTESIAN_POINT('',(0.,105.));
#5420 = ( GEOMETRIC_REPRESENTATION_CONTEXT(2) 
PARAMETRIC_REPRESENTATION_CONTEXT() REPRESENTATION_CONTEXT('2D SPACE',''
  ) );
#5421 = PCURVE('',#4421,#5422);
#5422 = DEFINITIONAL_REPRESENTATION('',(#5423),#5471);
#5423 = B_SPLINE_CURVE_WITH_KNOTS('',6,(#5424,#5425,#5426,#5427,#5428,
    #5429,#5430,#5431,#5432,#5433,#5434,#5435,#5436,#5437,#5438,#5439,
    #5440,#5441,#5442,#5443,#5444,#5445,#5446,#5447,#5448,#5449,#5450,
    #5451,#5452,#5453,#5454,#5455,#5456,#5457,#5458,#5459,#5460,#5461,
    #5462,#5463,#5464,#5465,#5466,#5467,#5468,#5469,#5470),
  .UNSPECIFIED.,.F.,.F.,(7,5,5,5,5,5,5,5,5,7),(0.,0.230876537839,
    0.357785194781,0.450173634474,0.583252887275,0.709837618772,
    0.801121109478,0.896661642723,0.95038429091,1.),.UNSPECIFIED.);
#5424 = CARTESIAN_POINT('',(0.,1.570796332422));
#5425 = CARTESIAN_POINT('',(1.466595707565E-02,1.623593740233));
#5426 = CARTESIAN_POINT('',(2.967559723263E-02,1.675770197055));
#5427 = CARTESIAN_POINT('',(4.50180089443E-02,1.727489613349));
#5428 = CARTESIAN_POINT('',(6.068056972789E-02,1.778897817373));
#5429 = CARTESIAN_POINT('',(7.664883581991E-02,1.830141813564));
#5430 = CARTESIAN_POINT('',(0.10184249802,1.909565731181));
#5431 = CARTESIAN_POINT('',(0.110865869633,1.93773923814));
#5432 = CARTESIAN_POINT('',(0.119973283907,1.965942141995));
#5433 = CARTESIAN_POINT('',(0.129161124061,1.994203283849));
#5434 = CARTESIAN_POINT('',(0.138424995042,2.022553991435));
#5435 = CARTESIAN_POINT('',(0.15455508556,2.071759910924));
#5436 = CARTESIAN_POINT('',(0.161388014645,2.09255618011));
#5437 = CARTESIAN_POINT('',(0.168256308995,2.113432329155));
#5438 = CARTESIAN_POINT('',(0.175157526326,2.134402898662));
#5439 = CARTESIAN_POINT('',(0.182088772793,2.155483850738));
#5440 = CARTESIAN_POINT('',(0.199068954307,2.207243808497));
#5441 = CARTESIAN_POINT('',(0.209146095779,2.238059637929));
#5442 = CARTESIAN_POINT('',(0.219268368919,2.269196079777));
#5443 = CARTESIAN_POINT('',(0.229422526477,2.300714458087));
#5444 = CARTESIAN_POINT('',(0.239591179305,2.332685479886));
#5445 = CARTESIAN_POINT('',(0.25941493857,2.39613337089));
#5446 = CARTESIAN_POINT('',(0.269069519544,2.427553918084));
#5447 = CARTESIAN_POINT('',(0.278695975608,2.459548994974));
#5448 = CARTESIAN_POINT('',(0.288266633819,2.492211795872));
#5449 = CARTESIAN_POINT('',(0.297743712926,2.52564944755));
#5450 = CARTESIAN_POINT('',(0.313801939136,2.58479864954));
#5451 = CARTESIAN_POINT('',(0.320452355842,2.610059650775));
#5452 = CARTESIAN_POINT('',(0.327005650393,2.635858739467));
#5453 = CARTESIAN_POINT('',(0.333434712279,2.662257160244));
#5454 = CARTESIAN_POINT('',(0.339703936168,2.689320987487));
#5455 = CARTESIAN_POINT('',(0.352112104394,2.746244493089));
#5456 = CARTESIAN_POINT('',(0.358228247685,2.776161443343));
#5457 = CARTESIAN_POINT('',(0.364064942181,2.806994376505));
#5458 = CARTESIAN_POINT('',(0.369547304632,2.838824049588));
#5459 = CARTESIAN_POINT('',(0.374574694464,2.871709689713));
#5460 = CARTESIAN_POINT('',(0.381535410688,2.924774452818));
#5461 = CARTESIAN_POINT('',(0.383859203914,2.944209926138));
#5462 = CARTESIAN_POINT('',(0.385980035992,2.963979267932));
#5463 = CARTESIAN_POINT('',(0.387874442128,2.984068233852));
#5464 = CARTESIAN_POINT('',(0.389518673615,3.004449279846));
#5465 = CARTESIAN_POINT('',(0.392161592141,3.04412480981));
#5466 = CARTESIAN_POINT('',(0.393200174939,3.06338558079));
#5467 = CARTESIAN_POINT('',(0.393992129811,3.082815409713));
#5468 = CARTESIAN_POINT('',(0.394524831488,3.102365850252));
#5469 = CARTESIAN_POINT('',(0.3947911197,3.121980419345));
#5470 = CARTESIAN_POINT('',(0.3947911197,3.14159265359));
#5471 = ( GEOMETRIC_REPRESENTATION_CONTEXT(2) 
PARAMETRIC_REPRESENTATION_CONTEXT() REPRESENTATION_CONTEXT('2D SPACE',''
  ) );
#5472 = ORIENTED_EDGE('',*,*,#5473,.F.);
#5473 = EDGE_CURVE('',#4009,#5319,#5474,.T.);
#5474 = SEAM_CURVE('',#5475,(#5479,#5486),.PCURVE_S1.);
#5475 = LINE('',#5476,#5477);
#5476 = CARTESIAN_POINT('',(-31.5,311.5,52.5));
#5477 = VECTOR('',#5478,1.);
#5478 = DIRECTION('',(1.,0.,0.));
#5479 = PCURVE('',#4089,#5480);
#5480 = DEFINITIONAL_REPRESENTATION('',(#5481),#5485);
#5481 = LINE('',#5482,#5483);
#5482 = CARTESIAN_POINT('',(6.28318530718,-0.));
#5483 = VECTOR('',#5484,1.);
#5484 = DIRECTION('',(0.,1.));
#5485 = ( GEOMETRIC_REPRESENTATION_CONTEXT(2) 
PARAMETRIC_REPRESENTATION_CONTEXT() REPRESENTATION_CONTEXT('2D SPACE',''
  ) );
#5486 = PCURVE('',#4089,#5487);
#5487 = DEFINITIONAL_REPRESENTATION('',(#5488),#5492);
#5488 = LINE('',#5489,#5490);
#5489 = CARTESIAN_POINT('',(0.,-0.));
#5490 = VECTOR('',#5491,1.);
#5491 = DIRECTION('',(0.,1.));
#5492 = ( GEOMETRIC_REPRESENTATION_CONTEXT(2) 
PARAMETRIC_REPRESENTATION_CONTEXT() REPRESENTATION_CONTEXT('2D SPACE',''
  ) );
#5493 = ORIENTED_EDGE('',*,*,#5494,.T.);
#5494 = EDGE_CURVE('',#4009,#4108,#5495,.T.);
#5495 = SURFACE_CURVE('',#5496,(#5501,#5521),.PCURVE_S1.);
#5496 = ELLIPSE('',#5497,24.748737341529,17.5);
#5497 = AXIS2_PLACEMENT_3D('',#5498,#5499,#5500);
#5498 = CARTESIAN_POINT('',(31.5,311.5,35.));
#5499 = DIRECTION('',(0.707106781187,0.707106781187,-0.));
#5500 = DIRECTION('',(-0.707106781187,0.707106781187,0.));
#5501 = PCURVE('',#4089,#5502);
#5502 = DEFINITIONAL_REPRESENTATION('',(#5503),#5520);
#5503 = B_SPLINE_CURVE_WITH_KNOTS('',8,(#5504,#5505,#5506,#5507,#5508,
    #5509,#5510,#5511,#5512,#5513,#5514,#5515,#5516,#5517,#5518,#5519),
  .UNSPECIFIED.,.F.,.F.,(9,7,9),(1.570796326795,3.14159265359,
    4.712388980385),.UNSPECIFIED.);
#5504 = CARTESIAN_POINT('',(0.,63.));
#5505 = CARTESIAN_POINT('',(0.196349540849,66.436116964864));
#5506 = CARTESIAN_POINT('',(0.392699081697,69.872234745446));
#5507 = CARTESIAN_POINT('',(0.58904862255,73.106482071191));
#5508 = CARTESIAN_POINT('',(0.78539816339,75.937028134242));
#5509 = CARTESIAN_POINT('',(0.98174770425,78.18681581103));
#5510 = CARTESIAN_POINT('',(1.178097245095,79.728936420128));
#5511 = CARTESIAN_POINT('',(1.374446785946,80.5));
#5512 = CARTESIAN_POINT('',(1.767145867644,80.5));
#5513 = CARTESIAN_POINT('',(1.963495408492,79.728936420201));
#5514 = CARTESIAN_POINT('',(2.159844949339,78.186815811088));
#5515 = CARTESIAN_POINT('',(2.356194490179,75.937028134824));
#5516 = CARTESIAN_POINT('',(2.552544031036,73.106482071191));
#5517 = CARTESIAN_POINT('',(2.748893571891,69.872234745533));
#5518 = CARTESIAN_POINT('',(2.94524311274,66.436116964864));
#5519 = CARTESIAN_POINT('',(3.14159265359,63.));
#5520 = ( GEOMETRIC_REPRESENTATION_CONTEXT(2) 
PARAMETRIC_REPRESENTATION_CONTEXT() REPRESENTATION_CONTEXT('2D SPACE',''
  ) );
#5521 = PCURVE('',#4249,#5522);
#5522 = DEFINITIONAL_REPRESENTATION('',(#5523),#5540);
#5523 = B_SPLINE_CURVE_WITH_KNOTS('',8,(#5524,#5525,#5526,#5527,#5528,
    #5529,#5530,#5531,#5532,#5533,#5534,#5535,#5536,#5537,#5538,#5539),
  .UNSPECIFIED.,.F.,.F.,(9,7,9),(1.570796326795,3.14159265359,
    4.712388980385),.UNSPECIFIED.);
#5524 = CARTESIAN_POINT('',(0.,63.));
#5525 = CARTESIAN_POINT('',(0.196349540849,59.563883035136));
#5526 = CARTESIAN_POINT('',(0.392699081697,56.127765254438));
#5527 = CARTESIAN_POINT('',(0.58904862255,52.893517928926));
#5528 = CARTESIAN_POINT('',(0.78539816339,50.062971864711));
#5529 = CARTESIAN_POINT('',(0.98174770425,47.813184189174));
#5530 = CARTESIAN_POINT('',(1.178097245095,46.271063579778));
#5531 = CARTESIAN_POINT('',(1.374446785946,45.5));
#5532 = CARTESIAN_POINT('',(1.767145867644,45.5));
#5533 = CARTESIAN_POINT('',(1.963495408492,46.271063579748));
#5534 = CARTESIAN_POINT('',(2.159844949339,47.813184189115));
#5535 = CARTESIAN_POINT('',(2.356194490179,50.062971864769));
#5536 = CARTESIAN_POINT('',(2.552544031036,52.893517928926));
#5537 = CARTESIAN_POINT('',(2.748893571891,56.127765254379));
#5538 = CARTESIAN_POINT('',(2.94524311274,59.563883035136));
#5539 = CARTESIAN_POINT('',(3.14159265359,63.));
#5540 = ( GEOMETRIC_REPRESENTATION_CONTEXT(2) 
PARAMETRIC_REPRESENTATION_CONTEXT() REPRESENTATION_CONTEXT('2D SPACE',''
  ) );
#5541 = ORIENTED_EDGE('',*,*,#4107,.F.);
#5542 = ORIENTED_EDGE('',*,*,#4066,.F.);
#5543 = ORIENTED_EDGE('',*,*,#5473,.T.);
#5544 = ORIENTED_EDGE('',*,*,#5545,.T.);
#5545 = EDGE_CURVE('',#5319,#4997,#5546,.T.);
#5546 = SURFACE_CURVE('',#5547,(#5595,#5646),.PCURVE_S1.);
#5547 = B_SPLINE_CURVE_WITH_KNOTS('',6,(#5548,#5549,#5550,#5551,#5552,
    #5553,#5554,#5555,#5556,#5557,#5558,#5559,#5560,#5561,#5562,#5563,
    #5564,#5565,#5566,#5567,#5568,#5569,#5570,#5571,#5572,#5573,#5574,
    #5575,#5576,#5577,#5578,#5579,#5580,#5581,#5582,#5583,#5584,#5585,
    #5586,#5587,#5588,#5589,#5590,#5591,#5592,#5593,#5594),
  .UNSPECIFIED.,.F.,.F.,(7,5,5,5,5,5,5,5,5,7),(0.,8.177679002564E-02,
    0.138359609573,0.22884438913,0.319624316398,0.423252157623,
    0.50687144183,0.635273820304,0.771557158782,1.),.UNSPECIFIED.);
#5548 = CARTESIAN_POINT('',(73.5,311.5,52.5));
#5549 = CARTESIAN_POINT('',(73.5,312.06578366705,52.5));
#5550 = CARTESIAN_POINT('',(73.532925355312,312.63181038108,
    52.478049381143));
#5551 = CARTESIAN_POINT('',(73.598831834317,313.1914113876,
    52.434113652289));
#5552 = CARTESIAN_POINT('',(73.695290416481,313.73978471338,
    52.369673449167));
#5553 = CARTESIAN_POINT('',(73.818803697055,314.27356072577,
    52.286828693232));
#5554 = CARTESIAN_POINT('',(74.067243250385,315.14828179919,
    52.119366069296));
#5555 = CARTESIAN_POINT('',(74.180062411473,315.49815261896,
    52.043122811166));
#5556 = CARTESIAN_POINT('',(74.302961590163,315.83970535451,
    51.959806990279));
#5557 = CARTESIAN_POINT('',(74.434819899917,316.17276956903,
    51.87009247052));
#5558 = CARTESIAN_POINT('',(74.574642251872,316.4973780766,
    51.774577700242));
#5559 = CARTESIAN_POINT('',(74.956597616498,317.31963337022,
    51.512534519305));
#5560 = CARTESIAN_POINT('',(75.209756556005,317.80425480408,
    51.337801163265));
#5561 = CARTESIAN_POINT('',(75.477725189004,318.26861839349,
    51.151550526128));
#5562 = CARTESIAN_POINT('',(75.757836086702,318.71383245527,
    50.955369671353));
#5563 = CARTESIAN_POINT('',(76.048074393729,319.14113105483,
    50.750464043605));
#5564 = CARTESIAN_POINT('',(76.647051976059,319.96392747394,
    50.324076855042));
#5565 = CARTESIAN_POINT('',(76.95575514443,320.35918921164,
    50.102609912362));
#5566 = CARTESIAN_POINT('',(77.271708909888,320.73889959817,
    49.874080570796));
#5567 = CARTESIAN_POINT('',(77.593776422303,321.10404858273,
    49.639158286625));
#5568 = CARTESIAN_POINT('',(77.921077054748,321.45552406938,
    49.398363169146));
#5569 = CARTESIAN_POINT('',(78.631839355664,322.18066585676,
    48.870898884502));
#5570 = CARTESIAN_POINT('',(79.016645942204,322.55038476753,
    48.58259570213));
#5571 = CARTESIAN_POINT('',(79.406399161734,322.90445996657,
    48.287726770981));
#5572 = CARTESIAN_POINT('',(79.800330389509,323.24376957294,
    47.986745199317));
#5573 = CARTESIAN_POINT('',(80.197835037422,323.56905486678,
    47.680010817899));
#5574 = CARTESIAN_POINT('',(80.921731993518,324.13261756991,
    47.115848504137));
#5575 = CARTESIAN_POINT('',(81.247023337883,324.37555864062,
    46.860345166024));
#5576 = CARTESIAN_POINT('',(81.574084142802,324.61009240863,
    46.601425650208));
#5577 = CARTESIAN_POINT('',(81.902701543359,324.83648266969,
    46.33921892131));
#5578 = CARTESIAN_POINT('',(82.232695030524,325.05494863104,
    46.073836186144));
#5579 = CARTESIAN_POINT('',(83.072514695535,325.58926891238,
    45.393130197909));
#5580 = CARTESIAN_POINT('',(83.583990438493,325.89461143975,
    44.97363234415));
#5581 = CARTESIAN_POINT('',(84.097788136734,326.18239008385,
    44.547220933691));
#5582 = CARTESIAN_POINT('',(84.613453219733,326.45306882836,
    44.114194551163));
#5583 = CARTESIAN_POINT('',(85.130604798403,326.70698459005,
    43.674816584656));
#5584 = CARTESIAN_POINT('',(86.199067869219,327.19631516886,
    42.756465287602));
#5585 = CARTESIAN_POINT('',(86.750514756038,327.42963207096,
    42.276728125426));
#5586 = CARTESIAN_POINT('',(87.302888015833,327.64458640763,
    41.790378522409));
#5587 = CARTESIAN_POINT('',(87.855846751212,327.84129594172,
    41.297684520739));
#5588 = CARTESIAN_POINT('',(88.409082963883,328.01977459656,
    40.798907513196));
#5589 = CARTESIAN_POINT('',(89.889673186057,328.44841350733,
    39.448460717777));
#5590 = CARTESIAN_POINT('',(90.816967072442,328.66541302794,
    38.586294945888));
#5591 = CARTESIAN_POINT('',(91.742950837715,328.83057654936,
    37.708947761476));
#5592 = CARTESIAN_POINT('',(92.666339986205,328.94269183262,
    36.817740872547));
#5593 = CARTESIAN_POINT('',(93.585810078804,329.00000001932,
    35.914190086361));
#5594 = CARTESIAN_POINT('',(94.499999936246,329.,35.));
#5595 = PCURVE('',#4089,#5596);
#5596 = DEFINITIONAL_REPRESENTATION('',(#5597),#5645);
#5597 = B_SPLINE_CURVE_WITH_KNOTS('',6,(#5598,#5599,#5600,#5601,#5602,
    #5603,#5604,#5605,#5606,#5607,#5608,#5609,#5610,#5611,#5612,#5613,
    #5614,#5615,#5616,#5617,#5618,#5619,#5620,#5621,#5622,#5623,#5624,
    #5625,#5626,#5627,#5628,#5629,#5630,#5631,#5632,#5633,#5634,#5635,
    #5636,#5637,#5638,#5639,#5640,#5641,#5642,#5643,#5644),
  .UNSPECIFIED.,.F.,.F.,(7,5,5,5,5,5,5,5,5,7),(0.,8.177679002564E-02,
    0.138359609573,0.22884438913,0.319624316398,0.423252157623,
    0.50687144183,0.635273820304,0.771557158782,1.),.UNSPECIFIED.);
#5598 = CARTESIAN_POINT('',(6.28318530718,105.));
#5599 = CARTESIAN_POINT('',(6.250854811919,105.));
#5600 = CARTESIAN_POINT('',(6.218510444744,105.03292535531));
#5601 = CARTESIAN_POINT('',(6.186472334942,105.09883183431));
#5602 = CARTESIAN_POINT('',(6.154954181142,105.19529041648));
#5603 = CARTESIAN_POINT('',(6.124106631403,105.31880369705));
#5604 = CARTESIAN_POINT('',(6.073214807379,105.56724325038));
#5605 = CARTESIAN_POINT('',(6.052759590838,105.68006241147));
#5606 = CARTESIAN_POINT('',(6.032678987454,105.80296159016));
#5607 = CARTESIAN_POINT('',(6.012976395673,105.93481989991));
#5608 = CARTESIAN_POINT('',(5.993645837079,106.07464225187));
#5609 = CARTESIAN_POINT('',(5.944331505128,106.45659761649));
#5610 = CARTESIAN_POINT('',(5.91491453032,106.709756556));
#5611 = CARTESIAN_POINT('',(5.886350401834,106.977725189));
#5612 = CARTESIAN_POINT('',(5.85857125613,107.2578360867));
#5613 = CARTESIAN_POINT('',(5.831504889582,107.54807439372));
#5614 = CARTESIAN_POINT('',(5.778549768595,108.14705197605));
#5615 = CARTESIAN_POINT('',(5.752673368066,108.45575514443));
#5616 = CARTESIAN_POINT('',(5.727366732891,108.77170890988));
#5617 = CARTESIAN_POINT('',(5.702571710207,109.0937764223));
#5618 = CARTESIAN_POINT('',(5.678235772605,109.42107705474));
#5619 = CARTESIAN_POINT('',(5.626996464244,110.13183935566));
#5620 = CARTESIAN_POINT('',(5.600220571978,110.5166459422));
#5621 = CARTESIAN_POINT('',(5.573910239075,110.90639916173));
#5622 = CARTESIAN_POINT('',(5.548010549318,111.3003303895));
#5623 = CARTESIAN_POINT('',(5.522473495667,111.69783503742));
#5624 = CARTESIAN_POINT('',(5.476906517411,112.42173199351));
#5625 = CARTESIAN_POINT('',(5.456766050294,112.74702333788));
#5626 = CARTESIAN_POINT('',(5.436811852256,113.0740841428));
#5627 = CARTESIAN_POINT('',(5.417024822133,113.40270154335));
#5628 = CARTESIAN_POINT('',(5.397387995621,113.73269503052));
#5629 = CARTESIAN_POINT('',(5.347938493679,114.57251469553));
#5630 = CARTESIAN_POINT('',(5.318309061942,115.08399043849));
#5631 = CARTESIAN_POINT('',(5.288940248415,115.59778813673));
#5632 = CARTESIAN_POINT('',(5.259785818496,116.11345321973));
#5633 = CARTESIAN_POINT('',(5.230804702236,116.6306047984));
#5634 = CARTESIAN_POINT('',(5.171342801687,117.69906786921));
#5635 = CARTESIAN_POINT('',(5.140879865761,118.25051475603));
#5636 = CARTESIAN_POINT('',(5.110525238762,118.80288801583));
#5637 = CARTESIAN_POINT('',(5.080240160189,119.35584675121));
#5638 = CARTESIAN_POINT('',(5.049988762599,119.90908296388));
#5639 = CARTESIAN_POINT('',(4.969026430958,121.38967318605));
#5640 = CARTESIAN_POINT('',(4.918317069076,122.31696707244));
#5641 = CARTESIAN_POINT('',(4.867442419557,123.24295083771));
#5642 = CARTESIAN_POINT('',(4.816259958706,124.1663399862));
#5643 = CARTESIAN_POINT('',(4.764628398626,125.0858100788));
#5644 = CARTESIAN_POINT('',(4.712388980385,125.99999993624));
#5645 = ( GEOMETRIC_REPRESENTATION_CONTEXT(2) 
PARAMETRIC_REPRESENTATION_CONTEXT() REPRESENTATION_CONTEXT('2D SPACE',''
  ) );
#5646 = PCURVE('',#4421,#5647);
#5647 = DEFINITIONAL_REPRESENTATION('',(#5648),#5696);
#5648 = B_SPLINE_CURVE_WITH_KNOTS('',6,(#5649,#5650,#5651,#5652,#5653,
    #5654,#5655,#5656,#5657,#5658,#5659,#5660,#5661,#5662,#5663,#5664,
    #5665,#5666,#5667,#5668,#5669,#5670,#5671,#5672,#5673,#5674,#5675,
    #5676,#5677,#5678,#5679,#5680,#5681,#5682,#5683,#5684,#5685,#5686,
    #5687,#5688,#5689,#5690,#5691,#5692,#5693,#5694,#5695),
  .UNSPECIFIED.,.F.,.F.,(7,5,5,5,5,5,5,5,5,7),(0.,8.177679002564E-02,
    0.138359609573,0.22884438913,0.319624316398,0.423252157623,
    0.50687144183,0.635273820304,0.771557158782,1.),.UNSPECIFIED.);
#5649 = CARTESIAN_POINT('',(0.3947911197,3.14159265359));
#5650 = CARTESIAN_POINT('',(0.3947911197,3.17392314885));
#5651 = CARTESIAN_POINT('',(0.394067493338,3.206267516026));
#5652 = CARTESIAN_POINT('',(0.392618959913,3.238305625827));
#5653 = CARTESIAN_POINT('',(0.390501720281,3.269823779628));
#5654 = CARTESIAN_POINT('',(0.387797336386,3.300671329367));
#5655 = CARTESIAN_POINT('',(0.382374330543,3.351563153391));
#5656 = CARTESIAN_POINT('',(0.379915661708,3.372018369932));
#5657 = CARTESIAN_POINT('',(0.377242585922,3.392098973316));
#5658 = CARTESIAN_POINT('',(0.374381215218,3.411801565097));
#5659 = CARTESIAN_POINT('',(0.371354720379,3.431132123691));
#5660 = CARTESIAN_POINT('',(0.363109817325,3.480446455641));
#5661 = CARTESIAN_POINT('',(0.357666302884,3.50986343045));
#5662 = CARTESIAN_POINT('',(0.351930386602,3.538427558936));
#5663 = CARTESIAN_POINT('',(0.34596445092,3.56620670464));
#5664 = CARTESIAN_POINT('',(0.339815425293,3.593273071187));
#5665 = CARTESIAN_POINT('',(0.327195376491,3.646228192174));
#5666 = CARTESIAN_POINT('',(0.320725334677,3.672104592703));
#5667 = CARTESIAN_POINT('',(0.314140255364,3.697411227878));
#5668 = CARTESIAN_POINT('',(0.307466715861,3.722206250563));
#5669 = CARTESIAN_POINT('',(0.300725206942,3.746542188165));
#5670 = CARTESIAN_POINT('',(0.286174699655,3.797781496525));
#5671 = CARTESIAN_POINT('',(0.278350628892,3.824557388792));
#5672 = CARTESIAN_POINT('',(0.27048173822,3.850867721695));
#5673 = CARTESIAN_POINT('',(0.262585730993,3.876767411452));
#5674 = CARTESIAN_POINT('',(0.254676355428,3.902304465102));
#5675 = CARTESIAN_POINT('',(0.240379193206,3.947871443358));
#5676 = CARTESIAN_POINT('',(0.23399272399,3.968011910476));
#5677 = CARTESIAN_POINT('',(0.227610130559,3.987966108513));
#5678 = CARTESIAN_POINT('',(0.221236114464,4.007753138636));
#5679 = CARTESIAN_POINT('',(0.214874581597,4.027389965148));
#5680 = CARTESIAN_POINT('',(0.198784426289,4.076839467091));
#5681 = CARTESIAN_POINT('',(0.189077387043,4.106468898827));
#5682 = CARTESIAN_POINT('',(0.179419363732,4.135837712354));
#5683 = CARTESIAN_POINT('',(0.169819493707,4.164992142273));
#5684 = CARTESIAN_POINT('',(0.160284998964,4.193973258534));
#5685 = CARTESIAN_POINT('',(0.14077706278,4.253435159082));
#5686 = CARTESIAN_POINT('',(0.130812836382,4.283898095008));
#5687 = CARTESIAN_POINT('',(0.120935573711,4.314252722008));
#5688 = CARTESIAN_POINT('',(0.111150789043,4.34453780058));
#5689 = CARTESIAN_POINT('',(0.101462984535,4.37478919817));
#5690 = CARTESIAN_POINT('',(7.580537645979E-02,4.455751529811));
#5691 = CARTESIAN_POINT('',(6.00186801014E-02,4.506460888321));
#5692 = CARTESIAN_POINT('',(4.45317046238E-02,4.557335551328));
#5693 = CARTESIAN_POINT('',(2.935839193679E-02,4.60851798857));
#5694 = CARTESIAN_POINT('',(1.451095384225E-02,4.6601495718));
#5695 = CARTESIAN_POINT('',(0.,4.712388976742));
#5696 = ( GEOMETRIC_REPRESENTATION_CONTEXT(2) 
PARAMETRIC_REPRESENTATION_CONTEXT() REPRESENTATION_CONTEXT('2D SPACE',''
  ) );
#5697 = ADVANCED_FACE('',(#5698),#4053,.T.);
#5698 = FACE_BOUND('',#5699,.T.);
#5699 = EDGE_LOOP('',(#5700));
#5700 = ORIENTED_EDGE('',*,*,#4038,.T.);
#5701 = ADVANCED_FACE('',(#5702),#4249,.T.);
#5702 = FACE_BOUND('',#5703,.T.);
#5703 = EDGE_LOOP('',(#5704,#5705,#5728,#5755,#5756));
#5704 = ORIENTED_EDGE('',*,*,#5494,.F.);
#5705 = ORIENTED_EDGE('',*,*,#5706,.F.);
#5706 = EDGE_CURVE('',#5707,#4009,#5709,.T.);
#5707 = VERTEX_POINT('',#5708);
#5708 = CARTESIAN_POINT('',(31.5,248.5,52.5));
#5709 = SEAM_CURVE('',#5710,(#5714,#5721),.PCURVE_S1.);
#5710 = LINE('',#5711,#5712);
#5711 = CARTESIAN_POINT('',(31.5,248.5,52.5));
#5712 = VECTOR('',#5713,1.);
#5713 = DIRECTION('',(0.,1.,0.));
#5714 = PCURVE('',#4249,#5715);
#5715 = DEFINITIONAL_REPRESENTATION('',(#5716),#5720);
#5716 = LINE('',#5717,#5718);
#5717 = CARTESIAN_POINT('',(6.28318530718,-0.));
#5718 = VECTOR('',#5719,1.);
#5719 = DIRECTION('',(0.,1.));
#5720 = ( GEOMETRIC_REPRESENTATION_CONTEXT(2) 
PARAMETRIC_REPRESENTATION_CONTEXT() REPRESENTATION_CONTEXT('2D SPACE',''
  ) );
#5721 = PCURVE('',#4249,#5722);
#5722 = DEFINITIONAL_REPRESENTATION('',(#5723),#5727);
#5723 = LINE('',#5724,#5725);
#5724 = CARTESIAN_POINT('',(0.,-0.));
#5725 = VECTOR('',#5726,1.);
#5726 = DIRECTION('',(0.,1.));
#5727 = ( GEOMETRIC_REPRESENTATION_CONTEXT(2) 
PARAMETRIC_REPRESENTATION_CONTEXT() REPRESENTATION_CONTEXT('2D SPACE',''
  ) );
#5728 = ORIENTED_EDGE('',*,*,#5729,.T.);
#5729 = EDGE_CURVE('',#5707,#5707,#5730,.T.);
#5730 = SURFACE_CURVE('',#5731,(#5736,#5743),.PCURVE_S1.);
#5731 = CIRCLE('',#5732,17.5);
#5732 = AXIS2_PLACEMENT_3D('',#5733,#5734,#5735);
#5733 = CARTESIAN_POINT('',(31.5,248.5,35.));
#5734 = DIRECTION('',(0.,1.,0.));
#5735 = DIRECTION('',(0.,0.,1.));
#5736 = PCURVE('',#4249,#5737);
#5737 = DEFINITIONAL_REPRESENTATION('',(#5738),#5742);
#5738 = LINE('',#5739,#5740);
#5739 = CARTESIAN_POINT('',(0.,0.));
#5740 = VECTOR('',#5741,1.);
#5741 = DIRECTION('',(1.,0.));
#5742 = ( GEOMETRIC_REPRESENTATION_CONTEXT(2) 
PARAMETRIC_REPRESENTATION_CONTEXT() REPRESENTATION_CONTEXT('2D SPACE',''
  ) );
#5743 = PCURVE('',#5744,#5749);
#5744 = PLANE('',#5745);
#5745 = AXIS2_PLACEMENT_3D('',#5746,#5747,#5748);
#5746 = CARTESIAN_POINT('',(31.5,248.5,35.));
#5747 = DIRECTION('',(0.,1.,0.));
#5748 = DIRECTION('',(0.,0.,1.));
#5749 = DEFINITIONAL_REPRESENTATION('',(#5750),#5754);
#5750 = CIRCLE('',#5751,17.5);
#5751 = AXIS2_PLACEMENT_2D('',#5752,#5753);
#5752 = CARTESIAN_POINT('',(0.,0.));
#5753 = DIRECTION('',(1.,0.));
#5754 = ( GEOMETRIC_REPRESENTATION_CONTEXT(2) 
PARAMETRIC_REPRESENTATION_CONTEXT() REPRESENTATION_CONTEXT('2D SPACE',''
  ) );
#5755 = ORIENTED_EDGE('',*,*,#5706,.T.);
#5756 = ORIENTED_EDGE('',*,*,#4221,.F.);
#5757 = ADVANCED_FACE('',(#5758,#5834),#4421,.T.);
#5758 = FACE_BOUND('',#5759,.T.);
#5759 = EDGE_LOOP('',(#5760,#5784,#5806,#5807,#5808,#5830,#5831,#5832,
    #5833));
#5760 = ORIENTED_EDGE('',*,*,#5761,.F.);
#5761 = EDGE_CURVE('',#5762,#4999,#5764,.T.);
#5762 = VERTEX_POINT('',#5763);
#5763 = CARTESIAN_POINT('',(112.,311.5,35.));
#5764 = SEAM_CURVE('',#5765,(#5770,#5777),.PCURVE_S1.);
#5765 = CIRCLE('',#5766,17.5);
#5766 = AXIS2_PLACEMENT_3D('',#5767,#5768,#5769);
#5767 = CARTESIAN_POINT('',(94.5,311.5,35.));
#5768 = DIRECTION('',(-2.449293598295E-16,-1.110223024625E-16,-1.));
#5769 = DIRECTION('',(1.,-2.719262146894E-32,-2.449293598295E-16));
#5770 = PCURVE('',#4421,#5771);
#5771 = DEFINITIONAL_REPRESENTATION('',(#5772),#5776);
#5772 = LINE('',#5773,#5774);
#5773 = CARTESIAN_POINT('',(0.,-0.));
#5774 = VECTOR('',#5775,1.);
#5775 = DIRECTION('',(0.,1.));
#5776 = ( GEOMETRIC_REPRESENTATION_CONTEXT(2) 
PARAMETRIC_REPRESENTATION_CONTEXT() REPRESENTATION_CONTEXT('2D SPACE',''
  ) );
#5777 = PCURVE('',#4421,#5778);
#5778 = DEFINITIONAL_REPRESENTATION('',(#5779),#5783);
#5779 = LINE('',#5780,#5781);
#5780 = CARTESIAN_POINT('',(6.28318530718,-0.));
#5781 = VECTOR('',#5782,1.);
#5782 = DIRECTION('',(0.,1.));
#5783 = ( GEOMETRIC_REPRESENTATION_CONTEXT(2) 
PARAMETRIC_REPRESENTATION_CONTEXT() REPRESENTATION_CONTEXT('2D SPACE',''
  ) );
#5784 = ORIENTED_EDGE('',*,*,#5785,.T.);
#5785 = EDGE_CURVE('',#5762,#5762,#5786,.T.);
#5786 = SEAM_CURVE('',#5787,(#5792,#5799),.PCURVE_S1.);
#5787 = CIRCLE('',#5788,80.5);
#5788 = AXIS2_PLACEMENT_3D('',#5789,#5790,#5791);
#5789 = CARTESIAN_POINT('',(31.5,311.5,35.));
#5790 = DIRECTION('',(0.,-1.,1.110223024625E-16));
#5791 = DIRECTION('',(1.,0.,0.));
#5792 = PCURVE('',#4421,#5793);
#5793 = DEFINITIONAL_REPRESENTATION('',(#5794),#5798);
#5794 = LINE('',#5795,#5796);
#5795 = CARTESIAN_POINT('',(0.,6.28318530718));
#5796 = VECTOR('',#5797,1.);
#5797 = DIRECTION('',(1.,0.));
#5798 = ( GEOMETRIC_REPRESENTATION_CONTEXT(2) 
PARAMETRIC_REPRESENTATION_CONTEXT() REPRESENTATION_CONTEXT('2D SPACE',''
  ) );
#5799 = PCURVE('',#4421,#5800);
#5800 = DEFINITIONAL_REPRESENTATION('',(#5801),#5805);
#5801 = LINE('',#5802,#5803);
#5802 = CARTESIAN_POINT('',(0.,0.));
#5803 = VECTOR('',#5804,1.);
#5804 = DIRECTION('',(1.,0.));
#5805 = ( GEOMETRIC_REPRESENTATION_CONTEXT(2) 
PARAMETRIC_REPRESENTATION_CONTEXT() REPRESENTATION_CONTEXT('2D SPACE',''
  ) );
#5806 = ORIENTED_EDGE('',*,*,#5761,.T.);
#5807 = ORIENTED_EDGE('',*,*,#4996,.F.);
#5808 = ORIENTED_EDGE('',*,*,#5809,.T.);
#5809 = EDGE_CURVE('',#4997,#5762,#5810,.T.);
#5810 = SEAM_CURVE('',#5811,(#5816,#5823),.PCURVE_S1.);
#5811 = CIRCLE('',#5812,17.5);
#5812 = AXIS2_PLACEMENT_3D('',#5813,#5814,#5815);
#5813 = CARTESIAN_POINT('',(94.5,311.5,35.));
#5814 = DIRECTION('',(-2.449293598295E-16,-1.110223024625E-16,-1.));
#5815 = DIRECTION('',(1.,-2.719262146894E-32,-2.449293598295E-16));
#5816 = PCURVE('',#4421,#5817);
#5817 = DEFINITIONAL_REPRESENTATION('',(#5818),#5822);
#5818 = LINE('',#5819,#5820);
#5819 = CARTESIAN_POINT('',(0.,-0.));
#5820 = VECTOR('',#5821,1.);
#5821 = DIRECTION('',(0.,1.));
#5822 = ( GEOMETRIC_REPRESENTATION_CONTEXT(2) 
PARAMETRIC_REPRESENTATION_CONTEXT() REPRESENTATION_CONTEXT('2D SPACE',''
  ) );
#5823 = PCURVE('',#4421,#5824);
#5824 = DEFINITIONAL_REPRESENTATION('',(#5825),#5829);
#5825 = LINE('',#5826,#5827);
#5826 = CARTESIAN_POINT('',(6.28318530718,-0.));
#5827 = VECTOR('',#5828,1.);
#5828 = DIRECTION('',(0.,1.));
#5829 = ( GEOMETRIC_REPRESENTATION_CONTEXT(2) 
PARAMETRIC_REPRESENTATION_CONTEXT() REPRESENTATION_CONTEXT('2D SPACE',''
  ) );
#5830 = ORIENTED_EDGE('',*,*,#5785,.F.);
#5831 = ORIENTED_EDGE('',*,*,#5809,.F.);
#5832 = ORIENTED_EDGE('',*,*,#5545,.F.);
#5833 = ORIENTED_EDGE('',*,*,#5318,.F.);
#5834 = FACE_BOUND('',#5835,.T.);
#5835 = EDGE_LOOP('',(#5836,#5837,#5838));
#5836 = ORIENTED_EDGE('',*,*,#4837,.F.);
#5837 = ORIENTED_EDGE('',*,*,#4487,.F.);
#5838 = ORIENTED_EDGE('',*,*,#4297,.F.);
#5839 = ADVANCED_FACE('',(#5840),#5744,.F.);
#5840 = FACE_BOUND('',#5841,.T.);
#5841 = EDGE_LOOP('',(#5842));
#5842 = ORIENTED_EDGE('',*,*,#5729,.F.);
#5843 = MANIFOLD_SOLID_BREP('',#5844);
#5844 = CLOSED_SHELL('',(#5845,#5933,#5937));
#5845 = ADVANCED_FACE('',(#5846),#5859,.T.);
#5846 = FACE_BOUND('',#5847,.T.);
#5847 = EDGE_LOOP('',(#5848,#5882,#5905,#5932));
#5848 = ORIENTED_EDGE('',*,*,#5849,.F.);
#5849 = EDGE_CURVE('',#5850,#5850,#5852,.T.);
#5850 = VERTEX_POINT('',#5851);
#5851 = CARTESIAN_POINT('',(-91.,-490.,154.));
#5852 = SURFACE_CURVE('',#5853,(#5858,#5870),.PCURVE_S1.);
#5853 = CIRCLE('',#5854,14.);
#5854 = AXIS2_PLACEMENT_3D('',#5855,#5856,#5857);
#5855 = CARTESIAN_POINT('',(-91.,-490.,140.));
#5856 = DIRECTION('',(1.,0.,-0.));
#5857 = DIRECTION('',(0.,0.,1.));
#5858 = PCURVE('',#5859,#5864);
#5859 = CYLINDRICAL_SURFACE('',#5860,14.);
#5860 = AXIS2_PLACEMENT_3D('',#5861,#5862,#5863);
#5861 = CARTESIAN_POINT('',(-315.,-490.,140.));
#5862 = DIRECTION('',(1.,0.,0.));
#5863 = DIRECTION('',(0.,0.,1.));
#5864 = DEFINITIONAL_REPRESENTATION('',(#5865),#5869);
#5865 = LINE('',#5866,#5867);
#5866 = CARTESIAN_POINT('',(0.,224.));
#5867 = VECTOR('',#5868,1.);
#5868 = DIRECTION('',(1.,0.));
#5869 = ( GEOMETRIC_REPRESENTATION_CONTEXT(2) 
PARAMETRIC_REPRESENTATION_CONTEXT() REPRESENTATION_CONTEXT('2D SPACE',''
  ) );
#5870 = PCURVE('',#5871,#5876);
#5871 = PLANE('',#5872);
#5872 = AXIS2_PLACEMENT_3D('',#5873,#5874,#5875);
#5873 = CARTESIAN_POINT('',(-91.,-490.,140.));
#5874 = DIRECTION('',(1.,0.,0.));
#5875 = DIRECTION('',(0.,0.,1.));
#5876 = DEFINITIONAL_REPRESENTATION('',(#5877),#5881);
#5877 = CIRCLE('',#5878,14.);
#5878 = AXIS2_PLACEMENT_2D('',#5879,#5880);
#5879 = CARTESIAN_POINT('',(0.,0.));
#5880 = DIRECTION('',(1.,0.));
#5881 = ( GEOMETRIC_REPRESENTATION_CONTEXT(2) 
PARAMETRIC_REPRESENTATION_CONTEXT() REPRESENTATION_CONTEXT('2D SPACE',''
  ) );
#5882 = ORIENTED_EDGE('',*,*,#5883,.F.);
#5883 = EDGE_CURVE('',#5884,#5850,#5886,.T.);
#5884 = VERTEX_POINT('',#5885);
#5885 = CARTESIAN_POINT('',(-315.,-490.,154.));
#5886 = SEAM_CURVE('',#5887,(#5891,#5898),.PCURVE_S1.);
#5887 = LINE('',#5888,#5889);
#5888 = CARTESIAN_POINT('',(-315.,-490.,154.));
#5889 = VECTOR('',#5890,1.);
#5890 = DIRECTION('',(1.,0.,0.));
#5891 = PCURVE('',#5859,#5892);
#5892 = DEFINITIONAL_REPRESENTATION('',(#5893),#5897);
#5893 = LINE('',#5894,#5895);
#5894 = CARTESIAN_POINT('',(6.28318530718,-0.));
#5895 = VECTOR('',#5896,1.);
#5896 = DIRECTION('',(0.,1.));
#5897 = ( GEOMETRIC_REPRESENTATION_CONTEXT(2) 
PARAMETRIC_REPRESENTATION_CONTEXT() REPRESENTATION_CONTEXT('2D SPACE',''
  ) );
#5898 = PCURVE('',#5859,#5899);
#5899 = DEFINITIONAL_REPRESENTATION('',(#5900),#5904);
#5900 = LINE('',#5901,#5902);
#5901 = CARTESIAN_POINT('',(0.,-0.));
#5902 = VECTOR('',#5903,1.);
#5903 = DIRECTION('',(0.,1.));
#5904 = ( GEOMETRIC_REPRESENTATION_CONTEXT(2) 
PARAMETRIC_REPRESENTATION_CONTEXT() REPRESENTATION_CONTEXT('2D SPACE',''
  ) );
#5905 = ORIENTED_EDGE('',*,*,#5906,.T.);
#5906 = EDGE_CURVE('',#5884,#5884,#5907,.T.);
#5907 = SURFACE_CURVE('',#5908,(#5913,#5920),.PCURVE_S1.);
#5908 = CIRCLE('',#5909,14.);
#5909 = AXIS2_PLACEMENT_3D('',#5910,#5911,#5912);
#5910 = CARTESIAN_POINT('',(-315.,-490.,140.));
#5911 = DIRECTION('',(1.,0.,-0.));
#5912 = DIRECTION('',(0.,0.,1.));
#5913 = PCURVE('',#5859,#5914);
#5914 = DEFINITIONAL_REPRESENTATION('',(#5915),#5919);
#5915 = LINE('',#5916,#5917);
#5916 = CARTESIAN_POINT('',(0.,0.));
#5917 = VECTOR('',#5918,1.);
#5918 = DIRECTION('',(1.,0.));
#5919 = ( GEOMETRIC_REPRESENTATION_CONTEXT(2) 
PARAMETRIC_REPRESENTATION_CONTEXT() REPRESENTATION_CONTEXT('2D SPACE',''
  ) );
#5920 = PCURVE('',#5921,#5926);
#5921 = PLANE('',#5922);
#5922 = AXIS2_PLACEMENT_3D('',#5923,#5924,#5925);
#5923 = CARTESIAN_POINT('',(-315.,-490.,140.));
#5924 = DIRECTION('',(1.,0.,0.));
#5925 = DIRECTION('',(0.,0.,1.));
#5926 = DEFINITIONAL_REPRESENTATION('',(#5927),#5931);
#5927 = CIRCLE('',#5928,14.);
#5928 = AXIS2_PLACEMENT_2D('',#5929,#5930);
#5929 = CARTESIAN_POINT('',(0.,0.));
#5930 = DIRECTION('',(1.,0.));
#5931 = ( GEOMETRIC_REPRESENTATION_CONTEXT(2) 
PARAMETRIC_REPRESENTATION_CONTEXT() REPRESENTATION_CONTEXT('2D SPACE',''
  ) );
#5932 = ORIENTED_EDGE('',*,*,#5883,.T.);
#5933 = ADVANCED_FACE('',(#5934),#5871,.T.);
#5934 = FACE_BOUND('',#5935,.T.);
#5935 = EDGE_LOOP('',(#5936));
#5936 = ORIENTED_EDGE('',*,*,#5849,.T.);
#5937 = ADVANCED_FACE('',(#5938),#5921,.F.);
#5938 = FACE_BOUND('',#5939,.T.);
#5939 = EDGE_LOOP('',(#5940));
#5940 = ORIENTED_EDGE('',*,*,#5906,.F.);
#5941 = MANIFOLD_SOLID_BREP('',#5942);
#5942 = CLOSED_SHELL('',(#5943,#6031,#6035));
#5943 = ADVANCED_FACE('',(#5944),#5957,.T.);
#5944 = FACE_BOUND('',#5945,.T.);
#5945 = EDGE_LOOP('',(#5946,#5980,#6003,#6030));
#5946 = ORIENTED_EDGE('',*,*,#5947,.F.);
#5947 = EDGE_CURVE('',#5948,#5948,#5950,.T.);
#5948 = VERTEX_POINT('',#5949);
#5949 = CARTESIAN_POINT('',(-45.5,525.,-57.4));
#5950 = SURFACE_CURVE('',#5951,(#5956,#5968),.PCURVE_S1.);
#5951 = CIRCLE('',#5952,12.6);
#5952 = AXIS2_PLACEMENT_3D('',#5953,#5954,#5955);
#5953 = CARTESIAN_POINT('',(-45.5,525.,-70.));
#5954 = DIRECTION('',(1.,0.,-0.));
#5955 = DIRECTION('',(0.,0.,1.));
#5956 = PCURVE('',#5957,#5962);
#5957 = CYLINDRICAL_SURFACE('',#5958,12.6);
#5958 = AXIS2_PLACEMENT_3D('',#5959,#5960,#5961);
#5959 = CARTESIAN_POINT('',(-220.5,525.,-70.));
#5960 = DIRECTION('',(1.,0.,0.));
#5961 = DIRECTION('',(0.,0.,1.));
#5962 = DEFINITIONAL_REPRESENTATION('',(#5963),#5967);
#5963 = LINE('',#5964,#5965);
#5964 = CARTESIAN_POINT('',(0.,175.));
#5965 = VECTOR('',#5966,1.);
#5966 = DIRECTION('',(1.,0.));
#5967 = ( GEOMETRIC_REPRESENTATION_CONTEXT(2) 
PARAMETRIC_REPRESENTATION_CONTEXT() REPRESENTATION_CONTEXT('2D SPACE',''
  ) );
#5968 = PCURVE('',#5969,#5974);
#5969 = PLANE('',#5970);
#5970 = AXIS2_PLACEMENT_3D('',#5971,#5972,#5973);
#5971 = CARTESIAN_POINT('',(-45.5,525.,-70.));
#5972 = DIRECTION('',(1.,0.,0.));
#5973 = DIRECTION('',(0.,0.,1.));
#5974 = DEFINITIONAL_REPRESENTATION('',(#5975),#5979);
#5975 = CIRCLE('',#5976,12.6);
#5976 = AXIS2_PLACEMENT_2D('',#5977,#5978);
#5977 = CARTESIAN_POINT('',(0.,0.));
#5978 = DIRECTION('',(1.,0.));
#5979 = ( GEOMETRIC_REPRESENTATION_CONTEXT(2) 
PARAMETRIC_REPRESENTATION_CONTEXT() REPRESENTATION_CONTEXT('2D SPACE',''
  ) );
#5980 = ORIENTED_EDGE('',*,*,#5981,.F.);
#5981 = EDGE_CURVE('',#5982,#5948,#5984,.T.);
#5982 = VERTEX_POINT('',#5983);
#5983 = CARTESIAN_POINT('',(-220.5,525.,-57.4));
#5984 = SEAM_CURVE('',#5985,(#5989,#5996),.PCURVE_S1.);
#5985 = LINE('',#5986,#5987);
#5986 = CARTESIAN_POINT('',(-220.5,525.,-57.4));
#5987 = VECTOR('',#5988,1.);
#5988 = DIRECTION('',(1.,0.,0.));
#5989 = PCURVE('',#5957,#5990);
#5990 = DEFINITIONAL_REPRESENTATION('',(#5991),#5995);
#5991 = LINE('',#5992,#5993);
#5992 = CARTESIAN_POINT('',(6.28318530718,-0.));
#5993 = VECTOR('',#5994,1.);
#5994 = DIRECTION('',(0.,1.));
#5995 = ( GEOMETRIC_REPRESENTATION_CONTEXT(2) 
PARAMETRIC_REPRESENTATION_CONTEXT() REPRESENTATION_CONTEXT('2D SPACE',''
  ) );
#5996 = PCURVE('',#5957,#5997);
#5997 = DEFINITIONAL_REPRESENTATION('',(#5998),#6002);
#5998 = LINE('',#5999,#6000);
#5999 = CARTESIAN_POINT('',(0.,-0.));
#6000 = VECTOR('',#6001,1.);
#6001 = DIRECTION('',(0.,1.));
#6002 = ( GEOMETRIC_REPRESENTATION_CONTEXT(2) 
PARAMETRIC_REPRESENTATION_CONTEXT() REPRESENTATION_CONTEXT('2D SPACE',''
  ) );
#6003 = ORIENTED_EDGE('',*,*,#6004,.T.);
#6004 = EDGE_CURVE('',#5982,#5982,#6005,.T.);
#6005 = SURFACE_CURVE('',#6006,(#6011,#6018),.PCURVE_S1.);
#6006 = CIRCLE('',#6007,12.6);
#6007 = AXIS2_PLACEMENT_3D('',#6008,#6009,#6010);
#6008 = CARTESIAN_POINT('',(-220.5,525.,-70.));
#6009 = DIRECTION('',(1.,0.,-0.));
#6010 = DIRECTION('',(0.,0.,1.));
#6011 = PCURVE('',#5957,#6012);
#6012 = DEFINITIONAL_REPRESENTATION('',(#6013),#6017);
#6013 = LINE('',#6014,#6015);
#6014 = CARTESIAN_POINT('',(0.,0.));
#6015 = VECTOR('',#6016,1.);
#6016 = DIRECTION('',(1.,0.));
#6017 = ( GEOMETRIC_REPRESENTATION_CONTEXT(2) 
PARAMETRIC_REPRESENTATION_CONTEXT() REPRESENTATION_CONTEXT('2D SPACE',''
  ) );
#6018 = PCURVE('',#6019,#6024);
#6019 = PLANE('',#6020);
#6020 = AXIS2_PLACEMENT_3D('',#6021,#6022,#6023);
#6021 = CARTESIAN_POINT('',(-220.5,525.,-70.));
#6022 = DIRECTION('',(1.,0.,0.));
#6023 = DIRECTION('',(0.,0.,1.));
#6024 = DEFINITIONAL_REPRESENTATION('',(#6025),#6029);
#6025 = CIRCLE('',#6026,12.6);
#6026 = AXIS2_PLACEMENT_2D('',#6027,#6028);
#6027 = CARTESIAN_POINT('',(0.,0.));
#6028 = DIRECTION('',(1.,0.));
#6029 = ( GEOMETRIC_REPRESENTATION_CONTEXT(2) 
PARAMETRIC_REPRESENTATION_CONTEXT() REPRESENTATION_CONTEXT('2D SPACE',''
  ) );
#6030 = ORIENTED_EDGE('',*,*,#5981,.T.);
#6031 = ADVANCED_FACE('',(#6032),#5969,.T.);
#6032 = FACE_BOUND('',#6033,.T.);
#6033 = EDGE_LOOP('',(#6034));
#6034 = ORIENTED_EDGE('',*,*,#5947,.T.);
#6035 = ADVANCED_FACE('',(#6036),#6019,.F.);
#6036 = FACE_BOUND('',#6037,.T.);
#6037 = EDGE_LOOP('',(#6038));
#6038 = ORIENTED_EDGE('',*,*,#6004,.F.);
#6039 = MANIFOLD_SOLID_BREP('',#6040);
#6040 = CLOSED_SHELL('',(#6041,#6161,#6261,#6308,#6355,#6362));
#6041 = ADVANCED_FACE('',(#6042),#6056,.F.);
#6042 = FACE_BOUND('',#6043,.F.);
#6043 = EDGE_LOOP('',(#6044,#6079,#6107,#6135));
#6044 = ORIENTED_EDGE('',*,*,#6045,.F.);
#6045 = EDGE_CURVE('',#6046,#6048,#6050,.T.);
#6046 = VERTEX_POINT('',#6047);
#6047 = CARTESIAN_POINT('',(-770.,278.65175210642,-124.0998221786));
#6048 = VERTEX_POINT('',#6049);
#6049 = CARTESIAN_POINT('',(-770.,275.00514037542,-103.4188593654));
#6050 = SURFACE_CURVE('',#6051,(#6055,#6067),.PCURVE_S1.);
#6051 = LINE('',#6052,#6053);
#6052 = CARTESIAN_POINT('',(-770.,278.65175210642,-124.0998221786));
#6053 = VECTOR('',#6054,1.);
#6054 = DIRECTION('',(0.,-0.173648177667,0.984807753012));
#6055 = PCURVE('',#6056,#6061);
#6056 = PLANE('',#6057);
#6057 = AXIS2_PLACEMENT_3D('',#6058,#6059,#6060);
#6058 = CARTESIAN_POINT('',(-770.,278.65175210642,-124.0998221786));
#6059 = DIRECTION('',(1.,0.,0.));
#6060 = DIRECTION('',(0.,-0.173648177667,0.984807753012));
#6061 = DEFINITIONAL_REPRESENTATION('',(#6062),#6066);
#6062 = LINE('',#6063,#6064);
#6063 = CARTESIAN_POINT('',(0.,0.));
#6064 = VECTOR('',#6065,1.);
#6065 = DIRECTION('',(1.,0.));
#6066 = ( GEOMETRIC_REPRESENTATION_CONTEXT(2) 
PARAMETRIC_REPRESENTATION_CONTEXT() REPRESENTATION_CONTEXT('2D SPACE',''
  ) );
#6067 = PCURVE('',#6068,#6073);
#6068 = PLANE('',#6069);
#6069 = AXIS2_PLACEMENT_3D('',#6070,#6071,#6072);
#6070 = CARTESIAN_POINT('',(-770.,278.65175210642,-124.0998221786));
#6071 = DIRECTION('',(0.,0.984807753012,0.173648177667));
#6072 = DIRECTION('',(0.,-0.173648177667,0.984807753012));
#6073 = DEFINITIONAL_REPRESENTATION('',(#6074),#6078);
#6074 = LINE('',#6075,#6076);
#6075 = CARTESIAN_POINT('',(0.,0.));
#6076 = VECTOR('',#6077,1.);
#6077 = DIRECTION('',(1.,0.));
#6078 = ( GEOMETRIC_REPRESENTATION_CONTEXT(2) 
PARAMETRIC_REPRESENTATION_CONTEXT() REPRESENTATION_CONTEXT('2D SPACE',''
  ) );
#6079 = ORIENTED_EDGE('',*,*,#6080,.T.);
#6080 = EDGE_CURVE('',#6046,#6081,#6083,.T.);
#6081 = VERTEX_POINT('',#6082);
#6082 = CARTESIAN_POINT('',(-770.,774.99485962457,-36.58114063456));
#6083 = SURFACE_CURVE('',#6084,(#6088,#6095),.PCURVE_S1.);
#6084 = LINE('',#6085,#6086);
#6085 = CARTESIAN_POINT('',(-770.,278.65175210642,-124.0998221786));
#6086 = VECTOR('',#6087,1.);
#6087 = DIRECTION('',(0.,0.984807753012,0.173648177667));
#6088 = PCURVE('',#6056,#6089);
#6089 = DEFINITIONAL_REPRESENTATION('',(#6090),#6094);
#6090 = LINE('',#6091,#6092);
#6091 = CARTESIAN_POINT('',(0.,0.));
#6092 = VECTOR('',#6093,1.);
#6093 = DIRECTION('',(0.,-1.));
#6094 = ( GEOMETRIC_REPRESENTATION_CONTEXT(2) 
PARAMETRIC_REPRESENTATION_CONTEXT() REPRESENTATION_CONTEXT('2D SPACE',''
  ) );
#6095 = PCURVE('',#6096,#6101);
#6096 = PLANE('',#6097);
#6097 = AXIS2_PLACEMENT_3D('',#6098,#6099,#6100);
#6098 = CARTESIAN_POINT('',(-770.,278.65175210642,-124.0998221786));
#6099 = DIRECTION('',(0.,-0.173648177667,0.984807753012));
#6100 = DIRECTION('',(1.,0.,0.));
#6101 = DEFINITIONAL_REPRESENTATION('',(#6102),#6106);
#6102 = LINE('',#6103,#6104);
#6103 = CARTESIAN_POINT('',(0.,0.));
#6104 = VECTOR('',#6105,1.);
#6105 = DIRECTION('',(0.,1.));
#6106 = ( GEOMETRIC_REPRESENTATION_CONTEXT(2) 
PARAMETRIC_REPRESENTATION_CONTEXT() REPRESENTATION_CONTEXT('2D SPACE',''
  ) );
#6107 = ORIENTED_EDGE('',*,*,#6108,.T.);
#6108 = EDGE_CURVE('',#6081,#6109,#6111,.T.);
#6109 = VERTEX_POINT('',#6110);
#6110 = CARTESIAN_POINT('',(-770.,771.34824789357,-15.9001778213));
#6111 = SURFACE_CURVE('',#6112,(#6116,#6123),.PCURVE_S1.);
#6112 = LINE('',#6113,#6114);
#6113 = CARTESIAN_POINT('',(-770.,774.99485962457,-36.58114063456));
#6114 = VECTOR('',#6115,1.);
#6115 = DIRECTION('',(0.,-0.173648177667,0.984807753012));
#6116 = PCURVE('',#6056,#6117);
#6117 = DEFINITIONAL_REPRESENTATION('',(#6118),#6122);
#6118 = LINE('',#6119,#6120);
#6119 = CARTESIAN_POINT('',(0.,-504.));
#6120 = VECTOR('',#6121,1.);
#6121 = DIRECTION('',(1.,0.));
#6122 = ( GEOMETRIC_REPRESENTATION_CONTEXT(2) 
PARAMETRIC_REPRESENTATION_CONTEXT() REPRESENTATION_CONTEXT('2D SPACE',''
  ) );
#6123 = PCURVE('',#6124,#6129);
#6124 = PLANE('',#6125);
#6125 = AXIS2_PLACEMENT_3D('',#6126,#6127,#6128);
#6126 = CARTESIAN_POINT('',(-770.,774.99485962457,-36.58114063456));
#6127 = DIRECTION('',(0.,0.984807753012,0.173648177667));
#6128 = DIRECTION('',(0.,-0.173648177667,0.984807753012));
#6129 = DEFINITIONAL_REPRESENTATION('',(#6130),#6134);
#6130 = LINE('',#6131,#6132);
#6131 = CARTESIAN_POINT('',(0.,0.));
#6132 = VECTOR('',#6133,1.);
#6133 = DIRECTION('',(1.,0.));
#6134 = ( GEOMETRIC_REPRESENTATION_CONTEXT(2) 
PARAMETRIC_REPRESENTATION_CONTEXT() REPRESENTATION_CONTEXT('2D SPACE',''
  ) );
#6135 = ORIENTED_EDGE('',*,*,#6136,.F.);
#6136 = EDGE_CURVE('',#6048,#6109,#6137,.T.);
#6137 = SURFACE_CURVE('',#6138,(#6142,#6149),.PCURVE_S1.);
#6138 = LINE('',#6139,#6140);
#6139 = CARTESIAN_POINT('',(-770.,275.00514037542,-103.4188593654));
#6140 = VECTOR('',#6141,1.);
#6141 = DIRECTION('',(0.,0.984807753012,0.173648177667));
#6142 = PCURVE('',#6056,#6143);
#6143 = DEFINITIONAL_REPRESENTATION('',(#6144),#6148);
#6144 = LINE('',#6145,#6146);
#6145 = CARTESIAN_POINT('',(21.,0.));
#6146 = VECTOR('',#6147,1.);
#6147 = DIRECTION('',(0.,-1.));
#6148 = ( GEOMETRIC_REPRESENTATION_CONTEXT(2) 
PARAMETRIC_REPRESENTATION_CONTEXT() REPRESENTATION_CONTEXT('2D SPACE',''
  ) );
#6149 = PCURVE('',#6150,#6155);
#6150 = PLANE('',#6151);
#6151 = AXIS2_PLACEMENT_3D('',#6152,#6153,#6154);
#6152 = CARTESIAN_POINT('',(-770.,275.00514037542,-103.4188593654));
#6153 = DIRECTION('',(0.,-0.173648177667,0.984807753012));
#6154 = DIRECTION('',(1.,0.,0.));
#6155 = DEFINITIONAL_REPRESENTATION('',(#6156),#6160);
#6156 = LINE('',#6157,#6158);
#6157 = CARTESIAN_POINT('',(0.,0.));
#6158 = VECTOR('',#6159,1.);
#6159 = DIRECTION('',(0.,1.));
#6160 = ( GEOMETRIC_REPRESENTATION_CONTEXT(2) 
PARAMETRIC_REPRESENTATION_CONTEXT() REPRESENTATION_CONTEXT('2D SPACE',''
  ) );
#6161 = ADVANCED_FACE('',(#6162),#6176,.T.);
#6162 = FACE_BOUND('',#6163,.T.);
#6163 = EDGE_LOOP('',(#6164,#6194,#6217,#6240));
#6164 = ORIENTED_EDGE('',*,*,#6165,.F.);
#6165 = EDGE_CURVE('',#6166,#6168,#6170,.T.);
#6166 = VERTEX_POINT('',#6167);
#6167 = CARTESIAN_POINT('',(0.,278.65175210642,-124.0998221786));
#6168 = VERTEX_POINT('',#6169);
#6169 = CARTESIAN_POINT('',(0.,275.00514037542,-103.4188593654));
#6170 = SURFACE_CURVE('',#6171,(#6175,#6187),.PCURVE_S1.);
#6171 = LINE('',#6172,#6173);
#6172 = CARTESIAN_POINT('',(0.,278.65175210642,-124.0998221786));
#6173 = VECTOR('',#6174,1.);
#6174 = DIRECTION('',(0.,-0.173648177667,0.984807753012));
#6175 = PCURVE('',#6176,#6181);
#6176 = PLANE('',#6177);
#6177 = AXIS2_PLACEMENT_3D('',#6178,#6179,#6180);
#6178 = CARTESIAN_POINT('',(0.,278.65175210642,-124.0998221786));
#6179 = DIRECTION('',(1.,0.,0.));
#6180 = DIRECTION('',(0.,-0.173648177667,0.984807753012));
#6181 = DEFINITIONAL_REPRESENTATION('',(#6182),#6186);
#6182 = LINE('',#6183,#6184);
#6183 = CARTESIAN_POINT('',(0.,0.));
#6184 = VECTOR('',#6185,1.);
#6185 = DIRECTION('',(1.,0.));
#6186 = ( GEOMETRIC_REPRESENTATION_CONTEXT(2) 
PARAMETRIC_REPRESENTATION_CONTEXT() REPRESENTATION_CONTEXT('2D SPACE',''
  ) );
#6187 = PCURVE('',#6068,#6188);
#6188 = DEFINITIONAL_REPRESENTATION('',(#6189),#6193);
#6189 = LINE('',#6190,#6191);
#6190 = CARTESIAN_POINT('',(0.,770.));
#6191 = VECTOR('',#6192,1.);
#6192 = DIRECTION('',(1.,0.));
#6193 = ( GEOMETRIC_REPRESENTATION_CONTEXT(2) 
PARAMETRIC_REPRESENTATION_CONTEXT() REPRESENTATION_CONTEXT('2D SPACE',''
  ) );
#6194 = ORIENTED_EDGE('',*,*,#6195,.T.);
#6195 = EDGE_CURVE('',#6166,#6196,#6198,.T.);
#6196 = VERTEX_POINT('',#6197);
#6197 = CARTESIAN_POINT('',(0.,774.99485962457,-36.58114063456));
#6198 = SURFACE_CURVE('',#6199,(#6203,#6210),.PCURVE_S1.);
#6199 = LINE('',#6200,#6201);
#6200 = CARTESIAN_POINT('',(0.,278.65175210642,-124.0998221786));
#6201 = VECTOR('',#6202,1.);
#6202 = DIRECTION('',(0.,0.984807753012,0.173648177667));
#6203 = PCURVE('',#6176,#6204);
#6204 = DEFINITIONAL_REPRESENTATION('',(#6205),#6209);
#6205 = LINE('',#6206,#6207);
#6206 = CARTESIAN_POINT('',(0.,0.));
#6207 = VECTOR('',#6208,1.);
#6208 = DIRECTION('',(0.,-1.));
#6209 = ( GEOMETRIC_REPRESENTATION_CONTEXT(2) 
PARAMETRIC_REPRESENTATION_CONTEXT() REPRESENTATION_CONTEXT('2D SPACE',''
  ) );
#6210 = PCURVE('',#6096,#6211);
#6211 = DEFINITIONAL_REPRESENTATION('',(#6212),#6216);
#6212 = LINE('',#6213,#6214);
#6213 = CARTESIAN_POINT('',(770.,0.));
#6214 = VECTOR('',#6215,1.);
#6215 = DIRECTION('',(0.,1.));
#6216 = ( GEOMETRIC_REPRESENTATION_CONTEXT(2) 
PARAMETRIC_REPRESENTATION_CONTEXT() REPRESENTATION_CONTEXT('2D SPACE',''
  ) );
#6217 = ORIENTED_EDGE('',*,*,#6218,.T.);
#6218 = EDGE_CURVE('',#6196,#6219,#6221,.T.);
#6219 = VERTEX_POINT('',#6220);
#6220 = CARTESIAN_POINT('',(0.,771.34824789357,-15.9001778213));
#6221 = SURFACE_CURVE('',#6222,(#6226,#6233),.PCURVE_S1.);
#6222 = LINE('',#6223,#6224);
#6223 = CARTESIAN_POINT('',(0.,774.99485962457,-36.58114063456));
#6224 = VECTOR('',#6225,1.);
#6225 = DIRECTION('',(0.,-0.173648177667,0.984807753012));
#6226 = PCURVE('',#6176,#6227);
#6227 = DEFINITIONAL_REPRESENTATION('',(#6228),#6232);
#6228 = LINE('',#6229,#6230);
#6229 = CARTESIAN_POINT('',(0.,-504.));
#6230 = VECTOR('',#6231,1.);
#6231 = DIRECTION('',(1.,0.));
#6232 = ( GEOMETRIC_REPRESENTATION_CONTEXT(2) 
PARAMETRIC_REPRESENTATION_CONTEXT() REPRESENTATION_CONTEXT('2D SPACE',''
  ) );
#6233 = PCURVE('',#6124,#6234);
#6234 = DEFINITIONAL_REPRESENTATION('',(#6235),#6239);
#6235 = LINE('',#6236,#6237);
#6236 = CARTESIAN_POINT('',(0.,770.));
#6237 = VECTOR('',#6238,1.);
#6238 = DIRECTION('',(1.,0.));
#6239 = ( GEOMETRIC_REPRESENTATION_CONTEXT(2) 
PARAMETRIC_REPRESENTATION_CONTEXT() REPRESENTATION_CONTEXT('2D SPACE',''
  ) );
#6240 = ORIENTED_EDGE('',*,*,#6241,.F.);
#6241 = EDGE_CURVE('',#6168,#6219,#6242,.T.);
#6242 = SURFACE_CURVE('',#6243,(#6247,#6254),.PCURVE_S1.);
#6243 = LINE('',#6244,#6245);
#6244 = CARTESIAN_POINT('',(0.,275.00514037542,-103.4188593654));
#6245 = VECTOR('',#6246,1.);
#6246 = DIRECTION('',(0.,0.984807753012,0.173648177667));
#6247 = PCURVE('',#6176,#6248);
#6248 = DEFINITIONAL_REPRESENTATION('',(#6249),#6253);
#6249 = LINE('',#6250,#6251);
#6250 = CARTESIAN_POINT('',(21.,0.));
#6251 = VECTOR('',#6252,1.);
#6252 = DIRECTION('',(0.,-1.));
#6253 = ( GEOMETRIC_REPRESENTATION_CONTEXT(2) 
PARAMETRIC_REPRESENTATION_CONTEXT() REPRESENTATION_CONTEXT('2D SPACE',''
  ) );
#6254 = PCURVE('',#6150,#6255);
#6255 = DEFINITIONAL_REPRESENTATION('',(#6256),#6260);
#6256 = LINE('',#6257,#6258);
#6257 = CARTESIAN_POINT('',(770.,0.));
#6258 = VECTOR('',#6259,1.);
#6259 = DIRECTION('',(0.,1.));
#6260 = ( GEOMETRIC_REPRESENTATION_CONTEXT(2) 
PARAMETRIC_REPRESENTATION_CONTEXT() REPRESENTATION_CONTEXT('2D SPACE',''
  ) );
#6261 = ADVANCED_FACE('',(#6262),#6068,.F.);
#6262 = FACE_BOUND('',#6263,.F.);
#6263 = EDGE_LOOP('',(#6264,#6285,#6286,#6307));
#6264 = ORIENTED_EDGE('',*,*,#6265,.F.);
#6265 = EDGE_CURVE('',#6046,#6166,#6266,.T.);
#6266 = SURFACE_CURVE('',#6267,(#6271,#6278),.PCURVE_S1.);
#6267 = LINE('',#6268,#6269);
#6268 = CARTESIAN_POINT('',(-770.,278.65175210642,-124.0998221786));
#6269 = VECTOR('',#6270,1.);
#6270 = DIRECTION('',(1.,0.,0.));
#6271 = PCURVE('',#6068,#6272);
#6272 = DEFINITIONAL_REPRESENTATION('',(#6273),#6277);
#6273 = LINE('',#6274,#6275);
#6274 = CARTESIAN_POINT('',(0.,0.));
#6275 = VECTOR('',#6276,1.);
#6276 = DIRECTION('',(0.,1.));
#6277 = ( GEOMETRIC_REPRESENTATION_CONTEXT(2) 
PARAMETRIC_REPRESENTATION_CONTEXT() REPRESENTATION_CONTEXT('2D SPACE',''
  ) );
#6278 = PCURVE('',#6096,#6279);
#6279 = DEFINITIONAL_REPRESENTATION('',(#6280),#6284);
#6280 = LINE('',#6281,#6282);
#6281 = CARTESIAN_POINT('',(0.,0.));
#6282 = VECTOR('',#6283,1.);
#6283 = DIRECTION('',(1.,0.));
#6284 = ( GEOMETRIC_REPRESENTATION_CONTEXT(2) 
PARAMETRIC_REPRESENTATION_CONTEXT() REPRESENTATION_CONTEXT('2D SPACE',''
  ) );
#6285 = ORIENTED_EDGE('',*,*,#6045,.T.);
#6286 = ORIENTED_EDGE('',*,*,#6287,.T.);
#6287 = EDGE_CURVE('',#6048,#6168,#6288,.T.);
#6288 = SURFACE_CURVE('',#6289,(#6293,#6300),.PCURVE_S1.);
#6289 = LINE('',#6290,#6291);
#6290 = CARTESIAN_POINT('',(-770.,275.00514037542,-103.4188593654));
#6291 = VECTOR('',#6292,1.);
#6292 = DIRECTION('',(1.,0.,0.));
#6293 = PCURVE('',#6068,#6294);
#6294 = DEFINITIONAL_REPRESENTATION('',(#6295),#6299);
#6295 = LINE('',#6296,#6297);
#6296 = CARTESIAN_POINT('',(21.,0.));
#6297 = VECTOR('',#6298,1.);
#6298 = DIRECTION('',(0.,1.));
#6299 = ( GEOMETRIC_REPRESENTATION_CONTEXT(2) 
PARAMETRIC_REPRESENTATION_CONTEXT() REPRESENTATION_CONTEXT('2D SPACE',''
  ) );
#6300 = PCURVE('',#6150,#6301);
#6301 = DEFINITIONAL_REPRESENTATION('',(#6302),#6306);
#6302 = LINE('',#6303,#6304);
#6303 = CARTESIAN_POINT('',(0.,0.));
#6304 = VECTOR('',#6305,1.);
#6305 = DIRECTION('',(1.,0.));
#6306 = ( GEOMETRIC_REPRESENTATION_CONTEXT(2) 
PARAMETRIC_REPRESENTATION_CONTEXT() REPRESENTATION_CONTEXT('2D SPACE',''
  ) );
#6307 = ORIENTED_EDGE('',*,*,#6165,.F.);
#6308 = ADVANCED_FACE('',(#6309),#6124,.T.);
#6309 = FACE_BOUND('',#6310,.T.);
#6310 = EDGE_LOOP('',(#6311,#6332,#6333,#6354));
#6311 = ORIENTED_EDGE('',*,*,#6312,.F.);
#6312 = EDGE_CURVE('',#6081,#6196,#6313,.T.);
#6313 = SURFACE_CURVE('',#6314,(#6318,#6325),.PCURVE_S1.);
#6314 = LINE('',#6315,#6316);
#6315 = CARTESIAN_POINT('',(-770.,774.99485962457,-36.58114063456));
#6316 = VECTOR('',#6317,1.);
#6317 = DIRECTION('',(1.,0.,0.));
#6318 = PCURVE('',#6124,#6319);
#6319 = DEFINITIONAL_REPRESENTATION('',(#6320),#6324);
#6320 = LINE('',#6321,#6322);
#6321 = CARTESIAN_POINT('',(0.,0.));
#6322 = VECTOR('',#6323,1.);
#6323 = DIRECTION('',(0.,1.));
#6324 = ( GEOMETRIC_REPRESENTATION_CONTEXT(2) 
PARAMETRIC_REPRESENTATION_CONTEXT() REPRESENTATION_CONTEXT('2D SPACE',''
  ) );
#6325 = PCURVE('',#6096,#6326);
#6326 = DEFINITIONAL_REPRESENTATION('',(#6327),#6331);
#6327 = LINE('',#6328,#6329);
#6328 = CARTESIAN_POINT('',(0.,504.));
#6329 = VECTOR('',#6330,1.);
#6330 = DIRECTION('',(1.,0.));
#6331 = ( GEOMETRIC_REPRESENTATION_CONTEXT(2) 
PARAMETRIC_REPRESENTATION_CONTEXT() REPRESENTATION_CONTEXT('2D SPACE',''
  ) );
#6332 = ORIENTED_EDGE('',*,*,#6108,.T.);
#6333 = ORIENTED_EDGE('',*,*,#6334,.T.);
#6334 = EDGE_CURVE('',#6109,#6219,#6335,.T.);
#6335 = SURFACE_CURVE('',#6336,(#6340,#6347),.PCURVE_S1.);
#6336 = LINE('',#6337,#6338);
#6337 = CARTESIAN_POINT('',(-770.,771.34824789357,-15.9001778213));
#6338 = VECTOR('',#6339,1.);
#6339 = DIRECTION('',(1.,0.,0.));
#6340 = PCURVE('',#6124,#6341);
#6341 = DEFINITIONAL_REPRESENTATION('',(#6342),#6346);
#6342 = LINE('',#6343,#6344);
#6343 = CARTESIAN_POINT('',(21.,0.));
#6344 = VECTOR('',#6345,1.);
#6345 = DIRECTION('',(0.,1.));
#6346 = ( GEOMETRIC_REPRESENTATION_CONTEXT(2) 
PARAMETRIC_REPRESENTATION_CONTEXT() REPRESENTATION_CONTEXT('2D SPACE',''
  ) );
#6347 = PCURVE('',#6150,#6348);
#6348 = DEFINITIONAL_REPRESENTATION('',(#6349),#6353);
#6349 = LINE('',#6350,#6351);
#6350 = CARTESIAN_POINT('',(0.,504.));
#6351 = VECTOR('',#6352,1.);
#6352 = DIRECTION('',(1.,0.));
#6353 = ( GEOMETRIC_REPRESENTATION_CONTEXT(2) 
PARAMETRIC_REPRESENTATION_CONTEXT() REPRESENTATION_CONTEXT('2D SPACE',''
  ) );
#6354 = ORIENTED_EDGE('',*,*,#6218,.F.);
#6355 = ADVANCED_FACE('',(#6356),#6096,.F.);
#6356 = FACE_BOUND('',#6357,.F.);
#6357 = EDGE_LOOP('',(#6358,#6359,#6360,#6361));
#6358 = ORIENTED_EDGE('',*,*,#6080,.F.);
#6359 = ORIENTED_EDGE('',*,*,#6265,.T.);
#6360 = ORIENTED_EDGE('',*,*,#6195,.T.);
#6361 = ORIENTED_EDGE('',*,*,#6312,.F.);
#6362 = ADVANCED_FACE('',(#6363),#6150,.T.);
#6363 = FACE_BOUND('',#6364,.T.);
#6364 = EDGE_LOOP('',(#6365,#6366,#6367,#6368));
#6365 = ORIENTED_EDGE('',*,*,#6136,.F.);
#6366 = ORIENTED_EDGE('',*,*,#6287,.T.);
#6367 = ORIENTED_EDGE('',*,*,#6241,.T.);
#6368 = ORIENTED_EDGE('',*,*,#6334,.F.);
#6369 = MANIFOLD_SOLID_BREP('',#6370);
#6370 = CLOSED_SHELL('',(#6371,#6459,#6463,#6498,#6553));
#6371 = ADVANCED_FACE('',(#6372),#6385,.T.);
#6372 = FACE_BOUND('',#6373,.T.);
#6373 = EDGE_LOOP('',(#6374,#6408,#6431,#6458));
#6374 = ORIENTED_EDGE('',*,*,#6375,.F.);
#6375 = EDGE_CURVE('',#6376,#6376,#6378,.T.);
#6376 = VERTEX_POINT('',#6377);
#6377 = CARTESIAN_POINT('',(-520.6037796755,350.,83.884880919384));
#6378 = SURFACE_CURVE('',#6379,(#6384,#6396),.PCURVE_S1.);
#6379 = CIRCLE('',#6380,84.);
#6380 = AXIS2_PLACEMENT_3D('',#6381,#6382,#6383);
#6381 = CARTESIAN_POINT('',(-525.,350.,0.));
#6382 = DIRECTION('',(0.998629534755,0.,-5.233595624294E-02));
#6383 = DIRECTION('',(5.233595624294E-02,0.,0.998629534755));
#6384 = PCURVE('',#6385,#6390);
#6385 = CYLINDRICAL_SURFACE('',#6386,84.);
#6386 = AXIS2_PLACEMENT_3D('',#6387,#6388,#6389);
#6387 = CARTESIAN_POINT('',(-762.6738292715,350.,12.455957585821));
#6388 = DIRECTION('',(0.998629534755,0.,-5.233595624294E-02));
#6389 = DIRECTION('',(5.233595624294E-02,0.,0.998629534755));
#6390 = DEFINITIONAL_REPRESENTATION('',(#6391),#6395);
#6391 = LINE('',#6392,#6393);
#6392 = CARTESIAN_POINT('',(0.,238.));
#6393 = VECTOR('',#6394,1.);
#6394 = DIRECTION('',(1.,0.));
#6395 = ( GEOMETRIC_REPRESENTATION_CONTEXT(2) 
PARAMETRIC_REPRESENTATION_CONTEXT() REPRESENTATION_CONTEXT('2D SPACE',''
  ) );
#6396 = PCURVE('',#6397,#6402);
#6397 = PLANE('',#6398);
#6398 = AXIS2_PLACEMENT_3D('',#6399,#6400,#6401);
#6399 = CARTESIAN_POINT('',(-525.,350.,0.));
#6400 = DIRECTION('',(0.998629534755,0.,-5.233595624294E-02));
#6401 = DIRECTION('',(5.233595624294E-02,0.,0.998629534755));
#6402 = DEFINITIONAL_REPRESENTATION('',(#6403),#6407);
#6403 = CIRCLE('',#6404,84.);
#6404 = AXIS2_PLACEMENT_2D('',#6405,#6406);
#6405 = CARTESIAN_POINT('',(0.,0.));
#6406 = DIRECTION('',(1.,0.));
#6407 = ( GEOMETRIC_REPRESENTATION_CONTEXT(2) 
PARAMETRIC_REPRESENTATION_CONTEXT() REPRESENTATION_CONTEXT('2D SPACE',''
  ) );
#6408 = ORIENTED_EDGE('',*,*,#6409,.F.);
#6409 = EDGE_CURVE('',#6410,#6376,#6412,.T.);
#6410 = VERTEX_POINT('',#6411);
#6411 = CARTESIAN_POINT('',(-758.2776089471,350.,96.340838505205));
#6412 = SEAM_CURVE('',#6413,(#6417,#6424),.PCURVE_S1.);
#6413 = LINE('',#6414,#6415);
#6414 = CARTESIAN_POINT('',(-758.2776089471,350.,96.340838505205));
#6415 = VECTOR('',#6416,1.);
#6416 = DIRECTION('',(0.998629534755,0.,-5.233595624294E-02));
#6417 = PCURVE('',#6385,#6418);
#6418 = DEFINITIONAL_REPRESENTATION('',(#6419),#6423);
#6419 = LINE('',#6420,#6421);
#6420 = CARTESIAN_POINT('',(6.28318530718,-0.));
#6421 = VECTOR('',#6422,1.);
#6422 = DIRECTION('',(0.,1.));
#6423 = ( GEOMETRIC_REPRESENTATION_CONTEXT(2) 
PARAMETRIC_REPRESENTATION_CONTEXT() REPRESENTATION_CONTEXT('2D SPACE',''
  ) );
#6424 = PCURVE('',#6385,#6425);
#6425 = DEFINITIONAL_REPRESENTATION('',(#6426),#6430);
#6426 = LINE('',#6427,#6428);
#6427 = CARTESIAN_POINT('',(0.,-0.));
#6428 = VECTOR('',#6429,1.);
#6429 = DIRECTION('',(0.,1.));
#6430 = ( GEOMETRIC_REPRESENTATION_CONTEXT(2) 
PARAMETRIC_REPRESENTATION_CONTEXT() REPRESENTATION_CONTEXT('2D SPACE',''
  ) );
#6431 = ORIENTED_EDGE('',*,*,#6432,.T.);
#6432 = EDGE_CURVE('',#6410,#6410,#6433,.T.);
#6433 = SURFACE_CURVE('',#6434,(#6439,#6446),.PCURVE_S1.);
#6434 = CIRCLE('',#6435,84.);
#6435 = AXIS2_PLACEMENT_3D('',#6436,#6437,#6438);
#6436 = CARTESIAN_POINT('',(-762.6738292715,350.,12.455957585821));
#6437 = DIRECTION('',(0.998629534755,0.,-5.233595624294E-02));
#6438 = DIRECTION('',(5.233595624294E-02,0.,0.998629534755));
#6439 = PCURVE('',#6385,#6440);
#6440 = DEFINITIONAL_REPRESENTATION('',(#6441),#6445);
#6441 = LINE('',#6442,#6443);
#6442 = CARTESIAN_POINT('',(0.,0.));
#6443 = VECTOR('',#6444,1.);
#6444 = DIRECTION('',(1.,0.));
#6445 = ( GEOMETRIC_REPRESENTATION_CONTEXT(2) 
PARAMETRIC_REPRESENTATION_CONTEXT() REPRESENTATION_CONTEXT('2D SPACE',''
  ) );
#6446 = PCURVE('',#6447,#6452);
#6447 = PLANE('',#6448);
#6448 = AXIS2_PLACEMENT_3D('',#6449,#6450,#6451);
#6449 = CARTESIAN_POINT('',(-762.6738292715,350.,12.455957585821));
#6450 = DIRECTION('',(0.998629534755,0.,-5.233595624294E-02));
#6451 = DIRECTION('',(5.233595624294E-02,0.,0.998629534755));
#6452 = DEFINITIONAL_REPRESENTATION('',(#6453),#6457);
#6453 = CIRCLE('',#6454,84.);
#6454 = AXIS2_PLACEMENT_2D('',#6455,#6456);
#6455 = CARTESIAN_POINT('',(0.,0.));
#6456 = DIRECTION('',(1.,0.));
#6457 = ( GEOMETRIC_REPRESENTATION_CONTEXT(2) 
PARAMETRIC_REPRESENTATION_CONTEXT() REPRESENTATION_CONTEXT('2D SPACE',''
  ) );
#6458 = ORIENTED_EDGE('',*,*,#6409,.T.);
#6459 = ADVANCED_FACE('',(#6460),#6397,.T.);
#6460 = FACE_BOUND('',#6461,.T.);
#6461 = EDGE_LOOP('',(#6462));
#6462 = ORIENTED_EDGE('',*,*,#6375,.T.);
#6463 = ADVANCED_FACE('',(#6464,#6495),#6447,.T.);
#6464 = FACE_BOUND('',#6465,.T.);
#6465 = EDGE_LOOP('',(#6466));
#6466 = ORIENTED_EDGE('',*,*,#6467,.T.);
#6467 = EDGE_CURVE('',#6468,#6468,#6470,.T.);
#6468 = VERTEX_POINT('',#6469);
#6469 = CARTESIAN_POINT('',(-756.0794987849,350.,138.28327896489));
#6470 = SURFACE_CURVE('',#6471,(#6476,#6483),.PCURVE_S1.);
#6471 = CIRCLE('',#6472,126.);
#6472 = AXIS2_PLACEMENT_3D('',#6473,#6474,#6475);
#6473 = CARTESIAN_POINT('',(-762.6738292715,350.,12.455957585821));
#6474 = DIRECTION('',(0.998629534755,0.,-5.233595624294E-02));
#6475 = DIRECTION('',(5.233595624294E-02,0.,0.998629534755));
#6476 = PCURVE('',#6447,#6477);
#6477 = DEFINITIONAL_REPRESENTATION('',(#6478),#6482);
#6478 = CIRCLE('',#6479,126.);
#6479 = AXIS2_PLACEMENT_2D('',#6480,#6481);
#6480 = CARTESIAN_POINT('',(0.,0.));
#6481 = DIRECTION('',(1.,0.));
#6482 = ( GEOMETRIC_REPRESENTATION_CONTEXT(2) 
PARAMETRIC_REPRESENTATION_CONTEXT() REPRESENTATION_CONTEXT('2D SPACE',''
  ) );
#6483 = PCURVE('',#6484,#6489);
#6484 = CONICAL_SURFACE('',#6485,63.,0.321750554397);
#6485 = AXIS2_PLACEMENT_3D('',#6486,#6487,#6488);
#6486 = CARTESIAN_POINT('',(-951.4148113402,350.,22.347453315737));
#6487 = DIRECTION('',(0.998629534755,0.,-5.233595624294E-02));
#6488 = DIRECTION('',(5.233595624294E-02,0.,0.998629534755));
#6489 = DEFINITIONAL_REPRESENTATION('',(#6490),#6494);
#6490 = LINE('',#6491,#6492);
#6491 = CARTESIAN_POINT('',(0.,189.));
#6492 = VECTOR('',#6493,1.);
#6493 = DIRECTION('',(1.,0.));
#6494 = ( GEOMETRIC_REPRESENTATION_CONTEXT(2) 
PARAMETRIC_REPRESENTATION_CONTEXT() REPRESENTATION_CONTEXT('2D SPACE',''
  ) );
#6495 = FACE_BOUND('',#6496,.T.);
#6496 = EDGE_LOOP('',(#6497));
#6497 = ORIENTED_EDGE('',*,*,#6432,.F.);
#6498 = ADVANCED_FACE('',(#6499),#6484,.T.);
#6499 = FACE_BOUND('',#6500,.T.);
#6500 = EDGE_LOOP('',(#6501,#6502,#6525,#6552));
#6501 = ORIENTED_EDGE('',*,*,#6467,.F.);
#6502 = ORIENTED_EDGE('',*,*,#6503,.F.);
#6503 = EDGE_CURVE('',#6504,#6468,#6506,.T.);
#6504 = VERTEX_POINT('',#6505);
#6505 = CARTESIAN_POINT('',(-948.1176460968,350.,85.261114005275));
#6506 = SEAM_CURVE('',#6507,(#6511,#6518),.PCURVE_S1.);
#6507 = LINE('',#6508,#6509);
#6508 = CARTESIAN_POINT('',(-948.1176460968,350.,85.261114005275));
#6509 = VECTOR('',#6510,1.);
#6510 = DIRECTION('',(0.963933243087,7.745346429081E-17,0.266144139279)
  );
#6511 = PCURVE('',#6484,#6512);
#6512 = DEFINITIONAL_REPRESENTATION('',(#6513),#6517);
#6513 = LINE('',#6514,#6515);
#6514 = CARTESIAN_POINT('',(6.28318530718,-0.));
#6515 = VECTOR('',#6516,1.);
#6516 = DIRECTION('',(0.,1.));
#6517 = ( GEOMETRIC_REPRESENTATION_CONTEXT(2) 
PARAMETRIC_REPRESENTATION_CONTEXT() REPRESENTATION_CONTEXT('2D SPACE',''
  ) );
#6518 = PCURVE('',#6484,#6519);
#6519 = DEFINITIONAL_REPRESENTATION('',(#6520),#6524);
#6520 = LINE('',#6521,#6522);
#6521 = CARTESIAN_POINT('',(0.,-0.));
#6522 = VECTOR('',#6523,1.);
#6523 = DIRECTION('',(0.,1.));
#6524 = ( GEOMETRIC_REPRESENTATION_CONTEXT(2) 
PARAMETRIC_REPRESENTATION_CONTEXT() REPRESENTATION_CONTEXT('2D SPACE',''
  ) );
#6525 = ORIENTED_EDGE('',*,*,#6526,.T.);
#6526 = EDGE_CURVE('',#6504,#6504,#6527,.T.);
#6527 = SURFACE_CURVE('',#6528,(#6533,#6540),.PCURVE_S1.);
#6528 = CIRCLE('',#6529,63.);
#6529 = AXIS2_PLACEMENT_3D('',#6530,#6531,#6532);
#6530 = CARTESIAN_POINT('',(-951.4148113402,350.,22.347453315737));
#6531 = DIRECTION('',(0.998629534755,0.,-5.233595624294E-02));
#6532 = DIRECTION('',(5.233595624294E-02,0.,0.998629534755));
#6533 = PCURVE('',#6484,#6534);
#6534 = DEFINITIONAL_REPRESENTATION('',(#6535),#6539);
#6535 = LINE('',#6536,#6537);
#6536 = CARTESIAN_POINT('',(0.,0.));
#6537 = VECTOR('',#6538,1.);
#6538 = DIRECTION('',(1.,0.));
#6539 = ( GEOMETRIC_REPRESENTATION_CONTEXT(2) 
PARAMETRIC_REPRESENTATION_CONTEXT() REPRESENTATION_CONTEXT('2D SPACE',''
  ) );
#6540 = PCURVE('',#6541,#6546);
#6541 = PLANE('',#6542);
#6542 = AXIS2_PLACEMENT_3D('',#6543,#6544,#6545);
#6543 = CARTESIAN_POINT('',(-951.4148113402,350.,22.347453315737));
#6544 = DIRECTION('',(0.998629534755,0.,-5.233595624294E-02));
#6545 = DIRECTION('',(5.233595624294E-02,0.,0.998629534755));
#6546 = DEFINITIONAL_REPRESENTATION('',(#6547),#6551);
#6547 = CIRCLE('',#6548,63.);
#6548 = AXIS2_PLACEMENT_2D('',#6549,#6550);
#6549 = CARTESIAN_POINT('',(0.,0.));
#6550 = DIRECTION('',(1.,0.));
#6551 = ( GEOMETRIC_REPRESENTATION_CONTEXT(2) 
PARAMETRIC_REPRESENTATION_CONTEXT() REPRESENTATION_CONTEXT('2D SPACE',''
  ) );
#6552 = ORIENTED_EDGE('',*,*,#6503,.T.);
#6553 = ADVANCED_FACE('',(#6554),#6541,.F.);
#6554 = FACE_BOUND('',#6555,.T.);
#6555 = EDGE_LOOP('',(#6556));
#6556 = ORIENTED_EDGE('',*,*,#6526,.F.);
#6557 = MANIFOLD_SOLID_BREP('',#6558);
#6558 = CLOSED_SHELL('',(#6559,#6647,#6651,#6686,#6741));
#6559 = ADVANCED_FACE('',(#6560),#6573,.T.);
#6560 = FACE_BOUND('',#6561,.T.);
#6561 = EDGE_LOOP('',(#6562,#6596,#6619,#6646));
#6562 = ORIENTED_EDGE('',*,*,#6563,.F.);
#6563 = EDGE_CURVE('',#6564,#6564,#6566,.T.);
#6564 = VERTEX_POINT('',#6565);
#6565 = CARTESIAN_POINT('',(-520.6037796755,-350.,83.884880919384));
#6566 = SURFACE_CURVE('',#6567,(#6572,#6584),.PCURVE_S1.);
#6567 = CIRCLE('',#6568,84.);
#6568 = AXIS2_PLACEMENT_3D('',#6569,#6570,#6571);
#6569 = CARTESIAN_POINT('',(-525.,-350.,4.263256414561E-14));
#6570 = DIRECTION('',(0.998629534755,0.,-5.233595624294E-02));
#6571 = DIRECTION('',(5.233595624294E-02,0.,0.998629534755));
#6572 = PCURVE('',#6573,#6578);
#6573 = CYLINDRICAL_SURFACE('',#6574,84.);
#6574 = AXIS2_PLACEMENT_3D('',#6575,#6576,#6577);
#6575 = CARTESIAN_POINT('',(-762.6738292715,-350.,12.455957585821));
#6576 = DIRECTION('',(0.998629534755,0.,-5.233595624294E-02));
#6577 = DIRECTION('',(5.233595624294E-02,0.,0.998629534755));
#6578 = DEFINITIONAL_REPRESENTATION('',(#6579),#6583);
#6579 = LINE('',#6580,#6581);
#6580 = CARTESIAN_POINT('',(0.,238.));
#6581 = VECTOR('',#6582,1.);
#6582 = DIRECTION('',(1.,0.));
#6583 = ( GEOMETRIC_REPRESENTATION_CONTEXT(2) 
PARAMETRIC_REPRESENTATION_CONTEXT() REPRESENTATION_CONTEXT('2D SPACE',''
  ) );
#6584 = PCURVE('',#6585,#6590);
#6585 = PLANE('',#6586);
#6586 = AXIS2_PLACEMENT_3D('',#6587,#6588,#6589);
#6587 = CARTESIAN_POINT('',(-525.,-350.,4.263256414561E-14));
#6588 = DIRECTION('',(0.998629534755,0.,-5.233595624294E-02));
#6589 = DIRECTION('',(5.233595624294E-02,0.,0.998629534755));
#6590 = DEFINITIONAL_REPRESENTATION('',(#6591),#6595);
#6591 = CIRCLE('',#6592,84.);
#6592 = AXIS2_PLACEMENT_2D('',#6593,#6594);
#6593 = CARTESIAN_POINT('',(0.,0.));
#6594 = DIRECTION('',(1.,0.));
#6595 = ( GEOMETRIC_REPRESENTATION_CONTEXT(2) 
PARAMETRIC_REPRESENTATION_CONTEXT() REPRESENTATION_CONTEXT('2D SPACE',''
  ) );
#6596 = ORIENTED_EDGE('',*,*,#6597,.F.);
#6597 = EDGE_CURVE('',#6598,#6564,#6600,.T.);
#6598 = VERTEX_POINT('',#6599);
#6599 = CARTESIAN_POINT('',(-758.2776089471,-350.,96.340838505205));
#6600 = SEAM_CURVE('',#6601,(#6605,#6612),.PCURVE_S1.);
#6601 = LINE('',#6602,#6603);
#6602 = CARTESIAN_POINT('',(-758.2776089471,-350.,96.340838505205));
#6603 = VECTOR('',#6604,1.);
#6604 = DIRECTION('',(0.998629534755,0.,-5.233595624294E-02));
#6605 = PCURVE('',#6573,#6606);
#6606 = DEFINITIONAL_REPRESENTATION('',(#6607),#6611);
#6607 = LINE('',#6608,#6609);
#6608 = CARTESIAN_POINT('',(6.28318530718,-0.));
#6609 = VECTOR('',#6610,1.);
#6610 = DIRECTION('',(0.,1.));
#6611 = ( GEOMETRIC_REPRESENTATION_CONTEXT(2) 
PARAMETRIC_REPRESENTATION_CONTEXT() REPRESENTATION_CONTEXT('2D SPACE',''
  ) );
#6612 = PCURVE('',#6573,#6613);
#6613 = DEFINITIONAL_REPRESENTATION('',(#6614),#6618);
#6614 = LINE('',#6615,#6616);
#6615 = CARTESIAN_POINT('',(0.,-0.));
#6616 = VECTOR('',#6617,1.);
#6617 = DIRECTION('',(0.,1.));
#6618 = ( GEOMETRIC_REPRESENTATION_CONTEXT(2) 
PARAMETRIC_REPRESENTATION_CONTEXT() REPRESENTATION_CONTEXT('2D SPACE',''
  ) );
#6619 = ORIENTED_EDGE('',*,*,#6620,.T.);
#6620 = EDGE_CURVE('',#6598,#6598,#6621,.T.);
#6621 = SURFACE_CURVE('',#6622,(#6627,#6634),.PCURVE_S1.);
#6622 = CIRCLE('',#6623,84.);
#6623 = AXIS2_PLACEMENT_3D('',#6624,#6625,#6626);
#6624 = CARTESIAN_POINT('',(-762.6738292715,-350.,12.455957585821));
#6625 = DIRECTION('',(0.998629534755,0.,-5.233595624294E-02));
#6626 = DIRECTION('',(5.233595624294E-02,0.,0.998629534755));
#6627 = PCURVE('',#6573,#6628);
#6628 = DEFINITIONAL_REPRESENTATION('',(#6629),#6633);
#6629 = LINE('',#6630,#6631);
#6630 = CARTESIAN_POINT('',(0.,0.));
#6631 = VECTOR('',#6632,1.);
#6632 = DIRECTION('',(1.,0.));
#6633 = ( GEOMETRIC_REPRESENTATION_CONTEXT(2) 
PARAMETRIC_REPRESENTATION_CONTEXT() REPRESENTATION_CONTEXT('2D SPACE',''
  ) );
#6634 = PCURVE('',#6635,#6640);
#6635 = PLANE('',#6636);
#6636 = AXIS2_PLACEMENT_3D('',#6637,#6638,#6639);
#6637 = CARTESIAN_POINT('',(-762.6738292715,-350.,12.455957585821));
#6638 = DIRECTION('',(0.998629534755,0.,-5.233595624294E-02));
#6639 = DIRECTION('',(5.233595624294E-02,0.,0.998629534755));
#6640 = DEFINITIONAL_REPRESENTATION('',(#6641),#6645);
#6641 = CIRCLE('',#6642,84.);
#6642 = AXIS2_PLACEMENT_2D('',#6643,#6644);
#6643 = CARTESIAN_POINT('',(0.,0.));
#6644 = DIRECTION('',(1.,0.));
#6645 = ( GEOMETRIC_REPRESENTATION_CONTEXT(2) 
PARAMETRIC_REPRESENTATION_CONTEXT() REPRESENTATION_CONTEXT('2D SPACE',''
  ) );
#6646 = ORIENTED_EDGE('',*,*,#6597,.T.);
#6647 = ADVANCED_FACE('',(#6648),#6585,.T.);
#6648 = FACE_BOUND('',#6649,.T.);
#6649 = EDGE_LOOP('',(#6650));
#6650 = ORIENTED_EDGE('',*,*,#6563,.T.);
#6651 = ADVANCED_FACE('',(#6652,#6683),#6635,.T.);
#6652 = FACE_BOUND('',#6653,.T.);
#6653 = EDGE_LOOP('',(#6654));
#6654 = ORIENTED_EDGE('',*,*,#6655,.T.);
#6655 = EDGE_CURVE('',#6656,#6656,#6658,.T.);
#6656 = VERTEX_POINT('',#6657);
#6657 = CARTESIAN_POINT('',(-756.0794987849,-350.,138.28327896489));
#6658 = SURFACE_CURVE('',#6659,(#6664,#6671),.PCURVE_S1.);
#6659 = CIRCLE('',#6660,126.);
#6660 = AXIS2_PLACEMENT_3D('',#6661,#6662,#6663);
#6661 = CARTESIAN_POINT('',(-762.6738292715,-350.,12.455957585821));
#6662 = DIRECTION('',(0.998629534755,0.,-5.233595624294E-02));
#6663 = DIRECTION('',(5.233595624294E-02,0.,0.998629534755));
#6664 = PCURVE('',#6635,#6665);
#6665 = DEFINITIONAL_REPRESENTATION('',(#6666),#6670);
#6666 = CIRCLE('',#6667,126.);
#6667 = AXIS2_PLACEMENT_2D('',#6668,#6669);
#6668 = CARTESIAN_POINT('',(0.,0.));
#6669 = DIRECTION('',(1.,0.));
#6670 = ( GEOMETRIC_REPRESENTATION_CONTEXT(2) 
PARAMETRIC_REPRESENTATION_CONTEXT() REPRESENTATION_CONTEXT('2D SPACE',''
  ) );
#6671 = PCURVE('',#6672,#6677);
#6672 = CONICAL_SURFACE('',#6673,63.,0.321750554397);
#6673 = AXIS2_PLACEMENT_3D('',#6674,#6675,#6676);
#6674 = CARTESIAN_POINT('',(-951.4148113402,-350.,22.347453315737));
#6675 = DIRECTION('',(0.998629534755,0.,-5.233595624294E-02));
#6676 = DIRECTION('',(5.233595624294E-02,0.,0.998629534755));
#6677 = DEFINITIONAL_REPRESENTATION('',(#6678),#6682);
#6678 = LINE('',#6679,#6680);
#6679 = CARTESIAN_POINT('',(0.,189.));
#6680 = VECTOR('',#6681,1.);
#6681 = DIRECTION('',(1.,0.));
#6682 = ( GEOMETRIC_REPRESENTATION_CONTEXT(2) 
PARAMETRIC_REPRESENTATION_CONTEXT() REPRESENTATION_CONTEXT('2D SPACE',''
  ) );
#6683 = FACE_BOUND('',#6684,.T.);
#6684 = EDGE_LOOP('',(#6685));
#6685 = ORIENTED_EDGE('',*,*,#6620,.F.);
#6686 = ADVANCED_FACE('',(#6687),#6672,.T.);
#6687 = FACE_BOUND('',#6688,.T.);
#6688 = EDGE_LOOP('',(#6689,#6690,#6713,#6740));
#6689 = ORIENTED_EDGE('',*,*,#6655,.F.);
#6690 = ORIENTED_EDGE('',*,*,#6691,.F.);
#6691 = EDGE_CURVE('',#6692,#6656,#6694,.T.);
#6692 = VERTEX_POINT('',#6693);
#6693 = CARTESIAN_POINT('',(-948.1176460968,-350.,85.261114005275));
#6694 = SEAM_CURVE('',#6695,(#6699,#6706),.PCURVE_S1.);
#6695 = LINE('',#6696,#6697);
#6696 = CARTESIAN_POINT('',(-948.1176460968,-350.,85.261114005275));
#6697 = VECTOR('',#6698,1.);
#6698 = DIRECTION('',(0.963933243087,7.745346429081E-17,0.266144139279)
  );
#6699 = PCURVE('',#6672,#6700);
#6700 = DEFINITIONAL_REPRESENTATION('',(#6701),#6705);
#6701 = LINE('',#6702,#6703);
#6702 = CARTESIAN_POINT('',(6.28318530718,-0.));
#6703 = VECTOR('',#6704,1.);
#6704 = DIRECTION('',(0.,1.));
#6705 = ( GEOMETRIC_REPRESENTATION_CONTEXT(2) 
PARAMETRIC_REPRESENTATION_CONTEXT() REPRESENTATION_CONTEXT('2D SPACE',''
  ) );
#6706 = PCURVE('',#6672,#6707);
#6707 = DEFINITIONAL_REPRESENTATION('',(#6708),#6712);
#6708 = LINE('',#6709,#6710);
#6709 = CARTESIAN_POINT('',(0.,-0.));
#6710 = VECTOR('',#6711,1.);
#6711 = DIRECTION('',(0.,1.));
#6712 = ( GEOMETRIC_REPRESENTATION_CONTEXT(2) 
PARAMETRIC_REPRESENTATION_CONTEXT() REPRESENTATION_CONTEXT('2D SPACE',''
  ) );
#6713 = ORIENTED_EDGE('',*,*,#6714,.T.);
#6714 = EDGE_CURVE('',#6692,#6692,#6715,.T.);
#6715 = SURFACE_CURVE('',#6716,(#6721,#6728),.PCURVE_S1.);
#6716 = CIRCLE('',#6717,63.);
#6717 = AXIS2_PLACEMENT_3D('',#6718,#6719,#6720);
#6718 = CARTESIAN_POINT('',(-951.4148113402,-350.,22.347453315737));
#6719 = DIRECTION('',(0.998629534755,0.,-5.233595624294E-02));
#6720 = DIRECTION('',(5.233595624294E-02,0.,0.998629534755));
#6721 = PCURVE('',#6672,#6722);
#6722 = DEFINITIONAL_REPRESENTATION('',(#6723),#6727);
#6723 = LINE('',#6724,#6725);
#6724 = CARTESIAN_POINT('',(0.,0.));
#6725 = VECTOR('',#6726,1.);
#6726 = DIRECTION('',(1.,0.));
#6727 = ( GEOMETRIC_REPRESENTATION_CONTEXT(2) 
PARAMETRIC_REPRESENTATION_CONTEXT() REPRESENTATION_CONTEXT('2D SPACE',''
  ) );
#6728 = PCURVE('',#6729,#6734);
#6729 = PLANE('',#6730);
#6730 = AXIS2_PLACEMENT_3D('',#6731,#6732,#6733);
#6731 = CARTESIAN_POINT('',(-951.4148113402,-350.,22.347453315737));
#6732 = DIRECTION('',(0.998629534755,0.,-5.233595624294E-02));
#6733 = DIRECTION('',(5.233595624294E-02,0.,0.998629534755));
#6734 = DEFINITIONAL_REPRESENTATION('',(#6735),#6739);
#6735 = CIRCLE('',#6736,63.);
#6736 = AXIS2_PLACEMENT_2D('',#6737,#6738);
#6737 = CARTESIAN_POINT('',(0.,0.));
#6738 = DIRECTION('',(1.,0.));
#6739 = ( GEOMETRIC_REPRESENTATION_CONTEXT(2) 
PARAMETRIC_REPRESENTATION_CONTEXT() REPRESENTATION_CONTEXT('2D SPACE',''
  ) );
#6740 = ORIENTED_EDGE('',*,*,#6691,.T.);
#6741 = ADVANCED_FACE('',(#6742),#6729,.F.);
#6742 = FACE_BOUND('',#6743,.T.);
#6743 = EDGE_LOOP('',(#6744));
#6744 = ORIENTED_EDGE('',*,*,#6714,.F.);
#6745 = MANIFOLD_SOLID_BREP('',#6746);
#6746 = CLOSED_SHELL('',(#6747,#6835,#6839));
#6747 = ADVANCED_FACE('',(#6748),#6761,.T.);
#6748 = FACE_BOUND('',#6749,.T.);
#6749 = EDGE_LOOP('',(#6750,#6784,#6807,#6834));
#6750 = ORIENTED_EDGE('',*,*,#6751,.F.);
#6751 = EDGE_CURVE('',#6752,#6752,#6754,.T.);
#6752 = VERTEX_POINT('',#6753);
#6753 = CARTESIAN_POINT('',(-522.3622678053,350.,50.330928551631));
#6754 = SURFACE_CURVE('',#6755,(#6760,#6772),.PCURVE_S1.);
#6755 = CIRCLE('',#6756,50.4);
#6756 = AXIS2_PLACEMENT_3D('',#6757,#6758,#6759);
#6757 = CARTESIAN_POINT('',(-525.,350.,0.));
#6758 = DIRECTION('',(0.998629534755,0.,-5.233595624294E-02));
#6759 = DIRECTION('',(5.233595624294E-02,0.,0.998629534755));
#6760 = PCURVE('',#6761,#6766);
#6761 = CONICAL_SURFACE('',#6762,44.1,3.702011587393E-02);
#6762 = AXIS2_PLACEMENT_3D('',#6763,#6764,#6765);
#6763 = CARTESIAN_POINT('',(-694.8668838617,350.,8.902346156925));
#6764 = DIRECTION('',(0.998629534755,0.,-5.233595624294E-02));
#6765 = DIRECTION('',(5.233595624294E-02,0.,0.998629534755));
#6766 = DEFINITIONAL_REPRESENTATION('',(#6767),#6771);
#6767 = LINE('',#6768,#6769);
#6768 = CARTESIAN_POINT('',(0.,170.1));
#6769 = VECTOR('',#6770,1.);
#6770 = DIRECTION('',(1.,0.));
#6771 = ( GEOMETRIC_REPRESENTATION_CONTEXT(2) 
PARAMETRIC_REPRESENTATION_CONTEXT() REPRESENTATION_CONTEXT('2D SPACE',''
  ) );
#6772 = PCURVE('',#6773,#6778);
#6773 = PLANE('',#6774);
#6774 = AXIS2_PLACEMENT_3D('',#6775,#6776,#6777);
#6775 = CARTESIAN_POINT('',(-525.,350.,0.));
#6776 = DIRECTION('',(0.998629534755,0.,-5.233595624294E-02));
#6777 = DIRECTION('',(5.233595624294E-02,0.,0.998629534755));
#6778 = DEFINITIONAL_REPRESENTATION('',(#6779),#6783);
#6779 = CIRCLE('',#6780,50.4);
#6780 = AXIS2_PLACEMENT_2D('',#6781,#6782);
#6781 = CARTESIAN_POINT('',(0.,0.));
#6782 = DIRECTION('',(1.,0.));
#6783 = ( GEOMETRIC_REPRESENTATION_CONTEXT(2) 
PARAMETRIC_REPRESENTATION_CONTEXT() REPRESENTATION_CONTEXT('2D SPACE',''
  ) );
#6784 = ORIENTED_EDGE('',*,*,#6785,.F.);
#6785 = EDGE_CURVE('',#6786,#6752,#6788,.T.);
#6786 = VERTEX_POINT('',#6787);
#6787 = CARTESIAN_POINT('',(-692.5588681914,350.,52.941908639601));
#6788 = SEAM_CURVE('',#6789,(#6793,#6800),.PCURVE_S1.);
#6789 = LINE('',#6790,#6791);
#6790 = CARTESIAN_POINT('',(-692.5588681914,350.,52.941908639601));
#6791 = VECTOR('',#6792,1.);
#6792 = DIRECTION('',(0.999882348163,9.065242314911E-18,
    -1.533916009747E-02));
#6793 = PCURVE('',#6761,#6794);
#6794 = DEFINITIONAL_REPRESENTATION('',(#6795),#6799);
#6795 = LINE('',#6796,#6797);
#6796 = CARTESIAN_POINT('',(6.28318530718,-0.));
#6797 = VECTOR('',#6798,1.);
#6798 = DIRECTION('',(0.,1.));
#6799 = ( GEOMETRIC_REPRESENTATION_CONTEXT(2) 
PARAMETRIC_REPRESENTATION_CONTEXT() REPRESENTATION_CONTEXT('2D SPACE',''
  ) );
#6800 = PCURVE('',#6761,#6801);
#6801 = DEFINITIONAL_REPRESENTATION('',(#6802),#6806);
#6802 = LINE('',#6803,#6804);
#6803 = CARTESIAN_POINT('',(0.,-0.));
#6804 = VECTOR('',#6805,1.);
#6805 = DIRECTION('',(0.,1.));
#6806 = ( GEOMETRIC_REPRESENTATION_CONTEXT(2) 
PARAMETRIC_REPRESENTATION_CONTEXT() REPRESENTATION_CONTEXT('2D SPACE',''
  ) );
#6807 = ORIENTED_EDGE('',*,*,#6808,.T.);
#6808 = EDGE_CURVE('',#6786,#6786,#6809,.T.);
#6809 = SURFACE_CURVE('',#6810,(#6815,#6822),.PCURVE_S1.);
#6810 = CIRCLE('',#6811,44.1);
#6811 = AXIS2_PLACEMENT_3D('',#6812,#6813,#6814);
#6812 = CARTESIAN_POINT('',(-694.8668838617,350.,8.902346156925));
#6813 = DIRECTION('',(0.998629534755,0.,-5.233595624294E-02));
#6814 = DIRECTION('',(5.233595624294E-02,0.,0.998629534755));
#6815 = PCURVE('',#6761,#6816);
#6816 = DEFINITIONAL_REPRESENTATION('',(#6817),#6821);
#6817 = LINE('',#6818,#6819);
#6818 = CARTESIAN_POINT('',(0.,0.));
#6819 = VECTOR('',#6820,1.);
#6820 = DIRECTION('',(1.,0.));
#6821 = ( GEOMETRIC_REPRESENTATION_CONTEXT(2) 
PARAMETRIC_REPRESENTATION_CONTEXT() REPRESENTATION_CONTEXT('2D SPACE',''
  ) );
#6822 = PCURVE('',#6823,#6828);
#6823 = PLANE('',#6824);
#6824 = AXIS2_PLACEMENT_3D('',#6825,#6826,#6827);
#6825 = CARTESIAN_POINT('',(-694.8668838617,350.,8.902346156925));
#6826 = DIRECTION('',(0.998629534755,0.,-5.233595624294E-02));
#6827 = DIRECTION('',(5.233595624294E-02,0.,0.998629534755));
#6828 = DEFINITIONAL_REPRESENTATION('',(#6829),#6833);
#6829 = CIRCLE('',#6830,44.1);
#6830 = AXIS2_PLACEMENT_2D('',#6831,#6832);
#6831 = CARTESIAN_POINT('',(0.,0.));
#6832 = DIRECTION('',(1.,0.));
#6833 = ( GEOMETRIC_REPRESENTATION_CONTEXT(2) 
PARAMETRIC_REPRESENTATION_CONTEXT() REPRESENTATION_CONTEXT('2D SPACE',''
  ) );
#6834 = ORIENTED_EDGE('',*,*,#6785,.T.);
#6835 = ADVANCED_FACE('',(#6836),#6773,.T.);
#6836 = FACE_BOUND('',#6837,.T.);
#6837 = EDGE_LOOP('',(#6838));
#6838 = ORIENTED_EDGE('',*,*,#6751,.T.);
#6839 = ADVANCED_FACE('',(#6840),#6823,.F.);
#6840 = FACE_BOUND('',#6841,.T.);
#6841 = EDGE_LOOP('',(#6842));
#6842 = ORIENTED_EDGE('',*,*,#6808,.F.);
#6843 = MANIFOLD_SOLID_BREP('',#6844);
#6844 = CLOSED_SHELL('',(#6845,#6933,#6937));
#6845 = ADVANCED_FACE('',(#6846),#6859,.T.);
#6846 = FACE_BOUND('',#6847,.T.);
#6847 = EDGE_LOOP('',(#6848,#6882,#6905,#6932));
#6848 = ORIENTED_EDGE('',*,*,#6849,.F.);
#6849 = EDGE_CURVE('',#6850,#6850,#6852,.T.);
#6850 = VERTEX_POINT('',#6851);
#6851 = CARTESIAN_POINT('',(-522.3622678053,-350.,50.330928551631));
#6852 = SURFACE_CURVE('',#6853,(#6858,#6870),.PCURVE_S1.);
#6853 = CIRCLE('',#6854,50.4);
#6854 = AXIS2_PLACEMENT_3D('',#6855,#6856,#6857);
#6855 = CARTESIAN_POINT('',(-525.,-350.,4.263256414561E-14));
#6856 = DIRECTION('',(0.998629534755,0.,-5.233595624294E-02));
#6857 = DIRECTION('',(5.233595624294E-02,0.,0.998629534755));
#6858 = PCURVE('',#6859,#6864);
#6859 = CONICAL_SURFACE('',#6860,44.1,3.702011587393E-02);
#6860 = AXIS2_PLACEMENT_3D('',#6861,#6862,#6863);
#6861 = CARTESIAN_POINT('',(-694.8668838617,-350.,8.902346156925));
#6862 = DIRECTION('',(0.998629534755,0.,-5.233595624294E-02));
#6863 = DIRECTION('',(5.233595624294E-02,0.,0.998629534755));
#6864 = DEFINITIONAL_REPRESENTATION('',(#6865),#6869);
#6865 = LINE('',#6866,#6867);
#6866 = CARTESIAN_POINT('',(0.,170.1));
#6867 = VECTOR('',#6868,1.);
#6868 = DIRECTION('',(1.,0.));
#6869 = ( GEOMETRIC_REPRESENTATION_CONTEXT(2) 
PARAMETRIC_REPRESENTATION_CONTEXT() REPRESENTATION_CONTEXT('2D SPACE',''
  ) );
#6870 = PCURVE('',#6871,#6876);
#6871 = PLANE('',#6872);
#6872 = AXIS2_PLACEMENT_3D('',#6873,#6874,#6875);
#6873 = CARTESIAN_POINT('',(-525.,-350.,4.263256414561E-14));
#6874 = DIRECTION('',(0.998629534755,0.,-5.233595624294E-02));
#6875 = DIRECTION('',(5.233595624294E-02,0.,0.998629534755));
#6876 = DEFINITIONAL_REPRESENTATION('',(#6877),#6881);
#6877 = CIRCLE('',#6878,50.4);
#6878 = AXIS2_PLACEMENT_2D('',#6879,#6880);
#6879 = CARTESIAN_POINT('',(0.,0.));
#6880 = DIRECTION('',(1.,0.));
#6881 = ( GEOMETRIC_REPRESENTATION_CONTEXT(2) 
PARAMETRIC_REPRESENTATION_CONTEXT() REPRESENTATION_CONTEXT('2D SPACE',''
  ) );
#6882 = ORIENTED_EDGE('',*,*,#6883,.F.);
#6883 = EDGE_CURVE('',#6884,#6850,#6886,.T.);
#6884 = VERTEX_POINT('',#6885);
#6885 = CARTESIAN_POINT('',(-692.5588681914,-350.,52.941908639601));
#6886 = SEAM_CURVE('',#6887,(#6891,#6898),.PCURVE_S1.);
#6887 = LINE('',#6888,#6889);
#6888 = CARTESIAN_POINT('',(-692.5588681914,-350.,52.941908639601));
#6889 = VECTOR('',#6890,1.);
#6890 = DIRECTION('',(0.999882348163,9.065242314911E-18,
    -1.533916009747E-02));
#6891 = PCURVE('',#6859,#6892);
#6892 = DEFINITIONAL_REPRESENTATION('',(#6893),#6897);
#6893 = LINE('',#6894,#6895);
#6894 = CARTESIAN_POINT('',(6.28318530718,-0.));
#6895 = VECTOR('',#6896,1.);
#6896 = DIRECTION('',(0.,1.));
#6897 = ( GEOMETRIC_REPRESENTATION_CONTEXT(2) 
PARAMETRIC_REPRESENTATION_CONTEXT() REPRESENTATION_CONTEXT('2D SPACE',''
  ) );
#6898 = PCURVE('',#6859,#6899);
#6899 = DEFINITIONAL_REPRESENTATION('',(#6900),#6904);
#6900 = LINE('',#6901,#6902);
#6901 = CARTESIAN_POINT('',(0.,-0.));
#6902 = VECTOR('',#6903,1.);
#6903 = DIRECTION('',(0.,1.));
#6904 = ( GEOMETRIC_REPRESENTATION_CONTEXT(2) 
PARAMETRIC_REPRESENTATION_CONTEXT() REPRESENTATION_CONTEXT('2D SPACE',''
  ) );
#6905 = ORIENTED_EDGE('',*,*,#6906,.T.);
#6906 = EDGE_CURVE('',#6884,#6884,#6907,.T.);
#6907 = SURFACE_CURVE('',#6908,(#6913,#6920),.PCURVE_S1.);
#6908 = CIRCLE('',#6909,44.1);
#6909 = AXIS2_PLACEMENT_3D('',#6910,#6911,#6912);
#6910 = CARTESIAN_POINT('',(-694.8668838617,-350.,8.902346156925));
#6911 = DIRECTION('',(0.998629534755,0.,-5.233595624294E-02));
#6912 = DIRECTION('',(5.233595624294E-02,0.,0.998629534755));
#6913 = PCURVE('',#6859,#6914);
#6914 = DEFINITIONAL_REPRESENTATION('',(#6915),#6919);
#6915 = LINE('',#6916,#6917);
#6916 = CARTESIAN_POINT('',(0.,0.));
#6917 = VECTOR('',#6918,1.);
#6918 = DIRECTION('',(1.,0.));
#6919 = ( GEOMETRIC_REPRESENTATION_CONTEXT(2) 
PARAMETRIC_REPRESENTATION_CONTEXT() REPRESENTATION_CONTEXT('2D SPACE',''
  ) );
#6920 = PCURVE('',#6921,#6926);
#6921 = PLANE('',#6922);
#6922 = AXIS2_PLACEMENT_3D('',#6923,#6924,#6925);
#6923 = CARTESIAN_POINT('',(-694.8668838617,-350.,8.902346156925));
#6924 = DIRECTION('',(0.998629534755,0.,-5.233595624294E-02));
#6925 = DIRECTION('',(5.233595624294E-02,0.,0.998629534755));
#6926 = DEFINITIONAL_REPRESENTATION('',(#6927),#6931);
#6927 = CIRCLE('',#6928,44.1);
#6928 = AXIS2_PLACEMENT_2D('',#6929,#6930);
#6929 = CARTESIAN_POINT('',(0.,0.));
#6930 = DIRECTION('',(1.,0.));
#6931 = ( GEOMETRIC_REPRESENTATION_CONTEXT(2) 
PARAMETRIC_REPRESENTATION_CONTEXT() REPRESENTATION_CONTEXT('2D SPACE',''
  ) );
#6932 = ORIENTED_EDGE('',*,*,#6883,.T.);
#6933 = ADVANCED_FACE('',(#6934),#6871,.T.);
#6934 = FACE_BOUND('',#6935,.T.);
#6935 = EDGE_LOOP('',(#6936));
#6936 = ORIENTED_EDGE('',*,*,#6849,.T.);
#6937 = ADVANCED_FACE('',(#6938),#6921,.F.);
#6938 = FACE_BOUND('',#6939,.T.);
#6939 = EDGE_LOOP('',(#6940));
#6940 = ORIENTED_EDGE('',*,*,#6906,.F.);
#6941 = MANIFOLD_SOLID_BREP('',#6942);
#6942 = CLOSED_SHELL('',(#6943,#7031,#7035));
#6943 = ADVANCED_FACE('',(#6944),#6957,.T.);
#6944 = FACE_BOUND('',#6945,.T.);
#6945 = EDGE_LOOP('',(#6946,#6980,#7003,#7030));
#6946 = ORIENTED_EDGE('',*,*,#6947,.F.);
#6947 = EDGE_CURVE('',#6948,#6948,#6950,.T.);
#6948 = VERTEX_POINT('',#6949);
#6949 = CARTESIAN_POINT('',(-455.,-1.783085739559E-14,-72.8));
#6950 = SURFACE_CURVE('',#6951,(#6956,#6968),.PCURVE_S1.);
#6951 = CIRCLE('',#6952,72.8);
#6952 = AXIS2_PLACEMENT_3D('',#6953,#6954,#6955);
#6953 = CARTESIAN_POINT('',(-455.,0.,2.331468351713E-14));
#6954 = DIRECTION('',(1.,-0.,1.110223024625E-16));
#6955 = DIRECTION('',(1.110223024625E-16,0.,-1.));
#6956 = PCURVE('',#6957,#6962);
#6957 = CONICAL_SURFACE('',#6958,182.,0.479519291993);
#6958 = AXIS2_PLACEMENT_3D('',#6959,#6960,#6961);
#6959 = CARTESIAN_POINT('',(-665.,0.,0.));
#6960 = DIRECTION('',(-1.,-0.,-1.110223024625E-16));
#6961 = DIRECTION('',(1.110223024625E-16,0.,-1.));
#6962 = DEFINITIONAL_REPRESENTATION('',(#6963),#6967);
#6963 = LINE('',#6964,#6965);
#6964 = CARTESIAN_POINT('',(-0.,-210.));
#6965 = VECTOR('',#6966,1.);
#6966 = DIRECTION('',(-1.,-0.));
#6967 = ( GEOMETRIC_REPRESENTATION_CONTEXT(2) 
PARAMETRIC_REPRESENTATION_CONTEXT() REPRESENTATION_CONTEXT('2D SPACE',''
  ) );
#6968 = PCURVE('',#6969,#6974);
#6969 = PLANE('',#6970);
#6970 = AXIS2_PLACEMENT_3D('',#6971,#6972,#6973);
#6971 = CARTESIAN_POINT('',(-455.,0.,2.331468351713E-14));
#6972 = DIRECTION('',(1.,0.,1.110223024625E-16));
#6973 = DIRECTION('',(1.110223024625E-16,0.,-1.));
#6974 = DEFINITIONAL_REPRESENTATION('',(#6975),#6979);
#6975 = CIRCLE('',#6976,72.8);
#6976 = AXIS2_PLACEMENT_2D('',#6977,#6978);
#6977 = CARTESIAN_POINT('',(0.,0.));
#6978 = DIRECTION('',(1.,0.));
#6979 = ( GEOMETRIC_REPRESENTATION_CONTEXT(2) 
PARAMETRIC_REPRESENTATION_CONTEXT() REPRESENTATION_CONTEXT('2D SPACE',''
  ) );
#6980 = ORIENTED_EDGE('',*,*,#6981,.F.);
#6981 = EDGE_CURVE('',#6982,#6948,#6984,.T.);
#6982 = VERTEX_POINT('',#6983);
#6983 = CARTESIAN_POINT('',(-665.,-4.457714348896E-14,-182.));
#6984 = SEAM_CURVE('',#6985,(#6989,#6996),.PCURVE_S1.);
#6985 = LINE('',#6986,#6987);
#6986 = CARTESIAN_POINT('',(-665.,-4.457714348896E-14,-182.));
#6987 = VECTOR('',#6988,1.);
#6988 = DIRECTION('',(0.887216801235,1.129988304413E-16,0.461352736642)
  );
#6989 = PCURVE('',#6957,#6990);
#6990 = DEFINITIONAL_REPRESENTATION('',(#6991),#6995);
#6991 = LINE('',#6992,#6993);
#6992 = CARTESIAN_POINT('',(-6.28318530718,0.));
#6993 = VECTOR('',#6994,1.);
#6994 = DIRECTION('',(-0.,-1.));
#6995 = ( GEOMETRIC_REPRESENTATION_CONTEXT(2) 
PARAMETRIC_REPRESENTATION_CONTEXT() REPRESENTATION_CONTEXT('2D SPACE',''
  ) );
#6996 = PCURVE('',#6957,#6997);
#6997 = DEFINITIONAL_REPRESENTATION('',(#6998),#7002);
#6998 = LINE('',#6999,#7000);
#6999 = CARTESIAN_POINT('',(0.,-0.));
#7000 = VECTOR('',#7001,1.);
#7001 = DIRECTION('',(-0.,-1.));
#7002 = ( GEOMETRIC_REPRESENTATION_CONTEXT(2) 
PARAMETRIC_REPRESENTATION_CONTEXT() REPRESENTATION_CONTEXT('2D SPACE',''
  ) );
#7003 = ORIENTED_EDGE('',*,*,#7004,.T.);
#7004 = EDGE_CURVE('',#6982,#6982,#7005,.T.);
#7005 = SURFACE_CURVE('',#7006,(#7011,#7018),.PCURVE_S1.);
#7006 = CIRCLE('',#7007,182.);
#7007 = AXIS2_PLACEMENT_3D('',#7008,#7009,#7010);
#7008 = CARTESIAN_POINT('',(-665.,0.,0.));
#7009 = DIRECTION('',(1.,-0.,1.110223024625E-16));
#7010 = DIRECTION('',(1.110223024625E-16,0.,-1.));
#7011 = PCURVE('',#6957,#7012);
#7012 = DEFINITIONAL_REPRESENTATION('',(#7013),#7017);
#7013 = LINE('',#7014,#7015);
#7014 = CARTESIAN_POINT('',(-0.,-0.));
#7015 = VECTOR('',#7016,1.);
#7016 = DIRECTION('',(-1.,-0.));
#7017 = ( GEOMETRIC_REPRESENTATION_CONTEXT(2) 
PARAMETRIC_REPRESENTATION_CONTEXT() REPRESENTATION_CONTEXT('2D SPACE',''
  ) );
#7018 = PCURVE('',#7019,#7024);
#7019 = PLANE('',#7020);
#7020 = AXIS2_PLACEMENT_3D('',#7021,#7022,#7023);
#7021 = CARTESIAN_POINT('',(-665.,0.,0.));
#7022 = DIRECTION('',(1.,0.,1.110223024625E-16));
#7023 = DIRECTION('',(1.110223024625E-16,0.,-1.));
#7024 = DEFINITIONAL_REPRESENTATION('',(#7025),#7029);
#7025 = CIRCLE('',#7026,182.);
#7026 = AXIS2_PLACEMENT_2D('',#7027,#7028);
#7027 = CARTESIAN_POINT('',(0.,0.));
#7028 = DIRECTION('',(1.,0.));
#7029 = ( GEOMETRIC_REPRESENTATION_CONTEXT(2) 
PARAMETRIC_REPRESENTATION_CONTEXT() REPRESENTATION_CONTEXT('2D SPACE',''
  ) );
#7030 = ORIENTED_EDGE('',*,*,#6981,.T.);
#7031 = ADVANCED_FACE('',(#7032),#6969,.T.);
#7032 = FACE_BOUND('',#7033,.T.);
#7033 = EDGE_LOOP('',(#7034));
#7034 = ORIENTED_EDGE('',*,*,#6947,.T.);
#7035 = ADVANCED_FACE('',(#7036),#7019,.F.);
#7036 = FACE_BOUND('',#7037,.T.);
#7037 = EDGE_LOOP('',(#7038));
#7038 = ORIENTED_EDGE('',*,*,#7004,.F.);
#7039 = SHELL_BASED_SURFACE_MODEL('',(#7040));
#7040 = OPEN_SHELL('',(#7041));
#7041 = ADVANCED_FACE('',(#7042),#7056,.T.);
#7042 = FACE_BOUND('',#7043,.T.);
#7043 = EDGE_LOOP('',(#7044,#7077,#7078,#7106,#7135,#7152));
#7044 = ORIENTED_EDGE('',*,*,#7045,.F.);
#7045 = EDGE_CURVE('',#7046,#7048,#7050,.T.);
#7046 = VERTEX_POINT('',#7047);
#7047 = CARTESIAN_POINT('',(-315.,-490.,140.));
#7048 = VERTEX_POINT('',#7049);
#7049 = CARTESIAN_POINT('',(-315.,-215.6023867632,136.23104924535));
#7050 = SEAM_CURVE('',#7051,(#7055,#7070),.PCURVE_S1.);
#7051 = B_SPLINE_CURVE_WITH_KNOTS('',2,(#7052,#7053,#7054),
  .UNSPECIFIED.,.F.,.F.,(3,3),(0.,345.75207422829),
  .PIECEWISE_BEZIER_KNOTS.);
#7052 = CARTESIAN_POINT('',(-315.,-490.,140.));
#7053 = CARTESIAN_POINT('',(-315.,-519.1002258148,-68.80983509979));
#7054 = CARTESIAN_POINT('',(-315.,-210.,140.));
#7055 = PCURVE('',#7056,#7064);
#7056 = SURFACE_OF_REVOLUTION('',#7057,#7061);
#7057 = B_SPLINE_CURVE_WITH_KNOTS('',2,(#7058,#7059,#7060),
  .UNSPECIFIED.,.F.,.F.,(3,3),(0.,345.75207422829),
  .PIECEWISE_BEZIER_KNOTS.);
#7058 = CARTESIAN_POINT('',(-315.,-490.,140.));
#7059 = CARTESIAN_POINT('',(-315.,-519.1002258148,-68.80983509979));
#7060 = CARTESIAN_POINT('',(-315.,-210.,140.));
#7061 = AXIS1_PLACEMENT('',#7062,#7063);
#7062 = CARTESIAN_POINT('',(-315.,-490.,140.));
#7063 = DIRECTION('',(-1.,1.110223024625E-16,0.));
#7064 = DEFINITIONAL_REPRESENTATION('',(#7065),#7069);
#7065 = LINE('',#7066,#7067);
#7066 = CARTESIAN_POINT('',(0.,0.));
#7067 = VECTOR('',#7068,1.);
#7068 = DIRECTION('',(0.,1.));
#7069 = ( GEOMETRIC_REPRESENTATION_CONTEXT(2) 
PARAMETRIC_REPRESENTATION_CONTEXT() REPRESENTATION_CONTEXT('2D SPACE',''
  ) );
#7070 = PCURVE('',#7056,#7071);
#7071 = DEFINITIONAL_REPRESENTATION('',(#7072),#7076);
#7072 = LINE('',#7073,#7074);
#7073 = CARTESIAN_POINT('',(6.28318530718,0.));
#7074 = VECTOR('',#7075,1.);
#7075 = DIRECTION('',(0.,1.));
#7076 = ( GEOMETRIC_REPRESENTATION_CONTEXT(2) 
PARAMETRIC_REPRESENTATION_CONTEXT() REPRESENTATION_CONTEXT('2D SPACE',''
  ) );
#7077 = ORIENTED_EDGE('',*,*,#7045,.T.);
#7078 = ORIENTED_EDGE('',*,*,#7079,.F.);
#7079 = EDGE_CURVE('',#7080,#7048,#7082,.T.);
#7080 = VERTEX_POINT('',#7081);
#7081 = CARTESIAN_POINT('',(-315.,-490.,360.5));
#7082 = SURFACE_CURVE('',#7083,(#7088),.PCURVE_S1.);
#7083 = CIRCLE('',#7084,280.);
#7084 = AXIS2_PLACEMENT_3D('',#7085,#7086,#7087);
#7085 = CARTESIAN_POINT('',(-315.,-490.,80.5));
#7086 = DIRECTION('',(-1.,1.110223024625E-16,0.));
#7087 = DIRECTION('',(0.,0.,1.));
#7088 = PCURVE('',#7056,#7089);
#7089 = DEFINITIONAL_REPRESENTATION('',(#7090),#7105);
#7090 = B_SPLINE_CURVE_WITH_KNOTS('',13,(#7091,#7092,#7093,#7094,#7095,
    #7096,#7097,#7098,#7099,#7100,#7101,#7102,#7103,#7104),
  .UNSPECIFIED.,.F.,.F.,(14,14),(0.,1.370418653501),
  .PIECEWISE_BEZIER_KNOTS.);
#7091 = CARTESIAN_POINT('',(4.527717791939,308.13904160542));
#7092 = CARTESIAN_POINT('',(4.661580419877,308.13904160548));
#7093 = CARTESIAN_POINT('',(4.799098264744,308.80063752817));
#7094 = CARTESIAN_POINT('',(4.939480139968,310.12383803852));
#7095 = CARTESIAN_POINT('',(5.081663781638,312.07077800654));
#7096 = CARTESIAN_POINT('',(5.224403140373,314.56597241316));
#7097 = CARTESIAN_POINT('',(5.366424968555,317.50542455742));
#7098 = CARTESIAN_POINT('',(5.506657430205,320.77774513777));
#7099 = CARTESIAN_POINT('',(5.644341164969,324.28225495861));
#7100 = CARTESIAN_POINT('',(5.778961339459,327.92885041476));
#7101 = CARTESIAN_POINT('',(5.910230441531,331.64217052034));
#7102 = CARTESIAN_POINT('',(6.038018054982,335.35886935011));
#7103 = CARTESIAN_POINT('',(6.162313149389,339.02679705787));
#7104 = CARTESIAN_POINT('',(6.28318530718,342.60303625426));
#7105 = ( GEOMETRIC_REPRESENTATION_CONTEXT(2) 
PARAMETRIC_REPRESENTATION_CONTEXT() REPRESENTATION_CONTEXT('2D SPACE',''
  ) );
#7106 = ORIENTED_EDGE('',*,*,#7107,.F.);
#7107 = EDGE_CURVE('',#7108,#7080,#7110,.T.);
#7108 = VERTEX_POINT('',#7109);
#7109 = CARTESIAN_POINT('',(-315.,-768.4150453908,110.24999999997));
#7110 = SURFACE_CURVE('',#7111,(#7116),.PCURVE_S1.);
#7111 = CIRCLE('',#7112,280.);
#7112 = AXIS2_PLACEMENT_3D('',#7113,#7114,#7115);
#7113 = CARTESIAN_POINT('',(-315.,-490.,80.5));
#7114 = DIRECTION('',(-1.,1.110223024625E-16,0.));
#7115 = DIRECTION('',(0.,0.,1.));
#7116 = PCURVE('',#7056,#7117);
#7117 = DEFINITIONAL_REPRESENTATION('',(#7118),#7134);
#7118 = B_SPLINE_CURVE_WITH_KNOTS('',14,(#7119,#7120,#7121,#7122,#7123,
    #7124,#7125,#7126,#7127,#7128,#7129,#7130,#7131,#7132,#7133),
  .UNSPECIFIED.,.F.,.F.,(15,15),(4.818839913304,6.28318530718),
  .PIECEWISE_BEZIER_KNOTS.);
#7119 = CARTESIAN_POINT('',(3.03514172067,345.75207422829));
#7120 = CARTESIAN_POINT('',(3.122446205011,342.29106624583));
#7121 = CARTESIAN_POINT('',(3.211225044811,338.71092628035));
#7122 = CARTESIAN_POINT('',(3.301793427341,335.04702961296));
#7123 = CARTESIAN_POINT('',(3.394507538272,331.34243345785));
#7124 = CARTESIAN_POINT('',(3.489767811434,327.64930682037));
#7125 = CARTESIAN_POINT('',(3.588020697898,324.03085544063));
#7126 = CARTESIAN_POINT('',(3.689748867458,320.56191394298));
#7127 = CARTESIAN_POINT('',(3.79546199632,317.33140637202));
#7128 = CARTESIAN_POINT('',(3.905638066307,314.43776113846));
#7129 = CARTESIAN_POINT('',(4.020681728666,311.98871151459));
#7130 = CARTESIAN_POINT('',(4.140746687068,310.08148518655));
#7131 = CARTESIAN_POINT('',(4.265654144097,308.7865226387));
#7132 = CARTESIAN_POINT('',(4.394897348053,308.13904160557));
#7133 = CARTESIAN_POINT('',(4.527717791939,308.13904160542));
#7134 = ( GEOMETRIC_REPRESENTATION_CONTEXT(2) 
PARAMETRIC_REPRESENTATION_CONTEXT() REPRESENTATION_CONTEXT('2D SPACE',''
  ) );
#7135 = ORIENTED_EDGE('',*,*,#7136,.F.);
#7136 = EDGE_CURVE('',#7137,#7108,#7139,.T.);
#7137 = VERTEX_POINT('',#7138);
#7138 = CARTESIAN_POINT('',(-315.,-211.5849546091,110.24999999997));
#7139 = SURFACE_CURVE('',#7140,(#7145),.PCURVE_S1.);
#7140 = CIRCLE('',#7141,280.);
#7141 = AXIS2_PLACEMENT_3D('',#7142,#7143,#7144);
#7142 = CARTESIAN_POINT('',(-315.,-490.,140.));
#7143 = DIRECTION('',(-1.,1.110223024625E-16,0.));
#7144 = DIRECTION('',(1.110223024625E-16,1.,0.));
#7145 = PCURVE('',#7056,#7146);
#7146 = DEFINITIONAL_REPRESENTATION('',(#7147),#7151);
#7147 = LINE('',#7148,#7149);
#7148 = CARTESIAN_POINT('',(0.,345.75207422829));
#7149 = VECTOR('',#7150,1.);
#7150 = DIRECTION('',(1.,0.));
#7151 = ( GEOMETRIC_REPRESENTATION_CONTEXT(2) 
PARAMETRIC_REPRESENTATION_CONTEXT() REPRESENTATION_CONTEXT('2D SPACE',''
  ) );
#7152 = ORIENTED_EDGE('',*,*,#7153,.F.);
#7153 = EDGE_CURVE('',#7048,#7137,#7154,.T.);
#7154 = SURFACE_CURVE('',#7155,(#7160),.PCURVE_S1.);
#7155 = CIRCLE('',#7156,280.);
#7156 = AXIS2_PLACEMENT_3D('',#7157,#7158,#7159);
#7157 = CARTESIAN_POINT('',(-315.,-490.,80.5));
#7158 = DIRECTION('',(-1.,1.110223024625E-16,0.));
#7159 = DIRECTION('',(0.,0.,1.));
#7160 = PCURVE('',#7056,#7161);
#7161 = DEFINITIONAL_REPRESENTATION('',(#7162),#7169);
#7162 = B_SPLINE_CURVE_WITH_KNOTS('',5,(#7163,#7164,#7165,#7166,#7167,
    #7168),.UNSPECIFIED.,.F.,.F.,(6,6),(1.370418653501,1.464345393875),
  .PIECEWISE_BEZIER_KNOTS.);
#7163 = CARTESIAN_POINT('',(-6.938893903907E-18,342.60303625426));
#7164 = CARTESIAN_POINT('',(2.153949974414E-02,343.24032448227));
#7165 = CARTESIAN_POINT('',(4.295358014096E-02,343.87425318655));
#7166 = CARTESIAN_POINT('',(6.424288297515E-02,344.50442725447));
#7167 = CARTESIAN_POINT('',(8.540830504221E-02,345.13048088097));
#7168 = CARTESIAN_POINT('',(0.10645093292,345.75207422829));
#7169 = ( GEOMETRIC_REPRESENTATION_CONTEXT(2) 
PARAMETRIC_REPRESENTATION_CONTEXT() REPRESENTATION_CONTEXT('2D SPACE',''
  ) );
#7170 = ( GEOMETRIC_REPRESENTATION_CONTEXT(3) 
GLOBAL_UNCERTAINTY_ASSIGNED_CONTEXT((#7174)) 
GLOBAL_UNIT_ASSIGNED_CONTEXT((#7171,#7172,#7173)) REPRESENTATION_CONTEXT
('Context #1','3D Context with UNIT and UNCERTAINTY') );
#7171 = ( LENGTH_UNIT() NAMED_UNIT(*) SI_UNIT($,.METRE.) );
#7172 = ( NAMED_UNIT(*) PLANE_ANGLE_UNIT() SI_UNIT($,.RADIAN.) );
#7173 = ( NAMED_UNIT(*) SI_UNIT($,.STERADIAN.) SOLID_ANGLE_UNIT() );
#7174 = UNCERTAINTY_MEASURE_WITH_UNIT(LENGTH_MEASURE(1.E-07),#7171,
  'distance_accuracy_value','confusion accuracy');
#7175 = PRODUCT_RELATED_PRODUCT_CATEGORY('part',$,(#989));
#7176 = SHAPE_DEFINITION_REPRESENTATION(#7177,#7183);
#7177 = PRODUCT_DEFINITION_SHAPE('','',#7178);
#7178 = PRODUCT_DEFINITION('design','',#7179,#7182);
#7179 = PRODUCT_DEFINITION_FORMATION('','',#7180);
#7180 = PRODUCT('HGA_Arm','HGA_Arm','',(#7181));
#7181 = PRODUCT_CONTEXT('',#2,'mechanical');
#7182 = PRODUCT_DEFINITION_CONTEXT('part definition',#2,'design');
#7183 = ADVANCED_BREP_SHAPE_REPRESENTATION('',(#11,#7184),#7282);
#7184 = MANIFOLD_SOLID_BREP('',#7185);
#7185 = CLOSED_SHELL('',(#7186,#7274,#7278));
#7186 = ADVANCED_FACE('',(#7187),#7200,.T.);
#7187 = FACE_BOUND('',#7188,.T.);
#7188 = EDGE_LOOP('',(#7189,#7223,#7246,#7273));
#7189 = ORIENTED_EDGE('',*,*,#7190,.F.);
#7190 = EDGE_CURVE('',#7191,#7191,#7193,.T.);
#7191 = VERTEX_POINT('',#7192);
#7192 = CARTESIAN_POINT('',(-91.,-490.,154.));
#7193 = SURFACE_CURVE('',#7194,(#7199,#7211),.PCURVE_S1.);
#7194 = CIRCLE('',#7195,14.);
#7195 = AXIS2_PLACEMENT_3D('',#7196,#7197,#7198);
#7196 = CARTESIAN_POINT('',(-91.,-490.,140.));
#7197 = DIRECTION('',(1.,0.,-0.));
#7198 = DIRECTION('',(0.,0.,1.));
#7199 = PCURVE('',#7200,#7205);
#7200 = CYLINDRICAL_SURFACE('',#7201,14.);
#7201 = AXIS2_PLACEMENT_3D('',#7202,#7203,#7204);
#7202 = CARTESIAN_POINT('',(-315.,-490.,140.));
#7203 = DIRECTION('',(1.,0.,0.));
#7204 = DIRECTION('',(0.,0.,1.));
#7205 = DEFINITIONAL_REPRESENTATION('',(#7206),#7210);
#7206 = LINE('',#7207,#7208);
#7207 = CARTESIAN_POINT('',(0.,224.));
#7208 = VECTOR('',#7209,1.);
#7209 = DIRECTION('',(1.,0.));
#7210 = ( GEOMETRIC_REPRESENTATION_CONTEXT(2) 
PARAMETRIC_REPRESENTATION_CONTEXT() REPRESENTATION_CONTEXT('2D SPACE',''
  ) );
#7211 = PCURVE('',#7212,#7217);
#7212 = PLANE('',#7213);
#7213 = AXIS2_PLACEMENT_3D('',#7214,#7215,#7216);
#7214 = CARTESIAN_POINT('',(-91.,-490.,140.));
#7215 = DIRECTION('',(1.,0.,0.));
#7216 = DIRECTION('',(0.,0.,1.));
#7217 = DEFINITIONAL_REPRESENTATION('',(#7218),#7222);
#7218 = CIRCLE('',#7219,14.);
#7219 = AXIS2_PLACEMENT_2D('',#7220,#7221);
#7220 = CARTESIAN_POINT('',(0.,0.));
#7221 = DIRECTION('',(1.,0.));
#7222 = ( GEOMETRIC_REPRESENTATION_CONTEXT(2) 
PARAMETRIC_REPRESENTATION_CONTEXT() REPRESENTATION_CONTEXT('2D SPACE',''
  ) );
#7223 = ORIENTED_EDGE('',*,*,#7224,.F.);
#7224 = EDGE_CURVE('',#7225,#7191,#7227,.T.);
#7225 = VERTEX_POINT('',#7226);
#7226 = CARTESIAN_POINT('',(-315.,-490.,154.));
#7227 = SEAM_CURVE('',#7228,(#7232,#7239),.PCURVE_S1.);
#7228 = LINE('',#7229,#7230);
#7229 = CARTESIAN_POINT('',(-315.,-490.,154.));
#7230 = VECTOR('',#7231,1.);
#7231 = DIRECTION('',(1.,0.,0.));
#7232 = PCURVE('',#7200,#7233);
#7233 = DEFINITIONAL_REPRESENTATION('',(#7234),#7238);
#7234 = LINE('',#7235,#7236);
#7235 = CARTESIAN_POINT('',(6.28318530718,-0.));
#7236 = VECTOR('',#7237,1.);
#7237 = DIRECTION('',(0.,1.));
#7238 = ( GEOMETRIC_REPRESENTATION_CONTEXT(2) 
PARAMETRIC_REPRESENTATION_CONTEXT() REPRESENTATION_CONTEXT('2D SPACE',''
  ) );
#7239 = PCURVE('',#7200,#7240);
#7240 = DEFINITIONAL_REPRESENTATION('',(#7241),#7245);
#7241 = LINE('',#7242,#7243);
#7242 = CARTESIAN_POINT('',(0.,-0.));
#7243 = VECTOR('',#7244,1.);
#7244 = DIRECTION('',(0.,1.));
#7245 = ( GEOMETRIC_REPRESENTATION_CONTEXT(2) 
PARAMETRIC_REPRESENTATION_CONTEXT() REPRESENTATION_CONTEXT('2D SPACE',''
  ) );
#7246 = ORIENTED_EDGE('',*,*,#7247,.T.);
#7247 = EDGE_CURVE('',#7225,#7225,#7248,.T.);
#7248 = SURFACE_CURVE('',#7249,(#7254,#7261),.PCURVE_S1.);
#7249 = CIRCLE('',#7250,14.);
#7250 = AXIS2_PLACEMENT_3D('',#7251,#7252,#7253);
#7251 = CARTESIAN_POINT('',(-315.,-490.,140.));
#7252 = DIRECTION('',(1.,0.,-0.));
#7253 = DIRECTION('',(0.,0.,1.));
#7254 = PCURVE('',#7200,#7255);
#7255 = DEFINITIONAL_REPRESENTATION('',(#7256),#7260);
#7256 = LINE('',#7257,#7258);
#7257 = CARTESIAN_POINT('',(0.,0.));
#7258 = VECTOR('',#7259,1.);
#7259 = DIRECTION('',(1.,0.));
#7260 = ( GEOMETRIC_REPRESENTATION_CONTEXT(2) 
PARAMETRIC_REPRESENTATION_CONTEXT() REPRESENTATION_CONTEXT('2D SPACE',''
  ) );
#7261 = PCURVE('',#7262,#7267);
#7262 = PLANE('',#7263);
#7263 = AXIS2_PLACEMENT_3D('',#7264,#7265,#7266);
#7264 = CARTESIAN_POINT('',(-315.,-490.,140.));
#7265 = DIRECTION('',(1.,0.,0.));
#7266 = DIRECTION('',(0.,0.,1.));
#7267 = DEFINITIONAL_REPRESENTATION('',(#7268),#7272);
#7268 = CIRCLE('',#7269,14.);
#7269 = AXIS2_PLACEMENT_2D('',#7270,#7271);
#7270 = CARTESIAN_POINT('',(0.,0.));
#7271 = DIRECTION('',(1.,0.));
#7272 = ( GEOMETRIC_REPRESENTATION_CONTEXT(2) 
PARAMETRIC_REPRESENTATION_CONTEXT() REPRESENTATION_CONTEXT('2D SPACE',''
  ) );
#7273 = ORIENTED_EDGE('',*,*,#7224,.T.);
#7274 = ADVANCED_FACE('',(#7275),#7212,.T.);
#7275 = FACE_BOUND('',#7276,.T.);
#7276 = EDGE_LOOP('',(#7277));
#7277 = ORIENTED_EDGE('',*,*,#7190,.T.);
#7278 = ADVANCED_FACE('',(#7279),#7262,.F.);
#7279 = FACE_BOUND('',#7280,.T.);
#7280 = EDGE_LOOP('',(#7281));
#7281 = ORIENTED_EDGE('',*,*,#7247,.F.);
#7282 = ( GEOMETRIC_REPRESENTATION_CONTEXT(3) 
GLOBAL_UNCERTAINTY_ASSIGNED_CONTEXT((#7286)) 
GLOBAL_UNIT_ASSIGNED_CONTEXT((#7283,#7284,#7285)) REPRESENTATION_CONTEXT
('Context #1','3D Context with UNIT and UNCERTAINTY') );
#7283 = ( LENGTH_UNIT() NAMED_UNIT(*) SI_UNIT($,.METRE.) );
#7284 = ( NAMED_UNIT(*) PLANE_ANGLE_UNIT() SI_UNIT($,.RADIAN.) );
#7285 = ( NAMED_UNIT(*) SI_UNIT($,.STERADIAN.) SOLID_ANGLE_UNIT() );
#7286 = UNCERTAINTY_MEASURE_WITH_UNIT(LENGTH_MEASURE(1.E-07),#7283,
  'distance_accuracy_value','confusion accuracy');
#7287 = PRODUCT_RELATED_PRODUCT_CATEGORY('part',$,(#7180));
#7288 = SHAPE_DEFINITION_REPRESENTATION(#7289,#7295);
#7289 = PRODUCT_DEFINITION_SHAPE('','',#7290);
#7290 = PRODUCT_DEFINITION('design','',#7291,#7294);
#7291 = PRODUCT_DEFINITION_FORMATION('','',#7292);
#7292 = PRODUCT('TPS_Support','TPS_Support','',(#7293));
#7293 = PRODUCT_CONTEXT('',#2,'mechanical');
#7294 = PRODUCT_DEFINITION_CONTEXT('part definition',#2,'design');
#7295 = ADVANCED_BREP_SHAPE_REPRESENTATION('',(#11,#7296),#7394);
#7296 = MANIFOLD_SOLID_BREP('',#7297);
#7297 = CLOSED_SHELL('',(#7298,#7386,#7390));
#7298 = ADVANCED_FACE('',(#7299),#7312,.T.);
#7299 = FACE_BOUND('',#7300,.T.);
#7300 = EDGE_LOOP('',(#7301,#7335,#7358,#7385));
#7301 = ORIENTED_EDGE('',*,*,#7302,.F.);
#7302 = EDGE_CURVE('',#7303,#7303,#7305,.T.);
#7303 = VERTEX_POINT('',#7304);
#7304 = CARTESIAN_POINT('',(661.,-6.309380309207E-14,-257.6));
#7305 = SURFACE_CURVE('',#7306,(#7311,#7323),.PCURVE_S1.);
#7306 = CIRCLE('',#7307,257.6);
#7307 = AXIS2_PLACEMENT_3D('',#7308,#7309,#7310);
#7308 = CARTESIAN_POINT('',(661.,0.,2.797762022055E-14));
#7309 = DIRECTION('',(1.,-0.,2.22044604925E-16));
#7310 = DIRECTION('',(2.22044604925E-16,0.,-1.));
#7311 = PCURVE('',#7312,#7317);
#7312 = CONICAL_SURFACE('',#7313,386.4,0.79638673208);
#7313 = AXIS2_PLACEMENT_3D('',#7314,#7315,#7316);
#7314 = CARTESIAN_POINT('',(535.,0.,0.));
#7315 = DIRECTION('',(-1.,-0.,-2.22044604925E-16));
#7316 = DIRECTION('',(2.22044604925E-16,0.,-1.));
#7317 = DEFINITIONAL_REPRESENTATION('',(#7318),#7322);
#7318 = LINE('',#7319,#7320);
#7319 = CARTESIAN_POINT('',(-0.,-126.));
#7320 = VECTOR('',#7321,1.);
#7321 = DIRECTION('',(-1.,-0.));
#7322 = ( GEOMETRIC_REPRESENTATION_CONTEXT(2) 
PARAMETRIC_REPRESENTATION_CONTEXT() REPRESENTATION_CONTEXT('2D SPACE',''
  ) );
#7323 = PCURVE('',#7324,#7329);
#7324 = PLANE('',#7325);
#7325 = AXIS2_PLACEMENT_3D('',#7326,#7327,#7328);
#7326 = CARTESIAN_POINT('',(661.,0.,2.797762022055E-14));
#7327 = DIRECTION('',(1.,0.,2.22044604925E-16));
#7328 = DIRECTION('',(2.22044604925E-16,0.,-1.));
#7329 = DEFINITIONAL_REPRESENTATION('',(#7330),#7334);
#7330 = CIRCLE('',#7331,257.6);
#7331 = AXIS2_PLACEMENT_2D('',#7332,#7333);
#7332 = CARTESIAN_POINT('',(0.,0.));
#7333 = DIRECTION('',(1.,0.));
#7334 = ( GEOMETRIC_REPRESENTATION_CONTEXT(2) 
PARAMETRIC_REPRESENTATION_CONTEXT() REPRESENTATION_CONTEXT('2D SPACE',''
  ) );
#7335 = ORIENTED_EDGE('',*,*,#7336,.F.);
#7336 = EDGE_CURVE('',#7337,#7303,#7339,.T.);
#7337 = VERTEX_POINT('',#7338);
#7338 = CARTESIAN_POINT('',(535.,-9.464070463811E-14,-386.4));
#7339 = SEAM_CURVE('',#7340,(#7344,#7351),.PCURVE_S1.);
#7340 = LINE('',#7341,#7342);
#7341 = CARTESIAN_POINT('',(535.,-9.464070463811E-14,-386.4));
#7342 = VECTOR('',#7343,1.);
#7343 = DIRECTION('',(0.699294155464,1.750838402709E-16,0.714834025585)
  );
#7344 = PCURVE('',#7312,#7345);
#7345 = DEFINITIONAL_REPRESENTATION('',(#7346),#7350);
#7346 = LINE('',#7347,#7348);
#7347 = CARTESIAN_POINT('',(-6.28318530718,0.));
#7348 = VECTOR('',#7349,1.);
#7349 = DIRECTION('',(-0.,-1.));
#7350 = ( GEOMETRIC_REPRESENTATION_CONTEXT(2) 
PARAMETRIC_REPRESENTATION_CONTEXT() REPRESENTATION_CONTEXT('2D SPACE',''
  ) );
#7351 = PCURVE('',#7312,#7352);
#7352 = DEFINITIONAL_REPRESENTATION('',(#7353),#7357);
#7353 = LINE('',#7354,#7355);
#7354 = CARTESIAN_POINT('',(0.,-0.));
#7355 = VECTOR('',#7356,1.);
#7356 = DIRECTION('',(-0.,-1.));
#7357 = ( GEOMETRIC_REPRESENTATION_CONTEXT(2) 
PARAMETRIC_REPRESENTATION_CONTEXT() REPRESENTATION_CONTEXT('2D SPACE',''
  ) );
#7358 = ORIENTED_EDGE('',*,*,#7359,.T.);
#7359 = EDGE_CURVE('',#7337,#7337,#7360,.T.);
#7360 = SURFACE_CURVE('',#7361,(#7366,#7373),.PCURVE_S1.);
#7361 = CIRCLE('',#7362,386.4);
#7362 = AXIS2_PLACEMENT_3D('',#7363,#7364,#7365);
#7363 = CARTESIAN_POINT('',(535.,0.,0.));
#7364 = DIRECTION('',(1.,-0.,2.22044604925E-16));
#7365 = DIRECTION('',(2.22044604925E-16,0.,-1.));
#7366 = PCURVE('',#7312,#7367);
#7367 = DEFINITIONAL_REPRESENTATION('',(#7368),#7372);
#7368 = LINE('',#7369,#7370);
#7369 = CARTESIAN_POINT('',(-0.,-0.));
#7370 = VECTOR('',#7371,1.);
#7371 = DIRECTION('',(-1.,-0.));
#7372 = ( GEOMETRIC_REPRESENTATION_CONTEXT(2) 
PARAMETRIC_REPRESENTATION_CONTEXT() REPRESENTATION_CONTEXT('2D SPACE',''
  ) );
#7373 = PCURVE('',#7374,#7379);
#7374 = PLANE('',#7375);
#7375 = AXIS2_PLACEMENT_3D('',#7376,#7377,#7378);
#7376 = CARTESIAN_POINT('',(535.,0.,0.));
#7377 = DIRECTION('',(1.,0.,2.22044604925E-16));
#7378 = DIRECTION('',(2.22044604925E-16,0.,-1.));
#7379 = DEFINITIONAL_REPRESENTATION('',(#7380),#7384);
#7380 = CIRCLE('',#7381,386.4);
#7381 = AXIS2_PLACEMENT_2D('',#7382,#7383);
#7382 = CARTESIAN_POINT('',(0.,0.));
#7383 = DIRECTION('',(1.,0.));
#7384 = ( GEOMETRIC_REPRESENTATION_CONTEXT(2) 
PARAMETRIC_REPRESENTATION_CONTEXT() REPRESENTATION_CONTEXT('2D SPACE',''
  ) );
#7385 = ORIENTED_EDGE('',*,*,#7336,.T.);
#7386 = ADVANCED_FACE('',(#7387),#7324,.T.);
#7387 = FACE_BOUND('',#7388,.T.);
#7388 = EDGE_LOOP('',(#7389));
#7389 = ORIENTED_EDGE('',*,*,#7302,.T.);
#7390 = ADVANCED_FACE('',(#7391),#7374,.F.);
#7391 = FACE_BOUND('',#7392,.T.);
#7392 = EDGE_LOOP('',(#7393));
#7393 = ORIENTED_EDGE('',*,*,#7359,.F.);
#7394 = ( GEOMETRIC_REPRESENTATION_CONTEXT(3) 
GLOBAL_UNCERTAINTY_ASSIGNED_CONTEXT((#7398)) 
GLOBAL_UNIT_ASSIGNED_CONTEXT((#7395,#7396,#7397)) REPRESENTATION_CONTEXT
('Context #1','3D Context with UNIT and UNCERTAINTY') );
#7395 = ( LENGTH_UNIT() NAMED_UNIT(*) SI_UNIT($,.METRE.) );
#7396 = ( NAMED_UNIT(*) PLANE_ANGLE_UNIT() SI_UNIT($,.RADIAN.) );
#7397 = ( NAMED_UNIT(*) SI_UNIT($,.STERADIAN.) SOLID_ANGLE_UNIT() );
#7398 = UNCERTAINTY_MEASURE_WITH_UNIT(LENGTH_MEASURE(1.E-07),#7395,
  'distance_accuracy_value','confusion accuracy');
#7399 = PRODUCT_RELATED_PRODUCT_CATEGORY('part',$,(#7292));
#7400 = SHAPE_DEFINITION_REPRESENTATION(#7401,#7407);
#7401 = PRODUCT_DEFINITION_SHAPE('','',#7402);
#7402 = PRODUCT_DEFINITION('design','',#7403,#7406);
#7403 = PRODUCT_DEFINITION_FORMATION('','',#7404);
#7404 = PRODUCT('Cooling_Pipes','Cooling_Pipes','',(#7405));
#7405 = PRODUCT_CONTEXT('',#2,'mechanical');
#7406 = PRODUCT_DEFINITION_CONTEXT('part definition',#2,'design');
#7407 = SHAPE_REPRESENTATION('',(#11,#7408,#9249),#11090);
#7408 = MANIFOLD_SOLID_BREP('',#7409);
#7409 = CLOSED_SHELL('',(#7410,#7623,#8398,#9103,#9107,#9163,#9245));
#7410 = ADVANCED_FACE('',(#7411),#7425,.T.);
#7411 = FACE_BOUND('',#7412,.T.);
#7412 = EDGE_LOOP('',(#7413,#7443,#7470,#7471,#7512,#7548,#7589));
#7413 = ORIENTED_EDGE('',*,*,#7414,.T.);
#7414 = EDGE_CURVE('',#7415,#7417,#7419,.T.);
#7415 = VERTEX_POINT('',#7416);
#7416 = CARTESIAN_POINT('',(-47.25,458.5,52.5));
#7417 = VERTEX_POINT('',#7418);
#7418 = CARTESIAN_POINT('',(-47.25,521.5,52.5));
#7419 = SEAM_CURVE('',#7420,(#7424,#7436),.PCURVE_S1.);
#7420 = LINE('',#7421,#7422);
#7421 = CARTESIAN_POINT('',(-47.25,395.5,52.5));
#7422 = VECTOR('',#7423,1.);
#7423 = DIRECTION('',(0.,1.,0.));
#7424 = PCURVE('',#7425,#7430);
#7425 = CYLINDRICAL_SURFACE('',#7426,17.5);
#7426 = AXIS2_PLACEMENT_3D('',#7427,#7428,#7429);
#7427 = CARTESIAN_POINT('',(-47.25,395.5,35.));
#7428 = DIRECTION('',(0.,1.,0.));
#7429 = DIRECTION('',(0.,0.,1.));
#7430 = DEFINITIONAL_REPRESENTATION('',(#7431),#7435);
#7431 = LINE('',#7432,#7433);
#7432 = CARTESIAN_POINT('',(6.28318530718,-0.));
#7433 = VECTOR('',#7434,1.);
#7434 = DIRECTION('',(0.,1.));
#7435 = ( GEOMETRIC_REPRESENTATION_CONTEXT(2) 
PARAMETRIC_REPRESENTATION_CONTEXT() REPRESENTATION_CONTEXT('2D SPACE',''
  ) );
#7436 = PCURVE('',#7425,#7437);
#7437 = DEFINITIONAL_REPRESENTATION('',(#7438),#7442);
#7438 = LINE('',#7439,#7440);
#7439 = CARTESIAN_POINT('',(0.,-0.));
#7440 = VECTOR('',#7441,1.);
#7441 = DIRECTION('',(0.,1.));
#7442 = ( GEOMETRIC_REPRESENTATION_CONTEXT(2) 
PARAMETRIC_REPRESENTATION_CONTEXT() REPRESENTATION_CONTEXT('2D SPACE',''
  ) );
#7443 = ORIENTED_EDGE('',*,*,#7444,.F.);
#7444 = EDGE_CURVE('',#7417,#7417,#7445,.T.);
#7445 = SURFACE_CURVE('',#7446,(#7451,#7458),.PCURVE_S1.);
#7446 = CIRCLE('',#7447,17.5);
#7447 = AXIS2_PLACEMENT_3D('',#7448,#7449,#7450);
#7448 = CARTESIAN_POINT('',(-47.25,521.5,35.));
#7449 = DIRECTION('',(0.,1.,0.));
#7450 = DIRECTION('',(0.,0.,1.));
#7451 = PCURVE('',#7425,#7452);
#7452 = DEFINITIONAL_REPRESENTATION('',(#7453),#7457);
#7453 = LINE('',#7454,#7455);
#7454 = CARTESIAN_POINT('',(0.,126.));
#7455 = VECTOR('',#7456,1.);
#7456 = DIRECTION('',(1.,0.));
#7457 = ( GEOMETRIC_REPRESENTATION_CONTEXT(2) 
PARAMETRIC_REPRESENTATION_CONTEXT() REPRESENTATION_CONTEXT('2D SPACE',''
  ) );
#7458 = PCURVE('',#7459,#7464);
#7459 = PLANE('',#7460);
#7460 = AXIS2_PLACEMENT_3D('',#7461,#7462,#7463);
#7461 = CARTESIAN_POINT('',(-47.25,521.5,35.));
#7462 = DIRECTION('',(0.,1.,0.));
#7463 = DIRECTION('',(0.,0.,1.));
#7464 = DEFINITIONAL_REPRESENTATION('',(#7465),#7469);
#7465 = CIRCLE('',#7466,17.5);
#7466 = AXIS2_PLACEMENT_2D('',#7467,#7468);
#7467 = CARTESIAN_POINT('',(0.,0.));
#7468 = DIRECTION('',(1.,0.));
#7469 = ( GEOMETRIC_REPRESENTATION_CONTEXT(2) 
PARAMETRIC_REPRESENTATION_CONTEXT() REPRESENTATION_CONTEXT('2D SPACE',''
  ) );
#7470 = ORIENTED_EDGE('',*,*,#7414,.F.);
#7471 = ORIENTED_EDGE('',*,*,#7472,.T.);
#7472 = EDGE_CURVE('',#7415,#7473,#7475,.T.);
#7473 = VERTEX_POINT('',#7474);
#7474 = CARTESIAN_POINT('',(-29.75,476.,35.));
#7475 = SURFACE_CURVE('',#7476,(#7481,#7494),.PCURVE_S1.);
#7476 = ELLIPSE('',#7477,24.748737341529,17.5);
#7477 = AXIS2_PLACEMENT_3D('',#7478,#7479,#7480);
#7478 = CARTESIAN_POINT('',(-47.25,458.5,35.));
#7479 = DIRECTION('',(-0.707106781187,0.707106781187,0.));
#7480 = DIRECTION('',(0.707106781187,0.707106781187,0.));
#7481 = PCURVE('',#7425,#7482);
#7482 = DEFINITIONAL_REPRESENTATION('',(#7483),#7493);
#7483 = B_SPLINE_CURVE_WITH_KNOTS('',8,(#7484,#7485,#7486,#7487,#7488,
    #7489,#7490,#7491,#7492),.UNSPECIFIED.,.F.,.F.,(9,9),(4.712388980385
    ,6.28318530718),.PIECEWISE_BEZIER_KNOTS.);
#7484 = CARTESIAN_POINT('',(0.,63.));
#7485 = CARTESIAN_POINT('',(0.196349540849,66.436116964864));
#7486 = CARTESIAN_POINT('',(0.392699081698,69.872234745504));
#7487 = CARTESIAN_POINT('',(0.589048622546,73.106482071424));
#7488 = CARTESIAN_POINT('',(0.785398163397,75.937028135173));
#7489 = CARTESIAN_POINT('',(0.981747704247,78.186815811147));
#7490 = CARTESIAN_POINT('',(1.178097245095,79.728936420157));
#7491 = CARTESIAN_POINT('',(1.374446785946,80.5));
#7492 = CARTESIAN_POINT('',(1.570796326795,80.5));
#7493 = ( GEOMETRIC_REPRESENTATION_CONTEXT(2) 
PARAMETRIC_REPRESENTATION_CONTEXT() REPRESENTATION_CONTEXT('2D SPACE',''
  ) );
#7494 = PCURVE('',#7495,#7500);
#7495 = CYLINDRICAL_SURFACE('',#7496,17.5);
#7496 = AXIS2_PLACEMENT_3D('',#7497,#7498,#7499);
#7497 = CARTESIAN_POINT('',(-110.25,458.5,35.));
#7498 = DIRECTION('',(1.,0.,0.));
#7499 = DIRECTION('',(0.,0.,1.));
#7500 = DEFINITIONAL_REPRESENTATION('',(#7501),#7511);
#7501 = B_SPLINE_CURVE_WITH_KNOTS('',8,(#7502,#7503,#7504,#7505,#7506,
    #7507,#7508,#7509,#7510),.UNSPECIFIED.,.F.,.F.,(9,9),(4.712388980385
    ,6.28318530718),.PIECEWISE_BEZIER_KNOTS.);
#7502 = CARTESIAN_POINT('',(6.28318530718,63.));
#7503 = CARTESIAN_POINT('',(6.08683576633,66.436116964864));
#7504 = CARTESIAN_POINT('',(5.890486225481,69.872234745504));
#7505 = CARTESIAN_POINT('',(5.694136684631,73.106482071424));
#7506 = CARTESIAN_POINT('',(5.497787143785,75.937028135173));
#7507 = CARTESIAN_POINT('',(5.301437602933,78.186815811147));
#7508 = CARTESIAN_POINT('',(5.105088062084,79.728936420157));
#7509 = CARTESIAN_POINT('',(4.908738521234,80.5));
#7510 = CARTESIAN_POINT('',(4.712388980385,80.5));
#7511 = ( GEOMETRIC_REPRESENTATION_CONTEXT(2) 
PARAMETRIC_REPRESENTATION_CONTEXT() REPRESENTATION_CONTEXT('2D SPACE',''
  ) );
#7512 = ORIENTED_EDGE('',*,*,#7513,.T.);
#7513 = EDGE_CURVE('',#7473,#7514,#7516,.T.);
#7514 = VERTEX_POINT('',#7515);
#7515 = CARTESIAN_POINT('',(-47.25,458.5,17.5));
#7516 = SURFACE_CURVE('',#7517,(#7522,#7535),.PCURVE_S1.);
#7517 = ELLIPSE('',#7518,24.748737341529,17.5);
#7518 = AXIS2_PLACEMENT_3D('',#7519,#7520,#7521);
#7519 = CARTESIAN_POINT('',(-47.25,458.5,35.));
#7520 = DIRECTION('',(-0.707106781187,0.707106781187,0.));
#7521 = DIRECTION('',(0.707106781187,0.707106781187,0.));
#7522 = PCURVE('',#7425,#7523);
#7523 = DEFINITIONAL_REPRESENTATION('',(#7524),#7534);
#7524 = B_SPLINE_CURVE_WITH_KNOTS('',8,(#7525,#7526,#7527,#7528,#7529,
    #7530,#7531,#7532,#7533),.UNSPECIFIED.,.F.,.F.,(9,9),(0.,
    1.570796326795),.PIECEWISE_BEZIER_KNOTS.);
#7525 = CARTESIAN_POINT('',(1.570796326795,80.5));
#7526 = CARTESIAN_POINT('',(1.767145867644,80.5));
#7527 = CARTESIAN_POINT('',(1.963495408491,79.728936420201));
#7528 = CARTESIAN_POINT('',(2.159844949346,78.186815811088));
#7529 = CARTESIAN_POINT('',(2.356194490172,75.937028134824));
#7530 = CARTESIAN_POINT('',(2.552544031043,73.106482071191));
#7531 = CARTESIAN_POINT('',(2.748893571889,69.872234745533));
#7532 = CARTESIAN_POINT('',(2.94524311274,66.436116964864));
#7533 = CARTESIAN_POINT('',(3.14159265359,63.));
#7534 = ( GEOMETRIC_REPRESENTATION_CONTEXT(2) 
PARAMETRIC_REPRESENTATION_CONTEXT() REPRESENTATION_CONTEXT('2D SPACE',''
  ) );
#7535 = PCURVE('',#7495,#7536);
#7536 = DEFINITIONAL_REPRESENTATION('',(#7537),#7547);
#7537 = B_SPLINE_CURVE_WITH_KNOTS('',8,(#7538,#7539,#7540,#7541,#7542,
    #7543,#7544,#7545,#7546),.UNSPECIFIED.,.F.,.F.,(9,9),(0.,
    1.570796326795),.PIECEWISE_BEZIER_KNOTS.);
#7538 = CARTESIAN_POINT('',(4.712388980385,80.5));
#7539 = CARTESIAN_POINT('',(4.516039439535,80.5));
#7540 = CARTESIAN_POINT('',(4.319689898685,79.728936420201));
#7541 = CARTESIAN_POINT('',(4.123340357828,78.186815811088));
#7542 = CARTESIAN_POINT('',(3.926990816984,75.937028134824));
#7543 = CARTESIAN_POINT('',(3.730641276125,73.106482071191));
#7544 = CARTESIAN_POINT('',(3.534291735289,69.872234745533));
#7545 = CARTESIAN_POINT('',(3.337942194439,66.436116964864));
#7546 = CARTESIAN_POINT('',(3.14159265359,63.));
#7547 = ( GEOMETRIC_REPRESENTATION_CONTEXT(2) 
PARAMETRIC_REPRESENTATION_CONTEXT() REPRESENTATION_CONTEXT('2D SPACE',''
  ) );
#7548 = ORIENTED_EDGE('',*,*,#7549,.T.);
#7549 = EDGE_CURVE('',#7514,#7550,#7552,.T.);
#7550 = VERTEX_POINT('',#7551);
#7551 = CARTESIAN_POINT('',(-64.75,476.,35.));
#7552 = SURFACE_CURVE('',#7553,(#7558,#7571),.PCURVE_S1.);
#7553 = ELLIPSE('',#7554,24.748737341529,17.5);
#7554 = AXIS2_PLACEMENT_3D('',#7555,#7556,#7557);
#7555 = CARTESIAN_POINT('',(-47.25,458.5,35.));
#7556 = DIRECTION('',(0.707106781187,0.707106781187,-0.));
#7557 = DIRECTION('',(-0.707106781187,0.707106781187,0.));
#7558 = PCURVE('',#7425,#7559);
#7559 = DEFINITIONAL_REPRESENTATION('',(#7560),#7570);
#7560 = B_SPLINE_CURVE_WITH_KNOTS('',8,(#7561,#7562,#7563,#7564,#7565,
    #7566,#7567,#7568,#7569),.UNSPECIFIED.,.F.,.F.,(9,9),(4.712388980385
    ,6.28318530718),.PIECEWISE_BEZIER_KNOTS.);
#7561 = CARTESIAN_POINT('',(3.14159265359,63.));
#7562 = CARTESIAN_POINT('',(3.337942194439,66.436116964864));
#7563 = CARTESIAN_POINT('',(3.534291735285,69.872234745504));
#7564 = CARTESIAN_POINT('',(3.730641276146,73.106482071424));
#7565 = CARTESIAN_POINT('',(3.926990816959,75.937028135173));
#7566 = CARTESIAN_POINT('',(4.12334035785,78.186815811147));
#7567 = CARTESIAN_POINT('',(4.319689898683,79.728936420157));
#7568 = CARTESIAN_POINT('',(4.516039439535,80.5));
#7569 = CARTESIAN_POINT('',(4.712388980385,80.5));
#7570 = ( GEOMETRIC_REPRESENTATION_CONTEXT(2) 
PARAMETRIC_REPRESENTATION_CONTEXT() REPRESENTATION_CONTEXT('2D SPACE',''
  ) );
#7571 = PCURVE('',#7572,#7577);
#7572 = CYLINDRICAL_SURFACE('',#7573,17.5);
#7573 = AXIS2_PLACEMENT_3D('',#7574,#7575,#7576);
#7574 = CARTESIAN_POINT('',(-110.25,458.5,35.));
#7575 = DIRECTION('',(1.,0.,0.));
#7576 = DIRECTION('',(0.,0.,1.));
#7577 = DEFINITIONAL_REPRESENTATION('',(#7578),#7588);
#7578 = B_SPLINE_CURVE_WITH_KNOTS('',8,(#7579,#7580,#7581,#7582,#7583,
    #7584,#7585,#7586,#7587),.UNSPECIFIED.,.F.,.F.,(9,9),(4.712388980385
    ,6.28318530718),.PIECEWISE_BEZIER_KNOTS.);
#7579 = CARTESIAN_POINT('',(3.14159265359,63.));
#7580 = CARTESIAN_POINT('',(3.337942194439,59.563883035136));
#7581 = CARTESIAN_POINT('',(3.534291735285,56.127765254438));
#7582 = CARTESIAN_POINT('',(3.730641276146,52.893517928693));
#7583 = CARTESIAN_POINT('',(3.926990816959,50.06297186506));
#7584 = CARTESIAN_POINT('',(4.12334035785,47.813184188941));
#7585 = CARTESIAN_POINT('',(4.319689898683,46.271063579778));
#7586 = CARTESIAN_POINT('',(4.516039439535,45.5));
#7587 = CARTESIAN_POINT('',(4.712388980385,45.5));
#7588 = ( GEOMETRIC_REPRESENTATION_CONTEXT(2) 
PARAMETRIC_REPRESENTATION_CONTEXT() REPRESENTATION_CONTEXT('2D SPACE',''
  ) );
#7589 = ORIENTED_EDGE('',*,*,#7590,.T.);
#7590 = EDGE_CURVE('',#7550,#7415,#7591,.T.);
#7591 = SURFACE_CURVE('',#7592,(#7597,#7610),.PCURVE_S1.);
#7592 = ELLIPSE('',#7593,24.748737341529,17.5);
#7593 = AXIS2_PLACEMENT_3D('',#7594,#7595,#7596);
#7594 = CARTESIAN_POINT('',(-47.25,458.5,35.));
#7595 = DIRECTION('',(0.707106781187,0.707106781187,-0.));
#7596 = DIRECTION('',(-0.707106781187,0.707106781187,0.));
#7597 = PCURVE('',#7425,#7598);
#7598 = DEFINITIONAL_REPRESENTATION('',(#7599),#7609);
#7599 = B_SPLINE_CURVE_WITH_KNOTS('',8,(#7600,#7601,#7602,#7603,#7604,
    #7605,#7606,#7607,#7608),.UNSPECIFIED.,.F.,.F.,(9,9),(0.,
    1.570796326795),.PIECEWISE_BEZIER_KNOTS.);
#7600 = CARTESIAN_POINT('',(4.712388980385,80.5));
#7601 = CARTESIAN_POINT('',(4.908738521234,80.5));
#7602 = CARTESIAN_POINT('',(5.105088062085,79.728936420201));
#7603 = CARTESIAN_POINT('',(5.301437602932,78.186815811088));
#7604 = CARTESIAN_POINT('',(5.497787143783,75.937028134824));
#7605 = CARTESIAN_POINT('',(5.694136684629,73.106482071191));
#7606 = CARTESIAN_POINT('',(5.890486225482,69.872234745533));
#7607 = CARTESIAN_POINT('',(6.08683576633,66.436116964864));
#7608 = CARTESIAN_POINT('',(6.28318530718,63.));
#7609 = ( GEOMETRIC_REPRESENTATION_CONTEXT(2) 
PARAMETRIC_REPRESENTATION_CONTEXT() REPRESENTATION_CONTEXT('2D SPACE',''
  ) );
#7610 = PCURVE('',#7572,#7611);
#7611 = DEFINITIONAL_REPRESENTATION('',(#7612),#7622);
#7612 = B_SPLINE_CURVE_WITH_KNOTS('',8,(#7613,#7614,#7615,#7616,#7617,
    #7618,#7619,#7620,#7621),.UNSPECIFIED.,.F.,.F.,(9,9),(0.,
    1.570796326795),.PIECEWISE_BEZIER_KNOTS.);
#7613 = CARTESIAN_POINT('',(4.712388980385,45.5));
#7614 = CARTESIAN_POINT('',(4.908738521234,45.5));
#7615 = CARTESIAN_POINT('',(5.105088062085,46.271063579748));
#7616 = CARTESIAN_POINT('',(5.301437602932,47.813184189115));
#7617 = CARTESIAN_POINT('',(5.497787143783,50.062971864769));
#7618 = CARTESIAN_POINT('',(5.694136684629,52.893517928926));
#7619 = CARTESIAN_POINT('',(5.890486225482,56.127765254379));
#7620 = CARTESIAN_POINT('',(6.08683576633,59.563883035136));
#7621 = CARTESIAN_POINT('',(6.28318530718,63.));
#7622 = ( GEOMETRIC_REPRESENTATION_CONTEXT(2) 
PARAMETRIC_REPRESENTATION_CONTEXT() REPRESENTATION_CONTEXT('2D SPACE',''
  ) );
#7623 = ADVANCED_FACE('',(#7624),#7572,.T.);
#7624 = FACE_BOUND('',#7625,.T.);
#7625 = EDGE_LOOP('',(#7626,#7679,#7702,#7892,#8242,#8395,#8396,#8397));
#7626 = ORIENTED_EDGE('',*,*,#7627,.T.);
#7627 = EDGE_CURVE('',#7514,#7415,#7628,.T.);
#7628 = SURFACE_CURVE('',#7629,(#7634,#7654),.PCURVE_S1.);
#7629 = ELLIPSE('',#7630,24.748737341529,17.5);
#7630 = AXIS2_PLACEMENT_3D('',#7631,#7632,#7633);
#7631 = CARTESIAN_POINT('',(-47.25,458.5,35.));
#7632 = DIRECTION('',(-0.707106781187,0.707106781187,0.));
#7633 = DIRECTION('',(0.707106781187,0.707106781187,0.));
#7634 = PCURVE('',#7572,#7635);
#7635 = DEFINITIONAL_REPRESENTATION('',(#7636),#7653);
#7636 = B_SPLINE_CURVE_WITH_KNOTS('',8,(#7637,#7638,#7639,#7640,#7641,
    #7642,#7643,#7644,#7645,#7646,#7647,#7648,#7649,#7650,#7651,#7652),
  .UNSPECIFIED.,.F.,.F.,(9,7,9),(1.570796326795,3.14159265359,
    4.712388980385),.UNSPECIFIED.);
#7637 = CARTESIAN_POINT('',(3.14159265359,63.));
#7638 = CARTESIAN_POINT('',(2.94524311274,59.563883035136));
#7639 = CARTESIAN_POINT('',(2.74889357189,56.127765254438));
#7640 = CARTESIAN_POINT('',(2.552544031035,52.893517928926));
#7641 = CARTESIAN_POINT('',(2.356194490185,50.062971864711));
#7642 = CARTESIAN_POINT('',(2.15984494934,47.813184189174));
#7643 = CARTESIAN_POINT('',(1.963495408492,46.271063579778));
#7644 = CARTESIAN_POINT('',(1.767145867644,45.5));
#7645 = CARTESIAN_POINT('',(1.374446785946,45.5));
#7646 = CARTESIAN_POINT('',(1.178097245096,46.271063579748));
#7647 = CARTESIAN_POINT('',(0.981747704245,47.813184189115));
#7648 = CARTESIAN_POINT('',(0.785398163396,50.062971864769));
#7649 = CARTESIAN_POINT('',(0.589048622546,52.893517928926));
#7650 = CARTESIAN_POINT('',(0.392699081699,56.127765254379));
#7651 = CARTESIAN_POINT('',(0.196349540849,59.563883035136));
#7652 = CARTESIAN_POINT('',(1.836970198721E-16,63.));
#7653 = ( GEOMETRIC_REPRESENTATION_CONTEXT(2) 
PARAMETRIC_REPRESENTATION_CONTEXT() REPRESENTATION_CONTEXT('2D SPACE',''
  ) );
#7654 = PCURVE('',#7655,#7660);
#7655 = CYLINDRICAL_SURFACE('',#7656,17.5);
#7656 = AXIS2_PLACEMENT_3D('',#7657,#7658,#7659);
#7657 = CARTESIAN_POINT('',(-47.25,395.5,35.));
#7658 = DIRECTION('',(0.,1.,0.));
#7659 = DIRECTION('',(0.,0.,1.));
#7660 = DEFINITIONAL_REPRESENTATION('',(#7661),#7678);
#7661 = B_SPLINE_CURVE_WITH_KNOTS('',8,(#7662,#7663,#7664,#7665,#7666,
    #7667,#7668,#7669,#7670,#7671,#7672,#7673,#7674,#7675,#7676,#7677),
  .UNSPECIFIED.,.F.,.F.,(9,7,9),(1.570796326795,3.14159265359,
    4.712388980385),.UNSPECIFIED.);
#7662 = CARTESIAN_POINT('',(3.14159265359,63.));
#7663 = CARTESIAN_POINT('',(3.337942194439,59.563883035136));
#7664 = CARTESIAN_POINT('',(3.534291735282,56.127765254438));
#7665 = CARTESIAN_POINT('',(3.730641276157,52.893517928926));
#7666 = CARTESIAN_POINT('',(3.926990816955,50.062971864711));
#7667 = CARTESIAN_POINT('',(4.123340357854,47.813184189174));
#7668 = CARTESIAN_POINT('',(4.319689898681,46.271063579778));
#7669 = CARTESIAN_POINT('',(4.516039439535,45.5));
#7670 = CARTESIAN_POINT('',(4.908738521234,45.5));
#7671 = CARTESIAN_POINT('',(5.105088062087,46.271063579748));
#7672 = CARTESIAN_POINT('',(5.301437602902,47.813184189115));
#7673 = CARTESIAN_POINT('',(5.49778714378,50.062971864769));
#7674 = CARTESIAN_POINT('',(5.694136684611,52.893517928926));
#7675 = CARTESIAN_POINT('',(5.89048622548,56.127765254379));
#7676 = CARTESIAN_POINT('',(6.08683576633,59.563883035136));
#7677 = CARTESIAN_POINT('',(6.28318530718,63.));
#7678 = ( GEOMETRIC_REPRESENTATION_CONTEXT(2) 
PARAMETRIC_REPRESENTATION_CONTEXT() REPRESENTATION_CONTEXT('2D SPACE',''
  ) );
#7679 = ORIENTED_EDGE('',*,*,#7680,.F.);
#7680 = EDGE_CURVE('',#7681,#7415,#7683,.T.);
#7681 = VERTEX_POINT('',#7682);
#7682 = CARTESIAN_POINT('',(-89.25,458.5,52.5));
#7683 = SEAM_CURVE('',#7684,(#7688,#7695),.PCURVE_S1.);
#7684 = LINE('',#7685,#7686);
#7685 = CARTESIAN_POINT('',(-110.25,458.5,52.5));
#7686 = VECTOR('',#7687,1.);
#7687 = DIRECTION('',(1.,0.,0.));
#7688 = PCURVE('',#7572,#7689);
#7689 = DEFINITIONAL_REPRESENTATION('',(#7690),#7694);
#7690 = LINE('',#7691,#7692);
#7691 = CARTESIAN_POINT('',(6.28318530718,-0.));
#7692 = VECTOR('',#7693,1.);
#7693 = DIRECTION('',(0.,1.));
#7694 = ( GEOMETRIC_REPRESENTATION_CONTEXT(2) 
PARAMETRIC_REPRESENTATION_CONTEXT() REPRESENTATION_CONTEXT('2D SPACE',''
  ) );
#7695 = PCURVE('',#7572,#7696);
#7696 = DEFINITIONAL_REPRESENTATION('',(#7697),#7701);
#7697 = LINE('',#7698,#7699);
#7698 = CARTESIAN_POINT('',(0.,-0.));
#7699 = VECTOR('',#7700,1.);
#7700 = DIRECTION('',(0.,1.));
#7701 = ( GEOMETRIC_REPRESENTATION_CONTEXT(2) 
PARAMETRIC_REPRESENTATION_CONTEXT() REPRESENTATION_CONTEXT('2D SPACE',''
  ) );
#7702 = ORIENTED_EDGE('',*,*,#7703,.T.);
#7703 = EDGE_CURVE('',#7681,#7704,#7706,.T.);
#7704 = VERTEX_POINT('',#7705);
#7705 = CARTESIAN_POINT('',(-110.25,441.,35.000000000033));
#7706 = SURFACE_CURVE('',#7707,(#7765,#7826),.PCURVE_S1.);
#7707 = B_SPLINE_CURVE_WITH_KNOTS('',6,(#7708,#7709,#7710,#7711,#7712,
    #7713,#7714,#7715,#7716,#7717,#7718,#7719,#7720,#7721,#7722,#7723,
    #7724,#7725,#7726,#7727,#7728,#7729,#7730,#7731,#7732,#7733,#7734,
    #7735,#7736,#7737,#7738,#7739,#7740,#7741,#7742,#7743,#7744,#7745,
    #7746,#7747,#7748,#7749,#7750,#7751,#7752,#7753,#7754,#7755,#7756,
    #7757,#7758,#7759,#7760,#7761,#7762,#7763,#7764),.UNSPECIFIED.,.F.,
  .F.,(7,5,5,5,5,5,5,5,5,5,5,7),(0.,8.16512535029E-02,0.13824750127,
    0.228765600091,0.319581573782,0.423241314474,0.506875489862,
    0.635282093476,0.771550573312,0.884478249182,0.940435094896,1.),
  .UNSPECIFIED.);
#7708 = CARTESIAN_POINT('',(-89.25,458.5,52.5));
#7709 = CARTESIAN_POINT('',(-89.25,457.93508356022,52.5));
#7710 = CARTESIAN_POINT('',(-89.28282455993,457.36992127988,
    52.47811657902));
#7711 = CARTESIAN_POINT('',(-89.34852952405,456.81116537161,
    52.434315176275));
#7712 = CARTESIAN_POINT('',(-89.44469766472,456.26358368543,
    52.370069454522));
#7713 = CARTESIAN_POINT('',(-89.56785770282,455.73053170111,
    52.287463191818));
#7714 = CARTESIAN_POINT('',(-89.81579075402,454.85631018058,
    52.120347299002));
#7715 = CARTESIAN_POINT('',(-89.92852454268,454.50626790209,
    52.044164395586));
#7716 = CARTESIAN_POINT('',(-90.05135284061,454.1645455587,
    51.960899736684));
#7717 = CARTESIAN_POINT('',(-90.18315325893,453.83131534148,
    51.871228099481));
#7718 = CARTESIAN_POINT('',(-90.32292917762,453.50654551525,
    51.775748862957));
#7719 = CARTESIAN_POINT('',(-90.70482079439,452.68381823541,
    51.513760021342));
#7720 = CARTESIAN_POINT('',(-90.95798275187,452.19890021571,
    51.339031870226));
#7721 = CARTESIAN_POINT('',(-91.22597812941,451.73426014007,
    51.152770341086));
#7722 = CARTESIAN_POINT('',(-91.50613396034,451.28878909638,
    50.956565809555));
#7723 = CARTESIAN_POINT('',(-91.79643141353,450.86125159821,
    50.75162613065));
#7724 = CARTESIAN_POINT('',(-92.3955598652,450.03799669409,
    50.325146494047));
#7725 = CARTESIAN_POINT('',(-92.7043550914,449.64251682294,
    50.103620811431));
#7726 = CARTESIAN_POINT('',(-93.02041029978,449.26260379276,
    49.875025006387));
#7727 = CARTESIAN_POINT('',(-93.34258662512,448.89726623651,
    49.640029726795));
#7728 = CARTESIAN_POINT('',(-93.67000198302,448.54561493815,
    49.399155949323));
#7729 = CARTESIAN_POINT('',(-94.38098685802,447.82015586542,
    48.871537271665));
#7730 = CARTESIAN_POINT('',(-94.76590162608,447.45029610409,
    48.583158158902));
#7731 = CARTESIAN_POINT('',(-95.15576711995,447.09609083255,
    48.288208662626));
#7732 = CARTESIAN_POINT('',(-95.54981383401,446.75666099596,
    47.987142409875));
#7733 = CARTESIAN_POINT('',(-95.9474365356,446.43126453765,
    47.68031961565));
#7734 = CARTESIAN_POINT('',(-96.67150873872,445.8675488473,
    47.116023923358));
#7735 = CARTESIAN_POINT('',(-96.99685598241,445.62456076465,
    46.860477779857));
#7736 = CARTESIAN_POINT('',(-97.32397338895,445.38998302689,
    46.601514213607));
#7737 = CARTESIAN_POINT('',(-97.65264797309,445.16355168957,
    46.339262261824));
#7738 = CARTESIAN_POINT('',(-97.98269912955,444.94504742906,
    46.073833190645));
#7739 = CARTESIAN_POINT('',(-98.82259221818,444.41068381054,
    45.393066860825));
#7740 = CARTESIAN_POINT('',(-99.33408342967,444.10533459076,
    44.973555667093));
#7741 = CARTESIAN_POINT('',(-99.84789667915,443.81755023097,
    44.547130542387));
#7742 = CARTESIAN_POINT('',(-100.363577364,443.54686672198,44.1140900937
    ));
#7743 = CARTESIAN_POINT('',(-100.8807445693,443.29294713321,
    43.674697729006));
#7744 = CARTESIAN_POINT('',(-101.9491617783,442.80364635045,
    42.756383215028));
#7745 = CARTESIAN_POINT('',(-102.500546806,442.57035790037,
    42.276699149724));
#7746 = CARTESIAN_POINT('',(-103.0528579751,442.35542789153,
    41.790404149212));
#7747 = CARTESIAN_POINT('',(-103.6057545036,442.1587386004,
    41.297766165076));
#7748 = CARTESIAN_POINT('',(-104.1589284947,441.98027609914,
    40.799046502134));
#7749 = CARTESIAN_POINT('',(-105.1705262118,441.68740213945,
    39.876371392603));
#7750 = CARTESIAN_POINT('',(-105.6289452129,441.5672567308,
    39.45424595912));
#7751 = CARTESIAN_POINT('',(-106.0871991849,441.45973487298,
    39.028268301202));
#7752 = CARTESIAN_POINT('',(-106.5451306504,441.36493064214,
    38.598591538585));
#7753 = CARTESIAN_POINT('',(-107.0025846972,441.2829805748,
    38.165375476137));
#7754 = CARTESIAN_POINT('',(-107.685769493,441.1799090752,37.51245242125
    ));
#7755 = CARTESIAN_POINT('',(-107.9119753587,441.14895739938,
    37.295290383397));
#7756 = CARTESIAN_POINT('',(-108.1380072546,441.12122636727,
    37.077321126214));
#7757 = CARTESIAN_POINT('',(-108.3638460612,441.09673984048,
    36.858565974002));
#7758 = CARTESIAN_POINT('',(-108.5894723931,441.07552410843,
    36.63904705617));
#7759 = CARTESIAN_POINT('',(-109.054794069,441.03853644254,
    36.184325359357));
#7760 = CARTESIAN_POINT('',(-109.2944583482,441.02320373252,
    35.949023998038));
#7761 = CARTESIAN_POINT('',(-109.5338359575,441.01164438888,
    35.712911206948));
#7762 = CARTESIAN_POINT('',(-109.7729022757,441.0038961707,
    35.476015607507));
#7763 = CARTESIAN_POINT('',(-110.0116320868,441.00000000065,
    35.238367537842));
#7764 = CARTESIAN_POINT('',(-110.2500001271,441.,35.000000131738));
#7765 = PCURVE('',#7572,#7766);
#7766 = DEFINITIONAL_REPRESENTATION('',(#7767),#7825);
#7767 = B_SPLINE_CURVE_WITH_KNOTS('',6,(#7768,#7769,#7770,#7771,#7772,
    #7773,#7774,#7775,#7776,#7777,#7778,#7779,#7780,#7781,#7782,#7783,
    #7784,#7785,#7786,#7787,#7788,#7789,#7790,#7791,#7792,#7793,#7794,
    #7795,#7796,#7797,#7798,#7799,#7800,#7801,#7802,#7803,#7804,#7805,
    #7806,#7807,#7808,#7809,#7810,#7811,#7812,#7813,#7814,#7815,#7816,
    #7817,#7818,#7819,#7820,#7821,#7822,#7823,#7824),.UNSPECIFIED.,.F.,
  .F.,(7,5,5,5,5,5,5,5,5,5,5,7),(0.,8.16512535029E-02,0.13824750127,
    0.228765600091,0.319581573782,0.423241314474,0.506875489862,
    0.635282093476,0.771550573312,0.884478249182,0.940435094896,1.),
  .UNSPECIFIED.);
#7768 = CARTESIAN_POINT('',(0.,21.));
#7769 = CARTESIAN_POINT('',(3.228093941593E-02,21.));
#7770 = CARTESIAN_POINT('',(6.457590946971E-02,20.967175440062));
#7771 = CARTESIAN_POINT('',(9.656545279432E-02,20.901470475943));
#7772 = CARTESIAN_POINT('',(0.128037522798,20.805302335275));
#7773 = CARTESIAN_POINT('',(0.158842175426,20.682142297178));
#7774 = CARTESIAN_POINT('',(0.209702239181,20.434209245974));
#7775 = CARTESIAN_POINT('',(0.230166286742,20.321475457316));
#7776 = CARTESIAN_POINT('',(0.250255601836,20.198647159386));
#7777 = CARTESIAN_POINT('',(0.269966705934,20.066846741069));
#7778 = CARTESIAN_POINT('',(0.289305529137,19.927070822379));
#7779 = CARTESIAN_POINT('',(0.338644616762,19.54517920561));
#7780 = CARTESIAN_POINT('',(0.368077399727,19.29201724813));
#7781 = CARTESIAN_POINT('',(0.396656383377,19.024021870585));
#7782 = CARTESIAN_POINT('',(0.42444948064,18.74386603966));
#7783 = CARTESIAN_POINT('',(0.45152897991,18.453568586467));
#7784 = CARTESIAN_POINT('',(0.504509793305,17.854440134797));
#7785 = CARTESIAN_POINT('',(0.530398688064,17.545644908597));
#7786 = CARTESIAN_POINT('',(0.555717178181,17.229589700212));
#7787 = CARTESIAN_POINT('',(0.580523498472,16.90741337488));
#7788 = CARTESIAN_POINT('',(0.604870251943,16.579998016971));
#7789 = CARTESIAN_POINT('',(0.656129412127,15.869013141972));
#7790 = CARTESIAN_POINT('',(0.682914303873,15.484098373919));
#7791 = CARTESIAN_POINT('',(0.709233274829,15.09423288005));
#7792 = CARTESIAN_POINT('',(0.735141297846,14.70018616599));
#7793 = CARTESIAN_POINT('',(0.760686428539,14.302563464398));
#7794 = CARTESIAN_POINT('',(0.806264977302,13.578491261279));
#7795 = CARTESIAN_POINT('',(0.826409064797,13.253144017584));
#7796 = CARTESIAN_POINT('',(0.846366810582,12.926026611049));
#7797 = CARTESIAN_POINT('',(0.866157326311,12.597352026903));
#7798 = CARTESIAN_POINT('',(0.885797585214,12.26730087045));
#7799 = CARTESIAN_POINT('',(0.935251328519,11.427407781815));
#7800 = CARTESIAN_POINT('',(0.964881599944,10.915916570327));
#7801 = CARTESIAN_POINT('',(0.994251243438,10.40210332085));
#7802 = CARTESIAN_POINT('',(1.023406497008,9.886422635928));
#7803 = CARTESIAN_POINT('',(1.052388433581,9.369255430694));
#7804 = CARTESIAN_POINT('',(1.111847678484,8.300838221679));
#7805 = CARTESIAN_POINT('',(1.142307181889,7.749453193943));
#7806 = CARTESIAN_POINT('',(1.172658403221,7.197142024881));
#7807 = CARTESIAN_POINT('',(1.202940090067,6.644245496322));
#7808 = CARTESIAN_POINT('',(1.233188098128,6.091071505234));
#7809 = CARTESIAN_POINT('',(1.288504760238,5.079473788159));
#7810 = CARTESIAN_POINT('',(1.313572874853,4.621054787049));
#7811 = CARTESIAN_POINT('',(1.338660913198,4.162800815085));
#7812 = CARTESIAN_POINT('',(1.363787279411,3.70486934953));
#7813 = CARTESIAN_POINT('',(1.388969877823,3.24741530274));
#7814 = CARTESIAN_POINT('',(1.426741792651,2.564230506952));
#7815 = CARTESIAN_POINT('',(1.439275054947,2.338024641242));
#7816 = CARTESIAN_POINT('',(1.451828704089,2.11199274537));
#7817 = CARTESIAN_POINT('',(1.464404910579,1.886153938716));
#7818 = CARTESIAN_POINT('',(1.477005846921,1.660527606847));
#7819 = CARTESIAN_POINT('',(1.503075762899,1.195205930995));
#7820 = CARTESIAN_POINT('',(1.516548326031,0.955541651756));
#7821 = CARTESIAN_POINT('',(1.530053994765,0.716164042464));
#7822 = CARTESIAN_POINT('',(1.543595434884,0.477097724216));
#7823 = CARTESIAN_POINT('',(1.557175324651,0.238367913117));
#7824 = CARTESIAN_POINT('',(1.570796319267,-1.271661318469E-07));
#7825 = ( GEOMETRIC_REPRESENTATION_CONTEXT(2) 
PARAMETRIC_REPRESENTATION_CONTEXT() REPRESENTATION_CONTEXT('2D SPACE',''
  ) );
#7826 = PCURVE('',#7827,#7832);
#7827 = TOROIDAL_SURFACE('',#7828,63.,17.5);
#7828 = AXIS2_PLACEMENT_3D('',#7829,#7830,#7831);
#7829 = CARTESIAN_POINT('',(-47.25,458.5,35.));
#7830 = DIRECTION('',(0.,-1.,1.110223024625E-16));
#7831 = DIRECTION('',(1.,0.,0.));
#7832 = DEFINITIONAL_REPRESENTATION('',(#7833),#7891);
#7833 = B_SPLINE_CURVE_WITH_KNOTS('',6,(#7834,#7835,#7836,#7837,#7838,
    #7839,#7840,#7841,#7842,#7843,#7844,#7845,#7846,#7847,#7848,#7849,
    #7850,#7851,#7852,#7853,#7854,#7855,#7856,#7857,#7858,#7859,#7860,
    #7861,#7862,#7863,#7864,#7865,#7866,#7867,#7868,#7869,#7870,#7871,
    #7872,#7873,#7874,#7875,#7876,#7877,#7878,#7879,#7880,#7881,#7882,
    #7883,#7884,#7885,#7886,#7887,#7888,#7889,#7890),.UNSPECIFIED.,.F.,
  .F.,(7,5,5,5,5,5,5,5,5,5,5,7),(0.,8.16512535029E-02,0.13824750127,
    0.228765600091,0.319581573782,0.423241314474,0.506875489862,
    0.635282093476,0.771550573312,0.884478249182,0.940435094896,1.),
  .UNSPECIFIED.);
#7834 = CARTESIAN_POINT('',(2.74680153389,3.14159265359));
#7835 = CARTESIAN_POINT('',(2.74680153389,3.109311714174));
#7836 = CARTESIAN_POINT('',(2.747522944988,3.07701674412));
#7837 = CARTESIAN_POINT('',(2.748967049165,3.045027200795));
#7838 = CARTESIAN_POINT('',(2.751077922795,3.013555130792));
#7839 = CARTESIAN_POINT('',(2.753774603923,2.982750478164));
#7840 = CARTESIAN_POINT('',(2.759186661332,2.931890414409));
#7841 = CARTESIAN_POINT('',(2.761643523435,2.911426366848));
#7842 = CARTESIAN_POINT('',(2.764315120405,2.891337051754));
#7843 = CARTESIAN_POINT('',(2.767175305379,2.871625947656));
#7844 = CARTESIAN_POINT('',(2.770200872073,2.852287124453));
#7845 = CARTESIAN_POINT('',(2.778444612635,2.802948036827));
#7846 = CARTESIAN_POINT('',(2.783888338506,2.773515253863));
#7847 = CARTESIAN_POINT('',(2.789624981685,2.744936270213));
#7848 = CARTESIAN_POINT('',(2.795592030348,2.71714317295));
#7849 = CARTESIAN_POINT('',(2.801742462868,2.69006367368));
#7850 = CARTESIAN_POINT('',(2.814365988007,2.637082860284));
#7851 = CARTESIAN_POINT('',(2.820838104226,2.611193965526));
#7852 = CARTESIAN_POINT('',(2.827425434543,2.585875475409));
#7853 = CARTESIAN_POINT('',(2.834101354472,2.561069155118));
#7854 = CARTESIAN_POINT('',(2.840845339318,2.536722401647));
#7855 = CARTESIAN_POINT('',(2.855400614325,2.485463241463));
#7856 = CARTESIAN_POINT('',(2.863226984564,2.458678349716));
#7857 = CARTESIAN_POINT('',(2.871098226918,2.432359378761));
#7858 = CARTESIAN_POINT('',(2.878996617619,2.406451355744));
#7859 = CARTESIAN_POINT('',(2.886908393725,2.380906225051));
#7860 = CARTESIAN_POINT('',(2.901209078384,2.335327676287));
#7861 = CARTESIAN_POINT('',(2.907596666057,2.315183588793));
#7862 = CARTESIAN_POINT('',(2.913980378436,2.295225843007));
#7863 = CARTESIAN_POINT('',(2.920355511294,2.275435327279));
#7864 = CARTESIAN_POINT('',(2.926718156654,2.255795068375));
#7865 = CARTESIAN_POINT('',(2.942809703152,2.206341325071));
#7866 = CARTESIAN_POINT('',(2.952517023791,2.176711053646));
#7867 = CARTESIAN_POINT('',(2.962175324463,2.147341410152));
#7868 = CARTESIAN_POINT('',(2.971775467221,2.118186156582));
#7869 = CARTESIAN_POINT('',(2.98131022963,2.089204220008));
#7870 = CARTESIAN_POINT('',(3.000817280901,2.029744975106));
#7871 = CARTESIAN_POINT('',(3.010780376799,1.999285471701));
#7872 = CARTESIAN_POINT('',(3.020656528166,1.968934250369));
#7873 = CARTESIAN_POINT('',(3.030440222602,1.938652563523));
#7874 = CARTESIAN_POINT('',(3.040126959383,1.908404555462));
#7875 = CARTESIAN_POINT('',(3.057657310613,1.853087893352));
#7876 = CARTESIAN_POINT('',(3.065532348015,1.828019778737));
#7877 = CARTESIAN_POINT('',(3.073336128029,1.802931740392));
#7878 = CARTESIAN_POINT('',(3.081066766695,1.777805374179));
#7879 = CARTESIAN_POINT('',(3.088722577098,1.752622775767));
#7880 = CARTESIAN_POINT('',(3.100057752858,1.714850860939));
#7881 = CARTESIAN_POINT('',(3.103794708971,1.702317598643));
#7882 = CARTESIAN_POINT('',(3.107512726564,1.689763949501));
#7883 = CARTESIAN_POINT('',(3.11121162146,1.677187743011));
#7884 = CARTESIAN_POINT('',(3.114891213522,1.664586806669));
#7885 = CARTESIAN_POINT('',(3.122447441396,1.63851689069));
#7886 = CARTESIAN_POINT('',(3.126321483634,1.625044335015));
#7887 = CARTESIAN_POINT('',(3.130173236028,1.611538650651));
#7888 = CARTESIAN_POINT('',(3.134002492504,1.597997209919));
#7889 = CARTESIAN_POINT('',(3.137809041881,1.58441735039));
#7890 = CARTESIAN_POINT('',(3.141592651499,1.570796319528));
#7891 = ( GEOMETRIC_REPRESENTATION_CONTEXT(2) 
PARAMETRIC_REPRESENTATION_CONTEXT() REPRESENTATION_CONTEXT('2D SPACE',''
  ) );
#7892 = ORIENTED_EDGE('',*,*,#7893,.T.);
#7893 = EDGE_CURVE('',#7704,#7894,#7896,.T.);
#7894 = VERTEX_POINT('',#7895);
#7895 = CARTESIAN_POINT('',(-110.25,476.,35.000000000254));
#7896 = SURFACE_CURVE('',#7897,(#8010,#8126),.PCURVE_S1.);
#7897 = B_SPLINE_CURVE_WITH_KNOTS('',6,(#7898,#7899,#7900,#7901,#7902,
    #7903,#7904,#7905,#7906,#7907,#7908,#7909,#7910,#7911,#7912,#7913,
    #7914,#7915,#7916,#7917,#7918,#7919,#7920,#7921,#7922,#7923,#7924,
    #7925,#7926,#7927,#7928,#7929,#7930,#7931,#7932,#7933,#7934,#7935,
    #7936,#7937,#7938,#7939,#7940,#7941,#7942,#7943,#7944,#7945,#7946,
    #7947,#7948,#7949,#7950,#7951,#7952,#7953,#7954,#7955,#7956,#7957,
    #7958,#7959,#7960,#7961,#7962,#7963,#7964,#7965,#7966,#7967,#7968,
    #7969,#7970,#7971,#7972,#7973,#7974,#7975,#7976,#7977,#7978,#7979,
    #7980,#7981,#7982,#7983,#7984,#7985,#7986,#7987,#7988,#7989,#7990,
    #7991,#7992,#7993,#7994,#7995,#7996,#7997,#7998,#7999,#8000,#8001,
    #8002,#8003,#8004,#8005,#8006,#8007,#8008,#8009),.UNSPECIFIED.,.F.,
  .F.,(7,5,5,5,5,5,5,5,5,5,5,5,5,5,5,5,5,5,5,5,5,5,7),(0.,0.114830456513
    ,0.178291865039,0.224500111371,0.291075936702,0.35442417925,
    0.400120636388,0.424966855344,0.449422142041,0.478918760939,
    0.500266184256,0.526899622801,0.546593622788,0.569136808936,
    0.614369841144,0.659751734195,0.711558458509,0.753363706889,
    0.81756020195,0.885699129702,0.942169965235,0.970148213429,1.),
  .UNSPECIFIED.);
#7898 = CARTESIAN_POINT('',(-110.2500001271,441.,35.000000131738));
#7899 = CARTESIAN_POINT('',(-109.3309197939,440.99999996996,
    34.080919783258));
#7900 = CARTESIAN_POINT('',(-108.4065035591,441.05792292834,
    33.172593245777));
#7901 = CARTESIAN_POINT('',(-107.4781329906,441.1712272017,
    32.27675237221));
#7902 = CARTESIAN_POINT('',(-106.5471539138,441.33812993218,
    31.394935288002));
#7903 = CARTESIAN_POINT('',(-105.6148713546,441.55740525222,
    30.52848410826));
#7904 = CARTESIAN_POINT('',(-104.1673101152,441.97863032801,
    29.208846918314));
#7905 = CARTESIAN_POINT('',(-103.652071606,442.14444384775,
    28.744197883261));
#7906 = CARTESIAN_POINT('',(-103.1370671123,442.32607650453,
    28.284818579475));
#7907 = CARTESIAN_POINT('',(-102.6225440336,442.52353232805,
    27.830919588702));
#7908 = CARTESIAN_POINT('',(-102.1087749906,442.73690153966,
    27.382716812945));
#7909 = CARTESIAN_POINT('',(-101.2227388349,443.13346989708,
    26.618390218012));
#7910 = CARTESIAN_POINT('',(-100.8499785598,443.30909953522,
    26.299488492928));
#7911 = CARTESIAN_POINT('',(-100.4778976905,443.49334506734,
    25.983812492749));
#7912 = CARTESIAN_POINT('',(-100.1066280147,443.686309695,25.67145544868
    ));
#7913 = CARTESIAN_POINT('',(-99.73631832453,443.88813204407,
    25.3625183817));
#7914 = CARTESIAN_POINT('',(-98.83522760644,444.40280141239,
    24.61708555609));
#7915 = CARTESIAN_POINT('',(-98.30568099348,444.72536319354,
    24.184403946606));
#7916 = CARTESIAN_POINT('',(-97.77897074125,445.06724031491,
    23.759368145391));
#7917 = CARTESIAN_POINT('',(-97.25572351486,445.42916760251,
    23.342375142247));
#7918 = CARTESIAN_POINT('',(-96.73673122659,445.81208484425,
    22.933910052144));
#7919 = CARTESIAN_POINT('',(-95.7342101651,446.60299152966,
    22.154600808698));
#7920 = CARTESIAN_POINT('',(-95.25025054779,447.00881271335,
    21.7829461234));
#7921 = CARTESIAN_POINT('',(-94.77195129821,447.43604458981,
    21.420073545248));
#7922 = CARTESIAN_POINT('',(-94.3005209881,447.88615436032,
    21.066704850526));
#7923 = CARTESIAN_POINT('',(-93.83758472533,448.3608861459,
    20.723798274245));
#7924 = CARTESIAN_POINT('',(-93.05922089016,449.22485180559,
    20.153796218721));
#7925 = CARTESIAN_POINT('',(-92.73869678216,449.60098153175,
    19.921100426182));
#7926 = CARTESIAN_POINT('',(-92.42464691013,449.99216901029,
    19.695040502702));
#7927 = CARTESIAN_POINT('',(-92.11822854066,450.39946163166,
    19.476302109436));
#7928 = CARTESIAN_POINT('',(-91.82095533218,450.82398883305,
    19.265779179147));
#7929 = CARTESIAN_POINT('',(-91.37921673512,451.50810866543,
    18.955266367419));
#7930 = CARTESIAN_POINT('',(-91.22693132627,451.75455424258,
    18.848680938337));
#7931 = CARTESIAN_POINT('',(-91.07826967368,452.00670341372,
    18.745067250251));
#7932 = CARTESIAN_POINT('',(-90.93361824432,452.26475683563,
    18.644655009278));
#7933 = CARTESIAN_POINT('',(-90.79342768373,452.52889945788,
    18.547712788211));
#7934 = CARTESIAN_POINT('',(-90.52512488748,453.06544551646,
    18.362846997646));
#7935 = CARTESIAN_POINT('',(-90.39686503729,453.33763891248,
    18.274810807787));
#7936 = CARTESIAN_POINT('',(-90.27391972896,453.61604144699,
    18.190728157153));
#7937 = CARTESIAN_POINT('',(-90.15686634289,453.90074859216,
    18.1109449509));
#7938 = CARTESIAN_POINT('',(-90.04635194023,454.19176899429,
    18.035849783401));
#7939 = CARTESIAN_POINT('',(-89.81850208995,454.8475118159,
    17.881443273377));
#7940 = CARTESIAN_POINT('',(-89.70445530352,455.21506304777,
    17.804452997818));
#7941 = CARTESIAN_POINT('',(-89.6021709166,455.59142564947,
    17.735635744237));
#7942 = CARTESIAN_POINT('',(-89.51300222928,455.97601982407,
    17.675808249188));
#7943 = CARTESIAN_POINT('',(-89.43829238402,456.36784421366,
    17.625781814376));
#7944 = CARTESIAN_POINT('',(-89.33623293144,457.05296383159,
    17.557533064852));
#7945 = CARTESIAN_POINT('',(-89.3014984648,457.34359182615,
    17.53434061246));
#7946 = CARTESIAN_POINT('',(-89.27528330495,457.6365490141,
    17.516855093598));
#7947 = CARTESIAN_POINT('',(-89.25788596583,457.93111867375,
    17.50525737855));
#7948 = CARTESIAN_POINT('',(-89.24946781625,458.2265056099,
    17.49964521066));
#7949 = CARTESIAN_POINT('',(-89.25070986869,458.89028330216,
    17.500473246026));
#7950 = CARTESIAN_POINT('',(-89.26536314441,459.25872590422,
    17.510242296335));
#7951 = CARTESIAN_POINT('',(-89.29397521238,459.62541213867,
    17.529317162399));
#7952 = CARTESIAN_POINT('',(-89.33612355779,459.98884949691,
    17.557442092344));
#7953 = CARTESIAN_POINT('',(-89.39108517252,460.34777380944,
    17.594179270949));
#7954 = CARTESIAN_POINT('',(-89.50739910845,460.96240737146,
    17.672105829736));
#7955 = CARTESIAN_POINT('',(-89.56336189057,461.2206785072,
    17.709645626243));
#7956 = CARTESIAN_POINT('',(-89.62548645495,461.47555752975,
    17.751383270346));
#7957 = CARTESIAN_POINT('',(-89.69338237503,461.72677168933,
    17.797082880875));
#7958 = CARTESIAN_POINT('',(-89.76665191758,461.97413894007,
    17.84650448209));
#7959 = CARTESIAN_POINT('',(-89.93450648476,462.49617945849,
    17.959992600819));
#7960 = CARTESIAN_POINT('',(-90.03063967017,462.76961939354,
    18.025142025823));
#7961 = CARTESIAN_POINT('',(-90.13275342304,463.03772926803,
    18.094529893411));
#7962 = CARTESIAN_POINT('',(-90.2403111297,463.30046416601,
    18.167833553104));
#7963 = CARTESIAN_POINT('',(-90.35282306224,463.55785839675,
    18.244759181613));
#7964 = CARTESIAN_POINT('',(-90.70471335822,464.31594610746,
    18.486166347371));
#7965 = CARTESIAN_POINT('',(-90.95772831532,464.80060972214,
    18.660792593936));
#7966 = CARTESIAN_POINT('',(-91.22556215044,465.26501692197,
    18.846940609158));
#7967 = CARTESIAN_POINT('',(-91.50554586556,465.71027475916,
    19.043022372682));
#7968 = CARTESIAN_POINT('',(-91.79566332279,466.13761670238,
    19.247831652492));
#7969 = CARTESIAN_POINT('',(-92.39441832246,466.96051100928,
    19.674036381502));
#7970 = CARTESIAN_POINT('',(-92.70302027442,467.35582621163,
    19.895417672376));
#7971 = CARTESIAN_POINT('',(-93.01887765369,467.73558857142,
    20.123863345526));
#7972 = CARTESIAN_POINT('',(-93.34085276926,468.10078818361,
    20.358703442366));
#7973 = CARTESIAN_POINT('',(-93.66806436116,468.45231319394,
    20.599417475818));
#7974 = CARTESIAN_POINT('',(-94.37865699968,469.1775744126,
    21.126720900023));
#7975 = CARTESIAN_POINT('',(-94.76338427235,469.54736162206,
    21.414945093219));
#7976 = CARTESIAN_POINT('',(-95.15306162927,469.90150330397,
    21.709736226381));
#7977 = CARTESIAN_POINT('',(-95.54691987243,470.24087802252,
    22.010640861546));
#7978 = CARTESIAN_POINT('',(-95.9443539915,470.56622747985,
    22.317298928773));
#7979 = CARTESIAN_POINT('',(-96.66813836678,471.12991364692,
    22.881332725967));
#7980 = CARTESIAN_POINT('',(-96.99338702356,471.37291360458,
    23.136783926875));
#7981 = CARTESIAN_POINT('',(-97.32040649712,471.60750553494,
    23.39565174722));
#7982 = CARTESIAN_POINT('',(-97.64898377525,471.83395343198,
    23.657807143385));
#7983 = CARTESIAN_POINT('',(-97.9789382337,472.05247667861,
    23.923138849135));
#7984 = CARTESIAN_POINT('',(-98.81867774838,472.58695208977,
    24.603729290542));
#7985 = CARTESIAN_POINT('',(-99.33011390777,472.89239103285,
    25.023163437645));
#7986 = CARTESIAN_POINT('',(-99.84387419166,473.18026513964,
    25.449512027203));
#7987 = CARTESIAN_POINT('',(-100.359503763,473.45103890688,
    25.882476350374));
#7988 = CARTESIAN_POINT('',(-100.8766215428,473.70504970754,
    26.321792942648));
#7989 = CARTESIAN_POINT('',(-101.9450363156,474.19458537502,
    27.240034629187));
#7990 = CARTESIAN_POINT('',(-102.4964689808,474.42801114849,
    27.719724083573));
#7991 = CARTESIAN_POINT('',(-103.0488296968,474.64307412711,
    28.206027096518));
#7992 = CARTESIAN_POINT('',(-103.6017774342,474.83989250247,
    28.698675594068));
#7993 = CARTESIAN_POINT('',(-104.1550041095,475.01848058905,
    29.197408184431));
#7994 = CARTESIAN_POINT('',(-105.1667259028,475.31158571864,
    30.120134309198));
#7995 = CARTESIAN_POINT('',(-105.6252158694,475.43183631844,
    30.542297526432));
#7996 = CARTESIAN_POINT('',(-106.08354162,475.53945996921,
    30.968314973312));
#7997 = CARTESIAN_POINT('',(-106.5415455886,475.63436272554,
    31.398033481381));
#7998 = CARTESIAN_POINT('',(-106.9990727888,475.71640814831,
    31.831293204357));
#7999 = CARTESIAN_POINT('',(-107.6823384005,475.81961317059,
    32.484256206826));
#8000 = CARTESIAN_POINT('',(-107.9085515241,475.850606183,
    32.701412896689));
#8001 = CARTESIAN_POINT('',(-108.1345908623,475.87837864117,
    32.919377055592));
#8002 = CARTESIAN_POINT('',(-108.3604372962,475.90290670027,
    33.138127363527));
#8003 = CARTESIAN_POINT('',(-108.5860714413,475.92416408741,
    33.357641696026));
#8004 = CARTESIAN_POINT('',(-109.0519697107,475.96128265834,
    33.812901760108));
#8005 = CARTESIAN_POINT('',(-109.2922015704,475.97668716299,
    34.048750035081));
#8006 = CARTESIAN_POINT('',(-109.5321455757,475.98830076125,
    34.285413779853));
#8007 = CARTESIAN_POINT('',(-109.7717769381,475.99608544163,
    34.522864165862));
#8008 = CARTESIAN_POINT('',(-110.0110702705,475.99999999932,
    34.761070641446));
#8009 = CARTESIAN_POINT('',(-110.2500001271,476.,34.999999868106));
#8010 = PCURVE('',#7572,#8011);
#8011 = DEFINITIONAL_REPRESENTATION('',(#8012),#8125);
#8012 = B_SPLINE_CURVE_WITH_KNOTS('',6,(#8013,#8014,#8015,#8016,#8017,
    #8018,#8019,#8020,#8021,#8022,#8023,#8024,#8025,#8026,#8027,#8028,
    #8029,#8030,#8031,#8032,#8033,#8034,#8035,#8036,#8037,#8038,#8039,
    #8040,#8041,#8042,#8043,#8044,#8045,#8046,#8047,#8048,#8049,#8050,
    #8051,#8052,#8053,#8054,#8055,#8056,#8057,#8058,#8059,#8060,#8061,
    #8062,#8063,#8064,#8065,#8066,#8067,#8068,#8069,#8070,#8071,#8072,
    #8073,#8074,#8075,#8076,#8077,#8078,#8079,#8080,#8081,#8082,#8083,
    #8084,#8085,#8086,#8087,#8088,#8089,#8090,#8091,#8092,#8093,#8094,
    #8095,#8096,#8097,#8098,#8099,#8100,#8101,#8102,#8103,#8104,#8105,
    #8106,#8107,#8108,#8109,#8110,#8111,#8112,#8113,#8114,#8115,#8116,
    #8117,#8118,#8119,#8120,#8121,#8122,#8123,#8124),.UNSPECIFIED.,.F.,
  .F.,(7,5,5,5,5,5,5,5,5,5,5,5,5,5,5,5,5,5,5,5,5,5,7),(0.,0.114830456513
    ,0.178291865039,0.224500111371,0.291075936702,0.35442417925,
    0.400120636388,0.424966855344,0.449422142041,0.478918760939,
    0.500266184256,0.526899622801,0.546593622788,0.569136808936,
    0.614369841144,0.659751734195,0.711558458509,0.753363706889,
    0.81756020195,0.885699129702,0.942169965235,0.970148213429,1.),
  .UNSPECIFIED.);
#8013 = CARTESIAN_POINT('',(1.570796319267,-1.271661318469E-07));
#8014 = CARTESIAN_POINT('',(1.623315180439,0.919080206036));
#8015 = CARTESIAN_POINT('',(1.675219644002,1.843496440807));
#8016 = CARTESIAN_POINT('',(1.726671034166,2.771867009363));
#8017 = CARTESIAN_POINT('',(1.777812902531,3.702846086177));
#8018 = CARTESIAN_POINT('',(1.828790004998,4.63512864531));
#8019 = CARTESIAN_POINT('',(1.907946226202,6.082689884761));
#8020 = CARTESIAN_POINT('',(1.936121467325,6.59792839398));
#8021 = CARTESIAN_POINT('',(1.964325010138,7.112932887693));
#8022 = CARTESIAN_POINT('',(1.992585646861,7.627455966383));
#8023 = CARTESIAN_POINT('',(2.020934636101,8.1412250094));
#8024 = CARTESIAN_POINT('',(2.070139301745,9.027261165068));
#8025 = CARTESIAN_POINT('',(2.090936677548,9.400021440188));
#8026 = CARTESIAN_POINT('',(2.11181323388,9.772102309422));
#8027 = CARTESIAN_POINT('',(2.132783475683,10.143371985218));
#8028 = CARTESIAN_POINT('',(2.153863320595,10.513681675462));
#8029 = CARTESIAN_POINT('',(2.205625876005,11.414772393552));
#8030 = CARTESIAN_POINT('',(2.236444647611,11.944319006519));
#8031 = CARTESIAN_POINT('',(2.267582288332,12.471029258748));
#8032 = CARTESIAN_POINT('',(2.299099952017,12.994276485134));
#8033 = CARTESIAN_POINT('',(2.331068137946,13.513268773406));
#8034 = CARTESIAN_POINT('',(2.394516173105,14.515789834893));
#8035 = CARTESIAN_POINT('',(2.425940303939,14.999749452202));
#8036 = CARTESIAN_POINT('',(2.457936868908,15.478048701788));
#8037 = CARTESIAN_POINT('',(2.490598824999,15.949479011895));
#8038 = CARTESIAN_POINT('',(2.524033056843,16.412415274661));
#8039 = CARTESIAN_POINT('',(2.583179061022,17.19077910984));
#8040 = CARTESIAN_POINT('',(2.608442056895,17.511303217831));
#8041 = CARTESIAN_POINT('',(2.634241821296,17.825353089864));
#8042 = CARTESIAN_POINT('',(2.660639557505,18.131771459336));
#8043 = CARTESIAN_POINT('',(2.687701365195,18.429044667818));
#8044 = CARTESIAN_POINT('',(2.730632278896,18.870783264872));
#8045 = CARTESIAN_POINT('',(2.745973067911,19.023068673724));
#8046 = CARTESIAN_POINT('',(2.761546677327,19.171730326318));
#8047 = CARTESIAN_POINT('',(2.777365245602,19.316381755678));
#8048 = CARTESIAN_POINT('',(2.793440341381,19.456572316262));
#8049 = CARTESIAN_POINT('',(2.825868952256,19.724875112515));
#8050 = CARTESIAN_POINT('',(2.842213221096,19.853134962703));
#8051 = CARTESIAN_POINT('',(2.858826827287,19.976080271032));
#8052 = CARTESIAN_POINT('',(2.875717222893,20.093133657106));
#8053 = CARTESIAN_POINT('',(2.892887793969,20.203648059763));
#8054 = CARTESIAN_POINT('',(2.931383593621,20.431497910043));
#8055 = CARTESIAN_POINT('',(2.952835758651,20.54554469647));
#8056 = CARTESIAN_POINT('',(2.974687785673,20.647829083395));
#8057 = CARTESIAN_POINT('',(2.996916659776,20.736997770718));
#8058 = CARTESIAN_POINT('',(3.019479714989,20.81170761598));
#8059 = CARTESIAN_POINT('',(3.058823175206,20.913767068555));
#8060 = CARTESIAN_POINT('',(3.075480072422,20.948501535192));
#8061 = CARTESIAN_POINT('',(3.092245176544,20.97471669505));
#8062 = CARTESIAN_POINT('',(3.109085555157,20.992114034163));
#8063 = CARTESIAN_POINT('',(3.12596438992,21.000532183746));
#8064 = CARTESIAN_POINT('',(3.163894573276,20.999290131302));
#8065 = CARTESIAN_POINT('',(3.18494909166,20.984636855587));
#8066 = CARTESIAN_POINT('',(3.20592080374,20.956024787618));
#8067 = CARTESIAN_POINT('',(3.226740969007,20.91387644221));
#8068 = CARTESIAN_POINT('',(3.247352115769,20.858914827478));
#8069 = CARTESIAN_POINT('',(3.282755192501,20.742600891546));
#8070 = CARTESIAN_POINT('',(3.297666144445,20.686638109423));
#8071 = CARTESIAN_POINT('',(3.312421125238,20.62451354505));
#8072 = CARTESIAN_POINT('',(3.32700850206,20.55661762497));
#8073 = CARTESIAN_POINT('',(3.341421080315,20.483348082412));
#8074 = CARTESIAN_POINT('',(3.371948731533,20.31549351524));
#8075 = CARTESIAN_POINT('',(3.388008083587,20.219360329826));
#8076 = CARTESIAN_POINT('',(3.403829062256,20.11724657696));
#8077 = CARTESIAN_POINT('',(3.419411873798,20.009688870294));
#8078 = CARTESIAN_POINT('',(3.43476048352,19.897176937757));
#8079 = CARTESIAN_POINT('',(3.480223162426,19.545286641778));
#8080 = CARTESIAN_POINT('',(3.509640329223,19.292271684678));
#8081 = CARTESIAN_POINT('',(3.538204587466,19.02443784956));
#8082 = CARTESIAN_POINT('',(3.565983739971,18.74445413444));
#8083 = CARTESIAN_POINT('',(3.593049960388,18.454336677204));
#8084 = CARTESIAN_POINT('',(3.646005251853,17.855581677533));
#8085 = CARTESIAN_POINT('',(3.671881925056,17.546979725578));
#8086 = CARTESIAN_POINT('',(3.697188639755,17.231122346306));
#8087 = CARTESIAN_POINT('',(3.721983555425,16.909147230737));
#8088 = CARTESIAN_POINT('',(3.746319210128,16.581935638837));
#8089 = CARTESIAN_POINT('',(3.797558631701,15.871343000311));
#8090 = CARTESIAN_POINT('',(3.824334825664,15.486615727646));
#8091 = CARTESIAN_POINT('',(3.850645233333,15.096938370725));
#8092 = CARTESIAN_POINT('',(3.876544790293,14.703080127569));
#8093 = CARTESIAN_POINT('',(3.902081521115,14.305646008493));
#8094 = CARTESIAN_POINT('',(3.947648290938,13.58186163322));
#8095 = CARTESIAN_POINT('',(3.96778891788,13.256612976439));
#8096 = CARTESIAN_POINT('',(3.987743158191,12.929593502875));
#8097 = CARTESIAN_POINT('',(4.007530121083,12.601016224749));
#8098 = CARTESIAN_POINT('',(4.027166777522,12.2710617663));
#8099 = CARTESIAN_POINT('',(4.076616560388,11.431322251619));
#8100 = CARTESIAN_POINT('',(4.106246290639,10.919886092225));
#8101 = CARTESIAN_POINT('',(4.135615180577,10.406125808337));
#8102 = CARTESIAN_POINT('',(4.164769482853,9.89049623697));
#8103 = CARTESIAN_POINT('',(4.193750281644,9.373378457176));
#8104 = CARTESIAN_POINT('',(4.253212166939,8.304963684336));
#8105 = CARTESIAN_POINT('',(4.283675371829,7.753531019184));
#8106 = CARTESIAN_POINT('',(4.314030073762,7.20117030318));
#8107 = CARTESIAN_POINT('',(4.344315044916,6.648222565743));
#8108 = CARTESIAN_POINT('',(4.374566161314,6.094995890454));
#8109 = CARTESIAN_POINT('',(4.429889599704,5.083274097105));
#8110 = CARTESIAN_POINT('',(4.454961431695,4.624784130572));
#8111 = CARTESIAN_POINT('',(4.480053091199,4.166458379989));
#8112 = CARTESIAN_POINT('',(4.505182993234,3.708454411375));
#8113 = CARTESIAN_POINT('',(4.530369051662,3.250927211162));
#8114 = CARTESIAN_POINT('',(4.5681444117,2.567661599467));
#8115 = CARTESIAN_POINT('',(4.580677704956,2.341448475891));
#8116 = CARTESIAN_POINT('',(4.593231364072,2.115409137647));
#8117 = CARTESIAN_POINT('',(4.605807559707,1.889562703735));
#8118 = CARTESIAN_POINT('',(4.618408464473,1.663928558688));
#8119 = CARTESIAN_POINT('',(4.64450964995,1.198030289237));
#8120 = CARTESIAN_POINT('',(4.658013653854,0.957798429582));
#8121 = CARTESIAN_POINT('',(4.671550901076,0.717854424266));
#8122 = CARTESIAN_POINT('',(4.685124075522,0.478223061899));
#8123 = CARTESIAN_POINT('',(4.6987358742,0.238929729481));
#8124 = CARTESIAN_POINT('',(4.712388972848,-1.271456611107E-07));
#8125 = ( GEOMETRIC_REPRESENTATION_CONTEXT(2) 
PARAMETRIC_REPRESENTATION_CONTEXT() REPRESENTATION_CONTEXT('2D SPACE',''
  ) );
#8126 = PCURVE('',#7827,#8127);
#8127 = DEFINITIONAL_REPRESENTATION('',(#8128),#8241);
#8128 = B_SPLINE_CURVE_WITH_KNOTS('',6,(#8129,#8130,#8131,#8132,#8133,
    #8134,#8135,#8136,#8137,#8138,#8139,#8140,#8141,#8142,#8143,#8144,
    #8145,#8146,#8147,#8148,#8149,#8150,#8151,#8152,#8153,#8154,#8155,
    #8156,#8157,#8158,#8159,#8160,#8161,#8162,#8163,#8164,#8165,#8166,
    #8167,#8168,#8169,#8170,#8171,#8172,#8173,#8174,#8175,#8176,#8177,
    #8178,#8179,#8180,#8181,#8182,#8183,#8184,#8185,#8186,#8187,#8188,
    #8189,#8190,#8191,#8192,#8193,#8194,#8195,#8196,#8197,#8198,#8199,
    #8200,#8201,#8202,#8203,#8204,#8205,#8206,#8207,#8208,#8209,#8210,
    #8211,#8212,#8213,#8214,#8215,#8216,#8217,#8218,#8219,#8220,#8221,
    #8222,#8223,#8224,#8225,#8226,#8227,#8228,#8229,#8230,#8231,#8232,
    #8233,#8234,#8235,#8236,#8237,#8238,#8239,#8240),.UNSPECIFIED.,.F.,
  .F.,(7,5,5,5,5,5,5,5,5,5,5,5,5,5,5,5,5,5,5,5,5,5,7),(0.,0.114830456513
    ,0.178291865039,0.224500111371,0.291075936702,0.35442417925,
    0.400120636388,0.424966855344,0.449422142041,0.478918760939,
    0.500266184256,0.526899622801,0.546593622788,0.569136808936,
    0.614369841144,0.659751734195,0.711558458509,0.753363706889,
    0.81756020195,0.885699129702,0.942169965235,0.970148213429,1.),
  .UNSPECIFIED.);
#8129 = CARTESIAN_POINT('',(3.141592651499,1.570796319528));
#8130 = CARTESIAN_POINT('',(3.156181228475,1.62331517974));
#8131 = CARTESIAN_POINT('',(3.171109893314,1.675219644983));
#8132 = CARTESIAN_POINT('',(3.186367867565,1.726671033428));
#8133 = CARTESIAN_POINT('',(3.201942753577,1.777812902777));
#8134 = CARTESIAN_POINT('',(3.217820347981,1.828790004998));
#8135 = CARTESIAN_POINT('',(3.242917389889,1.907946226202));
#8136 = CARTESIAN_POINT('',(3.25193761687,1.936121467325));
#8137 = CARTESIAN_POINT('',(3.261042035465,1.964325010138));
#8138 = CARTESIAN_POINT('',(3.270227046302,1.992585646861));
#8139 = CARTESIAN_POINT('',(3.279488277706,2.020934636101));
#8140 = CARTESIAN_POINT('',(3.295615492697,2.070139301745));
#8141 = CARTESIAN_POINT('',(3.302448096924,2.090936677548));
#8142 = CARTESIAN_POINT('',(3.309316208632,2.11181323388));
#8143 = CARTESIAN_POINT('',(3.316217398737,2.132783475683));
#8144 = CARTESIAN_POINT('',(3.323148789748,2.153863320595));
#8145 = CARTESIAN_POINT('',(3.340132200821,2.205625876005));
#8146 = CARTESIAN_POINT('',(3.350212663344,2.236444647612));
#8147 = CARTESIAN_POINT('',(3.360338733912,2.267582288332));
#8148 = CARTESIAN_POINT('',(3.370497237468,2.299099952017));
#8149 = CARTESIAN_POINT('',(3.380670884237,2.331068137946));
#8150 = CARTESIAN_POINT('',(3.400509203834,2.394516173105));
#8151 = CARTESIAN_POINT('',(3.410173281561,2.425940303939));
#8152 = CARTESIAN_POINT('',(3.419810045259,2.457936868908));
#8153 = CARTESIAN_POINT('',(3.429391972069,2.490598824999));
#8154 = CARTESIAN_POINT('',(3.438881494974,2.524033056843));
#8155 = CARTESIAN_POINT('',(3.454965830884,2.583179061022));
#8156 = CARTESIAN_POINT('',(3.461629158295,2.608442056895));
#8157 = CARTESIAN_POINT('',(3.46819619494,2.634241821296));
#8158 = CARTESIAN_POINT('',(3.474639970513,2.660639557505));
#8159 = CARTESIAN_POINT('',(3.480925064888,2.687701365195));
#8160 = CARTESIAN_POINT('',(3.490310851235,2.730632278896));
#8161 = CARTESIAN_POINT('',(3.493555734582,2.745973067911));
#8162 = CARTESIAN_POINT('',(3.496732124725,2.761546677327));
#8163 = CARTESIAN_POINT('',(3.499830983365,2.777365245602));
#8164 = CARTESIAN_POINT('',(3.502841779482,2.793440341381));
#8165 = CARTESIAN_POINT('',(3.508617377649,2.825868952256));
#8166 = CARTESIAN_POINT('',(3.511385137825,2.842213221096));
#8167 = CARTESIAN_POINT('',(3.514044371813,2.858826827287));
#8168 = CARTESIAN_POINT('',(3.516581611657,2.875717222893));
#8169 = CARTESIAN_POINT('',(3.518981778865,2.892887793969));
#8170 = CARTESIAN_POINT('',(3.523938715336,2.931383593621));
#8171 = CARTESIAN_POINT('',(3.526425806885,2.952835758651));
#8172 = CARTESIAN_POINT('',(3.528661093084,2.974687785673));
#8173 = CARTESIAN_POINT('',(3.530613105582,2.996916659776));
#8174 = CARTESIAN_POINT('',(3.532250621661,3.019479714989));
#8175 = CARTESIAN_POINT('',(3.534489445677,3.058823175206));
#8176 = CARTESIAN_POINT('',(3.535252107349,3.075480072422));
#8177 = CARTESIAN_POINT('',(3.535828087254,3.092245176544));
#8178 = CARTESIAN_POINT('',(3.536210456747,3.109085555157));
#8179 = CARTESIAN_POINT('',(3.536395469632,3.12596438992));
#8180 = CARTESIAN_POINT('',(3.536368171784,3.163894573276));
#8181 = CARTESIAN_POINT('',(3.536046125847,3.18494909166));
#8182 = CARTESIAN_POINT('',(3.535417292238,3.20592080374));
#8183 = CARTESIAN_POINT('',(3.53449148322,3.226740969007));
#8184 = CARTESIAN_POINT('',(3.533285485168,3.247352115769));
#8185 = CARTESIAN_POINT('',(3.530736919475,3.282755192501));
#8186 = CARTESIAN_POINT('',(3.52951165693,3.297666144445));
#8187 = CARTESIAN_POINT('',(3.528152794056,3.312421125238));
#8188 = CARTESIAN_POINT('',(3.526669405193,3.32700850206));
#8189 = CARTESIAN_POINT('',(3.525070740165,3.341421080315));
#8190 = CARTESIAN_POINT('',(3.521413731768,3.371948731533));
#8191 = CARTESIAN_POINT('',(3.519322390489,3.388008083587));
#8192 = CARTESIAN_POINT('',(3.517104690507,3.403829062256));
#8193 = CARTESIAN_POINT('',(3.514773130417,3.419411873798));
#8194 = CARTESIAN_POINT('',(3.512339127123,3.43476048352));
#8195 = CARTESIAN_POINT('',(3.504743015198,3.480223162426));
#8196 = CARTESIAN_POINT('',(3.499302441255,3.509640329223));
#8197 = CARTESIAN_POINT('',(3.493569231101,3.538204587466));
#8198 = CARTESIAN_POINT('',(3.487605803661,3.565983739971));
#8199 = CARTESIAN_POINT('',(3.481459118142,3.593049960388));
#8200 = CARTESIAN_POINT('',(3.468843280956,3.646005251853));
#8201 = CARTESIAN_POINT('',(3.462375101609,3.671881925056));
#8202 = CARTESIAN_POINT('',(3.455791754913,3.697188639755));
#8203 = CARTESIAN_POINT('',(3.449119838035,3.721983555425));
#8204 = CARTESIAN_POINT('',(3.442379856751,3.746319210128));
#8205 = CARTESIAN_POINT('',(3.427832137888,3.797558631701));
#8206 = CARTESIAN_POINT('',(3.42000929789,3.824334825664));
#8207 = CARTESIAN_POINT('',(3.412141542301,3.850645233333));
#8208 = CARTESIAN_POINT('',(3.404246588388,3.876544790293));
#8209 = CARTESIAN_POINT('',(3.396338194754,3.902081521115));
#8210 = CARTESIAN_POINT('',(3.382042475044,3.947648290938));
#8211 = CARTESIAN_POINT('',(3.375656488943,3.96778891788));
#8212 = CARTESIAN_POINT('',(3.369274341608,3.987743158191));
#8213 = CARTESIAN_POINT('',(3.362900738319,4.007530121083));
#8214 = CARTESIAN_POINT('',(3.35653958795,4.027166777522));
#8215 = CARTESIAN_POINT('',(3.340450020119,4.076616560388));
#8216 = CARTESIAN_POINT('',(3.330743150529,4.106246290639));
#8217 = CARTESIAN_POINT('',(3.321085243369,4.135615180577));
#8218 = CARTESIAN_POINT('',(3.311485443143,4.164769482853));
#8219 = CARTESIAN_POINT('',(3.301950977225,4.193750281644));
#8220 = CARTESIAN_POINT('',(3.282442693614,4.253212166939));
#8221 = CARTESIAN_POINT('',(3.272478091742,4.283675371829));
#8222 = CARTESIAN_POINT('',(3.262600422739,4.314030073762));
#8223 = CARTESIAN_POINT('',(3.252815204931,4.344315044916));
#8224 = CARTESIAN_POINT('',(3.24312694348,4.374566161314));
#8225 = CARTESIAN_POINT('',(3.225593369504,4.429889599704));
#8226 = CARTESIAN_POINT('',(3.217716641157,4.454961431695));
#8227 = CARTESIAN_POINT('',(3.209911181426,4.480053091199));
#8228 = CARTESIAN_POINT('',(3.202178876054,4.505182993234));
#8229 = CARTESIAN_POINT('',(3.194521413353,4.530369051662));
#8230 = CARTESIAN_POINT('',(3.183184278661,4.5681444117));
#8231 = CARTESIAN_POINT('',(3.179446999354,4.580677704956));
#8232 = CARTESIAN_POINT('',(3.175728657553,4.593231364072));
#8233 = CARTESIAN_POINT('',(3.172029437485,4.605807559707));
#8234 = CARTESIAN_POINT('',(3.168349519322,4.618408464473));
#8235 = CARTESIAN_POINT('',(3.160783520949,4.64450964995));
#8236 = CARTESIAN_POINT('',(3.156900137336,4.658013646541));
#8237 = CARTESIAN_POINT('',(3.153039147185,4.671550909139));
#8238 = CARTESIAN_POINT('',(3.1492007582,4.685124084117));
#8239 = CARTESIAN_POINT('',(3.145385183087,4.698735852998));
#8240 = CARTESIAN_POINT('',(3.141592655683,4.71238898765));
#8241 = ( GEOMETRIC_REPRESENTATION_CONTEXT(2) 
PARAMETRIC_REPRESENTATION_CONTEXT() REPRESENTATION_CONTEXT('2D SPACE',''
  ) );
#8242 = ORIENTED_EDGE('',*,*,#8243,.T.);
#8243 = EDGE_CURVE('',#7894,#7681,#8244,.T.);
#8244 = SURFACE_CURVE('',#8245,(#8293,#8344),.PCURVE_S1.);
#8245 = B_SPLINE_CURVE_WITH_KNOTS('',6,(#8246,#8247,#8248,#8249,#8250,
    #8251,#8252,#8253,#8254,#8255,#8256,#8257,#8258,#8259,#8260,#8261,
    #8262,#8263,#8264,#8265,#8266,#8267,#8268,#8269,#8270,#8271,#8272,
    #8273,#8274,#8275,#8276,#8277,#8278,#8279,#8280,#8281,#8282,#8283,
    #8284,#8285,#8286,#8287,#8288,#8289,#8290,#8291,#8292),
  .UNSPECIFIED.,.F.,.F.,(7,5,5,5,5,5,5,5,5,7),(0.,0.231428963592,
    0.35834612903,0.450722177496,0.583748738783,0.710241365062,
    0.801438431422,0.896890377835,0.950578881136,1.),.UNSPECIFIED.);
#8246 = CARTESIAN_POINT('',(-110.2500001271,476.,34.999999868106));
#8247 = CARTESIAN_POINT('',(-109.3238342897,476.00000003289,
    35.926165721289));
#8248 = CARTESIAN_POINT('',(-108.3922510678,475.94118052444,
    36.841410207603));
#8249 = CARTESIAN_POINT('',(-107.4566626305,475.82614269577,
    37.743962780847));
#8250 = CARTESIAN_POINT('',(-106.5184455086,475.65670445467,
    38.632251267203));
#8251 = CARTESIAN_POINT('',(-105.578935337,475.43411149061,
    39.504904477116));
#8252 = CARTESIAN_POINT('',(-104.124206185,475.00767268268,
    40.830080405684));
#8253 = CARTESIAN_POINT('',(-103.6089988743,474.84076133034,
    41.294348707991));
#8254 = CARTESIAN_POINT('',(-103.0940390528,474.65803241469,
    41.753336002103));
#8255 = CARTESIAN_POINT('',(-102.5795749231,474.45947860068,
    42.206831650354));
#8256 = CARTESIAN_POINT('',(-102.0658803091,474.24500594326,
    42.654619421221));
#8257 = CARTESIAN_POINT('',(-101.1801491473,473.84657967146,
    43.41808113907));
#8258 = CARTESIAN_POINT('',(-100.8076109533,473.67020692429,
    43.736541215411));
#8259 = CARTESIAN_POINT('',(-100.4357613353,473.48521817513,
    44.051771381149));
#8260 = CARTESIAN_POINT('',(-100.0647327537,473.29150850017,
    44.363678155935));
#8261 = CARTESIAN_POINT('',(-99.69467487313,473.08893735438,
    44.672160143156));
#8262 = CARTESIAN_POINT('',(-98.79449446324,472.57257886416,
    45.4162486519));
#8263 = CARTESIAN_POINT('',(-98.26561689761,472.24908936159,
    45.848042505111));
#8264 = CARTESIAN_POINT('',(-97.7396002998,471.90628518327,
    46.272185907517));
#8265 = CARTESIAN_POINT('',(-97.2170750703,471.54342492561,
    46.688280035898));
#8266 = CARTESIAN_POINT('',(-96.69883845399,471.15956149105,
    47.095836969126));
#8267 = CARTESIAN_POINT('',(-95.69820011941,470.36702190972,
    47.873093480291));
#8268 = CARTESIAN_POINT('',(-95.21535779023,469.9605440675,
    48.243615527803));
#8269 = CARTESIAN_POINT('',(-94.7382117736,469.53265543063,
    48.605351801354));
#8270 = CARTESIAN_POINT('',(-94.2679782245,469.08188214373,
    48.957576189729));
#8271 = CARTESIAN_POINT('',(-93.80629316986,468.60647386176,
    49.299324132333));
#8272 = CARTESIAN_POINT('',(-93.03037844783,467.74150122385,
    49.867163571395));
#8273 = CARTESIAN_POINT('',(-92.7110127664,467.36506699986,
    50.098873097172));
#8274 = CARTESIAN_POINT('',(-92.39815692908,466.97357820513,
    50.323938026374));
#8275 = CARTESIAN_POINT('',(-92.09297482155,466.56598761814,
    50.541668691453));
#8276 = CARTESIAN_POINT('',(-91.79698869545,466.14116813169,
    50.751165961922));
#8277 = CARTESIAN_POINT('',(-91.21409393062,465.23359378835,
    51.160692883015));
#8278 = CARTESIAN_POINT('',(-90.92839819699,464.7492875851,
    51.359722702844));
#8279 = CARTESIAN_POINT('',(-90.65721429462,464.24301415461,
    51.54712908487));
#8280 = CARTESIAN_POINT('',(-90.40376476484,463.71343652991,
    51.720970368722));
#8281 = CARTESIAN_POINT('',(-90.17235412678,463.15974138374,
    51.878676840705));
#8282 = CARTESIAN_POINT('',(-89.85303817554,462.25712927969,
    52.095193266368));
#8283 = CARTESIAN_POINT('',(-89.74667465976,461.92469773786,
    52.167062785231));
#8284 = CARTESIAN_POINT('',(-89.6498179038,461.58490458854,
    52.232304899786));
#8285 = CARTESIAN_POINT('',(-89.56347543523,461.23812725477,
    52.290311718584));
#8286 = CARTESIAN_POINT('',(-89.48866619203,460.88502597998,
    52.340468046884));
#8287 = CARTESIAN_POINT('',(-89.36879785669,460.19675458416,
    52.420715619304));
#8288 = CARTESIAN_POINT('',(-89.32183982441,459.86235003302,
    52.452089363275));
#8289 = CARTESIAN_POINT('',(-89.28606912632,459.52434037237,
    52.475954169965));
#8290 = CARTESIAN_POINT('',(-89.26202138424,459.1837763948,
    52.491985615668));
#8291 = CARTESIAN_POINT('',(-89.25,458.84186817466,52.5));
#8292 = CARTESIAN_POINT('',(-89.25,458.5,52.5));
#8293 = PCURVE('',#7572,#8294);
#8294 = DEFINITIONAL_REPRESENTATION('',(#8295),#8343);
#8295 = B_SPLINE_CURVE_WITH_KNOTS('',6,(#8296,#8297,#8298,#8299,#8300,
    #8301,#8302,#8303,#8304,#8305,#8306,#8307,#8308,#8309,#8310,#8311,
    #8312,#8313,#8314,#8315,#8316,#8317,#8318,#8319,#8320,#8321,#8322,
    #8323,#8324,#8325,#8326,#8327,#8328,#8329,#8330,#8331,#8332,#8333,
    #8334,#8335,#8336,#8337,#8338,#8339,#8340,#8341,#8342),
  .UNSPECIFIED.,.F.,.F.,(7,5,5,5,5,5,5,5,5,7),(0.,0.231428963592,
    0.35834612903,0.450722177496,0.583748738783,0.710241365062,
    0.801438431422,0.896890377835,0.950578881136,1.),.UNSPECIFIED.);
#8296 = CARTESIAN_POINT('',(4.712388972848,-1.271456611107E-07));
#8297 = CARTESIAN_POINT('',(4.765312719124,0.92616571022));
#8298 = CARTESIAN_POINT('',(4.817612499074,1.857748932118));
#8299 = CARTESIAN_POINT('',(4.869453477343,2.79333736943));
#8300 = CARTESIAN_POINT('',(4.920982449583,3.731554491383));
#8301 = CARTESIAN_POINT('',(4.972347495251,4.671064662912));
#8302 = CARTESIAN_POINT('',(5.051896043868,6.125793814933));
#8303 = CARTESIAN_POINT('',(5.080071959405,6.641001125604));
#8304 = CARTESIAN_POINT('',(5.108277779037,7.155960947119));
#8305 = CARTESIAN_POINT('',(5.13654237606,7.670425076801));
#8306 = CARTESIAN_POINT('',(5.16489712086,8.184119690863));
#8307 = CARTESIAN_POINT('',(5.214106951923,9.069850852687));
#8308 = CARTESIAN_POINT('',(5.234902767471,9.442389046658));
#8309 = CARTESIAN_POINT('',(5.255778789269,9.814238664646));
#8310 = CARTESIAN_POINT('',(5.276749574711,10.185267246277));
#8311 = CARTESIAN_POINT('',(5.297831106824,10.555325126867));
#8312 = CARTESIAN_POINT('',(5.349585433841,11.455505536758));
#8313 = CARTESIAN_POINT('',(5.380395329315,11.984383102388));
#8314 = CARTESIAN_POINT('',(5.411526547192,12.510399700198));
#8315 = CARTESIAN_POINT('',(5.443040462691,13.032924929693));
#8316 = CARTESIAN_POINT('',(5.475007846329,13.551161546009));
#8317 = CARTESIAN_POINT('',(5.53844019299,14.55179988059));
#8318 = CARTESIAN_POINT('',(5.569848407982,15.034642209763));
#8319 = CARTESIAN_POINT('',(5.601831675709,15.511788226395));
#8320 = CARTESIAN_POINT('',(5.634483196861,15.982021775497));
#8321 = CARTESIAN_POINT('',(5.667910092361,16.443706830137));
#8322 = CARTESIAN_POINT('',(5.727036226446,17.219621552165));
#8323 = CARTESIAN_POINT('',(5.752284454514,17.538987233592));
#8324 = CARTESIAN_POINT('',(5.778070773672,17.851843070911));
#8325 = CARTESIAN_POINT('',(5.80445635614,18.157025178448));
#8326 = CARTESIAN_POINT('',(5.831507171628,18.453011304548));
#8327 = CARTESIAN_POINT('',(5.888403883998,19.035906069375));
#8328 = CARTESIAN_POINT('',(5.918307080103,19.321601803004));
#8329 = CARTESIAN_POINT('',(5.949125671297,19.592785705379));
#8330 = CARTESIAN_POINT('',(5.980940078566,19.846235235158));
#8331 = CARTESIAN_POINT('',(6.01380908601,20.077645873216));
#8332 = CARTESIAN_POINT('',(6.066850093572,20.396961824452));
#8333 = CARTESIAN_POINT('',(6.086280120268,20.503325340231));
#8334 = CARTESIAN_POINT('',(6.106043409506,20.600182096198));
#8335 = CARTESIAN_POINT('',(6.126125578705,20.686524564761));
#8336 = CARTESIAN_POINT('',(6.146498947462,20.761333807969));
#8337 = CARTESIAN_POINT('',(6.186095161966,20.881202143305));
#8338 = CARTESIAN_POINT('',(6.205283056502,20.928160175588));
#8339 = CARTESIAN_POINT('',(6.224638124971,20.963930873676));
#8340 = CARTESIAN_POINT('',(6.244112385174,20.987978615757));
#8341 = CARTESIAN_POINT('',(6.263649982913,21.));
#8342 = CARTESIAN_POINT('',(6.28318530718,21.));
#8343 = ( GEOMETRIC_REPRESENTATION_CONTEXT(2) 
PARAMETRIC_REPRESENTATION_CONTEXT() REPRESENTATION_CONTEXT('2D SPACE',''
  ) );
#8344 = PCURVE('',#7827,#8345);
#8345 = DEFINITIONAL_REPRESENTATION('',(#8346),#8394);
#8346 = B_SPLINE_CURVE_WITH_KNOTS('',6,(#8347,#8348,#8349,#8350,#8351,
    #8352,#8353,#8354,#8355,#8356,#8357,#8358,#8359,#8360,#8361,#8362,
    #8363,#8364,#8365,#8366,#8367,#8368,#8369,#8370,#8371,#8372,#8373,
    #8374,#8375,#8376,#8377,#8378,#8379,#8380,#8381,#8382,#8383,#8384,
    #8385,#8386,#8387,#8388,#8389,#8390,#8391,#8392,#8393),
  .UNSPECIFIED.,.F.,.F.,(7,5,5,5,5,5,5,5,5,7),(0.,0.231428963592,
    0.35834612903,0.450722177496,0.583748738783,0.710241365062,
    0.801438431422,0.896890377835,0.950578881136,1.),.UNSPECIFIED.);
#8347 = CARTESIAN_POINT('',(3.141592655683,4.71238898765));
#8348 = CARTESIAN_POINT('',(3.126891610374,4.659465242375));
#8349 = CARTESIAN_POINT('',(3.111845230881,4.607165460667));
#8350 = CARTESIAN_POINT('',(3.09646452258,4.555324484201));
#8351 = CARTESIAN_POINT('',(3.080762177174,4.503795510928));
#8352 = CARTESIAN_POINT('',(3.064752769944,4.452430465518));
#8353 = CARTESIAN_POINT('',(3.039514259533,4.372881916901));
#8354 = CARTESIAN_POINT('',(3.030488436369,4.344706001365));
#8355 = CARTESIAN_POINT('',(3.021378619683,4.316500181732));
#8356 = CARTESIAN_POINT('',(3.012188435487,4.28823558471));
#8357 = CARTESIAN_POINT('',(3.002922291173,4.259880839909));
#8358 = CARTESIAN_POINT('',(2.986789789732,4.210671008847));
#8359 = CARTESIAN_POINT('',(2.979956697416,4.189875193298));
#8360 = CARTESIAN_POINT('',(2.973088306078,4.168999171501));
#8361 = CARTESIAN_POINT('',(2.966187064197,4.148028386058));
#8362 = CARTESIAN_POINT('',(2.959255873289,4.126946853946));
#8363 = CARTESIAN_POINT('',(2.942278670247,4.075192526929));
#8364 = CARTESIAN_POINT('',(2.932204577885,4.044382631455));
#8365 = CARTESIAN_POINT('',(2.922085588232,4.013251413578));
#8366 = CARTESIAN_POINT('',(2.911934975981,3.981737498079));
#8367 = CARTESIAN_POINT('',(2.901770167769,3.94977011444));
#8368 = CARTESIAN_POINT('',(2.881957803244,3.88633776778));
#8369 = CARTESIAN_POINT('',(2.872310735623,3.854929552787));
#8370 = CARTESIAN_POINT('',(2.862692132286,3.82294628506));
#8371 = CARTESIAN_POINT('',(2.853129703042,3.790294763909));
#8372 = CARTESIAN_POINT('',(2.843661279854,3.756867868409));
#8373 = CARTESIAN_POINT('',(2.827620280548,3.697741734323));
#8374 = CARTESIAN_POINT('',(2.820978163108,3.672493506255));
#8375 = CARTESIAN_POINT('',(2.814433406588,3.646707187098));
#8376 = CARTESIAN_POINT('',(2.808013137343,3.620321604629));
#8377 = CARTESIAN_POINT('',(2.801752977389,3.593270789141));
#8378 = CARTESIAN_POINT('',(2.789363808525,3.536374076771));
#8379 = CARTESIAN_POINT('',(2.783257626365,3.506470880666));
#8380 = CARTESIAN_POINT('',(2.777431227584,3.475652289472));
#8381 = CARTESIAN_POINT('',(2.771959491635,3.443837882204));
#8382 = CARTESIAN_POINT('',(2.766943008158,3.410968874759));
#8383 = CARTESIAN_POINT('',(2.759998752897,3.357927867198));
#8384 = CARTESIAN_POINT('',(2.757680550429,3.338497840502));
#8385 = CARTESIAN_POINT('',(2.755565427629,3.318734551264));
#8386 = CARTESIAN_POINT('',(2.753676815119,3.298652382064));
#8387 = CARTESIAN_POINT('',(2.752038403847,3.278279013308));
#8388 = CARTESIAN_POINT('',(2.749410734974,3.238682798804));
#8389 = CARTESIAN_POINT('',(2.748380077683,3.219494904267));
#8390 = CARTESIAN_POINT('',(2.747594267133,3.200139835798));
#8391 = CARTESIAN_POINT('',(2.74706573752,3.180665575596));
#8392 = CARTESIAN_POINT('',(2.74680153389,3.161127977856));
#8393 = CARTESIAN_POINT('',(2.74680153389,3.14159265359));
#8394 = ( GEOMETRIC_REPRESENTATION_CONTEXT(2) 
PARAMETRIC_REPRESENTATION_CONTEXT() REPRESENTATION_CONTEXT('2D SPACE',''
  ) );
#8395 = ORIENTED_EDGE('',*,*,#7680,.T.);
#8396 = ORIENTED_EDGE('',*,*,#7590,.F.);
#8397 = ORIENTED_EDGE('',*,*,#7549,.F.);
#8398 = ADVANCED_FACE('',(#8399),#7495,.T.);
#8399 = FACE_BOUND('',#8400,.T.);
#8400 = EDGE_LOOP('',(#8401,#8723,#8878,#8899,#8947,#8948,#8949,#8950));
#8401 = ORIENTED_EDGE('',*,*,#8402,.T.);
#8402 = EDGE_CURVE('',#8403,#8405,#8407,.T.);
#8403 = VERTEX_POINT('',#8404);
#8404 = CARTESIAN_POINT('',(15.75,476.,35.));
#8405 = VERTEX_POINT('',#8406);
#8406 = CARTESIAN_POINT('',(15.75,441.,35.));
#8407 = SURFACE_CURVE('',#8408,(#8511,#8617),.PCURVE_S1.);
#8408 = B_SPLINE_CURVE_WITH_KNOTS('',6,(#8409,#8410,#8411,#8412,#8413,
    #8414,#8415,#8416,#8417,#8418,#8419,#8420,#8421,#8422,#8423,#8424,
    #8425,#8426,#8427,#8428,#8429,#8430,#8431,#8432,#8433,#8434,#8435,
    #8436,#8437,#8438,#8439,#8440,#8441,#8442,#8443,#8444,#8445,#8446,
    #8447,#8448,#8449,#8450,#8451,#8452,#8453,#8454,#8455,#8456,#8457,
    #8458,#8459,#8460,#8461,#8462,#8463,#8464,#8465,#8466,#8467,#8468,
    #8469,#8470,#8471,#8472,#8473,#8474,#8475,#8476,#8477,#8478,#8479,
    #8480,#8481,#8482,#8483,#8484,#8485,#8486,#8487,#8488,#8489,#8490,
    #8491,#8492,#8493,#8494,#8495,#8496,#8497,#8498,#8499,#8500,#8501,
    #8502,#8503,#8504,#8505,#8506,#8507,#8508,#8509,#8510),
  .UNSPECIFIED.,.F.,.F.,(7,5,5,5,5,5,5,5,5,5,5,5,5,5,5,5,5,5,5,5,7),(0.,
    0.113526151404,0.177009171129,0.223246928492,0.292033948371,
    0.355266567057,0.400851282896,0.448560990171,0.478116067848,
    0.499489402712,0.527641718794,0.547384429079,0.569998540915,
    0.615381863967,0.660893894534,0.712811326149,0.795718263516,
    0.884712482243,0.943518761298,0.971477717682,1.),.UNSPECIFIED.);
#8409 = CARTESIAN_POINT('',(15.750000042766,476.,35.));
#8410 = CARTESIAN_POINT('',(14.841371599008,476.00000002087,
    34.091371716687));
#8411 = CARTESIAN_POINT('',(13.927526448853,475.94338700308,
    33.193252091836));
#8412 = CARTESIAN_POINT('',(13.009801487085,475.83261644577,
    32.307317688714));
#8413 = CARTESIAN_POINT('',(12.08949849514,475.66942011914,
    31.43505658298));
#8414 = CARTESIAN_POINT('',(11.167877992708,475.45499480026,
    30.577769184689));
#8415 = CARTESIAN_POINT('',(9.730752110659,475.04136451613,
    29.266194119091));
#8416 = CARTESIAN_POINT('',(9.215326570708,474.87712084246,
    28.800857462072));
#8417 = CARTESIAN_POINT('',(8.700115423008,474.69704662908,
    28.340776865372));
#8418 = CARTESIAN_POINT('',(8.185365117203,474.50114268061,
    27.886163021994));
#8419 = CARTESIAN_POINT('',(7.671346772647,474.28932411764,
    27.437231553448));
#8420 = CARTESIAN_POINT('',(6.784726626509,473.89539460013,
    26.671524443007));
#8421 = CARTESIAN_POINT('',(6.411643338297,473.72084571264,
    26.351979564806));
#8422 = CARTESIAN_POINT('',(6.03922619488,473.53768079357,
    26.035654370668));
#8423 = CARTESIAN_POINT('',(5.667606022682,473.34579913205,
    25.722641741204));
#8424 = CARTESIAN_POINT('',(5.296930366352,473.1450648749,
    25.413042165122));
#8425 = CARTESIAN_POINT('',(4.377571209833,472.62323297902,
    24.651617739377));
#8426 = CARTESIAN_POINT('',(3.83025981335,472.29119072707,
    24.204085370728));
#8427 = CARTESIAN_POINT('',(3.285945187608,471.93856470061,
    23.764695148797));
#8428 = CARTESIAN_POINT('',(2.745314454374,471.56455050095,
    23.333883111996));
#8429 = CARTESIAN_POINT('',(2.209241800561,471.1681145761,22.91218495179
    ));
#8430 = CARTESIAN_POINT('',(1.191322183194,470.36128234185,
    22.121618993574));
#8431 = CARTESIAN_POINT('',(0.708662551987,469.95465271401,
    21.751289631078));
#8432 = CARTESIAN_POINT('',(0.231706865943,469.52660945943,
    21.389747891587));
#8433 = CARTESIAN_POINT('',(-0.238327015172,469.07567715238,
    21.037720869423));
#8434 = CARTESIAN_POINT('',(-0.699800604543,468.60010390827,
    20.696174554979));
#8435 = CARTESIAN_POINT('',(-1.475296704078,467.73486479407,
    20.128713695244));
#8436 = CARTESIAN_POINT('',(-1.794463520357,467.3583355652,
    19.897177054579));
#8437 = CARTESIAN_POINT('',(-2.107112233412,466.96674956491,
    19.672287985991));
#8438 = CARTESIAN_POINT('',(-2.412077309424,466.55905931433,
    19.454737152201));
#8439 = CARTESIAN_POINT('',(-2.70783431873,466.13413786372,
    19.245424995126));
#8440 = CARTESIAN_POINT('',(-3.290218731467,465.22636940434,
    18.836298964962));
#8441 = CARTESIAN_POINT('',(-3.575632872822,464.74197252234,
    18.637484705247));
#8442 = CARTESIAN_POINT('',(-3.846516990939,464.23560977737,
    18.450302497014));
#8443 = CARTESIAN_POINT('',(-4.099644944113,463.70594785445,
    18.276696215914));
#8444 = CARTESIAN_POINT('',(-4.330708430855,463.1521797662,
    18.119237899327));
#8445 = CARTESIAN_POINT('',(-4.661071792922,462.21655426294,
    17.895244734672));
#8446 = CARTESIAN_POINT('',(-4.777020198617,461.84956036426,
    17.816933489773));
#8447 = CARTESIAN_POINT('',(-4.88131293461,461.4736658256,
    17.746735215405));
#8448 = CARTESIAN_POINT('',(-4.972592229849,461.08941672378,
    17.685469290387));
#8449 = CARTESIAN_POINT('',(-5.049498160084,460.69777770624,
    17.633956971002));
#8450 = CARTESIAN_POINT('',(-5.155402244415,460.01285853715,
    17.563120514514));
#8451 = CARTESIAN_POINT('',(-5.191771658321,459.72234622052,
    17.538831646927));
#8452 = CARTESIAN_POINT('',(-5.219651369151,459.42939308989,
    17.520233123673));
#8453 = CARTESIAN_POINT('',(-5.238727137746,459.13470642881,
    17.507515335664));
#8454 = CARTESIAN_POINT('',(-5.248819574159,458.83907821738,
    17.500786952021));
#8455 = CARTESIAN_POINT('',(-5.251367845844,458.15392117672,
    17.499088100967));
#8456 = CARTESIAN_POINT('',(-5.237215079373,457.76423988581,
    17.508523363931));
#8457 = CARTESIAN_POINT('',(-5.207422647993,457.37642964012,
    17.528383355459));
#8458 = CARTESIAN_POINT('',(-5.16248493619,456.99225510706,
    17.558366493504));
#8459 = CARTESIAN_POINT('',(-5.103264795559,456.61320133021,
    17.597952737102));
#8460 = CARTESIAN_POINT('',(-4.980071326236,455.97913804397,
    17.680510248746));
#8461 = CARTESIAN_POINT('',(-4.922793750622,455.72085582956,
    17.718943640344));
#8462 = CARTESIAN_POINT('',(-4.85938222839,455.46602776751,
    17.761560420059));
#8463 = CARTESIAN_POINT('',(-4.790231660411,455.21491746039,
    17.808122037808));
#8464 = CARTESIAN_POINT('',(-4.71574216274,454.96769815046,
    17.858387122126));
#8465 = CARTESIAN_POINT('',(-4.545285838718,454.44586476462,
    17.973685155024));
#8466 = CARTESIAN_POINT('',(-4.44777326815,454.17250260378,
    18.039801155008));
#8467 = CARTESIAN_POINT('',(-4.344319985508,453.90451319166,
    18.110135714658));
#8468 = CARTESIAN_POINT('',(-4.235462622206,453.64193209318,
    18.184366243625));
#8469 = CARTESIAN_POINT('',(-4.12168952704,453.38471753713,
    18.262199817559));
#8470 = CARTESIAN_POINT('',(-3.76607540254,452.62714088971,
    18.506312421062));
#8471 = CARTESIAN_POINT('',(-3.510702020335,452.14287516209,
    18.682687374467));
#8472 = CARTESIAN_POINT('',(-3.240636174323,451.67890843664,
    18.870526931474));
#8473 = CARTESIAN_POINT('',(-2.958526636454,451.23411268847,
    19.068255466872));
#8474 = CARTESIAN_POINT('',(-2.666372522836,450.80724349695,
    19.274677227211));
#8475 = CARTESIAN_POINT('',(-2.063827060411,449.98549970801,
    19.703961924121));
#8476 = CARTESIAN_POINT('',(-1.753479460815,449.59084579724,
    19.926803442897));
#8477 = CARTESIAN_POINT('',(-1.435945930386,449.21173553714,
    20.156684720033));
#8478 = CARTESIAN_POINT('',(-1.112352437935,448.84717989937,
    20.392942808826));
#8479 = CARTESIAN_POINT('',(-0.783571364072,448.49629344845,
    20.635062521253));
#8480 = CARTESIAN_POINT('',(-6.998662705522E-02,447.77267809064,
    21.165151367663));
#8481 = CARTESIAN_POINT('',(0.316142271136,447.40387239389,
    21.454742623596));
#8482 = CARTESIAN_POINT('',(0.707169004616,447.05069319267,
    21.750886001567));
#8483 = CARTESIAN_POINT('',(1.102332843793,446.71226830663,
    22.053132918887));
#8484 = CARTESIAN_POINT('',(1.50103501901,446.38786218529,
    22.361126818935));
#8485 = CARTESIAN_POINT('',(2.544446743172,445.58019443423,
    23.17520039424));
#8486 = CARTESIAN_POINT('',(3.193865242806,445.11775411862,
    23.689720545085));
#8487 = CARTESIAN_POINT('',(3.849227201127,444.68698894757,
    24.217076404347));
#8488 = CARTESIAN_POINT('',(4.509171854265,444.28636106906,
    24.756420811159));
#8489 = CARTESIAN_POINT('',(5.172656914971,443.91472216538,
    25.307071604046));
#8490 = CARTESIAN_POINT('',(6.554147933734,443.20264081441,
    26.47122869409));
#8491 = CARTESIAN_POINT('',(7.272508425127,442.86652789797,
    27.086321117771));
#8492 = CARTESIAN_POINT('',(7.993041729924,442.56199812876,
    27.713148834656));
#8493 = CARTESIAN_POINT('',(8.71492646294,442.28864092794,
    28.351093184982));
#8494 = CARTESIAN_POINT('',(9.437455090446,442.04634008252,
    28.999567091895));
#8495 = CARTESIAN_POINT('',(10.637494601749,441.6957931468,
    30.093127432887));
#8496 = CARTESIAN_POINT('',(11.114969949561,441.56995726299,
    30.532578903159));
#8497 = CARTESIAN_POINT('',(11.592272079081,441.45781087402,
    30.976215182197));
#8498 = CARTESIAN_POINT('',(12.069222992962,441.35945963347,
    31.42386335053));
#8499 = CARTESIAN_POINT('',(12.545647698924,441.27505916863,
    31.875342607692));
#8500 = CARTESIAN_POINT('',(13.247553572889,441.17141142432,
    32.546847864599));
#8501 = CARTESIAN_POINT('',(13.473575140763,441.14121134271,
    32.764054516234));
#8502 = CARTESIAN_POINT('',(13.699419501189,441.11423202709,
    32.98206350779));
#8503 = CARTESIAN_POINT('',(13.925067540692,441.09049762342,
    33.200853452055));
#8504 = CARTESIAN_POINT('',(14.150499867985,441.07003469893,
    33.420402145825));
#8505 = CARTESIAN_POINT('',(14.60543109957,441.03536399073,
    33.865409354537));
#8506 = CARTESIAN_POINT('',(14.834920273686,441.02129055052,
    34.090897752652));
#8507 = CARTESIAN_POINT('',(15.06414362605,441.01068269027,
    34.31712713955));
#8508 = CARTESIAN_POINT('',(15.29307954036,441.00357381656,
    34.544072162815));
#8509 = CARTESIAN_POINT('',(15.521705839681,440.99999999978,
    34.771706063947));
#8510 = CARTESIAN_POINT('',(15.750000131835,441.,35.));
#8511 = PCURVE('',#7495,#8512);
#8512 = DEFINITIONAL_REPRESENTATION('',(#8513),#8616);
#8513 = B_SPLINE_CURVE_WITH_KNOTS('',6,(#8514,#8515,#8516,#8517,#8518,
    #8519,#8520,#8521,#8522,#8523,#8524,#8525,#8526,#8527,#8528,#8529,
    #8530,#8531,#8532,#8533,#8534,#8535,#8536,#8537,#8538,#8539,#8540,
    #8541,#8542,#8543,#8544,#8545,#8546,#8547,#8548,#8549,#8550,#8551,
    #8552,#8553,#8554,#8555,#8556,#8557,#8558,#8559,#8560,#8561,#8562,
    #8563,#8564,#8565,#8566,#8567,#8568,#8569,#8570,#8571,#8572,#8573,
    #8574,#8575,#8576,#8577,#8578,#8579,#8580,#8581,#8582,#8583,#8584,
    #8585,#8586,#8587,#8588,#8589,#8590,#8591,#8592,#8593,#8594,#8595,
    #8596,#8597,#8598,#8599,#8600,#8601,#8602,#8603,#8604,#8605,#8606,
    #8607,#8608,#8609,#8610,#8611,#8612,#8613,#8614,#8615),
  .UNSPECIFIED.,.F.,.F.,(7,5,5,5,5,5,5,5,5,5,5,5,5,5,5,5,5,5,5,5,7),(0.,
    0.113526151404,0.177009171129,0.223246928492,0.292033948371,
    0.355266567057,0.400851282896,0.448560990171,0.478116067848,
    0.499489402712,0.527641718794,0.547384429079,0.569998540915,
    0.615381863967,0.660893894534,0.712811326149,0.795718263516,
    0.884712482243,0.943518761298,0.971477717682,1.),.UNSPECIFIED.);
#8514 = CARTESIAN_POINT('',(4.712388980385,126.00000004276));
#8515 = CARTESIAN_POINT('',(4.6604673788,125.091371599));
#8516 = CARTESIAN_POINT('',(4.609146174534,124.17752644885));
#8517 = CARTESIAN_POINT('',(4.558269642601,123.25980148708));
#8518 = CARTESIAN_POINT('',(4.507698892168,122.33949849514));
#8519 = CARTESIAN_POINT('',(4.457294005864,121.4178779927));
#8520 = CARTESIAN_POINT('',(4.378708154416,119.98075211065));
#8521 = CARTESIAN_POINT('',(4.35052590401,119.4653265707));
#8522 = CARTESIAN_POINT('',(4.322317685626,118.950115423));
#8523 = CARTESIAN_POINT('',(4.294054800619,118.4353651172));
#8524 = CARTESIAN_POINT('',(4.265706125808,117.92134677264));
#8525 = CARTESIAN_POINT('',(4.216500589576,117.0347266265));
#8526 = CARTESIAN_POINT('',(4.195700693836,116.66164333829));
#8527 = CARTESIAN_POINT('',(4.174823103457,116.28922619488));
#8528 = CARTESIAN_POINT('',(4.153853388599,115.91760602268));
#8529 = CARTESIAN_POINT('',(4.132775725321,115.54693036635));
#8530 = CARTESIAN_POINT('',(4.080028327787,114.62757120983));
#8531 = CARTESIAN_POINT('',(4.048207356467,114.08025981335));
#8532 = CARTESIAN_POINT('',(4.016048800691,113.5359451876));
#8533 = CARTESIAN_POINT('',(3.98348553697,112.99531445437));
#8534 = CARTESIAN_POINT('',(3.95044002637,112.45924180056));
#8535 = CARTESIAN_POINT('',(3.885892046089,111.44132218319));
#8536 = CARTESIAN_POINT('',(3.854484831948,110.95866255198));
#8537 = CARTESIAN_POINT('',(3.822501988021,110.48170686594));
#8538 = CARTESIAN_POINT('',(3.789850248412,110.01167298482));
#8539 = CARTESIAN_POINT('',(3.756422425885,109.55019939545));
#8540 = CARTESIAN_POINT('',(3.697295428644,108.77470329592));
#8541 = CARTESIAN_POINT('',(3.672047752137,108.45553647964));
#8542 = CARTESIAN_POINT('',(3.646261622523,108.14288776658));
#8543 = CARTESIAN_POINT('',(3.619875856796,107.83792269057));
#8544 = CARTESIAN_POINT('',(3.592824493133,107.54216568127));
#8545 = CARTESIAN_POINT('',(3.535927086445,106.95978126853));
#8546 = CARTESIAN_POINT('',(3.506023776403,106.67436712717));
#8547 = CARTESIAN_POINT('',(3.475204843073,106.40348300906));
#8548 = CARTESIAN_POINT('',(3.443390048143,106.15035505588));
#8549 = CARTESIAN_POINT('',(3.410520910501,105.91929156914));
#8550 = CARTESIAN_POINT('',(3.35554579865,105.58892820707));
#8551 = CARTESIAN_POINT('',(3.334109161201,105.47297980138));
#8552 = CARTESIAN_POINT('',(3.312269070383,105.36868706539));
#8553 = CARTESIAN_POINT('',(3.290046874957,105.27740777015));
#8554 = CARTESIAN_POINT('',(3.267483425757,105.20050183991));
#8555 = CARTESIAN_POINT('',(3.228136426421,105.09459775558));
#8556 = CARTESIAN_POINT('',(3.21148101071,105.05822834167));
#8557 = CARTESIAN_POINT('',(3.19471222984,105.03034863084));
#8558 = CARTESIAN_POINT('',(3.177862542333,105.01127286225));
#8559 = CARTESIAN_POINT('',(3.160968606206,105.00118042584));
#8560 = CARTESIAN_POINT('',(3.121816654959,104.99863215415));
#8561 = CARTESIAN_POINT('',(3.09955055851,105.01278492062));
#8562 = CARTESIAN_POINT('',(3.077373010266,105.042577352));
#8563 = CARTESIAN_POINT('',(3.055364882009,105.08751506381));
#8564 = CARTESIAN_POINT('',(3.033593903121,105.14673520444));
#8565 = CARTESIAN_POINT('',(2.997055882948,105.26992867376));
#8566 = CARTESIAN_POINT('',(2.982136880525,105.32720624937));
#8567 = CARTESIAN_POINT('',(2.967376574515,105.39061777161));
#8568 = CARTESIAN_POINT('',(2.952786137234,105.45976833958));
#8569 = CARTESIAN_POINT('',(2.938372322581,105.53425783726));
#8570 = CARTESIAN_POINT('',(2.907834091261,105.70471416128));
#8571 = CARTESIAN_POINT('',(2.891766174287,105.80222673185));
#8572 = CARTESIAN_POINT('',(2.875938219221,105.90568001449));
#8573 = CARTESIAN_POINT('',(2.860349551655,106.01453737779));
#8574 = CARTESIAN_POINT('',(2.844995834724,106.12831047296));
#8575 = CARTESIAN_POINT('',(2.799513805444,106.48392459746));
#8576 = CARTESIAN_POINT('',(2.770084012003,106.73929797966));
#8577 = CARTESIAN_POINT('',(2.741507008813,107.00936382567));
#8578 = CARTESIAN_POINT('',(2.713713965238,107.29147336354));
#8579 = CARTESIAN_POINT('',(2.686632143765,107.58362747716));
#8580 = CARTESIAN_POINT('',(2.633653959401,108.18617293958));
#8581 = CARTESIAN_POINT('',(2.607769332132,108.49652053918));
#8582 = CARTESIAN_POINT('',(2.582452123895,108.81405406961));
#8583 = CARTESIAN_POINT('',(2.557644206116,109.13764756206));
#8584 = CARTESIAN_POINT('',(2.533293142525,109.46642863592));
#8585 = CARTESIAN_POINT('',(2.482035860438,110.18001337294));
#8586 = CARTESIAN_POINT('',(2.455255705709,110.56614227113));
#8587 = CARTESIAN_POINT('',(2.428937978467,110.95716900461));
#8588 = CARTESIAN_POINT('',(2.403028004909,111.35233284379));
#8589 = CARTESIAN_POINT('',(2.377477999593,111.75103501901));
#8590 = CARTESIAN_POINT('',(2.311949243304,112.79444674317));
#8591 = CARTESIAN_POINT('',(2.272466048575,113.4438652428));
#8592 = CARTESIAN_POINT('',(2.23361936688,114.09922720112));
#8593 = CARTESIAN_POINT('',(2.195286909916,114.75917185426));
#8594 = CARTESIAN_POINT('',(2.157363243834,115.42265691497));
#8595 = CARTESIAN_POINT('',(2.079382156002,116.80414793373));
#8596 = CARTESIAN_POINT('',(2.03937646497,117.52250842512));
#8597 = CARTESIAN_POINT('',(1.99962206809,118.24304172992));
#8598 = CARTESIAN_POINT('',(1.960028848335,118.96492646294));
#8599 = CARTESIAN_POINT('',(1.92051533526,119.68745509044));
#8600 = CARTESIAN_POINT('',(1.854894099933,120.88749460174));
#8601 = CARTESIAN_POINT('',(1.828786169881,121.36496994956));
#8602 = CARTESIAN_POINT('',(1.802657277641,121.84227207908));
#8603 = CARTESIAN_POINT('',(1.776486638491,122.31922299296));
#8604 = CARTESIAN_POINT('',(1.750254054394,122.79564769892));
#8605 = CARTESIAN_POINT('',(1.711427925387,123.49755357288));
#8606 = CARTESIAN_POINT('',(1.69889812463,123.72357514076));
#8607 = CARTESIAN_POINT('',(1.686347569403,123.94941950118));
#8608 = CARTESIAN_POINT('',(1.673774093496,124.17506754069));
#8609 = CARTESIAN_POINT('',(1.661175527819,124.40049986798));
#8610 = CARTESIAN_POINT('',(1.635669483793,124.85543109957));
#8611 = CARTESIAN_POINT('',(1.622760895704,125.08492027368));
#8612 = CARTESIAN_POINT('',(1.60982162921,125.31414362605));
#8613 = CARTESIAN_POINT('',(1.596849346103,125.54307954036));
#8614 = CARTESIAN_POINT('',(1.583841694555,125.77170583968));
#8615 = CARTESIAN_POINT('',(1.570796326795,126.00000013183));
#8616 = ( GEOMETRIC_REPRESENTATION_CONTEXT(2) 
PARAMETRIC_REPRESENTATION_CONTEXT() REPRESENTATION_CONTEXT('2D SPACE',''
  ) );
#8617 = PCURVE('',#7827,#8618);
#8618 = DEFINITIONAL_REPRESENTATION('',(#8619),#8722);
#8619 = B_SPLINE_CURVE_WITH_KNOTS('',6,(#8620,#8621,#8622,#8623,#8624,
    #8625,#8626,#8627,#8628,#8629,#8630,#8631,#8632,#8633,#8634,#8635,
    #8636,#8637,#8638,#8639,#8640,#8641,#8642,#8643,#8644,#8645,#8646,
    #8647,#8648,#8649,#8650,#8651,#8652,#8653,#8654,#8655,#8656,#8657,
    #8658,#8659,#8660,#8661,#8662,#8663,#8664,#8665,#8666,#8667,#8668,
    #8669,#8670,#8671,#8672,#8673,#8674,#8675,#8676,#8677,#8678,#8679,
    #8680,#8681,#8682,#8683,#8684,#8685,#8686,#8687,#8688,#8689,#8690,
    #8691,#8692,#8693,#8694,#8695,#8696,#8697,#8698,#8699,#8700,#8701,
    #8702,#8703,#8704,#8705,#8706,#8707,#8708,#8709,#8710,#8711,#8712,
    #8713,#8714,#8715,#8716,#8717,#8718,#8719,#8720,#8721),
  .UNSPECIFIED.,.F.,.F.,(7,5,5,5,5,5,5,5,5,5,5,5,5,5,5,5,5,5,5,5,7),(0.,
    0.113526151404,0.177009171129,0.223246928492,0.292033948371,
    0.355266567057,0.400851282896,0.448560990171,0.478116067848,
    0.499489402712,0.527641718794,0.547384429079,0.569998540915,
    0.615381863967,0.660893894534,0.712811326149,0.795718263516,
    0.884712482243,0.943518761298,0.971477717682,1.),.UNSPECIFIED.);
#8620 = CARTESIAN_POINT('',(6.28318530718,4.712388982828));
#8621 = CARTESIAN_POINT('',(6.26876263596,4.66046737223));
#8622 = CARTESIAN_POINT('',(6.254007536917,4.609146183778));
#8623 = CARTESIAN_POINT('',(6.238930471298,4.558269635642));
#8624 = CARTESIAN_POINT('',(6.223543400732,4.507698894495));
#8625 = CARTESIAN_POINT('',(6.207860000525,4.457294005864));
#8626 = CARTESIAN_POINT('',(6.182968919972,4.378708154416));
#8627 = CARTESIAN_POINT('',(6.173954452523,4.35052590401));
#8628 = CARTESIAN_POINT('',(6.164855457762,4.322317685626));
#8629 = CARTESIAN_POINT('',(6.155675499439,4.294054800619));
#8630 = CARTESIAN_POINT('',(6.146418901337,4.265706125808));
#8631 = CARTESIAN_POINT('',(6.130296835879,4.216500589576));
#8632 = CARTESIAN_POINT('',(6.123464951302,4.195700693836));
#8633 = CARTESIAN_POINT('',(6.116597257972,4.174823103457));
#8634 = CARTESIAN_POINT('',(6.109696157148,4.153853388599));
#8635 = CARTESIAN_POINT('',(6.102764491867,4.132775725321));
#8636 = CARTESIAN_POINT('',(6.085453030525,4.080028327787));
#8637 = CARTESIAN_POINT('',(6.075040682458,4.048207356467));
#8638 = CARTESIAN_POINT('',(6.064578991818,4.016048800691));
#8639 = CARTESIAN_POINT('',(6.054082382034,3.98348553697));
#8640 = CARTESIAN_POINT('',(6.043569936484,3.95044002637));
#8641 = CARTESIAN_POINT('',(6.023413220711,3.885892046089));
#8642 = CARTESIAN_POINT('',(6.013768790062,3.854484831948));
#8643 = CARTESIAN_POINT('',(6.004153047921,3.822501988021));
#8644 = CARTESIAN_POINT('',(5.994593745618,3.789850248412));
#8645 = CARTESIAN_POINT('',(5.985128774386,3.756422425885));
#8646 = CARTESIAN_POINT('',(5.969095006417,3.697295428644));
#8647 = CARTESIAN_POINT('',(5.962456459313,3.672047752137));
#8648 = CARTESIAN_POINT('',(5.955915502848,3.646261622523));
#8649 = CARTESIAN_POINT('',(5.949499302105,3.619875856796));
#8650 = CARTESIAN_POINT('',(5.943243530213,3.592824493133));
#8651 = CARTESIAN_POINT('',(5.930864362211,3.535927086445));
#8652 = CARTESIAN_POINT('',(5.924763809701,3.506023776403));
#8653 = CARTESIAN_POINT('',(5.91894350996,3.475204843073));
#8654 = CARTESIAN_POINT('',(5.91347842574,3.443390048143));
#8655 = CARTESIAN_POINT('',(5.908469234232,3.410520910501));
#8656 = CARTESIAN_POINT('',(5.901284442805,3.35554579865));
#8657 = CARTESIAN_POINT('',(5.898756634504,3.334109161201));
#8658 = CARTESIAN_POINT('',(5.896478061829,3.312269070383));
#8659 = CARTESIAN_POINT('',(5.894480297766,3.290046874957));
#8660 = CARTESIAN_POINT('',(5.892794958542,3.267483425757));
#8661 = CARTESIAN_POINT('',(5.890472136274,3.228136426421));
#8662 = CARTESIAN_POINT('',(5.889673672526,3.21148101071));
#8663 = CARTESIAN_POINT('',(5.889061176107,3.19471222984));
#8664 = CARTESIAN_POINT('',(5.888641940776,3.177862542333));
#8665 = CARTESIAN_POINT('',(5.888420130875,3.160968606206));
#8666 = CARTESIAN_POINT('',(5.88836412497,3.121816654959));
#8667 = CARTESIAN_POINT('',(5.888675173047,3.09955055851));
#8668 = CARTESIAN_POINT('',(5.889329984839,3.077373010266));
#8669 = CARTESIAN_POINT('',(5.89031712644,3.055364882009));
#8670 = CARTESIAN_POINT('',(5.891616514545,3.033593903121));
#8671 = CARTESIAN_POINT('',(5.894315374808,2.997055882948));
#8672 = CARTESIAN_POINT('',(5.895569188106,2.982136880525));
#8673 = CARTESIAN_POINT('',(5.896955907056,2.967376574515));
#8674 = CARTESIAN_POINT('',(5.898466352717,2.952786137234));
#8675 = CARTESIAN_POINT('',(5.900091219113,2.938372322581));
#8676 = CARTESIAN_POINT('',(5.903803883526,2.907834091261));
#8677 = CARTESIAN_POINT('',(5.905924590946,2.891766174287));
#8678 = CARTESIAN_POINT('',(5.908170646518,2.875938219221));
#8679 = CARTESIAN_POINT('',(5.910529550074,2.860349551655));
#8680 = CARTESIAN_POINT('',(5.912989915744,2.844995834724));
#8681 = CARTESIAN_POINT('',(5.92066337602,2.799513805444));
#8682 = CARTESIAN_POINT('',(5.926152230852,2.770084012003));
#8683 = CARTESIAN_POINT('',(5.931930404274,2.741507008813));
#8684 = CARTESIAN_POINT('',(5.937935947073,2.713713965238));
#8685 = CARTESIAN_POINT('',(5.944122295007,2.686632143765));
#8686 = CARTESIAN_POINT('',(5.956810396756,2.633653959401));
#8687 = CARTESIAN_POINT('',(5.963311035312,2.607769332132));
#8688 = CARTESIAN_POINT('',(5.969924896651,2.582452123895));
#8689 = CARTESIAN_POINT('',(5.976625660881,2.557644206116));
#8690 = CARTESIAN_POINT('',(5.983393033396,2.533293142525));
#8691 = CARTESIAN_POINT('',(5.997990938211,2.482035860438));
#8692 = CARTESIAN_POINT('',(6.005836092061,2.455255705709));
#8693 = CARTESIAN_POINT('',(6.013724652194,2.428937978467));
#8694 = CARTESIAN_POINT('',(6.02163910793,2.403028004909));
#8695 = CARTESIAN_POINT('',(6.029565855371,2.377477999593));
#8696 = CARTESIAN_POINT('',(6.050156281427,2.311949243304));
#8697 = CARTESIAN_POINT('',(6.062821648421,2.272466048575));
#8698 = CARTESIAN_POINT('',(6.075448880717,2.23361936688));
#8699 = CARTESIAN_POINT('',(6.088008797374,2.195286909916));
#8700 = CARTESIAN_POINT('',(6.100480243326,2.157363243834));
#8701 = CARTESIAN_POINT('',(6.126125844146,2.079382156002));
#8702 = CARTESIAN_POINT('',(6.13928302801,2.03937646497));
#8703 = CARTESIAN_POINT('',(6.152301728413,1.99962206809));
#8704 = CARTESIAN_POINT('',(6.165167920711,1.960028848335));
#8705 = CARTESIAN_POINT('',(6.177870936425,1.92051533526));
#8706 = CARTESIAN_POINT('',(6.198683988751,1.854894099933));
#8707 = CARTESIAN_POINT('',(6.206890160223,1.828786169881));
#8708 = CARTESIAN_POINT('',(6.215019096139,1.802657277641));
#8709 = CARTESIAN_POINT('',(6.223068664425,1.776486638491));
#8710 = CARTESIAN_POINT('',(6.23103696465,1.750254054394));
#8711 = CARTESIAN_POINT('',(6.242671316949,1.711427925387));
#8712 = CARTESIAN_POINT('',(6.246401573273,1.69889812463));
#8713 = CARTESIAN_POINT('',(6.250112881851,1.686347569403));
#8714 = CARTESIAN_POINT('',(6.253805059502,1.673774093496));
#8715 = CARTESIAN_POINT('',(6.257477926864,1.661175527819));
#8716 = CARTESIAN_POINT('',(6.264858299422,1.635669483793));
#8717 = CARTESIAN_POINT('',(6.268565010432,1.622760900645));
#8718 = CARTESIAN_POINT('',(6.272251252271,1.609821624189));
#8719 = CARTESIAN_POINT('',(6.275916842226,1.596849340103));
#8720 = CARTESIAN_POINT('',(6.279561593918,1.583841707387));
#8721 = CARTESIAN_POINT('',(6.28318530718,1.570796319261));
#8722 = ( GEOMETRIC_REPRESENTATION_CONTEXT(2) 
PARAMETRIC_REPRESENTATION_CONTEXT() REPRESENTATION_CONTEXT('2D SPACE',''
  ) );
#8723 = ORIENTED_EDGE('',*,*,#8724,.T.);
#8724 = EDGE_CURVE('',#8405,#8725,#8727,.T.);
#8725 = VERTEX_POINT('',#8726);
#8726 = CARTESIAN_POINT('',(-5.25,458.5,52.5));
#8727 = SURFACE_CURVE('',#8728,(#8776,#8827),.PCURVE_S1.);
#8728 = B_SPLINE_CURVE_WITH_KNOTS('',6,(#8729,#8730,#8731,#8732,#8733,
    #8734,#8735,#8736,#8737,#8738,#8739,#8740,#8741,#8742,#8743,#8744,
    #8745,#8746,#8747,#8748,#8749,#8750,#8751,#8752,#8753,#8754,#8755,
    #8756,#8757,#8758,#8759,#8760,#8761,#8762,#8763,#8764,#8765,#8766,
    #8767,#8768,#8769,#8770,#8771,#8772,#8773,#8774,#8775),
  .UNSPECIFIED.,.F.,.F.,(7,5,5,5,5,5,5,5,5,7),(0.,0.230876537839,
    0.357785194781,0.450173634474,0.583252887275,0.709837618772,
    0.801121109478,0.896661642723,0.95038429091,1.),.UNSPECIFIED.);
#8729 = CARTESIAN_POINT('',(15.749999901534,441.,35.));
#8730 = CARTESIAN_POINT('',(14.826044971869,440.99999997808,
    35.923955288982));
#8731 = CARTESIAN_POINT('',(13.896697814101,441.05853902007,
    36.837041008548));
#8732 = CARTESIAN_POINT('',(12.963361758263,441.17303458251,
    37.737500178228));
#8733 = CARTESIAN_POINT('',(12.027402943172,441.34167973357,
    38.623769844632));
#8734 = CARTESIAN_POINT('',(11.090147901983,441.56323496905,
    39.494488863202));
#8735 = CARTESIAN_POINT('',(9.637694949471,441.98803210213,
    40.81790149515));
#8736 = CARTESIAN_POINT('',(9.122517778992,442.15458677934,
    41.282253036388));
#8737 = CARTESIAN_POINT('',(8.607583834425,442.33695704096,
    41.741327922465));
#8738 = CARTESIAN_POINT('',(8.093141007337,442.53514918284,
    42.194915583375));
#8739 = CARTESIAN_POINT('',(7.579462676054,442.74925595157,
    42.642799943374));
#8740 = CARTESIAN_POINT('',(6.693674868941,443.14707395526,
    43.406501606648));
#8741 = CARTESIAN_POINT('',(6.321066611246,443.32321042505,
    43.725101512972));
#8742 = CARTESIAN_POINT('',(5.949144010211,443.50796282242,
    44.04047284948));
#8743 = CARTESIAN_POINT('',(5.578039310911,443.70143552285,
    44.352522216044));
#8744 = CARTESIAN_POINT('',(5.207901898922,443.90376845999,
    44.661148336639));
#8745 = CARTESIAN_POINT('',(4.307379055765,444.41962070673,
    45.405707777107));
#8746 = CARTESIAN_POINT('',(3.778235722541,444.74284996606,
    45.837826463281));
#8747 = CARTESIAN_POINT('',(3.251946144666,445.08539802612,
    46.262294611831));
#8748 = CARTESIAN_POINT('',(2.729139734805,445.44800444338,
    46.678713856523));
#8749 = CARTESIAN_POINT('',(2.210612314241,445.83161431309,
    47.086597003849));
#8750 = CARTESIAN_POINT('',(1.20922181974,446.62378269152,
    47.864620101219));
#8751 = CARTESIAN_POINT('',(0.725922339128,447.03015670922,
    48.235576889399));
#8752 = CARTESIAN_POINT('',(0.248310842217,447.45795171459,
    48.597744873832));
#8753 = CARTESIAN_POINT('',(-0.222397939816,447.90864062607,
    48.95039872871));
#8754 = CARTESIAN_POINT('',(-0.684570010562,448.38397318619,
    49.292575054934));
#8755 = CARTESIAN_POINT('',(-1.461419499334,449.24890946427,
    49.861205065835));
#8756 = CARTESIAN_POINT('',(-1.781223429327,449.62538531224,
    50.093273783823));
#8757 = CARTESIAN_POINT('',(-2.094523248555,450.01692696535,
    50.318695898525));
#8758 = CARTESIAN_POINT('',(-2.400155724985,450.42458279507,
    50.536782147918));
#8759 = CARTESIAN_POINT('',(-2.696599309979,450.84948173721,
    50.746633849546));
#8760 = CARTESIAN_POINT('',(-3.280439818663,451.7572456102,
    51.156880339161));
#8761 = CARTESIAN_POINT('',(-3.56662455374,452.24166235813,
    51.356275269515));
#8762 = CARTESIAN_POINT('',(-3.838307038295,452.74806889087,
    51.544046911941));
#8763 = CARTESIAN_POINT('',(-4.0922645605,453.27780858618,
    51.718253530291));
#8764 = CARTESIAN_POINT('',(-4.324190473985,453.83170346107,
    51.87632422976));
#8765 = CARTESIAN_POINT('',(-4.644277224853,454.73461401067,
    52.093378246554));
#8766 = CARTESIAN_POINT('',(-4.750901404146,455.06710405269,
    52.165428366371));
#8767 = CARTESIAN_POINT('',(-4.848022930526,455.40697020612,
    52.230852419591));
#8768 = CARTESIAN_POINT('',(-4.934632812468,455.7538377488,
    52.289041640067));
#8769 = CARTESIAN_POINT('',(-5.009709640784,456.10704906802,
    52.339379357362));
#8770 = CARTESIAN_POINT('',(-5.13027603696,456.79666302619,
    52.420096858941));
#8771 = CARTESIAN_POINT('',(-5.177595675329,457.13232671984,
    52.451712752225));
#8772 = CARTESIAN_POINT('',(-5.213646201302,457.47163634636,
    52.475764393762));
#8773 = CARTESIAN_POINT('',(-5.237883764371,457.81353067363,
    52.491922378272));
#8774 = CARTESIAN_POINT('',(-5.25,458.15678590071,52.5));
#8775 = CARTESIAN_POINT('',(-5.25,458.5,52.5));
#8776 = PCURVE('',#7495,#8777);
#8777 = DEFINITIONAL_REPRESENTATION('',(#8778),#8826);
#8778 = B_SPLINE_CURVE_WITH_KNOTS('',6,(#8779,#8780,#8781,#8782,#8783,
    #8784,#8785,#8786,#8787,#8788,#8789,#8790,#8791,#8792,#8793,#8794,
    #8795,#8796,#8797,#8798,#8799,#8800,#8801,#8802,#8803,#8804,#8805,
    #8806,#8807,#8808,#8809,#8810,#8811,#8812,#8813,#8814,#8815,#8816,
    #8817,#8818,#8819,#8820,#8821,#8822,#8823,#8824,#8825),
  .UNSPECIFIED.,.F.,.F.,(7,5,5,5,5,5,5,5,5,7),(0.,0.230876537839,
    0.357785194781,0.450173634474,0.583252887275,0.709837618772,
    0.801121109478,0.896661642723,0.95038429091,1.),.UNSPECIFIED.);
#8779 = CARTESIAN_POINT('',(1.570796326795,125.99999990153));
#8780 = CARTESIAN_POINT('',(1.517998898197,125.07604497186));
#8781 = CARTESIAN_POINT('',(1.465822477892,124.1466978141));
#8782 = CARTESIAN_POINT('',(1.41410302415,123.21336175826));
#8783 = CARTESIAN_POINT('',(1.362694841599,122.27740294317));
#8784 = CARTESIAN_POINT('',(1.311450840026,121.34014790198));
#8785 = CARTESIAN_POINT('',(1.232026922409,119.88769494947));
#8786 = CARTESIAN_POINT('',(1.20385341545,119.37251777899));
#8787 = CARTESIAN_POINT('',(1.175650511595,118.85758383442));
#8788 = CARTESIAN_POINT('',(1.147389369741,118.34314100733));
#8789 = CARTESIAN_POINT('',(1.119038662155,117.82946267605));
#8790 = CARTESIAN_POINT('',(1.069832742665,116.94367486894));
#8791 = CARTESIAN_POINT('',(1.049036473479,116.57106661124));
#8792 = CARTESIAN_POINT('',(1.028160324435,116.19914401021));
#8793 = CARTESIAN_POINT('',(1.007189754928,115.82803931091));
#8794 = CARTESIAN_POINT('',(0.986108802852,115.45790189892));
#8795 = CARTESIAN_POINT('',(0.934348845092,114.55737905576));
#8796 = CARTESIAN_POINT('',(0.903533015661,114.02823572254));
#8797 = CARTESIAN_POINT('',(0.872396573813,113.50194614466));
#8798 = CARTESIAN_POINT('',(0.840878195502,112.9791397348));
#8799 = CARTESIAN_POINT('',(0.808907173704,112.46061231424));
#8800 = CARTESIAN_POINT('',(0.745459282699,111.45922181974));
#8801 = CARTESIAN_POINT('',(0.714038735506,110.97592233912));
#8802 = CARTESIAN_POINT('',(0.682043658616,110.49831084221));
#8803 = CARTESIAN_POINT('',(0.649380857718,110.02760206018));
#8804 = CARTESIAN_POINT('',(0.61594320604,109.56542998943));
#8805 = CARTESIAN_POINT('',(0.55679400405,108.78858050066));
#8806 = CARTESIAN_POINT('',(0.531533002815,108.46877657067));
#8807 = CARTESIAN_POINT('',(0.505733914123,108.15547675144));
#8808 = CARTESIAN_POINT('',(0.479335493346,107.84984427501));
#8809 = CARTESIAN_POINT('',(0.452271666103,107.55340069002));
#8810 = CARTESIAN_POINT('',(0.3953481605,106.96956018133));
#8811 = CARTESIAN_POINT('',(0.365431210246,106.68337544626));
#8812 = CARTESIAN_POINT('',(0.334598277085,106.4116929617));
#8813 = CARTESIAN_POINT('',(0.302768604002,106.1577354395));
#8814 = CARTESIAN_POINT('',(0.269882963877,105.92580952601));
#8815 = CARTESIAN_POINT('',(0.216818200772,105.60572277514));
#8816 = CARTESIAN_POINT('',(0.197382727451,105.49909859585));
#8817 = CARTESIAN_POINT('',(0.177613385658,105.40197706947));
#8818 = CARTESIAN_POINT('',(0.157524419738,105.31536718753));
#8819 = CARTESIAN_POINT('',(0.137143373744,105.24029035921));
#8820 = CARTESIAN_POINT('',(9.746784378013E-02,105.11972396304));
#8821 = CARTESIAN_POINT('',(7.820707279987E-02,105.07240432467));
#8822 = CARTESIAN_POINT('',(5.877724387656E-02,105.03635379869));
#8823 = CARTESIAN_POINT('',(3.922680333777E-02,105.01211623562));
#8824 = CARTESIAN_POINT('',(1.961223424486E-02,105.));
#8825 = CARTESIAN_POINT('',(0.,105.));
#8826 = ( GEOMETRIC_REPRESENTATION_CONTEXT(2) 
PARAMETRIC_REPRESENTATION_CONTEXT() REPRESENTATION_CONTEXT('2D SPACE',''
  ) );
#8827 = PCURVE('',#7827,#8828);
#8828 = DEFINITIONAL_REPRESENTATION('',(#8829),#8877);
#8829 = B_SPLINE_CURVE_WITH_KNOTS('',6,(#8830,#8831,#8832,#8833,#8834,
    #8835,#8836,#8837,#8838,#8839,#8840,#8841,#8842,#8843,#8844,#8845,
    #8846,#8847,#8848,#8849,#8850,#8851,#8852,#8853,#8854,#8855,#8856,
    #8857,#8858,#8859,#8860,#8861,#8862,#8863,#8864,#8865,#8866,#8867,
    #8868,#8869,#8870,#8871,#8872,#8873,#8874,#8875,#8876),
  .UNSPECIFIED.,.F.,.F.,(7,5,5,5,5,5,5,5,5,7),(0.,0.230876537839,
    0.357785194781,0.450173634474,0.583252887275,0.709837618772,
    0.801121109478,0.896661642723,0.95038429091,1.),.UNSPECIFIED.);
#8830 = CARTESIAN_POINT('',(0.,1.570796332422));
#8831 = CARTESIAN_POINT('',(1.466595707565E-02,1.623593740233));
#8832 = CARTESIAN_POINT('',(2.967559723263E-02,1.675770197055));
#8833 = CARTESIAN_POINT('',(4.50180089443E-02,1.727489613349));
#8834 = CARTESIAN_POINT('',(6.068056972789E-02,1.778897817373));
#8835 = CARTESIAN_POINT('',(7.664883581991E-02,1.830141813564));
#8836 = CARTESIAN_POINT('',(0.10184249802,1.909565731181));
#8837 = CARTESIAN_POINT('',(0.110865869633,1.93773923814));
#8838 = CARTESIAN_POINT('',(0.119973283907,1.965942141995));
#8839 = CARTESIAN_POINT('',(0.129161124061,1.994203283849));
#8840 = CARTESIAN_POINT('',(0.138424995042,2.022553991435));
#8841 = CARTESIAN_POINT('',(0.15455508556,2.071759910924));
#8842 = CARTESIAN_POINT('',(0.161388014645,2.09255618011));
#8843 = CARTESIAN_POINT('',(0.168256308995,2.113432329155));
#8844 = CARTESIAN_POINT('',(0.175157526326,2.134402898662));
#8845 = CARTESIAN_POINT('',(0.182088772793,2.155483850738));
#8846 = CARTESIAN_POINT('',(0.199068954307,2.207243808497));
#8847 = CARTESIAN_POINT('',(0.209146095779,2.238059637929));
#8848 = CARTESIAN_POINT('',(0.219268368919,2.269196079777));
#8849 = CARTESIAN_POINT('',(0.229422526477,2.300714458087));
#8850 = CARTESIAN_POINT('',(0.239591179305,2.332685479886));
#8851 = CARTESIAN_POINT('',(0.25941493857,2.39613337089));
#8852 = CARTESIAN_POINT('',(0.269069519544,2.427553918084));
#8853 = CARTESIAN_POINT('',(0.278695975608,2.459548994974));
#8854 = CARTESIAN_POINT('',(0.288266633819,2.492211795872));
#8855 = CARTESIAN_POINT('',(0.297743712926,2.52564944755));
#8856 = CARTESIAN_POINT('',(0.313801939136,2.58479864954));
#8857 = CARTESIAN_POINT('',(0.320452355842,2.610059650775));
#8858 = CARTESIAN_POINT('',(0.327005650393,2.635858739467));
#8859 = CARTESIAN_POINT('',(0.333434712279,2.662257160244));
#8860 = CARTESIAN_POINT('',(0.339703936168,2.689320987487));
#8861 = CARTESIAN_POINT('',(0.352112104394,2.746244493089));
#8862 = CARTESIAN_POINT('',(0.358228247685,2.776161443343));
#8863 = CARTESIAN_POINT('',(0.364064942181,2.806994376505));
#8864 = CARTESIAN_POINT('',(0.369547304632,2.838824049588));
#8865 = CARTESIAN_POINT('',(0.374574694464,2.871709689713));
#8866 = CARTESIAN_POINT('',(0.381535410688,2.924774452818));
#8867 = CARTESIAN_POINT('',(0.383859203914,2.944209926138));
#8868 = CARTESIAN_POINT('',(0.385980035992,2.963979267932));
#8869 = CARTESIAN_POINT('',(0.387874442128,2.984068233852));
#8870 = CARTESIAN_POINT('',(0.389518673615,3.004449279846));
#8871 = CARTESIAN_POINT('',(0.392161592141,3.04412480981));
#8872 = CARTESIAN_POINT('',(0.393200174939,3.06338558079));
#8873 = CARTESIAN_POINT('',(0.393992129811,3.082815409713));
#8874 = CARTESIAN_POINT('',(0.394524831488,3.102365850252));
#8875 = CARTESIAN_POINT('',(0.3947911197,3.121980419345));
#8876 = CARTESIAN_POINT('',(0.3947911197,3.14159265359));
#8877 = ( GEOMETRIC_REPRESENTATION_CONTEXT(2) 
PARAMETRIC_REPRESENTATION_CONTEXT() REPRESENTATION_CONTEXT('2D SPACE',''
  ) );
#8878 = ORIENTED_EDGE('',*,*,#8879,.F.);
#8879 = EDGE_CURVE('',#7415,#8725,#8880,.T.);
#8880 = SEAM_CURVE('',#8881,(#8885,#8892),.PCURVE_S1.);
#8881 = LINE('',#8882,#8883);
#8882 = CARTESIAN_POINT('',(-110.25,458.5,52.5));
#8883 = VECTOR('',#8884,1.);
#8884 = DIRECTION('',(1.,0.,0.));
#8885 = PCURVE('',#7495,#8886);
#8886 = DEFINITIONAL_REPRESENTATION('',(#8887),#8891);
#8887 = LINE('',#8888,#8889);
#8888 = CARTESIAN_POINT('',(6.28318530718,-0.));
#8889 = VECTOR('',#8890,1.);
#8890 = DIRECTION('',(0.,1.));
#8891 = ( GEOMETRIC_REPRESENTATION_CONTEXT(2) 
PARAMETRIC_REPRESENTATION_CONTEXT() REPRESENTATION_CONTEXT('2D SPACE',''
  ) );
#8892 = PCURVE('',#7495,#8893);
#8893 = DEFINITIONAL_REPRESENTATION('',(#8894),#8898);
#8894 = LINE('',#8895,#8896);
#8895 = CARTESIAN_POINT('',(0.,-0.));
#8896 = VECTOR('',#8897,1.);
#8897 = DIRECTION('',(0.,1.));
#8898 = ( GEOMETRIC_REPRESENTATION_CONTEXT(2) 
PARAMETRIC_REPRESENTATION_CONTEXT() REPRESENTATION_CONTEXT('2D SPACE',''
  ) );
#8899 = ORIENTED_EDGE('',*,*,#8900,.T.);
#8900 = EDGE_CURVE('',#7415,#7514,#8901,.T.);
#8901 = SURFACE_CURVE('',#8902,(#8907,#8927),.PCURVE_S1.);
#8902 = ELLIPSE('',#8903,24.748737341529,17.5);
#8903 = AXIS2_PLACEMENT_3D('',#8904,#8905,#8906);
#8904 = CARTESIAN_POINT('',(-47.25,458.5,35.));
#8905 = DIRECTION('',(0.707106781187,0.707106781187,-0.));
#8906 = DIRECTION('',(-0.707106781187,0.707106781187,0.));
#8907 = PCURVE('',#7495,#8908);
#8908 = DEFINITIONAL_REPRESENTATION('',(#8909),#8926);
#8909 = B_SPLINE_CURVE_WITH_KNOTS('',8,(#8910,#8911,#8912,#8913,#8914,
    #8915,#8916,#8917,#8918,#8919,#8920,#8921,#8922,#8923,#8924,#8925),
  .UNSPECIFIED.,.F.,.F.,(9,7,9),(1.570796326795,3.14159265359,
    4.712388980385),.UNSPECIFIED.);
#8910 = CARTESIAN_POINT('',(0.,63.));
#8911 = CARTESIAN_POINT('',(0.196349540849,66.436116964864));
#8912 = CARTESIAN_POINT('',(0.392699081697,69.872234745446));
#8913 = CARTESIAN_POINT('',(0.58904862255,73.106482071191));
#8914 = CARTESIAN_POINT('',(0.78539816339,75.937028134242));
#8915 = CARTESIAN_POINT('',(0.98174770425,78.18681581103));
#8916 = CARTESIAN_POINT('',(1.178097245095,79.728936420128));
#8917 = CARTESIAN_POINT('',(1.374446785946,80.5));
#8918 = CARTESIAN_POINT('',(1.767145867644,80.5));
#8919 = CARTESIAN_POINT('',(1.963495408492,79.728936420201));
#8920 = CARTESIAN_POINT('',(2.159844949339,78.186815811088));
#8921 = CARTESIAN_POINT('',(2.356194490179,75.937028134824));
#8922 = CARTESIAN_POINT('',(2.552544031036,73.106482071191));
#8923 = CARTESIAN_POINT('',(2.748893571891,69.872234745533));
#8924 = CARTESIAN_POINT('',(2.94524311274,66.436116964864));
#8925 = CARTESIAN_POINT('',(3.14159265359,63.));
#8926 = ( GEOMETRIC_REPRESENTATION_CONTEXT(2) 
PARAMETRIC_REPRESENTATION_CONTEXT() REPRESENTATION_CONTEXT('2D SPACE',''
  ) );
#8927 = PCURVE('',#7655,#8928);
#8928 = DEFINITIONAL_REPRESENTATION('',(#8929),#8946);
#8929 = B_SPLINE_CURVE_WITH_KNOTS('',8,(#8930,#8931,#8932,#8933,#8934,
    #8935,#8936,#8937,#8938,#8939,#8940,#8941,#8942,#8943,#8944,#8945),
  .UNSPECIFIED.,.F.,.F.,(9,7,9),(1.570796326795,3.14159265359,
    4.712388980385),.UNSPECIFIED.);
#8930 = CARTESIAN_POINT('',(0.,63.));
#8931 = CARTESIAN_POINT('',(0.196349540849,59.563883035136));
#8932 = CARTESIAN_POINT('',(0.392699081697,56.127765254438));
#8933 = CARTESIAN_POINT('',(0.58904862255,52.893517928926));
#8934 = CARTESIAN_POINT('',(0.78539816339,50.062971864711));
#8935 = CARTESIAN_POINT('',(0.98174770425,47.813184189174));
#8936 = CARTESIAN_POINT('',(1.178097245095,46.271063579778));
#8937 = CARTESIAN_POINT('',(1.374446785946,45.5));
#8938 = CARTESIAN_POINT('',(1.767145867644,45.5));
#8939 = CARTESIAN_POINT('',(1.963495408492,46.271063579748));
#8940 = CARTESIAN_POINT('',(2.159844949339,47.813184189115));
#8941 = CARTESIAN_POINT('',(2.356194490179,50.062971864769));
#8942 = CARTESIAN_POINT('',(2.552544031036,52.893517928926));
#8943 = CARTESIAN_POINT('',(2.748893571891,56.127765254379));
#8944 = CARTESIAN_POINT('',(2.94524311274,59.563883035136));
#8945 = CARTESIAN_POINT('',(3.14159265359,63.));
#8946 = ( GEOMETRIC_REPRESENTATION_CONTEXT(2) 
PARAMETRIC_REPRESENTATION_CONTEXT() REPRESENTATION_CONTEXT('2D SPACE',''
  ) );
#8947 = ORIENTED_EDGE('',*,*,#7513,.F.);
#8948 = ORIENTED_EDGE('',*,*,#7472,.F.);
#8949 = ORIENTED_EDGE('',*,*,#8879,.T.);
#8950 = ORIENTED_EDGE('',*,*,#8951,.T.);
#8951 = EDGE_CURVE('',#8725,#8403,#8952,.T.);
#8952 = SURFACE_CURVE('',#8953,(#9001,#9052),.PCURVE_S1.);
#8953 = B_SPLINE_CURVE_WITH_KNOTS('',6,(#8954,#8955,#8956,#8957,#8958,
    #8959,#8960,#8961,#8962,#8963,#8964,#8965,#8966,#8967,#8968,#8969,
    #8970,#8971,#8972,#8973,#8974,#8975,#8976,#8977,#8978,#8979,#8980,
    #8981,#8982,#8983,#8984,#8985,#8986,#8987,#8988,#8989,#8990,#8991,
    #8992,#8993,#8994,#8995,#8996,#8997,#8998,#8999,#9000),
  .UNSPECIFIED.,.F.,.F.,(7,5,5,5,5,5,5,5,5,7),(0.,8.177679002564E-02,
    0.138359609573,0.22884438913,0.319624316398,0.423252157623,
    0.50687144183,0.635273820304,0.771557158782,1.),.UNSPECIFIED.);
#8954 = CARTESIAN_POINT('',(-5.25,458.5,52.5));
#8955 = CARTESIAN_POINT('',(-5.25,459.06578366705,52.5));
#8956 = CARTESIAN_POINT('',(-5.217074644688,459.63181038108,
    52.478049381143));
#8957 = CARTESIAN_POINT('',(-5.151168165683,460.1914113876,
    52.434113652289));
#8958 = CARTESIAN_POINT('',(-5.054709583519,460.73978471338,
    52.369673449167));
#8959 = CARTESIAN_POINT('',(-4.931196302945,461.27356072577,
    52.286828693232));
#8960 = CARTESIAN_POINT('',(-4.682756749615,462.14828179919,
    52.119366069296));
#8961 = CARTESIAN_POINT('',(-4.569937588527,462.49815261896,
    52.043122811166));
#8962 = CARTESIAN_POINT('',(-4.447038409837,462.83970535451,
    51.959806990279));
#8963 = CARTESIAN_POINT('',(-4.315180100083,463.17276956903,
    51.87009247052));
#8964 = CARTESIAN_POINT('',(-4.175357748128,463.4973780766,
    51.774577700242));
#8965 = CARTESIAN_POINT('',(-3.793402383502,464.31963337022,
    51.512534519305));
#8966 = CARTESIAN_POINT('',(-3.540243443995,464.80425480408,
    51.337801163265));
#8967 = CARTESIAN_POINT('',(-3.272274810996,465.26861839349,
    51.151550526128));
#8968 = CARTESIAN_POINT('',(-2.992163913298,465.71383245527,
    50.955369671353));
#8969 = CARTESIAN_POINT('',(-2.701925606271,466.14113105483,
    50.750464043605));
#8970 = CARTESIAN_POINT('',(-2.102948023941,466.96392747394,
    50.324076855042));
#8971 = CARTESIAN_POINT('',(-1.79424485557,467.35918921164,
    50.102609912362));
#8972 = CARTESIAN_POINT('',(-1.478291090112,467.73889959817,
    49.874080570796));
#8973 = CARTESIAN_POINT('',(-1.156223577697,468.10404858273,
    49.639158286625));
#8974 = CARTESIAN_POINT('',(-0.828922945252,468.45552406938,
    49.398363169146));
#8975 = CARTESIAN_POINT('',(-0.118160644336,469.18066585676,
    48.870898884502));
#8976 = CARTESIAN_POINT('',(0.266645942204,469.55038476753,
    48.58259570213));
#8977 = CARTESIAN_POINT('',(0.656399161734,469.90445996657,
    48.287726770981));
#8978 = CARTESIAN_POINT('',(1.050330389509,470.24376957294,
    47.986745199317));
#8979 = CARTESIAN_POINT('',(1.447835037422,470.56905486678,
    47.680010817899));
#8980 = CARTESIAN_POINT('',(2.171731993518,471.13261756991,
    47.115848504137));
#8981 = CARTESIAN_POINT('',(2.497023337883,471.37555864062,
    46.860345166024));
#8982 = CARTESIAN_POINT('',(2.824084142802,471.61009240863,
    46.601425650208));
#8983 = CARTESIAN_POINT('',(3.152701543359,471.83648266969,
    46.33921892131));
#8984 = CARTESIAN_POINT('',(3.482695030524,472.05494863104,
    46.073836186144));
#8985 = CARTESIAN_POINT('',(4.322514695535,472.58926891238,
    45.393130197909));
#8986 = CARTESIAN_POINT('',(4.833990438493,472.89461143975,
    44.97363234415));
#8987 = CARTESIAN_POINT('',(5.347788136734,473.18239008385,
    44.547220933691));
#8988 = CARTESIAN_POINT('',(5.863453219733,473.45306882836,
    44.114194551163));
#8989 = CARTESIAN_POINT('',(6.380604798403,473.70698459005,
    43.674816584656));
#8990 = CARTESIAN_POINT('',(7.449067869219,474.19631516886,
    42.756465287602));
#8991 = CARTESIAN_POINT('',(8.000514756038,474.42963207096,
    42.276728125426));
#8992 = CARTESIAN_POINT('',(8.552888015833,474.64458640763,
    41.790378522409));
#8993 = CARTESIAN_POINT('',(9.105846751212,474.84129594172,
    41.297684520739));
#8994 = CARTESIAN_POINT('',(9.659082963883,475.01977459656,
    40.798907513196));
#8995 = CARTESIAN_POINT('',(11.139673186057,475.44841350733,
    39.448460717777));
#8996 = CARTESIAN_POINT('',(12.066967072442,475.66541302794,
    38.586294945888));
#8997 = CARTESIAN_POINT('',(12.992950837715,475.83057654936,
    37.708947761476));
#8998 = CARTESIAN_POINT('',(13.916339986205,475.94269183262,
    36.817740872547));
#8999 = CARTESIAN_POINT('',(14.835810078804,476.00000001932,
    35.914190086361));
#9000 = CARTESIAN_POINT('',(15.749999936246,476.,35.));
#9001 = PCURVE('',#7495,#9002);
#9002 = DEFINITIONAL_REPRESENTATION('',(#9003),#9051);
#9003 = B_SPLINE_CURVE_WITH_KNOTS('',6,(#9004,#9005,#9006,#9007,#9008,
    #9009,#9010,#9011,#9012,#9013,#9014,#9015,#9016,#9017,#9018,#9019,
    #9020,#9021,#9022,#9023,#9024,#9025,#9026,#9027,#9028,#9029,#9030,
    #9031,#9032,#9033,#9034,#9035,#9036,#9037,#9038,#9039,#9040,#9041,
    #9042,#9043,#9044,#9045,#9046,#9047,#9048,#9049,#9050),
  .UNSPECIFIED.,.F.,.F.,(7,5,5,5,5,5,5,5,5,7),(0.,8.177679002564E-02,
    0.138359609573,0.22884438913,0.319624316398,0.423252157623,
    0.50687144183,0.635273820304,0.771557158782,1.),.UNSPECIFIED.);
#9004 = CARTESIAN_POINT('',(6.28318530718,105.));
#9005 = CARTESIAN_POINT('',(6.250854811919,105.));
#9006 = CARTESIAN_POINT('',(6.218510444744,105.03292535531));
#9007 = CARTESIAN_POINT('',(6.186472334942,105.09883183431));
#9008 = CARTESIAN_POINT('',(6.154954181142,105.19529041648));
#9009 = CARTESIAN_POINT('',(6.124106631403,105.31880369705));
#9010 = CARTESIAN_POINT('',(6.073214807379,105.56724325038));
#9011 = CARTESIAN_POINT('',(6.052759590838,105.68006241147));
#9012 = CARTESIAN_POINT('',(6.032678987454,105.80296159016));
#9013 = CARTESIAN_POINT('',(6.012976395673,105.93481989991));
#9014 = CARTESIAN_POINT('',(5.993645837079,106.07464225187));
#9015 = CARTESIAN_POINT('',(5.944331505128,106.45659761649));
#9016 = CARTESIAN_POINT('',(5.91491453032,106.709756556));
#9017 = CARTESIAN_POINT('',(5.886350401834,106.977725189));
#9018 = CARTESIAN_POINT('',(5.85857125613,107.2578360867));
#9019 = CARTESIAN_POINT('',(5.831504889582,107.54807439372));
#9020 = CARTESIAN_POINT('',(5.778549768595,108.14705197605));
#9021 = CARTESIAN_POINT('',(5.752673368066,108.45575514443));
#9022 = CARTESIAN_POINT('',(5.727366732891,108.77170890988));
#9023 = CARTESIAN_POINT('',(5.702571710207,109.0937764223));
#9024 = CARTESIAN_POINT('',(5.678235772605,109.42107705474));
#9025 = CARTESIAN_POINT('',(5.626996464244,110.13183935566));
#9026 = CARTESIAN_POINT('',(5.600220571978,110.5166459422));
#9027 = CARTESIAN_POINT('',(5.573910239075,110.90639916173));
#9028 = CARTESIAN_POINT('',(5.548010549318,111.3003303895));
#9029 = CARTESIAN_POINT('',(5.522473495667,111.69783503742));
#9030 = CARTESIAN_POINT('',(5.476906517411,112.42173199351));
#9031 = CARTESIAN_POINT('',(5.456766050294,112.74702333788));
#9032 = CARTESIAN_POINT('',(5.436811852256,113.0740841428));
#9033 = CARTESIAN_POINT('',(5.417024822133,113.40270154335));
#9034 = CARTESIAN_POINT('',(5.397387995621,113.73269503052));
#9035 = CARTESIAN_POINT('',(5.347938493679,114.57251469553));
#9036 = CARTESIAN_POINT('',(5.318309061942,115.08399043849));
#9037 = CARTESIAN_POINT('',(5.288940248415,115.59778813673));
#9038 = CARTESIAN_POINT('',(5.259785818496,116.11345321973));
#9039 = CARTESIAN_POINT('',(5.230804702236,116.6306047984));
#9040 = CARTESIAN_POINT('',(5.171342801687,117.69906786921));
#9041 = CARTESIAN_POINT('',(5.140879865761,118.25051475603));
#9042 = CARTESIAN_POINT('',(5.110525238762,118.80288801583));
#9043 = CARTESIAN_POINT('',(5.080240160189,119.35584675121));
#9044 = CARTESIAN_POINT('',(5.049988762599,119.90908296388));
#9045 = CARTESIAN_POINT('',(4.969026430958,121.38967318605));
#9046 = CARTESIAN_POINT('',(4.918317069076,122.31696707244));
#9047 = CARTESIAN_POINT('',(4.867442419557,123.24295083771));
#9048 = CARTESIAN_POINT('',(4.816259958706,124.1663399862));
#9049 = CARTESIAN_POINT('',(4.764628398626,125.0858100788));
#9050 = CARTESIAN_POINT('',(4.712388980385,125.99999993624));
#9051 = ( GEOMETRIC_REPRESENTATION_CONTEXT(2) 
PARAMETRIC_REPRESENTATION_CONTEXT() REPRESENTATION_CONTEXT('2D SPACE',''
  ) );
#9052 = PCURVE('',#7827,#9053);
#9053 = DEFINITIONAL_REPRESENTATION('',(#9054),#9102);
#9054 = B_SPLINE_CURVE_WITH_KNOTS('',6,(#9055,#9056,#9057,#9058,#9059,
    #9060,#9061,#9062,#9063,#9064,#9065,#9066,#9067,#9068,#9069,#9070,
    #9071,#9072,#9073,#9074,#9075,#9076,#9077,#9078,#9079,#9080,#9081,
    #9082,#9083,#9084,#9085,#9086,#9087,#9088,#9089,#9090,#9091,#9092,
    #9093,#9094,#9095,#9096,#9097,#9098,#9099,#9100,#9101),
  .UNSPECIFIED.,.F.,.F.,(7,5,5,5,5,5,5,5,5,7),(0.,8.177679002564E-02,
    0.138359609573,0.22884438913,0.319624316398,0.423252157623,
    0.50687144183,0.635273820304,0.771557158782,1.),.UNSPECIFIED.);
#9055 = CARTESIAN_POINT('',(0.3947911197,3.14159265359));
#9056 = CARTESIAN_POINT('',(0.3947911197,3.17392314885));
#9057 = CARTESIAN_POINT('',(0.394067493338,3.206267516026));
#9058 = CARTESIAN_POINT('',(0.392618959913,3.238305625827));
#9059 = CARTESIAN_POINT('',(0.390501720281,3.269823779628));
#9060 = CARTESIAN_POINT('',(0.387797336386,3.300671329367));
#9061 = CARTESIAN_POINT('',(0.382374330543,3.351563153391));
#9062 = CARTESIAN_POINT('',(0.379915661708,3.372018369932));
#9063 = CARTESIAN_POINT('',(0.377242585922,3.392098973316));
#9064 = CARTESIAN_POINT('',(0.374381215218,3.411801565097));
#9065 = CARTESIAN_POINT('',(0.371354720379,3.431132123691));
#9066 = CARTESIAN_POINT('',(0.363109817325,3.480446455641));
#9067 = CARTESIAN_POINT('',(0.357666302884,3.50986343045));
#9068 = CARTESIAN_POINT('',(0.351930386602,3.538427558936));
#9069 = CARTESIAN_POINT('',(0.34596445092,3.56620670464));
#9070 = CARTESIAN_POINT('',(0.339815425293,3.593273071187));
#9071 = CARTESIAN_POINT('',(0.327195376491,3.646228192174));
#9072 = CARTESIAN_POINT('',(0.320725334677,3.672104592703));
#9073 = CARTESIAN_POINT('',(0.314140255364,3.697411227878));
#9074 = CARTESIAN_POINT('',(0.307466715861,3.722206250563));
#9075 = CARTESIAN_POINT('',(0.300725206942,3.746542188165));
#9076 = CARTESIAN_POINT('',(0.286174699655,3.797781496525));
#9077 = CARTESIAN_POINT('',(0.278350628892,3.824557388792));
#9078 = CARTESIAN_POINT('',(0.27048173822,3.850867721695));
#9079 = CARTESIAN_POINT('',(0.262585730993,3.876767411452));
#9080 = CARTESIAN_POINT('',(0.254676355428,3.902304465102));
#9081 = CARTESIAN_POINT('',(0.240379193206,3.947871443358));
#9082 = CARTESIAN_POINT('',(0.23399272399,3.968011910476));
#9083 = CARTESIAN_POINT('',(0.227610130559,3.987966108513));
#9084 = CARTESIAN_POINT('',(0.221236114464,4.007753138636));
#9085 = CARTESIAN_POINT('',(0.214874581597,4.027389965148));
#9086 = CARTESIAN_POINT('',(0.198784426289,4.076839467091));
#9087 = CARTESIAN_POINT('',(0.189077387043,4.106468898827));
#9088 = CARTESIAN_POINT('',(0.179419363732,4.135837712354));
#9089 = CARTESIAN_POINT('',(0.169819493707,4.164992142273));
#9090 = CARTESIAN_POINT('',(0.160284998964,4.193973258534));
#9091 = CARTESIAN_POINT('',(0.14077706278,4.253435159082));
#9092 = CARTESIAN_POINT('',(0.130812836382,4.283898095008));
#9093 = CARTESIAN_POINT('',(0.120935573711,4.314252722008));
#9094 = CARTESIAN_POINT('',(0.111150789043,4.34453780058));
#9095 = CARTESIAN_POINT('',(0.101462984535,4.37478919817));
#9096 = CARTESIAN_POINT('',(7.580537645979E-02,4.455751529811));
#9097 = CARTESIAN_POINT('',(6.00186801014E-02,4.506460888321));
#9098 = CARTESIAN_POINT('',(4.45317046238E-02,4.557335551328));
#9099 = CARTESIAN_POINT('',(2.935839193679E-02,4.60851798857));
#9100 = CARTESIAN_POINT('',(1.451095384225E-02,4.6601495718));
#9101 = CARTESIAN_POINT('',(0.,4.712388976742));
#9102 = ( GEOMETRIC_REPRESENTATION_CONTEXT(2) 
PARAMETRIC_REPRESENTATION_CONTEXT() REPRESENTATION_CONTEXT('2D SPACE',''
  ) );
#9103 = ADVANCED_FACE('',(#9104),#7459,.T.);
#9104 = FACE_BOUND('',#9105,.T.);
#9105 = EDGE_LOOP('',(#9106));
#9106 = ORIENTED_EDGE('',*,*,#7444,.T.);
#9107 = ADVANCED_FACE('',(#9108),#7655,.T.);
#9108 = FACE_BOUND('',#9109,.T.);
#9109 = EDGE_LOOP('',(#9110,#9111,#9134,#9161,#9162));
#9110 = ORIENTED_EDGE('',*,*,#8900,.F.);
#9111 = ORIENTED_EDGE('',*,*,#9112,.F.);
#9112 = EDGE_CURVE('',#9113,#7415,#9115,.T.);
#9113 = VERTEX_POINT('',#9114);
#9114 = CARTESIAN_POINT('',(-47.25,395.5,52.5));
#9115 = SEAM_CURVE('',#9116,(#9120,#9127),.PCURVE_S1.);
#9116 = LINE('',#9117,#9118);
#9117 = CARTESIAN_POINT('',(-47.25,395.5,52.5));
#9118 = VECTOR('',#9119,1.);
#9119 = DIRECTION('',(0.,1.,0.));
#9120 = PCURVE('',#7655,#9121);
#9121 = DEFINITIONAL_REPRESENTATION('',(#9122),#9126);
#9122 = LINE('',#9123,#9124);
#9123 = CARTESIAN_POINT('',(6.28318530718,-0.));
#9124 = VECTOR('',#9125,1.);
#9125 = DIRECTION('',(0.,1.));
#9126 = ( GEOMETRIC_REPRESENTATION_CONTEXT(2) 
PARAMETRIC_REPRESENTATION_CONTEXT() REPRESENTATION_CONTEXT('2D SPACE',''
  ) );
#9127 = PCURVE('',#7655,#9128);
#9128 = DEFINITIONAL_REPRESENTATION('',(#9129),#9133);
#9129 = LINE('',#9130,#9131);
#9130 = CARTESIAN_POINT('',(0.,-0.));
#9131 = VECTOR('',#9132,1.);
#9132 = DIRECTION('',(0.,1.));
#9133 = ( GEOMETRIC_REPRESENTATION_CONTEXT(2) 
PARAMETRIC_REPRESENTATION_CONTEXT() REPRESENTATION_CONTEXT('2D SPACE',''
  ) );
#9134 = ORIENTED_EDGE('',*,*,#9135,.T.);
#9135 = EDGE_CURVE('',#9113,#9113,#9136,.T.);
#9136 = SURFACE_CURVE('',#9137,(#9142,#9149),.PCURVE_S1.);
#9137 = CIRCLE('',#9138,17.5);
#9138 = AXIS2_PLACEMENT_3D('',#9139,#9140,#9141);
#9139 = CARTESIAN_POINT('',(-47.25,395.5,35.));
#9140 = DIRECTION('',(0.,1.,0.));
#9141 = DIRECTION('',(0.,0.,1.));
#9142 = PCURVE('',#7655,#9143);
#9143 = DEFINITIONAL_REPRESENTATION('',(#9144),#9148);
#9144 = LINE('',#9145,#9146);
#9145 = CARTESIAN_POINT('',(0.,0.));
#9146 = VECTOR('',#9147,1.);
#9147 = DIRECTION('',(1.,0.));
#9148 = ( GEOMETRIC_REPRESENTATION_CONTEXT(2) 
PARAMETRIC_REPRESENTATION_CONTEXT() REPRESENTATION_CONTEXT('2D SPACE',''
  ) );
#9149 = PCURVE('',#9150,#9155);
#9150 = PLANE('',#9151);
#9151 = AXIS2_PLACEMENT_3D('',#9152,#9153,#9154);
#9152 = CARTESIAN_POINT('',(-47.25,395.5,35.));
#9153 = DIRECTION('',(0.,1.,0.));
#9154 = DIRECTION('',(0.,0.,1.));
#9155 = DEFINITIONAL_REPRESENTATION('',(#9156),#9160);
#9156 = CIRCLE('',#9157,17.5);
#9157 = AXIS2_PLACEMENT_2D('',#9158,#9159);
#9158 = CARTESIAN_POINT('',(0.,0.));
#9159 = DIRECTION('',(1.,0.));
#9160 = ( GEOMETRIC_REPRESENTATION_CONTEXT(2) 
PARAMETRIC_REPRESENTATION_CONTEXT() REPRESENTATION_CONTEXT('2D SPACE',''
  ) );
#9161 = ORIENTED_EDGE('',*,*,#9112,.T.);
#9162 = ORIENTED_EDGE('',*,*,#7627,.F.);
#9163 = ADVANCED_FACE('',(#9164,#9240),#7827,.T.);
#9164 = FACE_BOUND('',#9165,.T.);
#9165 = EDGE_LOOP('',(#9166,#9190,#9212,#9213,#9214,#9236,#9237,#9238,
    #9239));
#9166 = ORIENTED_EDGE('',*,*,#9167,.F.);
#9167 = EDGE_CURVE('',#9168,#8405,#9170,.T.);
#9168 = VERTEX_POINT('',#9169);
#9169 = CARTESIAN_POINT('',(33.25,458.5,35.));
#9170 = SEAM_CURVE('',#9171,(#9176,#9183),.PCURVE_S1.);
#9171 = CIRCLE('',#9172,17.5);
#9172 = AXIS2_PLACEMENT_3D('',#9173,#9174,#9175);
#9173 = CARTESIAN_POINT('',(15.75,458.5,35.));
#9174 = DIRECTION('',(-2.449293598295E-16,-1.110223024625E-16,-1.));
#9175 = DIRECTION('',(1.,-2.719262146894E-32,-2.449293598295E-16));
#9176 = PCURVE('',#7827,#9177);
#9177 = DEFINITIONAL_REPRESENTATION('',(#9178),#9182);
#9178 = LINE('',#9179,#9180);
#9179 = CARTESIAN_POINT('',(0.,-0.));
#9180 = VECTOR('',#9181,1.);
#9181 = DIRECTION('',(0.,1.));
#9182 = ( GEOMETRIC_REPRESENTATION_CONTEXT(2) 
PARAMETRIC_REPRESENTATION_CONTEXT() REPRESENTATION_CONTEXT('2D SPACE',''
  ) );
#9183 = PCURVE('',#7827,#9184);
#9184 = DEFINITIONAL_REPRESENTATION('',(#9185),#9189);
#9185 = LINE('',#9186,#9187);
#9186 = CARTESIAN_POINT('',(6.28318530718,-0.));
#9187 = VECTOR('',#9188,1.);
#9188 = DIRECTION('',(0.,1.));
#9189 = ( GEOMETRIC_REPRESENTATION_CONTEXT(2) 
PARAMETRIC_REPRESENTATION_CONTEXT() REPRESENTATION_CONTEXT('2D SPACE',''
  ) );
#9190 = ORIENTED_EDGE('',*,*,#9191,.T.);
#9191 = EDGE_CURVE('',#9168,#9168,#9192,.T.);
#9192 = SEAM_CURVE('',#9193,(#9198,#9205),.PCURVE_S1.);
#9193 = CIRCLE('',#9194,80.5);
#9194 = AXIS2_PLACEMENT_3D('',#9195,#9196,#9197);
#9195 = CARTESIAN_POINT('',(-47.25,458.5,35.));
#9196 = DIRECTION('',(0.,-1.,1.110223024625E-16));
#9197 = DIRECTION('',(1.,0.,0.));
#9198 = PCURVE('',#7827,#9199);
#9199 = DEFINITIONAL_REPRESENTATION('',(#9200),#9204);
#9200 = LINE('',#9201,#9202);
#9201 = CARTESIAN_POINT('',(0.,6.28318530718));
#9202 = VECTOR('',#9203,1.);
#9203 = DIRECTION('',(1.,0.));
#9204 = ( GEOMETRIC_REPRESENTATION_CONTEXT(2) 
PARAMETRIC_REPRESENTATION_CONTEXT() REPRESENTATION_CONTEXT('2D SPACE',''
  ) );
#9205 = PCURVE('',#7827,#9206);
#9206 = DEFINITIONAL_REPRESENTATION('',(#9207),#9211);
#9207 = LINE('',#9208,#9209);
#9208 = CARTESIAN_POINT('',(0.,0.));
#9209 = VECTOR('',#9210,1.);
#9210 = DIRECTION('',(1.,0.));
#9211 = ( GEOMETRIC_REPRESENTATION_CONTEXT(2) 
PARAMETRIC_REPRESENTATION_CONTEXT() REPRESENTATION_CONTEXT('2D SPACE',''
  ) );
#9212 = ORIENTED_EDGE('',*,*,#9167,.T.);
#9213 = ORIENTED_EDGE('',*,*,#8402,.F.);
#9214 = ORIENTED_EDGE('',*,*,#9215,.T.);
#9215 = EDGE_CURVE('',#8403,#9168,#9216,.T.);
#9216 = SEAM_CURVE('',#9217,(#9222,#9229),.PCURVE_S1.);
#9217 = CIRCLE('',#9218,17.5);
#9218 = AXIS2_PLACEMENT_3D('',#9219,#9220,#9221);
#9219 = CARTESIAN_POINT('',(15.75,458.5,35.));
#9220 = DIRECTION('',(-2.449293598295E-16,-1.110223024625E-16,-1.));
#9221 = DIRECTION('',(1.,-2.719262146894E-32,-2.449293598295E-16));
#9222 = PCURVE('',#7827,#9223);
#9223 = DEFINITIONAL_REPRESENTATION('',(#9224),#9228);
#9224 = LINE('',#9225,#9226);
#9225 = CARTESIAN_POINT('',(0.,-0.));
#9226 = VECTOR('',#9227,1.);
#9227 = DIRECTION('',(0.,1.));
#9228 = ( GEOMETRIC_REPRESENTATION_CONTEXT(2) 
PARAMETRIC_REPRESENTATION_CONTEXT() REPRESENTATION_CONTEXT('2D SPACE',''
  ) );
#9229 = PCURVE('',#7827,#9230);
#9230 = DEFINITIONAL_REPRESENTATION('',(#9231),#9235);
#9231 = LINE('',#9232,#9233);
#9232 = CARTESIAN_POINT('',(6.28318530718,-0.));
#9233 = VECTOR('',#9234,1.);
#9234 = DIRECTION('',(0.,1.));
#9235 = ( GEOMETRIC_REPRESENTATION_CONTEXT(2) 
PARAMETRIC_REPRESENTATION_CONTEXT() REPRESENTATION_CONTEXT('2D SPACE',''
  ) );
#9236 = ORIENTED_EDGE('',*,*,#9191,.F.);
#9237 = ORIENTED_EDGE('',*,*,#9215,.F.);
#9238 = ORIENTED_EDGE('',*,*,#8951,.F.);
#9239 = ORIENTED_EDGE('',*,*,#8724,.F.);
#9240 = FACE_BOUND('',#9241,.T.);
#9241 = EDGE_LOOP('',(#9242,#9243,#9244));
#9242 = ORIENTED_EDGE('',*,*,#8243,.F.);
#9243 = ORIENTED_EDGE('',*,*,#7893,.F.);
#9244 = ORIENTED_EDGE('',*,*,#7703,.F.);
#9245 = ADVANCED_FACE('',(#9246),#9150,.F.);
#9246 = FACE_BOUND('',#9247,.T.);
#9247 = EDGE_LOOP('',(#9248));
#9248 = ORIENTED_EDGE('',*,*,#9135,.F.);
#9249 = MANIFOLD_SOLID_BREP('',#9250);
#9250 = CLOSED_SHELL('',(#9251,#9464,#10239,#10944,#10948,#11004,#11086)
  );
#9251 = ADVANCED_FACE('',(#9252),#9266,.T.);
#9252 = FACE_BOUND('',#9253,.T.);
#9253 = EDGE_LOOP('',(#9254,#9284,#9311,#9312,#9353,#9389,#9430));
#9254 = ORIENTED_EDGE('',*,*,#9255,.T.);
#9255 = EDGE_CURVE('',#9256,#9258,#9260,.T.);
#9256 = VERTEX_POINT('',#9257);
#9257 = CARTESIAN_POINT('',(31.5,311.5,52.5));
#9258 = VERTEX_POINT('',#9259);
#9259 = CARTESIAN_POINT('',(31.5,374.5,52.5));
#9260 = SEAM_CURVE('',#9261,(#9265,#9277),.PCURVE_S1.);
#9261 = LINE('',#9262,#9263);
#9262 = CARTESIAN_POINT('',(31.5,248.5,52.5));
#9263 = VECTOR('',#9264,1.);
#9264 = DIRECTION('',(0.,1.,0.));
#9265 = PCURVE('',#9266,#9271);
#9266 = CYLINDRICAL_SURFACE('',#9267,17.5);
#9267 = AXIS2_PLACEMENT_3D('',#9268,#9269,#9270);
#9268 = CARTESIAN_POINT('',(31.5,248.5,35.));
#9269 = DIRECTION('',(0.,1.,0.));
#9270 = DIRECTION('',(0.,0.,1.));
#9271 = DEFINITIONAL_REPRESENTATION('',(#9272),#9276);
#9272 = LINE('',#9273,#9274);
#9273 = CARTESIAN_POINT('',(6.28318530718,-0.));
#9274 = VECTOR('',#9275,1.);
#9275 = DIRECTION('',(0.,1.));
#9276 = ( GEOMETRIC_REPRESENTATION_CONTEXT(2) 
PARAMETRIC_REPRESENTATION_CONTEXT() REPRESENTATION_CONTEXT('2D SPACE',''
  ) );
#9277 = PCURVE('',#9266,#9278);
#9278 = DEFINITIONAL_REPRESENTATION('',(#9279),#9283);
#9279 = LINE('',#9280,#9281);
#9280 = CARTESIAN_POINT('',(0.,-0.));
#9281 = VECTOR('',#9282,1.);
#9282 = DIRECTION('',(0.,1.));
#9283 = ( GEOMETRIC_REPRESENTATION_CONTEXT(2) 
PARAMETRIC_REPRESENTATION_CONTEXT() REPRESENTATION_CONTEXT('2D SPACE',''
  ) );
#9284 = ORIENTED_EDGE('',*,*,#9285,.F.);
#9285 = EDGE_CURVE('',#9258,#9258,#9286,.T.);
#9286 = SURFACE_CURVE('',#9287,(#9292,#9299),.PCURVE_S1.);
#9287 = CIRCLE('',#9288,17.5);
#9288 = AXIS2_PLACEMENT_3D('',#9289,#9290,#9291);
#9289 = CARTESIAN_POINT('',(31.5,374.5,35.));
#9290 = DIRECTION('',(0.,1.,0.));
#9291 = DIRECTION('',(0.,0.,1.));
#9292 = PCURVE('',#9266,#9293);
#9293 = DEFINITIONAL_REPRESENTATION('',(#9294),#9298);
#9294 = LINE('',#9295,#9296);
#9295 = CARTESIAN_POINT('',(0.,126.));
#9296 = VECTOR('',#9297,1.);
#9297 = DIRECTION('',(1.,0.));
#9298 = ( GEOMETRIC_REPRESENTATION_CONTEXT(2) 
PARAMETRIC_REPRESENTATION_CONTEXT() REPRESENTATION_CONTEXT('2D SPACE',''
  ) );
#9299 = PCURVE('',#9300,#9305);
#9300 = PLANE('',#9301);
#9301 = AXIS2_PLACEMENT_3D('',#9302,#9303,#9304);
#9302 = CARTESIAN_POINT('',(31.5,374.5,35.));
#9303 = DIRECTION('',(0.,1.,0.));
#9304 = DIRECTION('',(0.,0.,1.));
#9305 = DEFINITIONAL_REPRESENTATION('',(#9306),#9310);
#9306 = CIRCLE('',#9307,17.5);
#9307 = AXIS2_PLACEMENT_2D('',#9308,#9309);
#9308 = CARTESIAN_POINT('',(0.,0.));
#9309 = DIRECTION('',(1.,0.));
#9310 = ( GEOMETRIC_REPRESENTATION_CONTEXT(2) 
PARAMETRIC_REPRESENTATION_CONTEXT() REPRESENTATION_CONTEXT('2D SPACE',''
  ) );
#9311 = ORIENTED_EDGE('',*,*,#9255,.F.);
#9312 = ORIENTED_EDGE('',*,*,#9313,.T.);
#9313 = EDGE_CURVE('',#9256,#9314,#9316,.T.);
#9314 = VERTEX_POINT('',#9315);
#9315 = CARTESIAN_POINT('',(49.,329.,35.));
#9316 = SURFACE_CURVE('',#9317,(#9322,#9335),.PCURVE_S1.);
#9317 = ELLIPSE('',#9318,24.748737341529,17.5);
#9318 = AXIS2_PLACEMENT_3D('',#9319,#9320,#9321);
#9319 = CARTESIAN_POINT('',(31.5,311.5,35.));
#9320 = DIRECTION('',(-0.707106781187,0.707106781187,0.));
#9321 = DIRECTION('',(0.707106781187,0.707106781187,0.));
#9322 = PCURVE('',#9266,#9323);
#9323 = DEFINITIONAL_REPRESENTATION('',(#9324),#9334);
#9324 = B_SPLINE_CURVE_WITH_KNOTS('',8,(#9325,#9326,#9327,#9328,#9329,
    #9330,#9331,#9332,#9333),.UNSPECIFIED.,.F.,.F.,(9,9),(4.712388980385
    ,6.28318530718),.PIECEWISE_BEZIER_KNOTS.);
#9325 = CARTESIAN_POINT('',(0.,63.));
#9326 = CARTESIAN_POINT('',(0.196349540849,66.436116964864));
#9327 = CARTESIAN_POINT('',(0.392699081698,69.872234745504));
#9328 = CARTESIAN_POINT('',(0.589048622546,73.106482071424));
#9329 = CARTESIAN_POINT('',(0.785398163397,75.937028135173));
#9330 = CARTESIAN_POINT('',(0.981747704247,78.186815811147));
#9331 = CARTESIAN_POINT('',(1.178097245095,79.728936420157));
#9332 = CARTESIAN_POINT('',(1.374446785946,80.5));
#9333 = CARTESIAN_POINT('',(1.570796326795,80.5));
#9334 = ( GEOMETRIC_REPRESENTATION_CONTEXT(2) 
PARAMETRIC_REPRESENTATION_CONTEXT() REPRESENTATION_CONTEXT('2D SPACE',''
  ) );
#9335 = PCURVE('',#9336,#9341);
#9336 = CYLINDRICAL_SURFACE('',#9337,17.5);
#9337 = AXIS2_PLACEMENT_3D('',#9338,#9339,#9340);
#9338 = CARTESIAN_POINT('',(-31.5,311.5,35.));
#9339 = DIRECTION('',(1.,0.,0.));
#9340 = DIRECTION('',(0.,0.,1.));
#9341 = DEFINITIONAL_REPRESENTATION('',(#9342),#9352);
#9342 = B_SPLINE_CURVE_WITH_KNOTS('',8,(#9343,#9344,#9345,#9346,#9347,
    #9348,#9349,#9350,#9351),.UNSPECIFIED.,.F.,.F.,(9,9),(4.712388980385
    ,6.28318530718),.PIECEWISE_BEZIER_KNOTS.);
#9343 = CARTESIAN_POINT('',(6.28318530718,63.));
#9344 = CARTESIAN_POINT('',(6.08683576633,66.436116964864));
#9345 = CARTESIAN_POINT('',(5.890486225481,69.872234745504));
#9346 = CARTESIAN_POINT('',(5.694136684631,73.106482071424));
#9347 = CARTESIAN_POINT('',(5.497787143785,75.937028135173));
#9348 = CARTESIAN_POINT('',(5.301437602933,78.186815811147));
#9349 = CARTESIAN_POINT('',(5.105088062084,79.728936420157));
#9350 = CARTESIAN_POINT('',(4.908738521234,80.5));
#9351 = CARTESIAN_POINT('',(4.712388980385,80.5));
#9352 = ( GEOMETRIC_REPRESENTATION_CONTEXT(2) 
PARAMETRIC_REPRESENTATION_CONTEXT() REPRESENTATION_CONTEXT('2D SPACE',''
  ) );
#9353 = ORIENTED_EDGE('',*,*,#9354,.T.);
#9354 = EDGE_CURVE('',#9314,#9355,#9357,.T.);
#9355 = VERTEX_POINT('',#9356);
#9356 = CARTESIAN_POINT('',(31.5,311.5,17.5));
#9357 = SURFACE_CURVE('',#9358,(#9363,#9376),.PCURVE_S1.);
#9358 = ELLIPSE('',#9359,24.748737341529,17.5);
#9359 = AXIS2_PLACEMENT_3D('',#9360,#9361,#9362);
#9360 = CARTESIAN_POINT('',(31.5,311.5,35.));
#9361 = DIRECTION('',(-0.707106781187,0.707106781187,0.));
#9362 = DIRECTION('',(0.707106781187,0.707106781187,0.));
#9363 = PCURVE('',#9266,#9364);
#9364 = DEFINITIONAL_REPRESENTATION('',(#9365),#9375);
#9365 = B_SPLINE_CURVE_WITH_KNOTS('',8,(#9366,#9367,#9368,#9369,#9370,
    #9371,#9372,#9373,#9374),.UNSPECIFIED.,.F.,.F.,(9,9),(0.,
    1.570796326795),.PIECEWISE_BEZIER_KNOTS.);
#9366 = CARTESIAN_POINT('',(1.570796326795,80.5));
#9367 = CARTESIAN_POINT('',(1.767145867644,80.5));
#9368 = CARTESIAN_POINT('',(1.963495408491,79.728936420201));
#9369 = CARTESIAN_POINT('',(2.159844949346,78.186815811088));
#9370 = CARTESIAN_POINT('',(2.356194490172,75.937028134824));
#9371 = CARTESIAN_POINT('',(2.552544031043,73.106482071191));
#9372 = CARTESIAN_POINT('',(2.748893571889,69.872234745533));
#9373 = CARTESIAN_POINT('',(2.94524311274,66.436116964864));
#9374 = CARTESIAN_POINT('',(3.14159265359,63.));
#9375 = ( GEOMETRIC_REPRESENTATION_CONTEXT(2) 
PARAMETRIC_REPRESENTATION_CONTEXT() REPRESENTATION_CONTEXT('2D SPACE',''
  ) );
#9376 = PCURVE('',#9336,#9377);
#9377 = DEFINITIONAL_REPRESENTATION('',(#9378),#9388);
#9378 = B_SPLINE_CURVE_WITH_KNOTS('',8,(#9379,#9380,#9381,#9382,#9383,
    #9384,#9385,#9386,#9387),.UNSPECIFIED.,.F.,.F.,(9,9),(0.,
    1.570796326795),.PIECEWISE_BEZIER_KNOTS.);
#9379 = CARTESIAN_POINT('',(4.712388980385,80.5));
#9380 = CARTESIAN_POINT('',(4.516039439535,80.5));
#9381 = CARTESIAN_POINT('',(4.319689898685,79.728936420201));
#9382 = CARTESIAN_POINT('',(4.123340357828,78.186815811088));
#9383 = CARTESIAN_POINT('',(3.926990816984,75.937028134824));
#9384 = CARTESIAN_POINT('',(3.730641276125,73.106482071191));
#9385 = CARTESIAN_POINT('',(3.534291735289,69.872234745533));
#9386 = CARTESIAN_POINT('',(3.337942194439,66.436116964864));
#9387 = CARTESIAN_POINT('',(3.14159265359,63.));
#9388 = ( GEOMETRIC_REPRESENTATION_CONTEXT(2) 
PARAMETRIC_REPRESENTATION_CONTEXT() REPRESENTATION_CONTEXT('2D SPACE',''
  ) );
#9389 = ORIENTED_EDGE('',*,*,#9390,.T.);
#9390 = EDGE_CURVE('',#9355,#9391,#9393,.T.);
#9391 = VERTEX_POINT('',#9392);
#9392 = CARTESIAN_POINT('',(14.,329.,35.));
#9393 = SURFACE_CURVE('',#9394,(#9399,#9412),.PCURVE_S1.);
#9394 = ELLIPSE('',#9395,24.748737341529,17.5);
#9395 = AXIS2_PLACEMENT_3D('',#9396,#9397,#9398);
#9396 = CARTESIAN_POINT('',(31.5,311.5,35.));
#9397 = DIRECTION('',(0.707106781187,0.707106781187,-0.));
#9398 = DIRECTION('',(-0.707106781187,0.707106781187,0.));
#9399 = PCURVE('',#9266,#9400);
#9400 = DEFINITIONAL_REPRESENTATION('',(#9401),#9411);
#9401 = B_SPLINE_CURVE_WITH_KNOTS('',8,(#9402,#9403,#9404,#9405,#9406,
    #9407,#9408,#9409,#9410),.UNSPECIFIED.,.F.,.F.,(9,9),(4.712388980385
    ,6.28318530718),.PIECEWISE_BEZIER_KNOTS.);
#9402 = CARTESIAN_POINT('',(3.14159265359,63.));
#9403 = CARTESIAN_POINT('',(3.337942194439,66.436116964864));
#9404 = CARTESIAN_POINT('',(3.534291735285,69.872234745504));
#9405 = CARTESIAN_POINT('',(3.730641276146,73.106482071424));
#9406 = CARTESIAN_POINT('',(3.926990816959,75.937028135173));
#9407 = CARTESIAN_POINT('',(4.12334035785,78.186815811147));
#9408 = CARTESIAN_POINT('',(4.319689898683,79.728936420157));
#9409 = CARTESIAN_POINT('',(4.516039439535,80.5));
#9410 = CARTESIAN_POINT('',(4.712388980385,80.5));
#9411 = ( GEOMETRIC_REPRESENTATION_CONTEXT(2) 
PARAMETRIC_REPRESENTATION_CONTEXT() REPRESENTATION_CONTEXT('2D SPACE',''
  ) );
#9412 = PCURVE('',#9413,#9418);
#9413 = CYLINDRICAL_SURFACE('',#9414,17.5);
#9414 = AXIS2_PLACEMENT_3D('',#9415,#9416,#9417);
#9415 = CARTESIAN_POINT('',(-31.5,311.5,35.));
#9416 = DIRECTION('',(1.,0.,0.));
#9417 = DIRECTION('',(0.,0.,1.));
#9418 = DEFINITIONAL_REPRESENTATION('',(#9419),#9429);
#9419 = B_SPLINE_CURVE_WITH_KNOTS('',8,(#9420,#9421,#9422,#9423,#9424,
    #9425,#9426,#9427,#9428),.UNSPECIFIED.,.F.,.F.,(9,9),(4.712388980385
    ,6.28318530718),.PIECEWISE_BEZIER_KNOTS.);
#9420 = CARTESIAN_POINT('',(3.14159265359,63.));
#9421 = CARTESIAN_POINT('',(3.337942194439,59.563883035136));
#9422 = CARTESIAN_POINT('',(3.534291735285,56.127765254438));
#9423 = CARTESIAN_POINT('',(3.730641276146,52.893517928693));
#9424 = CARTESIAN_POINT('',(3.926990816959,50.06297186506));
#9425 = CARTESIAN_POINT('',(4.12334035785,47.813184188941));
#9426 = CARTESIAN_POINT('',(4.319689898683,46.271063579778));
#9427 = CARTESIAN_POINT('',(4.516039439535,45.5));
#9428 = CARTESIAN_POINT('',(4.712388980385,45.5));
#9429 = ( GEOMETRIC_REPRESENTATION_CONTEXT(2) 
PARAMETRIC_REPRESENTATION_CONTEXT() REPRESENTATION_CONTEXT('2D SPACE',''
  ) );
#9430 = ORIENTED_EDGE('',*,*,#9431,.T.);
#9431 = EDGE_CURVE('',#9391,#9256,#9432,.T.);
#9432 = SURFACE_CURVE('',#9433,(#9438,#9451),.PCURVE_S1.);
#9433 = ELLIPSE('',#9434,24.748737341529,17.5);
#9434 = AXIS2_PLACEMENT_3D('',#9435,#9436,#9437);
#9435 = CARTESIAN_POINT('',(31.5,311.5,35.));
#9436 = DIRECTION('',(0.707106781187,0.707106781187,-0.));
#9437 = DIRECTION('',(-0.707106781187,0.707106781187,0.));
#9438 = PCURVE('',#9266,#9439);
#9439 = DEFINITIONAL_REPRESENTATION('',(#9440),#9450);
#9440 = B_SPLINE_CURVE_WITH_KNOTS('',8,(#9441,#9442,#9443,#9444,#9445,
    #9446,#9447,#9448,#9449),.UNSPECIFIED.,.F.,.F.,(9,9),(0.,
    1.570796326795),.PIECEWISE_BEZIER_KNOTS.);
#9441 = CARTESIAN_POINT('',(4.712388980385,80.5));
#9442 = CARTESIAN_POINT('',(4.908738521234,80.5));
#9443 = CARTESIAN_POINT('',(5.105088062085,79.728936420201));
#9444 = CARTESIAN_POINT('',(5.301437602932,78.186815811088));
#9445 = CARTESIAN_POINT('',(5.497787143783,75.937028134824));
#9446 = CARTESIAN_POINT('',(5.694136684629,73.106482071191));
#9447 = CARTESIAN_POINT('',(5.890486225482,69.872234745533));
#9448 = CARTESIAN_POINT('',(6.08683576633,66.436116964864));
#9449 = CARTESIAN_POINT('',(6.28318530718,63.));
#9450 = ( GEOMETRIC_REPRESENTATION_CONTEXT(2) 
PARAMETRIC_REPRESENTATION_CONTEXT() REPRESENTATION_CONTEXT('2D SPACE',''
  ) );
#9451 = PCURVE('',#9413,#9452);
#9452 = DEFINITIONAL_REPRESENTATION('',(#9453),#9463);
#9453 = B_SPLINE_CURVE_WITH_KNOTS('',8,(#9454,#9455,#9456,#9457,#9458,
    #9459,#9460,#9461,#9462),.UNSPECIFIED.,.F.,.F.,(9,9),(0.,
    1.570796326795),.PIECEWISE_BEZIER_KNOTS.);
#9454 = CARTESIAN_POINT('',(4.712388980385,45.5));
#9455 = CARTESIAN_POINT('',(4.908738521234,45.5));
#9456 = CARTESIAN_POINT('',(5.105088062085,46.271063579748));
#9457 = CARTESIAN_POINT('',(5.301437602932,47.813184189115));
#9458 = CARTESIAN_POINT('',(5.497787143783,50.062971864769));
#9459 = CARTESIAN_POINT('',(5.694136684629,52.893517928926));
#9460 = CARTESIAN_POINT('',(5.890486225482,56.127765254379));
#9461 = CARTESIAN_POINT('',(6.08683576633,59.563883035136));
#9462 = CARTESIAN_POINT('',(6.28318530718,63.));
#9463 = ( GEOMETRIC_REPRESENTATION_CONTEXT(2) 
PARAMETRIC_REPRESENTATION_CONTEXT() REPRESENTATION_CONTEXT('2D SPACE',''
  ) );
#9464 = ADVANCED_FACE('',(#9465),#9413,.T.);
#9465 = FACE_BOUND('',#9466,.T.);
#9466 = EDGE_LOOP('',(#9467,#9520,#9543,#9733,#10083,#10236,#10237,
    #10238));
#9467 = ORIENTED_EDGE('',*,*,#9468,.T.);
#9468 = EDGE_CURVE('',#9355,#9256,#9469,.T.);
#9469 = SURFACE_CURVE('',#9470,(#9475,#9495),.PCURVE_S1.);
#9470 = ELLIPSE('',#9471,24.748737341529,17.5);
#9471 = AXIS2_PLACEMENT_3D('',#9472,#9473,#9474);
#9472 = CARTESIAN_POINT('',(31.5,311.5,35.));
#9473 = DIRECTION('',(-0.707106781187,0.707106781187,0.));
#9474 = DIRECTION('',(0.707106781187,0.707106781187,0.));
#9475 = PCURVE('',#9413,#9476);
#9476 = DEFINITIONAL_REPRESENTATION('',(#9477),#9494);
#9477 = B_SPLINE_CURVE_WITH_KNOTS('',8,(#9478,#9479,#9480,#9481,#9482,
    #9483,#9484,#9485,#9486,#9487,#9488,#9489,#9490,#9491,#9492,#9493),
  .UNSPECIFIED.,.F.,.F.,(9,7,9),(1.570796326795,3.14159265359,
    4.712388980385),.UNSPECIFIED.);
#9478 = CARTESIAN_POINT('',(3.14159265359,63.));
#9479 = CARTESIAN_POINT('',(2.94524311274,59.563883035136));
#9480 = CARTESIAN_POINT('',(2.74889357189,56.127765254438));
#9481 = CARTESIAN_POINT('',(2.552544031035,52.893517928926));
#9482 = CARTESIAN_POINT('',(2.356194490185,50.062971864711));
#9483 = CARTESIAN_POINT('',(2.15984494934,47.813184189174));
#9484 = CARTESIAN_POINT('',(1.963495408492,46.271063579778));
#9485 = CARTESIAN_POINT('',(1.767145867644,45.5));
#9486 = CARTESIAN_POINT('',(1.374446785946,45.5));
#9487 = CARTESIAN_POINT('',(1.178097245096,46.271063579748));
#9488 = CARTESIAN_POINT('',(0.981747704245,47.813184189115));
#9489 = CARTESIAN_POINT('',(0.785398163396,50.062971864769));
#9490 = CARTESIAN_POINT('',(0.589048622546,52.893517928926));
#9491 = CARTESIAN_POINT('',(0.392699081699,56.127765254379));
#9492 = CARTESIAN_POINT('',(0.196349540849,59.563883035136));
#9493 = CARTESIAN_POINT('',(1.836970198721E-16,63.));
#9494 = ( GEOMETRIC_REPRESENTATION_CONTEXT(2) 
PARAMETRIC_REPRESENTATION_CONTEXT() REPRESENTATION_CONTEXT('2D SPACE',''
  ) );
#9495 = PCURVE('',#9496,#9501);
#9496 = CYLINDRICAL_SURFACE('',#9497,17.5);
#9497 = AXIS2_PLACEMENT_3D('',#9498,#9499,#9500);
#9498 = CARTESIAN_POINT('',(31.5,248.5,35.));
#9499 = DIRECTION('',(0.,1.,0.));
#9500 = DIRECTION('',(0.,0.,1.));
#9501 = DEFINITIONAL_REPRESENTATION('',(#9502),#9519);
#9502 = B_SPLINE_CURVE_WITH_KNOTS('',8,(#9503,#9504,#9505,#9506,#9507,
    #9508,#9509,#9510,#9511,#9512,#9513,#9514,#9515,#9516,#9517,#9518),
  .UNSPECIFIED.,.F.,.F.,(9,7,9),(1.570796326795,3.14159265359,
    4.712388980385),.UNSPECIFIED.);
#9503 = CARTESIAN_POINT('',(3.14159265359,63.));
#9504 = CARTESIAN_POINT('',(3.337942194439,59.563883035136));
#9505 = CARTESIAN_POINT('',(3.534291735282,56.127765254438));
#9506 = CARTESIAN_POINT('',(3.730641276157,52.893517928926));
#9507 = CARTESIAN_POINT('',(3.926990816955,50.062971864711));
#9508 = CARTESIAN_POINT('',(4.123340357854,47.813184189174));
#9509 = CARTESIAN_POINT('',(4.319689898681,46.271063579778));
#9510 = CARTESIAN_POINT('',(4.516039439535,45.5));
#9511 = CARTESIAN_POINT('',(4.908738521234,45.5));
#9512 = CARTESIAN_POINT('',(5.105088062087,46.271063579748));
#9513 = CARTESIAN_POINT('',(5.301437602902,47.813184189115));
#9514 = CARTESIAN_POINT('',(5.49778714378,50.062971864769));
#9515 = CARTESIAN_POINT('',(5.694136684611,52.893517928926));
#9516 = CARTESIAN_POINT('',(5.89048622548,56.127765254379));
#9517 = CARTESIAN_POINT('',(6.08683576633,59.563883035136));
#9518 = CARTESIAN_POINT('',(6.28318530718,63.));
#9519 = ( GEOMETRIC_REPRESENTATION_CONTEXT(2) 
PARAMETRIC_REPRESENTATION_CONTEXT() REPRESENTATION_CONTEXT('2D SPACE',''
  ) );
#9520 = ORIENTED_EDGE('',*,*,#9521,.F.);
#9521 = EDGE_CURVE('',#9522,#9256,#9524,.T.);
#9522 = VERTEX_POINT('',#9523);
#9523 = CARTESIAN_POINT('',(-10.5,311.5,52.5));
#9524 = SEAM_CURVE('',#9525,(#9529,#9536),.PCURVE_S1.);
#9525 = LINE('',#9526,#9527);
#9526 = CARTESIAN_POINT('',(-31.5,311.5,52.5));
#9527 = VECTOR('',#9528,1.);
#9528 = DIRECTION('',(1.,0.,0.));
#9529 = PCURVE('',#9413,#9530);
#9530 = DEFINITIONAL_REPRESENTATION('',(#9531),#9535);
#9531 = LINE('',#9532,#9533);
#9532 = CARTESIAN_POINT('',(6.28318530718,-0.));
#9533 = VECTOR('',#9534,1.);
#9534 = DIRECTION('',(0.,1.));
#9535 = ( GEOMETRIC_REPRESENTATION_CONTEXT(2) 
PARAMETRIC_REPRESENTATION_CONTEXT() REPRESENTATION_CONTEXT('2D SPACE',''
  ) );
#9536 = PCURVE('',#9413,#9537);
#9537 = DEFINITIONAL_REPRESENTATION('',(#9538),#9542);
#9538 = LINE('',#9539,#9540);
#9539 = CARTESIAN_POINT('',(0.,-0.));
#9540 = VECTOR('',#9541,1.);
#9541 = DIRECTION('',(0.,1.));
#9542 = ( GEOMETRIC_REPRESENTATION_CONTEXT(2) 
PARAMETRIC_REPRESENTATION_CONTEXT() REPRESENTATION_CONTEXT('2D SPACE',''
  ) );
#9543 = ORIENTED_EDGE('',*,*,#9544,.T.);
#9544 = EDGE_CURVE('',#9522,#9545,#9547,.T.);
#9545 = VERTEX_POINT('',#9546);
#9546 = CARTESIAN_POINT('',(-31.5,294.,35.000000000033));
#9547 = SURFACE_CURVE('',#9548,(#9606,#9667),.PCURVE_S1.);
#9548 = B_SPLINE_CURVE_WITH_KNOTS('',6,(#9549,#9550,#9551,#9552,#9553,
    #9554,#9555,#9556,#9557,#9558,#9559,#9560,#9561,#9562,#9563,#9564,
    #9565,#9566,#9567,#9568,#9569,#9570,#9571,#9572,#9573,#9574,#9575,
    #9576,#9577,#9578,#9579,#9580,#9581,#9582,#9583,#9584,#9585,#9586,
    #9587,#9588,#9589,#9590,#9591,#9592,#9593,#9594,#9595,#9596,#9597,
    #9598,#9599,#9600,#9601,#9602,#9603,#9604,#9605),.UNSPECIFIED.,.F.,
  .F.,(7,5,5,5,5,5,5,5,5,5,5,7),(0.,8.16512535029E-02,0.13824750127,
    0.228765600091,0.319581573782,0.423241314474,0.506875489862,
    0.635282093476,0.771550573312,0.884478249182,0.940435094896,1.),
  .UNSPECIFIED.);
#9549 = CARTESIAN_POINT('',(-10.5,311.5,52.5));
#9550 = CARTESIAN_POINT('',(-10.5,310.93508356022,52.5));
#9551 = CARTESIAN_POINT('',(-10.53282455993,310.36992127988,
    52.47811657902));
#9552 = CARTESIAN_POINT('',(-10.59852952405,309.81116537161,
    52.434315176275));
#9553 = CARTESIAN_POINT('',(-10.69469766472,309.26358368543,
    52.370069454522));
#9554 = CARTESIAN_POINT('',(-10.81785770282,308.73053170111,
    52.287463191818));
#9555 = CARTESIAN_POINT('',(-11.06579075402,307.85631018058,
    52.120347299002));
#9556 = CARTESIAN_POINT('',(-11.17852454268,307.50626790209,
    52.044164395586));
#9557 = CARTESIAN_POINT('',(-11.30135284061,307.1645455587,
    51.960899736684));
#9558 = CARTESIAN_POINT('',(-11.43315325893,306.83131534148,
    51.871228099481));
#9559 = CARTESIAN_POINT('',(-11.57292917762,306.50654551525,
    51.775748862957));
#9560 = CARTESIAN_POINT('',(-11.95482079439,305.68381823541,
    51.513760021342));
#9561 = CARTESIAN_POINT('',(-12.20798275187,305.19890021571,
    51.339031870226));
#9562 = CARTESIAN_POINT('',(-12.47597812941,304.73426014007,
    51.152770341086));
#9563 = CARTESIAN_POINT('',(-12.75613396034,304.28878909638,
    50.956565809555));
#9564 = CARTESIAN_POINT('',(-13.04643141353,303.86125159821,
    50.75162613065));
#9565 = CARTESIAN_POINT('',(-13.6455598652,303.03799669409,
    50.325146494047));
#9566 = CARTESIAN_POINT('',(-13.9543550914,302.64251682294,
    50.103620811431));
#9567 = CARTESIAN_POINT('',(-14.27041029978,302.26260379276,
    49.875025006387));
#9568 = CARTESIAN_POINT('',(-14.59258662512,301.89726623651,
    49.640029726795));
#9569 = CARTESIAN_POINT('',(-14.92000198302,301.54561493815,
    49.399155949323));
#9570 = CARTESIAN_POINT('',(-15.63098685802,300.82015586542,
    48.871537271665));
#9571 = CARTESIAN_POINT('',(-16.01590162608,300.45029610409,
    48.583158158902));
#9572 = CARTESIAN_POINT('',(-16.40576711995,300.09609083255,
    48.288208662626));
#9573 = CARTESIAN_POINT('',(-16.79981383401,299.75666099596,
    47.987142409875));
#9574 = CARTESIAN_POINT('',(-17.1974365356,299.43126453765,
    47.68031961565));
#9575 = CARTESIAN_POINT('',(-17.92150873872,298.8675488473,
    47.116023923358));
#9576 = CARTESIAN_POINT('',(-18.24685598241,298.62456076465,
    46.860477779857));
#9577 = CARTESIAN_POINT('',(-18.57397338895,298.38998302689,
    46.601514213607));
#9578 = CARTESIAN_POINT('',(-18.90264797309,298.16355168957,
    46.339262261824));
#9579 = CARTESIAN_POINT('',(-19.23269912955,297.94504742906,
    46.073833190645));
#9580 = CARTESIAN_POINT('',(-20.07259221818,297.41068381054,
    45.393066860825));
#9581 = CARTESIAN_POINT('',(-20.58408342967,297.10533459076,
    44.973555667093));
#9582 = CARTESIAN_POINT('',(-21.09789667915,296.81755023097,
    44.547130542387));
#9583 = CARTESIAN_POINT('',(-21.61357736407,296.54686672198,
    44.1140900937));
#9584 = CARTESIAN_POINT('',(-22.1307445693,296.29294713321,
    43.674697729006));
#9585 = CARTESIAN_POINT('',(-23.19916177832,295.80364635045,
    42.756383215028));
#9586 = CARTESIAN_POINT('',(-23.75054680605,295.57035790037,
    42.276699149724));
#9587 = CARTESIAN_POINT('',(-24.30285797511,295.35542789153,
    41.790404149212));
#9588 = CARTESIAN_POINT('',(-24.85575450367,295.1587386004,
    41.297766165076));
#9589 = CARTESIAN_POINT('',(-25.40892849476,294.98027609914,
    40.799046502134));
#9590 = CARTESIAN_POINT('',(-26.42052621184,294.68740213945,
    39.876371392603));
#9591 = CARTESIAN_POINT('',(-26.87894521295,294.5672567308,
    39.45424595912));
#9592 = CARTESIAN_POINT('',(-27.33719918491,294.45973487298,
    39.028268301202));
#9593 = CARTESIAN_POINT('',(-27.79513065047,294.36493064214,
    38.598591538585));
#9594 = CARTESIAN_POINT('',(-28.25258469726,294.2829805748,
    38.165375476137));
#9595 = CARTESIAN_POINT('',(-28.93576949304,294.1799090752,
    37.51245242125));
#9596 = CARTESIAN_POINT('',(-29.16197535875,294.14895739938,
    37.295290383397));
#9597 = CARTESIAN_POINT('',(-29.38800725463,294.12122636727,
    37.077321126214));
#9598 = CARTESIAN_POINT('',(-29.61384606128,294.09673984048,
    36.858565974002));
#9599 = CARTESIAN_POINT('',(-29.83947239315,294.07552410843,
    36.63904705617));
#9600 = CARTESIAN_POINT('',(-30.304794069,294.03853644254,
    36.184325359357));
#9601 = CARTESIAN_POINT('',(-30.54445834824,294.02320373252,
    35.949023998038));
#9602 = CARTESIAN_POINT('',(-30.78383595753,294.01164438888,
    35.712911206948));
#9603 = CARTESIAN_POINT('',(-31.02290227578,294.0038961707,
    35.476015607507));
#9604 = CARTESIAN_POINT('',(-31.26163208688,294.00000000065,
    35.238367537842));
#9605 = CARTESIAN_POINT('',(-31.50000012716,294.,35.000000131738));
#9606 = PCURVE('',#9413,#9607);
#9607 = DEFINITIONAL_REPRESENTATION('',(#9608),#9666);
#9608 = B_SPLINE_CURVE_WITH_KNOTS('',6,(#9609,#9610,#9611,#9612,#9613,
    #9614,#9615,#9616,#9617,#9618,#9619,#9620,#9621,#9622,#9623,#9624,
    #9625,#9626,#9627,#9628,#9629,#9630,#9631,#9632,#9633,#9634,#9635,
    #9636,#9637,#9638,#9639,#9640,#9641,#9642,#9643,#9644,#9645,#9646,
    #9647,#9648,#9649,#9650,#9651,#9652,#9653,#9654,#9655,#9656,#9657,
    #9658,#9659,#9660,#9661,#9662,#9663,#9664,#9665),.UNSPECIFIED.,.F.,
  .F.,(7,5,5,5,5,5,5,5,5,5,5,7),(0.,8.16512535029E-02,0.13824750127,
    0.228765600091,0.319581573782,0.423241314474,0.506875489862,
    0.635282093476,0.771550573312,0.884478249182,0.940435094896,1.),
  .UNSPECIFIED.);
#9609 = CARTESIAN_POINT('',(0.,21.));
#9610 = CARTESIAN_POINT('',(3.228093941593E-02,21.));
#9611 = CARTESIAN_POINT('',(6.457590946971E-02,20.967175440062));
#9612 = CARTESIAN_POINT('',(9.656545279432E-02,20.901470475943));
#9613 = CARTESIAN_POINT('',(0.128037522798,20.805302335275));
#9614 = CARTESIAN_POINT('',(0.158842175426,20.682142297178));
#9615 = CARTESIAN_POINT('',(0.209702239181,20.434209245974));
#9616 = CARTESIAN_POINT('',(0.230166286742,20.321475457316));
#9617 = CARTESIAN_POINT('',(0.250255601836,20.198647159386));
#9618 = CARTESIAN_POINT('',(0.269966705934,20.066846741069));
#9619 = CARTESIAN_POINT('',(0.289305529137,19.927070822379));
#9620 = CARTESIAN_POINT('',(0.338644616762,19.54517920561));
#9621 = CARTESIAN_POINT('',(0.368077399727,19.29201724813));
#9622 = CARTESIAN_POINT('',(0.396656383377,19.024021870585));
#9623 = CARTESIAN_POINT('',(0.42444948064,18.74386603966));
#9624 = CARTESIAN_POINT('',(0.45152897991,18.453568586467));
#9625 = CARTESIAN_POINT('',(0.504509793305,17.854440134797));
#9626 = CARTESIAN_POINT('',(0.530398688064,17.545644908597));
#9627 = CARTESIAN_POINT('',(0.555717178181,17.229589700212));
#9628 = CARTESIAN_POINT('',(0.580523498472,16.90741337488));
#9629 = CARTESIAN_POINT('',(0.604870251943,16.579998016971));
#9630 = CARTESIAN_POINT('',(0.656129412127,15.869013141972));
#9631 = CARTESIAN_POINT('',(0.682914303873,15.484098373919));
#9632 = CARTESIAN_POINT('',(0.709233274829,15.09423288005));
#9633 = CARTESIAN_POINT('',(0.735141297846,14.70018616599));
#9634 = CARTESIAN_POINT('',(0.760686428539,14.302563464398));
#9635 = CARTESIAN_POINT('',(0.806264977302,13.578491261279));
#9636 = CARTESIAN_POINT('',(0.826409064797,13.253144017584));
#9637 = CARTESIAN_POINT('',(0.846366810582,12.926026611049));
#9638 = CARTESIAN_POINT('',(0.866157326311,12.597352026903));
#9639 = CARTESIAN_POINT('',(0.885797585214,12.26730087045));
#9640 = CARTESIAN_POINT('',(0.935251328519,11.427407781815));
#9641 = CARTESIAN_POINT('',(0.964881599944,10.915916570327));
#9642 = CARTESIAN_POINT('',(0.994251243438,10.40210332085));
#9643 = CARTESIAN_POINT('',(1.023406497008,9.886422635928));
#9644 = CARTESIAN_POINT('',(1.052388433581,9.369255430694));
#9645 = CARTESIAN_POINT('',(1.111847678484,8.300838221679));
#9646 = CARTESIAN_POINT('',(1.142307181889,7.749453193943));
#9647 = CARTESIAN_POINT('',(1.172658403221,7.197142024881));
#9648 = CARTESIAN_POINT('',(1.202940090067,6.644245496322));
#9649 = CARTESIAN_POINT('',(1.233188098128,6.091071505234));
#9650 = CARTESIAN_POINT('',(1.288504760238,5.079473788159));
#9651 = CARTESIAN_POINT('',(1.313572874853,4.621054787049));
#9652 = CARTESIAN_POINT('',(1.338660913198,4.162800815085));
#9653 = CARTESIAN_POINT('',(1.363787279411,3.70486934953));
#9654 = CARTESIAN_POINT('',(1.388969877823,3.24741530274));
#9655 = CARTESIAN_POINT('',(1.426741792651,2.564230506952));
#9656 = CARTESIAN_POINT('',(1.439275054947,2.338024641242));
#9657 = CARTESIAN_POINT('',(1.451828704089,2.11199274537));
#9658 = CARTESIAN_POINT('',(1.464404910579,1.886153938716));
#9659 = CARTESIAN_POINT('',(1.477005846921,1.660527606847));
#9660 = CARTESIAN_POINT('',(1.503075762899,1.195205930995));
#9661 = CARTESIAN_POINT('',(1.516548326031,0.955541651756));
#9662 = CARTESIAN_POINT('',(1.530053994765,0.716164042464));
#9663 = CARTESIAN_POINT('',(1.543595434884,0.477097724216));
#9664 = CARTESIAN_POINT('',(1.557175324651,0.238367913117));
#9665 = CARTESIAN_POINT('',(1.570796319267,-1.271661318469E-07));
#9666 = ( GEOMETRIC_REPRESENTATION_CONTEXT(2) 
PARAMETRIC_REPRESENTATION_CONTEXT() REPRESENTATION_CONTEXT('2D SPACE',''
  ) );
#9667 = PCURVE('',#9668,#9673);
#9668 = TOROIDAL_SURFACE('',#9669,63.,17.5);
#9669 = AXIS2_PLACEMENT_3D('',#9670,#9671,#9672);
#9670 = CARTESIAN_POINT('',(31.5,311.5,35.));
#9671 = DIRECTION('',(0.,-1.,1.110223024625E-16));
#9672 = DIRECTION('',(1.,0.,0.));
#9673 = DEFINITIONAL_REPRESENTATION('',(#9674),#9732);
#9674 = B_SPLINE_CURVE_WITH_KNOTS('',6,(#9675,#9676,#9677,#9678,#9679,
    #9680,#9681,#9682,#9683,#9684,#9685,#9686,#9687,#9688,#9689,#9690,
    #9691,#9692,#9693,#9694,#9695,#9696,#9697,#9698,#9699,#9700,#9701,
    #9702,#9703,#9704,#9705,#9706,#9707,#9708,#9709,#9710,#9711,#9712,
    #9713,#9714,#9715,#9716,#9717,#9718,#9719,#9720,#9721,#9722,#9723,
    #9724,#9725,#9726,#9727,#9728,#9729,#9730,#9731),.UNSPECIFIED.,.F.,
  .F.,(7,5,5,5,5,5,5,5,5,5,5,7),(0.,8.16512535029E-02,0.13824750127,
    0.228765600091,0.319581573782,0.423241314474,0.506875489862,
    0.635282093476,0.771550573312,0.884478249182,0.940435094896,1.),
  .UNSPECIFIED.);
#9675 = CARTESIAN_POINT('',(2.74680153389,3.14159265359));
#9676 = CARTESIAN_POINT('',(2.74680153389,3.109311714174));
#9677 = CARTESIAN_POINT('',(2.747522944988,3.07701674412));
#9678 = CARTESIAN_POINT('',(2.748967049165,3.045027200795));
#9679 = CARTESIAN_POINT('',(2.751077922795,3.013555130792));
#9680 = CARTESIAN_POINT('',(2.753774603923,2.982750478164));
#9681 = CARTESIAN_POINT('',(2.759186661332,2.931890414409));
#9682 = CARTESIAN_POINT('',(2.761643523435,2.911426366848));
#9683 = CARTESIAN_POINT('',(2.764315120405,2.891337051754));
#9684 = CARTESIAN_POINT('',(2.767175305379,2.871625947656));
#9685 = CARTESIAN_POINT('',(2.770200872073,2.852287124453));
#9686 = CARTESIAN_POINT('',(2.778444612635,2.802948036827));
#9687 = CARTESIAN_POINT('',(2.783888338506,2.773515253863));
#9688 = CARTESIAN_POINT('',(2.789624981685,2.744936270213));
#9689 = CARTESIAN_POINT('',(2.795592030348,2.71714317295));
#9690 = CARTESIAN_POINT('',(2.801742462868,2.69006367368));
#9691 = CARTESIAN_POINT('',(2.814365988007,2.637082860284));
#9692 = CARTESIAN_POINT('',(2.820838104226,2.611193965526));
#9693 = CARTESIAN_POINT('',(2.827425434543,2.585875475409));
#9694 = CARTESIAN_POINT('',(2.834101354472,2.561069155118));
#9695 = CARTESIAN_POINT('',(2.840845339318,2.536722401647));
#9696 = CARTESIAN_POINT('',(2.855400614325,2.485463241463));
#9697 = CARTESIAN_POINT('',(2.863226984564,2.458678349716));
#9698 = CARTESIAN_POINT('',(2.871098226918,2.432359378761));
#9699 = CARTESIAN_POINT('',(2.878996617619,2.406451355744));
#9700 = CARTESIAN_POINT('',(2.886908393725,2.380906225051));
#9701 = CARTESIAN_POINT('',(2.901209078384,2.335327676287));
#9702 = CARTESIAN_POINT('',(2.907596666057,2.315183588793));
#9703 = CARTESIAN_POINT('',(2.913980378436,2.295225843007));
#9704 = CARTESIAN_POINT('',(2.920355511294,2.275435327279));
#9705 = CARTESIAN_POINT('',(2.926718156654,2.255795068375));
#9706 = CARTESIAN_POINT('',(2.942809703152,2.206341325071));
#9707 = CARTESIAN_POINT('',(2.952517023791,2.176711053646));
#9708 = CARTESIAN_POINT('',(2.962175324463,2.147341410152));
#9709 = CARTESIAN_POINT('',(2.971775467221,2.118186156582));
#9710 = CARTESIAN_POINT('',(2.98131022963,2.089204220008));
#9711 = CARTESIAN_POINT('',(3.000817280901,2.029744975106));
#9712 = CARTESIAN_POINT('',(3.010780376799,1.999285471701));
#9713 = CARTESIAN_POINT('',(3.020656528166,1.968934250369));
#9714 = CARTESIAN_POINT('',(3.030440222602,1.938652563523));
#9715 = CARTESIAN_POINT('',(3.040126959383,1.908404555462));
#9716 = CARTESIAN_POINT('',(3.057657310613,1.853087893352));
#9717 = CARTESIAN_POINT('',(3.065532348015,1.828019778737));
#9718 = CARTESIAN_POINT('',(3.073336128029,1.802931740392));
#9719 = CARTESIAN_POINT('',(3.081066766695,1.777805374179));
#9720 = CARTESIAN_POINT('',(3.088722577098,1.752622775767));
#9721 = CARTESIAN_POINT('',(3.100057752858,1.714850860939));
#9722 = CARTESIAN_POINT('',(3.103794708971,1.702317598643));
#9723 = CARTESIAN_POINT('',(3.107512726564,1.689763949501));
#9724 = CARTESIAN_POINT('',(3.11121162146,1.677187743011));
#9725 = CARTESIAN_POINT('',(3.114891213522,1.664586806669));
#9726 = CARTESIAN_POINT('',(3.122447441396,1.63851689069));
#9727 = CARTESIAN_POINT('',(3.126321483634,1.625044335015));
#9728 = CARTESIAN_POINT('',(3.130173236028,1.611538650651));
#9729 = CARTESIAN_POINT('',(3.134002492504,1.597997209919));
#9730 = CARTESIAN_POINT('',(3.137809041881,1.58441735039));
#9731 = CARTESIAN_POINT('',(3.141592651499,1.570796319528));
#9732 = ( GEOMETRIC_REPRESENTATION_CONTEXT(2) 
PARAMETRIC_REPRESENTATION_CONTEXT() REPRESENTATION_CONTEXT('2D SPACE',''
  ) );
#9733 = ORIENTED_EDGE('',*,*,#9734,.T.);
#9734 = EDGE_CURVE('',#9545,#9735,#9737,.T.);
#9735 = VERTEX_POINT('',#9736);
#9736 = CARTESIAN_POINT('',(-31.5,329.,35.000000000254));
#9737 = SURFACE_CURVE('',#9738,(#9851,#9967),.PCURVE_S1.);
#9738 = B_SPLINE_CURVE_WITH_KNOTS('',6,(#9739,#9740,#9741,#9742,#9743,
    #9744,#9745,#9746,#9747,#9748,#9749,#9750,#9751,#9752,#9753,#9754,
    #9755,#9756,#9757,#9758,#9759,#9760,#9761,#9762,#9763,#9764,#9765,
    #9766,#9767,#9768,#9769,#9770,#9771,#9772,#9773,#9774,#9775,#9776,
    #9777,#9778,#9779,#9780,#9781,#9782,#9783,#9784,#9785,#9786,#9787,
    #9788,#9789,#9790,#9791,#9792,#9793,#9794,#9795,#9796,#9797,#9798,
    #9799,#9800,#9801,#9802,#9803,#9804,#9805,#9806,#9807,#9808,#9809,
    #9810,#9811,#9812,#9813,#9814,#9815,#9816,#9817,#9818,#9819,#9820,
    #9821,#9822,#9823,#9824,#9825,#9826,#9827,#9828,#9829,#9830,#9831,
    #9832,#9833,#9834,#9835,#9836,#9837,#9838,#9839,#9840,#9841,#9842,
    #9843,#9844,#9845,#9846,#9847,#9848,#9849,#9850),.UNSPECIFIED.,.F.,
  .F.,(7,5,5,5,5,5,5,5,5,5,5,5,5,5,5,5,5,5,5,5,5,5,7),(0.,0.114830456513
    ,0.178291865039,0.224500111371,0.291075936702,0.35442417925,
    0.400120636388,0.424966855344,0.449422142041,0.478918760939,
    0.500266184256,0.526899622801,0.546593622788,0.569136808936,
    0.614369841144,0.659751734195,0.711558458509,0.753363706889,
    0.81756020195,0.885699129702,0.942169965235,0.970148213429,1.),
  .UNSPECIFIED.);
#9739 = CARTESIAN_POINT('',(-31.50000012716,294.,35.000000131738));
#9740 = CARTESIAN_POINT('',(-30.58091979396,293.99999996996,
    34.080919783258));
#9741 = CARTESIAN_POINT('',(-29.65650355919,294.05792292834,
    33.172593245777));
#9742 = CARTESIAN_POINT('',(-28.72813299063,294.1712272017,
    32.27675237221));
#9743 = CARTESIAN_POINT('',(-27.79715391382,294.33812993218,
    31.394935288002));
#9744 = CARTESIAN_POINT('',(-26.86487135469,294.55740525222,
    30.52848410826));
#9745 = CARTESIAN_POINT('',(-25.41731011523,294.97863032801,
    29.208846918314));
#9746 = CARTESIAN_POINT('',(-24.90207160602,295.14444384775,
    28.744197883261));
#9747 = CARTESIAN_POINT('',(-24.3870671123,295.32607650453,
    28.284818579475));
#9748 = CARTESIAN_POINT('',(-23.87254403361,295.52353232805,
    27.830919588702));
#9749 = CARTESIAN_POINT('',(-23.3587749906,295.73690153966,
    27.382716812945));
#9750 = CARTESIAN_POINT('',(-22.47273883493,296.13346989708,
    26.618390218012));
#9751 = CARTESIAN_POINT('',(-22.09997855981,296.30909953522,
    26.299488492928));
#9752 = CARTESIAN_POINT('',(-21.72789769057,296.49334506734,
    25.983812492749));
#9753 = CARTESIAN_POINT('',(-21.35662801478,296.686309695,25.67145544868
    ));
#9754 = CARTESIAN_POINT('',(-20.98631832453,296.88813204407,
    25.3625183817));
#9755 = CARTESIAN_POINT('',(-20.08522760644,297.40280141239,
    24.61708555609));
#9756 = CARTESIAN_POINT('',(-19.55568099348,297.72536319354,
    24.184403946606));
#9757 = CARTESIAN_POINT('',(-19.02897074125,298.06724031491,
    23.759368145391));
#9758 = CARTESIAN_POINT('',(-18.50572351486,298.42916760251,
    23.342375142247));
#9759 = CARTESIAN_POINT('',(-17.98673122659,298.81208484425,
    22.933910052144));
#9760 = CARTESIAN_POINT('',(-16.9842101651,299.60299152966,
    22.154600808698));
#9761 = CARTESIAN_POINT('',(-16.50025054779,300.00881271335,
    21.7829461234));
#9762 = CARTESIAN_POINT('',(-16.02195129821,300.43604458981,
    21.420073545248));
#9763 = CARTESIAN_POINT('',(-15.5505209881,300.88615436032,
    21.066704850526));
#9764 = CARTESIAN_POINT('',(-15.08758472533,301.3608861459,
    20.723798274245));
#9765 = CARTESIAN_POINT('',(-14.30922089016,302.22485180559,
    20.153796218721));
#9766 = CARTESIAN_POINT('',(-13.98869678216,302.60098153175,
    19.921100426182));
#9767 = CARTESIAN_POINT('',(-13.67464691013,302.99216901029,
    19.695040502702));
#9768 = CARTESIAN_POINT('',(-13.36822854066,303.39946163166,
    19.476302109436));
#9769 = CARTESIAN_POINT('',(-13.07095533218,303.82398883305,
    19.265779179147));
#9770 = CARTESIAN_POINT('',(-12.62921673512,304.50810866543,
    18.955266367419));
#9771 = CARTESIAN_POINT('',(-12.47693132627,304.75455424258,
    18.848680938337));
#9772 = CARTESIAN_POINT('',(-12.32826967368,305.00670341372,
    18.745067250251));
#9773 = CARTESIAN_POINT('',(-12.18361824432,305.26475683563,
    18.644655009278));
#9774 = CARTESIAN_POINT('',(-12.04342768373,305.52889945788,
    18.547712788211));
#9775 = CARTESIAN_POINT('',(-11.77512488748,306.06544551646,
    18.362846997646));
#9776 = CARTESIAN_POINT('',(-11.64686503729,306.33763891248,
    18.274810807787));
#9777 = CARTESIAN_POINT('',(-11.52391972896,306.61604144699,
    18.190728157153));
#9778 = CARTESIAN_POINT('',(-11.40686634289,306.90074859216,
    18.1109449509));
#9779 = CARTESIAN_POINT('',(-11.29635194023,307.19176899429,
    18.035849783401));
#9780 = CARTESIAN_POINT('',(-11.06850208995,307.8475118159,
    17.881443273377));
#9781 = CARTESIAN_POINT('',(-10.95445530353,308.21506304777,
    17.804452997818));
#9782 = CARTESIAN_POINT('',(-10.8521709166,308.59142564947,
    17.735635744237));
#9783 = CARTESIAN_POINT('',(-10.76300222928,308.97601982407,
    17.675808249188));
#9784 = CARTESIAN_POINT('',(-10.68829238402,309.36784421366,
    17.625781814376));
#9785 = CARTESIAN_POINT('',(-10.58623293144,310.05296383159,
    17.557533064852));
#9786 = CARTESIAN_POINT('',(-10.5514984648,310.34359182615,
    17.53434061246));
#9787 = CARTESIAN_POINT('',(-10.52528330495,310.6365490141,
    17.516855093598));
#9788 = CARTESIAN_POINT('',(-10.50788596583,310.93111867375,
    17.50525737855));
#9789 = CARTESIAN_POINT('',(-10.49946781625,311.2265056099,
    17.49964521066));
#9790 = CARTESIAN_POINT('',(-10.50070986869,311.89028330216,
    17.500473246026));
#9791 = CARTESIAN_POINT('',(-10.51536314441,312.25872590422,
    17.510242296335));
#9792 = CARTESIAN_POINT('',(-10.54397521238,312.62541213867,
    17.529317162399));
#9793 = CARTESIAN_POINT('',(-10.58612355779,312.98884949691,
    17.557442092344));
#9794 = CARTESIAN_POINT('',(-10.64108517252,313.34777380944,
    17.594179270949));
#9795 = CARTESIAN_POINT('',(-10.75739910845,313.96240737146,
    17.672105829736));
#9796 = CARTESIAN_POINT('',(-10.81336189057,314.2206785072,
    17.709645626243));
#9797 = CARTESIAN_POINT('',(-10.87548645495,314.47555752975,
    17.751383270346));
#9798 = CARTESIAN_POINT('',(-10.94338237503,314.72677168933,
    17.797082880875));
#9799 = CARTESIAN_POINT('',(-11.01665191758,314.97413894007,
    17.84650448209));
#9800 = CARTESIAN_POINT('',(-11.18450648476,315.49617945849,
    17.959992600819));
#9801 = CARTESIAN_POINT('',(-11.28063967017,315.76961939354,
    18.025142025823));
#9802 = CARTESIAN_POINT('',(-11.38275342304,316.03772926803,
    18.094529893411));
#9803 = CARTESIAN_POINT('',(-11.4903111297,316.30046416601,
    18.167833553104));
#9804 = CARTESIAN_POINT('',(-11.60282306224,316.55785839675,
    18.244759181613));
#9805 = CARTESIAN_POINT('',(-11.95471335822,317.31594610746,
    18.486166347371));
#9806 = CARTESIAN_POINT('',(-12.20772831532,317.80060972214,
    18.660792593936));
#9807 = CARTESIAN_POINT('',(-12.47556215044,318.26501692197,
    18.846940609158));
#9808 = CARTESIAN_POINT('',(-12.75554586556,318.71027475916,
    19.043022372682));
#9809 = CARTESIAN_POINT('',(-13.04566332279,319.13761670238,
    19.247831652492));
#9810 = CARTESIAN_POINT('',(-13.64441832246,319.96051100928,
    19.674036381502));
#9811 = CARTESIAN_POINT('',(-13.95302027442,320.35582621163,
    19.895417672376));
#9812 = CARTESIAN_POINT('',(-14.26887765369,320.73558857142,
    20.123863345526));
#9813 = CARTESIAN_POINT('',(-14.59085276926,321.10078818361,
    20.358703442366));
#9814 = CARTESIAN_POINT('',(-14.91806436116,321.45231319394,
    20.599417475818));
#9815 = CARTESIAN_POINT('',(-15.62865699968,322.1775744126,
    21.126720900023));
#9816 = CARTESIAN_POINT('',(-16.01338427235,322.54736162206,
    21.414945093219));
#9817 = CARTESIAN_POINT('',(-16.40306162927,322.90150330397,
    21.709736226381));
#9818 = CARTESIAN_POINT('',(-16.79691987243,323.24087802252,
    22.010640861546));
#9819 = CARTESIAN_POINT('',(-17.1943539915,323.56622747985,
    22.317298928773));
#9820 = CARTESIAN_POINT('',(-17.91813836678,324.12991364692,
    22.881332725967));
#9821 = CARTESIAN_POINT('',(-18.24338702356,324.37291360458,
    23.136783926875));
#9822 = CARTESIAN_POINT('',(-18.57040649712,324.60750553494,
    23.39565174722));
#9823 = CARTESIAN_POINT('',(-18.89898377525,324.83395343198,
    23.657807143385));
#9824 = CARTESIAN_POINT('',(-19.2289382337,325.05247667861,
    23.923138849135));
#9825 = CARTESIAN_POINT('',(-20.06867774838,325.58695208977,
    24.603729290542));
#9826 = CARTESIAN_POINT('',(-20.58011390777,325.89239103285,
    25.023163437645));
#9827 = CARTESIAN_POINT('',(-21.09387419166,326.18026513964,
    25.449512027203));
#9828 = CARTESIAN_POINT('',(-21.60950376303,326.45103890688,
    25.882476350374));
#9829 = CARTESIAN_POINT('',(-22.12662154282,326.70504970754,
    26.321792942648));
#9830 = CARTESIAN_POINT('',(-23.19503631566,327.19458537502,
    27.240034629187));
#9831 = CARTESIAN_POINT('',(-23.74646898081,327.42801114849,
    27.719724083573));
#9832 = CARTESIAN_POINT('',(-24.29882969682,327.64307412711,
    28.206027096518));
#9833 = CARTESIAN_POINT('',(-24.85177743425,327.83989250247,
    28.698675594068));
#9834 = CARTESIAN_POINT('',(-25.40500410954,328.01848058905,
    29.197408184431));
#9835 = CARTESIAN_POINT('',(-26.41672590289,328.31158571864,
    30.120134309198));
#9836 = CARTESIAN_POINT('',(-26.87521586942,328.43183631844,
    30.542297526432));
#9837 = CARTESIAN_POINT('',(-27.33354162001,328.53945996921,
    30.968314973312));
#9838 = CARTESIAN_POINT('',(-27.79154558862,328.63436272554,
    31.398033481381));
#9839 = CARTESIAN_POINT('',(-28.24907278883,328.71640814831,
    31.831293204357));
#9840 = CARTESIAN_POINT('',(-28.93233840053,328.81961317059,
    32.484256206826));
#9841 = CARTESIAN_POINT('',(-29.1585515241,328.850606183,32.701412896689
    ));
#9842 = CARTESIAN_POINT('',(-29.38459086235,328.87837864117,
    32.919377055592));
#9843 = CARTESIAN_POINT('',(-29.61043729626,328.90290670027,
    33.138127363527));
#9844 = CARTESIAN_POINT('',(-29.83607144131,328.92416408741,
    33.357641696026));
#9845 = CARTESIAN_POINT('',(-30.30196971076,328.96128265834,
    33.812901760108));
#9846 = CARTESIAN_POINT('',(-30.54220157041,328.97668716299,
    34.048750035081));
#9847 = CARTESIAN_POINT('',(-30.78214557573,328.98830076125,
    34.285413779853));
#9848 = CARTESIAN_POINT('',(-31.0217769381,328.99608544163,
    34.522864165862));
#9849 = CARTESIAN_POINT('',(-31.26107027051,328.99999999932,
    34.761070641446));
#9850 = CARTESIAN_POINT('',(-31.50000012714,329.,34.999999868106));
#9851 = PCURVE('',#9413,#9852);
#9852 = DEFINITIONAL_REPRESENTATION('',(#9853),#9966);
#9853 = B_SPLINE_CURVE_WITH_KNOTS('',6,(#9854,#9855,#9856,#9857,#9858,
    #9859,#9860,#9861,#9862,#9863,#9864,#9865,#9866,#9867,#9868,#9869,
    #9870,#9871,#9872,#9873,#9874,#9875,#9876,#9877,#9878,#9879,#9880,
    #9881,#9882,#9883,#9884,#9885,#9886,#9887,#9888,#9889,#9890,#9891,
    #9892,#9893,#9894,#9895,#9896,#9897,#9898,#9899,#9900,#9901,#9902,
    #9903,#9904,#9905,#9906,#9907,#9908,#9909,#9910,#9911,#9912,#9913,
    #9914,#9915,#9916,#9917,#9918,#9919,#9920,#9921,#9922,#9923,#9924,
    #9925,#9926,#9927,#9928,#9929,#9930,#9931,#9932,#9933,#9934,#9935,
    #9936,#9937,#9938,#9939,#9940,#9941,#9942,#9943,#9944,#9945,#9946,
    #9947,#9948,#9949,#9950,#9951,#9952,#9953,#9954,#9955,#9956,#9957,
    #9958,#9959,#9960,#9961,#9962,#9963,#9964,#9965),.UNSPECIFIED.,.F.,
  .F.,(7,5,5,5,5,5,5,5,5,5,5,5,5,5,5,5,5,5,5,5,5,5,7),(0.,0.114830456513
    ,0.178291865039,0.224500111371,0.291075936702,0.35442417925,
    0.400120636388,0.424966855344,0.449422142041,0.478918760939,
    0.500266184256,0.526899622801,0.546593622788,0.569136808936,
    0.614369841144,0.659751734195,0.711558458509,0.753363706889,
    0.81756020195,0.885699129702,0.942169965235,0.970148213429,1.),
  .UNSPECIFIED.);
#9854 = CARTESIAN_POINT('',(1.570796319267,-1.271661318469E-07));
#9855 = CARTESIAN_POINT('',(1.623315180439,0.919080206036));
#9856 = CARTESIAN_POINT('',(1.675219644002,1.843496440807));
#9857 = CARTESIAN_POINT('',(1.726671034166,2.771867009363));
#9858 = CARTESIAN_POINT('',(1.777812902531,3.702846086177));
#9859 = CARTESIAN_POINT('',(1.828790004998,4.63512864531));
#9860 = CARTESIAN_POINT('',(1.907946226202,6.082689884761));
#9861 = CARTESIAN_POINT('',(1.936121467325,6.59792839398));
#9862 = CARTESIAN_POINT('',(1.964325010138,7.112932887693));
#9863 = CARTESIAN_POINT('',(1.992585646861,7.627455966383));
#9864 = CARTESIAN_POINT('',(2.020934636101,8.1412250094));
#9865 = CARTESIAN_POINT('',(2.070139301745,9.027261165068));
#9866 = CARTESIAN_POINT('',(2.090936677548,9.400021440188));
#9867 = CARTESIAN_POINT('',(2.11181323388,9.772102309422));
#9868 = CARTESIAN_POINT('',(2.132783475683,10.143371985218));
#9869 = CARTESIAN_POINT('',(2.153863320595,10.513681675462));
#9870 = CARTESIAN_POINT('',(2.205625876005,11.414772393552));
#9871 = CARTESIAN_POINT('',(2.236444647611,11.944319006519));
#9872 = CARTESIAN_POINT('',(2.267582288332,12.471029258748));
#9873 = CARTESIAN_POINT('',(2.299099952017,12.994276485134));
#9874 = CARTESIAN_POINT('',(2.331068137946,13.513268773406));
#9875 = CARTESIAN_POINT('',(2.394516173105,14.515789834893));
#9876 = CARTESIAN_POINT('',(2.425940303939,14.999749452202));
#9877 = CARTESIAN_POINT('',(2.457936868908,15.478048701788));
#9878 = CARTESIAN_POINT('',(2.490598824999,15.949479011895));
#9879 = CARTESIAN_POINT('',(2.524033056843,16.412415274661));
#9880 = CARTESIAN_POINT('',(2.583179061022,17.19077910984));
#9881 = CARTESIAN_POINT('',(2.608442056895,17.511303217831));
#9882 = CARTESIAN_POINT('',(2.634241821296,17.825353089864));
#9883 = CARTESIAN_POINT('',(2.660639557505,18.131771459336));
#9884 = CARTESIAN_POINT('',(2.687701365195,18.429044667818));
#9885 = CARTESIAN_POINT('',(2.730632278896,18.870783264872));
#9886 = CARTESIAN_POINT('',(2.745973067911,19.023068673724));
#9887 = CARTESIAN_POINT('',(2.761546677327,19.171730326318));
#9888 = CARTESIAN_POINT('',(2.777365245602,19.316381755678));
#9889 = CARTESIAN_POINT('',(2.793440341381,19.456572316262));
#9890 = CARTESIAN_POINT('',(2.825868952256,19.724875112515));
#9891 = CARTESIAN_POINT('',(2.842213221096,19.853134962703));
#9892 = CARTESIAN_POINT('',(2.858826827287,19.976080271032));
#9893 = CARTESIAN_POINT('',(2.875717222893,20.093133657106));
#9894 = CARTESIAN_POINT('',(2.892887793969,20.203648059763));
#9895 = CARTESIAN_POINT('',(2.931383593621,20.431497910043));
#9896 = CARTESIAN_POINT('',(2.952835758651,20.54554469647));
#9897 = CARTESIAN_POINT('',(2.974687785673,20.647829083395));
#9898 = CARTESIAN_POINT('',(2.996916659776,20.736997770718));
#9899 = CARTESIAN_POINT('',(3.019479714989,20.81170761598));
#9900 = CARTESIAN_POINT('',(3.058823175206,20.913767068555));
#9901 = CARTESIAN_POINT('',(3.075480072422,20.948501535192));
#9902 = CARTESIAN_POINT('',(3.092245176544,20.97471669505));
#9903 = CARTESIAN_POINT('',(3.109085555157,20.992114034163));
#9904 = CARTESIAN_POINT('',(3.12596438992,21.000532183746));
#9905 = CARTESIAN_POINT('',(3.163894573276,20.999290131302));
#9906 = CARTESIAN_POINT('',(3.18494909166,20.984636855587));
#9907 = CARTESIAN_POINT('',(3.20592080374,20.956024787618));
#9908 = CARTESIAN_POINT('',(3.226740969007,20.91387644221));
#9909 = CARTESIAN_POINT('',(3.247352115769,20.858914827478));
#9910 = CARTESIAN_POINT('',(3.282755192501,20.742600891546));
#9911 = CARTESIAN_POINT('',(3.297666144445,20.686638109423));
#9912 = CARTESIAN_POINT('',(3.312421125238,20.62451354505));
#9913 = CARTESIAN_POINT('',(3.32700850206,20.55661762497));
#9914 = CARTESIAN_POINT('',(3.341421080315,20.483348082412));
#9915 = CARTESIAN_POINT('',(3.371948731533,20.31549351524));
#9916 = CARTESIAN_POINT('',(3.388008083587,20.219360329826));
#9917 = CARTESIAN_POINT('',(3.403829062256,20.11724657696));
#9918 = CARTESIAN_POINT('',(3.419411873798,20.009688870294));
#9919 = CARTESIAN_POINT('',(3.43476048352,19.897176937757));
#9920 = CARTESIAN_POINT('',(3.480223162426,19.545286641778));
#9921 = CARTESIAN_POINT('',(3.509640329223,19.292271684678));
#9922 = CARTESIAN_POINT('',(3.538204587466,19.02443784956));
#9923 = CARTESIAN_POINT('',(3.565983739971,18.74445413444));
#9924 = CARTESIAN_POINT('',(3.593049960388,18.454336677204));
#9925 = CARTESIAN_POINT('',(3.646005251853,17.855581677533));
#9926 = CARTESIAN_POINT('',(3.671881925056,17.546979725578));
#9927 = CARTESIAN_POINT('',(3.697188639755,17.231122346306));
#9928 = CARTESIAN_POINT('',(3.721983555425,16.909147230737));
#9929 = CARTESIAN_POINT('',(3.746319210128,16.581935638837));
#9930 = CARTESIAN_POINT('',(3.797558631701,15.871343000311));
#9931 = CARTESIAN_POINT('',(3.824334825664,15.486615727646));
#9932 = CARTESIAN_POINT('',(3.850645233333,15.096938370725));
#9933 = CARTESIAN_POINT('',(3.876544790293,14.703080127569));
#9934 = CARTESIAN_POINT('',(3.902081521115,14.305646008493));
#9935 = CARTESIAN_POINT('',(3.947648290938,13.58186163322));
#9936 = CARTESIAN_POINT('',(3.96778891788,13.256612976439));
#9937 = CARTESIAN_POINT('',(3.987743158191,12.929593502875));
#9938 = CARTESIAN_POINT('',(4.007530121083,12.601016224749));
#9939 = CARTESIAN_POINT('',(4.027166777522,12.2710617663));
#9940 = CARTESIAN_POINT('',(4.076616560388,11.431322251619));
#9941 = CARTESIAN_POINT('',(4.106246290639,10.919886092225));
#9942 = CARTESIAN_POINT('',(4.135615180577,10.406125808337));
#9943 = CARTESIAN_POINT('',(4.164769482853,9.89049623697));
#9944 = CARTESIAN_POINT('',(4.193750281644,9.373378457176));
#9945 = CARTESIAN_POINT('',(4.253212166939,8.304963684336));
#9946 = CARTESIAN_POINT('',(4.283675371829,7.753531019184));
#9947 = CARTESIAN_POINT('',(4.314030073762,7.20117030318));
#9948 = CARTESIAN_POINT('',(4.344315044916,6.648222565743));
#9949 = CARTESIAN_POINT('',(4.374566161314,6.094995890454));
#9950 = CARTESIAN_POINT('',(4.429889599704,5.083274097105));
#9951 = CARTESIAN_POINT('',(4.454961431695,4.624784130572));
#9952 = CARTESIAN_POINT('',(4.480053091199,4.166458379989));
#9953 = CARTESIAN_POINT('',(4.505182993234,3.708454411375));
#9954 = CARTESIAN_POINT('',(4.530369051662,3.250927211162));
#9955 = CARTESIAN_POINT('',(4.5681444117,2.567661599467));
#9956 = CARTESIAN_POINT('',(4.580677704956,2.341448475891));
#9957 = CARTESIAN_POINT('',(4.593231364072,2.115409137647));
#9958 = CARTESIAN_POINT('',(4.605807559707,1.889562703735));
#9959 = CARTESIAN_POINT('',(4.618408464473,1.663928558688));
#9960 = CARTESIAN_POINT('',(4.64450964995,1.198030289237));
#9961 = CARTESIAN_POINT('',(4.658013653854,0.957798429582));
#9962 = CARTESIAN_POINT('',(4.671550901076,0.717854424266));
#9963 = CARTESIAN_POINT('',(4.685124075522,0.478223061899));
#9964 = CARTESIAN_POINT('',(4.6987358742,0.238929729481));
#9965 = CARTESIAN_POINT('',(4.712388972848,-1.271456611107E-07));
#9966 = ( GEOMETRIC_REPRESENTATION_CONTEXT(2) 
PARAMETRIC_REPRESENTATION_CONTEXT() REPRESENTATION_CONTEXT('2D SPACE',''
  ) );
#9967 = PCURVE('',#9668,#9968);
#9968 = DEFINITIONAL_REPRESENTATION('',(#9969),#10082);
#9969 = B_SPLINE_CURVE_WITH_KNOTS('',6,(#9970,#9971,#9972,#9973,#9974,
    #9975,#9976,#9977,#9978,#9979,#9980,#9981,#9982,#9983,#9984,#9985,
    #9986,#9987,#9988,#9989,#9990,#9991,#9992,#9993,#9994,#9995,#9996,
    #9997,#9998,#9999,#10000,#10001,#10002,#10003,#10004,#10005,#10006,
    #10007,#10008,#10009,#10010,#10011,#10012,#10013,#10014,#10015,
    #10016,#10017,#10018,#10019,#10020,#10021,#10022,#10023,#10024,
    #10025,#10026,#10027,#10028,#10029,#10030,#10031,#10032,#10033,
    #10034,#10035,#10036,#10037,#10038,#10039,#10040,#10041,#10042,
    #10043,#10044,#10045,#10046,#10047,#10048,#10049,#10050,#10051,
    #10052,#10053,#10054,#10055,#10056,#10057,#10058,#10059,#10060,
    #10061,#10062,#10063,#10064,#10065,#10066,#10067,#10068,#10069,
    #10070,#10071,#10072,#10073,#10074,#10075,#10076,#10077,#10078,
    #10079,#10080,#10081),.UNSPECIFIED.,.F.,.F.,(7,5,5,5,5,5,5,5,5,5,5,5
    ,5,5,5,5,5,5,5,5,5,5,7),(0.,0.114830456513,0.178291865039,
    0.224500111371,0.291075936702,0.35442417925,0.400120636388,
    0.424966855344,0.449422142041,0.478918760939,0.500266184256,
    0.526899622801,0.546593622788,0.569136808936,0.614369841144,
    0.659751734195,0.711558458509,0.753363706889,0.81756020195,
    0.885699129702,0.942169965235,0.970148213429,1.),.UNSPECIFIED.);
#9970 = CARTESIAN_POINT('',(3.141592651499,1.570796319528));
#9971 = CARTESIAN_POINT('',(3.156181228475,1.62331517974));
#9972 = CARTESIAN_POINT('',(3.171109893314,1.675219644983));
#9973 = CARTESIAN_POINT('',(3.186367867565,1.726671033428));
#9974 = CARTESIAN_POINT('',(3.201942753577,1.777812902777));
#9975 = CARTESIAN_POINT('',(3.217820347981,1.828790004998));
#9976 = CARTESIAN_POINT('',(3.242917389889,1.907946226202));
#9977 = CARTESIAN_POINT('',(3.25193761687,1.936121467325));
#9978 = CARTESIAN_POINT('',(3.261042035465,1.964325010138));
#9979 = CARTESIAN_POINT('',(3.270227046302,1.992585646861));
#9980 = CARTESIAN_POINT('',(3.279488277706,2.020934636101));
#9981 = CARTESIAN_POINT('',(3.295615492697,2.070139301745));
#9982 = CARTESIAN_POINT('',(3.302448096924,2.090936677548));
#9983 = CARTESIAN_POINT('',(3.309316208632,2.11181323388));
#9984 = CARTESIAN_POINT('',(3.316217398737,2.132783475683));
#9985 = CARTESIAN_POINT('',(3.323148789748,2.153863320595));
#9986 = CARTESIAN_POINT('',(3.340132200821,2.205625876005));
#9987 = CARTESIAN_POINT('',(3.350212663344,2.236444647612));
#9988 = CARTESIAN_POINT('',(3.360338733912,2.267582288332));
#9989 = CARTESIAN_POINT('',(3.370497237468,2.299099952017));
#9990 = CARTESIAN_POINT('',(3.380670884237,2.331068137946));
#9991 = CARTESIAN_POINT('',(3.400509203834,2.394516173105));
#9992 = CARTESIAN_POINT('',(3.410173281561,2.425940303939));
#9993 = CARTESIAN_POINT('',(3.419810045259,2.457936868908));
#9994 = CARTESIAN_POINT('',(3.429391972069,2.490598824999));
#9995 = CARTESIAN_POINT('',(3.438881494974,2.524033056843));
#9996 = CARTESIAN_POINT('',(3.454965830884,2.583179061022));
#9997 = CARTESIAN_POINT('',(3.461629158295,2.608442056895));
#9998 = CARTESIAN_POINT('',(3.46819619494,2.634241821296));
#9999 = CARTESIAN_POINT('',(3.474639970513,2.660639557505));
#10000 = CARTESIAN_POINT('',(3.480925064888,2.687701365195));
#10001 = CARTESIAN_POINT('',(3.490310851235,2.730632278896));
#10002 = CARTESIAN_POINT('',(3.493555734582,2.745973067911));
#10003 = CARTESIAN_POINT('',(3.496732124725,2.761546677327));
#10004 = CARTESIAN_POINT('',(3.499830983365,2.777365245602));
#10005 = CARTESIAN_POINT('',(3.502841779482,2.793440341381));
#10006 = CARTESIAN_POINT('',(3.508617377649,2.825868952256));
#10007 = CARTESIAN_POINT('',(3.511385137825,2.842213221096));
#10008 = CARTESIAN_POINT('',(3.514044371813,2.858826827287));
#10009 = CARTESIAN_POINT('',(3.516581611657,2.875717222893));
#10010 = CARTESIAN_POINT('',(3.518981778865,2.892887793969));
#10011 = CARTESIAN_POINT('',(3.523938715336,2.931383593621));
#10012 = CARTESIAN_POINT('',(3.526425806885,2.952835758651));
#10013 = CARTESIAN_POINT('',(3.528661093084,2.974687785673));
#10014 = CARTESIAN_POINT('',(3.530613105582,2.996916659776));
#10015 = CARTESIAN_POINT('',(3.532250621661,3.019479714989));
#10016 = CARTESIAN_POINT('',(3.534489445677,3.058823175206));
#10017 = CARTESIAN_POINT('',(3.535252107349,3.075480072422));
#10018 = CARTESIAN_POINT('',(3.535828087254,3.092245176544));
#10019 = CARTESIAN_POINT('',(3.536210456747,3.109085555157));
#10020 = CARTESIAN_POINT('',(3.536395469632,3.12596438992));
#10021 = CARTESIAN_POINT('',(3.536368171784,3.163894573276));
#10022 = CARTESIAN_POINT('',(3.536046125847,3.18494909166));
#10023 = CARTESIAN_POINT('',(3.535417292238,3.20592080374));
#10024 = CARTESIAN_POINT('',(3.53449148322,3.226740969007));
#10025 = CARTESIAN_POINT('',(3.533285485168,3.247352115769));
#10026 = CARTESIAN_POINT('',(3.530736919475,3.282755192501));
#10027 = CARTESIAN_POINT('',(3.52951165693,3.297666144445));
#10028 = CARTESIAN_POINT('',(3.528152794056,3.312421125238));
#10029 = CARTESIAN_POINT('',(3.526669405193,3.32700850206));
#10030 = CARTESIAN_POINT('',(3.525070740165,3.341421080315));
#10031 = CARTESIAN_POINT('',(3.521413731768,3.371948731533));
#10032 = CARTESIAN_POINT('',(3.519322390489,3.388008083587));
#10033 = CARTESIAN_POINT('',(3.517104690507,3.403829062256));
#10034 = CARTESIAN_POINT('',(3.514773130417,3.419411873798));
#10035 = CARTESIAN_POINT('',(3.512339127123,3.43476048352));
#10036 = CARTESIAN_POINT('',(3.504743015198,3.480223162426));
#10037 = CARTESIAN_POINT('',(3.499302441255,3.509640329223));
#10038 = CARTESIAN_POINT('',(3.493569231101,3.538204587466));
#10039 = CARTESIAN_POINT('',(3.487605803661,3.565983739971));
#10040 = CARTESIAN_POINT('',(3.481459118142,3.593049960388));
#10041 = CARTESIAN_POINT('',(3.468843280956,3.646005251853));
#10042 = CARTESIAN_POINT('',(3.462375101609,3.671881925056));
#10043 = CARTESIAN_POINT('',(3.455791754913,3.697188639755));
#10044 = CARTESIAN_POINT('',(3.449119838035,3.721983555425));
#10045 = CARTESIAN_POINT('',(3.442379856751,3.746319210128));
#10046 = CARTESIAN_POINT('',(3.427832137888,3.797558631701));
#10047 = CARTESIAN_POINT('',(3.42000929789,3.824334825664));
#10048 = CARTESIAN_POINT('',(3.412141542301,3.850645233333));
#10049 = CARTESIAN_POINT('',(3.404246588388,3.876544790293));
#10050 = CARTESIAN_POINT('',(3.396338194754,3.902081521115));
#10051 = CARTESIAN_POINT('',(3.382042475044,3.947648290938));
#10052 = CARTESIAN_POINT('',(3.375656488943,3.96778891788));
#10053 = CARTESIAN_POINT('',(3.369274341608,3.987743158191));
#10054 = CARTESIAN_POINT('',(3.362900738319,4.007530121083));
#10055 = CARTESIAN_POINT('',(3.35653958795,4.027166777522));
#10056 = CARTESIAN_POINT('',(3.340450020119,4.076616560388));
#10057 = CARTESIAN_POINT('',(3.330743150529,4.106246290639));
#10058 = CARTESIAN_POINT('',(3.321085243369,4.135615180577));
#10059 = CARTESIAN_POINT('',(3.311485443143,4.164769482853));
#10060 = CARTESIAN_POINT('',(3.301950977225,4.193750281644));
#10061 = CARTESIAN_POINT('',(3.282442693614,4.253212166939));
#10062 = CARTESIAN_POINT('',(3.272478091742,4.283675371829));
#10063 = CARTESIAN_POINT('',(3.262600422739,4.314030073762));
#10064 = CARTESIAN_POINT('',(3.252815204931,4.344315044916));
#10065 = CARTESIAN_POINT('',(3.24312694348,4.374566161314));
#10066 = CARTESIAN_POINT('',(3.225593369504,4.429889599704));
#10067 = CARTESIAN_POINT('',(3.217716641157,4.454961431695));
#10068 = CARTESIAN_POINT('',(3.209911181426,4.480053091199));
#10069 = CARTESIAN_POINT('',(3.202178876054,4.505182993234));
#10070 = CARTESIAN_POINT('',(3.194521413353,4.530369051662));
#10071 = CARTESIAN_POINT('',(3.183184278661,4.5681444117));
#10072 = CARTESIAN_POINT('',(3.179446999354,4.580677704956));
#10073 = CARTESIAN_POINT('',(3.175728657553,4.593231364072));
#10074 = CARTESIAN_POINT('',(3.172029437485,4.605807559707));
#10075 = CARTESIAN_POINT('',(3.168349519322,4.618408464473));
#10076 = CARTESIAN_POINT('',(3.160783520949,4.64450964995));
#10077 = CARTESIAN_POINT('',(3.156900137336,4.658013646541));
#10078 = CARTESIAN_POINT('',(3.153039147185,4.671550909139));
#10079 = CARTESIAN_POINT('',(3.1492007582,4.685124084117));
#10080 = CARTESIAN_POINT('',(3.145385183087,4.698735852998));
#10081 = CARTESIAN_POINT('',(3.141592655683,4.71238898765));
#10082 = ( GEOMETRIC_REPRESENTATION_CONTEXT(2) 
PARAMETRIC_REPRESENTATION_CONTEXT() REPRESENTATION_CONTEXT('2D SPACE',''
  ) );
#10083 = ORIENTED_EDGE('',*,*,#10084,.T.);
#10084 = EDGE_CURVE('',#9735,#9522,#10085,.T.);
#10085 = SURFACE_CURVE('',#10086,(#10134,#10185),.PCURVE_S1.);
#10086 = B_SPLINE_CURVE_WITH_KNOTS('',6,(#10087,#10088,#10089,#10090,
    #10091,#10092,#10093,#10094,#10095,#10096,#10097,#10098,#10099,
    #10100,#10101,#10102,#10103,#10104,#10105,#10106,#10107,#10108,
    #10109,#10110,#10111,#10112,#10113,#10114,#10115,#10116,#10117,
    #10118,#10119,#10120,#10121,#10122,#10123,#10124,#10125,#10126,
    #10127,#10128,#10129,#10130,#10131,#10132,#10133),.UNSPECIFIED.,.F.,
  .F.,(7,5,5,5,5,5,5,5,5,7),(0.,0.231428963592,0.35834612903,
    0.450722177496,0.583748738783,0.710241365062,0.801438431422,
    0.896890377835,0.950578881136,1.),.UNSPECIFIED.);
#10087 = CARTESIAN_POINT('',(-31.50000012714,329.,34.999999868106));
#10088 = CARTESIAN_POINT('',(-30.57383428978,329.00000003289,
    35.926165721289));
#10089 = CARTESIAN_POINT('',(-29.64225106788,328.94118052444,
    36.841410207603));
#10090 = CARTESIAN_POINT('',(-28.70666263057,328.82614269577,
    37.743962780847));
#10091 = CARTESIAN_POINT('',(-27.76844550861,328.65670445467,
    38.632251267203));
#10092 = CARTESIAN_POINT('',(-26.82893533708,328.43411149061,
    39.504904477116));
#10093 = CARTESIAN_POINT('',(-25.37420618506,328.00767268268,
    40.830080405684));
#10094 = CARTESIAN_POINT('',(-24.85899887439,327.84076133034,
    41.294348707991));
#10095 = CARTESIAN_POINT('',(-24.34403905288,327.65803241469,
    41.753336002103));
#10096 = CARTESIAN_POINT('',(-23.82957492319,327.45947860068,
    42.206831650354));
#10097 = CARTESIAN_POINT('',(-23.31588030913,327.24500594326,
    42.654619421221));
#10098 = CARTESIAN_POINT('',(-22.43014914731,326.84657967146,
    43.41808113907));
#10099 = CARTESIAN_POINT('',(-22.05761095334,326.67020692429,
    43.736541215411));
#10100 = CARTESIAN_POINT('',(-21.68576133535,326.48521817513,
    44.051771381149));
#10101 = CARTESIAN_POINT('',(-21.31473275372,326.29150850017,
    44.363678155935));
#10102 = CARTESIAN_POINT('',(-20.94467487313,326.08893735438,
    44.672160143156));
#10103 = CARTESIAN_POINT('',(-20.04449446324,325.57257886416,
    45.4162486519));
#10104 = CARTESIAN_POINT('',(-19.51561689761,325.24908936159,
    45.848042505111));
#10105 = CARTESIAN_POINT('',(-18.9896002998,324.90628518327,
    46.272185907517));
#10106 = CARTESIAN_POINT('',(-18.4670750703,324.54342492561,
    46.688280035898));
#10107 = CARTESIAN_POINT('',(-17.94883845399,324.15956149105,
    47.095836969126));
#10108 = CARTESIAN_POINT('',(-16.94820011941,323.36702190972,
    47.873093480291));
#10109 = CARTESIAN_POINT('',(-16.46535779023,322.9605440675,
    48.243615527803));
#10110 = CARTESIAN_POINT('',(-15.9882117736,322.53265543063,
    48.605351801354));
#10111 = CARTESIAN_POINT('',(-15.5179782245,322.08188214373,
    48.957576189729));
#10112 = CARTESIAN_POINT('',(-15.05629316986,321.60647386176,
    49.299324132333));
#10113 = CARTESIAN_POINT('',(-14.28037844783,320.74150122385,
    49.867163571395));
#10114 = CARTESIAN_POINT('',(-13.9610127664,320.36506699986,
    50.098873097172));
#10115 = CARTESIAN_POINT('',(-13.64815692908,319.97357820513,
    50.323938026374));
#10116 = CARTESIAN_POINT('',(-13.34297482155,319.56598761814,
    50.541668691453));
#10117 = CARTESIAN_POINT('',(-13.04698869545,319.14116813169,
    50.751165961922));
#10118 = CARTESIAN_POINT('',(-12.46409393062,318.23359378835,
    51.160692883015));
#10119 = CARTESIAN_POINT('',(-12.17839819699,317.7492875851,
    51.359722702844));
#10120 = CARTESIAN_POINT('',(-11.90721429462,317.24301415461,
    51.54712908487));
#10121 = CARTESIAN_POINT('',(-11.65376476484,316.71343652991,
    51.720970368722));
#10122 = CARTESIAN_POINT('',(-11.42235412678,316.15974138374,
    51.878676840705));
#10123 = CARTESIAN_POINT('',(-11.10303817554,315.25712927969,
    52.095193266368));
#10124 = CARTESIAN_POINT('',(-10.99667465976,314.92469773786,
    52.167062785231));
#10125 = CARTESIAN_POINT('',(-10.8998179038,314.58490458854,
    52.232304899786));
#10126 = CARTESIAN_POINT('',(-10.81347543523,314.23812725477,
    52.290311718584));
#10127 = CARTESIAN_POINT('',(-10.73866619203,313.88502597998,
    52.340468046884));
#10128 = CARTESIAN_POINT('',(-10.61879785669,313.19675458416,
    52.420715619304));
#10129 = CARTESIAN_POINT('',(-10.57183982441,312.86235003302,
    52.452089363275));
#10130 = CARTESIAN_POINT('',(-10.53606912632,312.52434037237,
    52.475954169965));
#10131 = CARTESIAN_POINT('',(-10.51202138424,312.1837763948,
    52.491985615668));
#10132 = CARTESIAN_POINT('',(-10.5,311.84186817466,52.5));
#10133 = CARTESIAN_POINT('',(-10.5,311.5,52.5));
#10134 = PCURVE('',#9413,#10135);
#10135 = DEFINITIONAL_REPRESENTATION('',(#10136),#10184);
#10136 = B_SPLINE_CURVE_WITH_KNOTS('',6,(#10137,#10138,#10139,#10140,
    #10141,#10142,#10143,#10144,#10145,#10146,#10147,#10148,#10149,
    #10150,#10151,#10152,#10153,#10154,#10155,#10156,#10157,#10158,
    #10159,#10160,#10161,#10162,#10163,#10164,#10165,#10166,#10167,
    #10168,#10169,#10170,#10171,#10172,#10173,#10174,#10175,#10176,
    #10177,#10178,#10179,#10180,#10181,#10182,#10183),.UNSPECIFIED.,.F.,
  .F.,(7,5,5,5,5,5,5,5,5,7),(0.,0.231428963592,0.35834612903,
    0.450722177496,0.583748738783,0.710241365062,0.801438431422,
    0.896890377835,0.950578881136,1.),.UNSPECIFIED.);
#10137 = CARTESIAN_POINT('',(4.712388972848,-1.271456611107E-07));
#10138 = CARTESIAN_POINT('',(4.765312719124,0.92616571022));
#10139 = CARTESIAN_POINT('',(4.817612499074,1.857748932118));
#10140 = CARTESIAN_POINT('',(4.869453477343,2.79333736943));
#10141 = CARTESIAN_POINT('',(4.920982449583,3.731554491383));
#10142 = CARTESIAN_POINT('',(4.972347495251,4.671064662912));
#10143 = CARTESIAN_POINT('',(5.051896043868,6.125793814933));
#10144 = CARTESIAN_POINT('',(5.080071959405,6.641001125604));
#10145 = CARTESIAN_POINT('',(5.108277779037,7.155960947119));
#10146 = CARTESIAN_POINT('',(5.13654237606,7.670425076801));
#10147 = CARTESIAN_POINT('',(5.16489712086,8.184119690863));
#10148 = CARTESIAN_POINT('',(5.214106951923,9.069850852687));
#10149 = CARTESIAN_POINT('',(5.234902767471,9.442389046658));
#10150 = CARTESIAN_POINT('',(5.255778789269,9.814238664646));
#10151 = CARTESIAN_POINT('',(5.276749574711,10.185267246277));
#10152 = CARTESIAN_POINT('',(5.297831106824,10.555325126867));
#10153 = CARTESIAN_POINT('',(5.349585433841,11.455505536758));
#10154 = CARTESIAN_POINT('',(5.380395329315,11.984383102388));
#10155 = CARTESIAN_POINT('',(5.411526547192,12.510399700198));
#10156 = CARTESIAN_POINT('',(5.443040462691,13.032924929693));
#10157 = CARTESIAN_POINT('',(5.475007846329,13.551161546009));
#10158 = CARTESIAN_POINT('',(5.53844019299,14.55179988059));
#10159 = CARTESIAN_POINT('',(5.569848407982,15.034642209763));
#10160 = CARTESIAN_POINT('',(5.601831675709,15.511788226395));
#10161 = CARTESIAN_POINT('',(5.634483196861,15.982021775497));
#10162 = CARTESIAN_POINT('',(5.667910092361,16.443706830137));
#10163 = CARTESIAN_POINT('',(5.727036226446,17.219621552165));
#10164 = CARTESIAN_POINT('',(5.752284454514,17.538987233592));
#10165 = CARTESIAN_POINT('',(5.778070773672,17.851843070911));
#10166 = CARTESIAN_POINT('',(5.80445635614,18.157025178448));
#10167 = CARTESIAN_POINT('',(5.831507171628,18.453011304548));
#10168 = CARTESIAN_POINT('',(5.888403883998,19.035906069375));
#10169 = CARTESIAN_POINT('',(5.918307080103,19.321601803004));
#10170 = CARTESIAN_POINT('',(5.949125671297,19.592785705379));
#10171 = CARTESIAN_POINT('',(5.980940078566,19.846235235158));
#10172 = CARTESIAN_POINT('',(6.01380908601,20.077645873216));
#10173 = CARTESIAN_POINT('',(6.066850093572,20.396961824452));
#10174 = CARTESIAN_POINT('',(6.086280120268,20.503325340231));
#10175 = CARTESIAN_POINT('',(6.106043409506,20.600182096198));
#10176 = CARTESIAN_POINT('',(6.126125578705,20.686524564761));
#10177 = CARTESIAN_POINT('',(6.146498947462,20.761333807969));
#10178 = CARTESIAN_POINT('',(6.186095161966,20.881202143305));
#10179 = CARTESIAN_POINT('',(6.205283056502,20.928160175588));
#10180 = CARTESIAN_POINT('',(6.224638124971,20.963930873676));
#10181 = CARTESIAN_POINT('',(6.244112385174,20.987978615757));
#10182 = CARTESIAN_POINT('',(6.263649982913,21.));
#10183 = CARTESIAN_POINT('',(6.28318530718,21.));
#10184 = ( GEOMETRIC_REPRESENTATION_CONTEXT(2) 
PARAMETRIC_REPRESENTATION_CONTEXT() REPRESENTATION_CONTEXT('2D SPACE',''
  ) );
#10185 = PCURVE('',#9668,#10186);
#10186 = DEFINITIONAL_REPRESENTATION('',(#10187),#10235);
#10187 = B_SPLINE_CURVE_WITH_KNOTS('',6,(#10188,#10189,#10190,#10191,
    #10192,#10193,#10194,#10195,#10196,#10197,#10198,#10199,#10200,
    #10201,#10202,#10203,#10204,#10205,#10206,#10207,#10208,#10209,
    #10210,#10211,#10212,#10213,#10214,#10215,#10216,#10217,#10218,
    #10219,#10220,#10221,#10222,#10223,#10224,#10225,#10226,#10227,
    #10228,#10229,#10230,#10231,#10232,#10233,#10234),.UNSPECIFIED.,.F.,
  .F.,(7,5,5,5,5,5,5,5,5,7),(0.,0.231428963592,0.35834612903,
    0.450722177496,0.583748738783,0.710241365062,0.801438431422,
    0.896890377835,0.950578881136,1.),.UNSPECIFIED.);
#10188 = CARTESIAN_POINT('',(3.141592655683,4.71238898765));
#10189 = CARTESIAN_POINT('',(3.126891610374,4.659465242375));
#10190 = CARTESIAN_POINT('',(3.111845230881,4.607165460667));
#10191 = CARTESIAN_POINT('',(3.09646452258,4.555324484201));
#10192 = CARTESIAN_POINT('',(3.080762177174,4.503795510928));
#10193 = CARTESIAN_POINT('',(3.064752769944,4.452430465518));
#10194 = CARTESIAN_POINT('',(3.039514259533,4.372881916901));
#10195 = CARTESIAN_POINT('',(3.030488436369,4.344706001365));
#10196 = CARTESIAN_POINT('',(3.021378619683,4.316500181732));
#10197 = CARTESIAN_POINT('',(3.012188435487,4.28823558471));
#10198 = CARTESIAN_POINT('',(3.002922291173,4.259880839909));
#10199 = CARTESIAN_POINT('',(2.986789789732,4.210671008847));
#10200 = CARTESIAN_POINT('',(2.979956697416,4.189875193298));
#10201 = CARTESIAN_POINT('',(2.973088306078,4.168999171501));
#10202 = CARTESIAN_POINT('',(2.966187064197,4.148028386058));
#10203 = CARTESIAN_POINT('',(2.959255873289,4.126946853946));
#10204 = CARTESIAN_POINT('',(2.942278670247,4.075192526929));
#10205 = CARTESIAN_POINT('',(2.932204577885,4.044382631455));
#10206 = CARTESIAN_POINT('',(2.922085588232,4.013251413578));
#10207 = CARTESIAN_POINT('',(2.911934975981,3.981737498079));
#10208 = CARTESIAN_POINT('',(2.901770167769,3.94977011444));
#10209 = CARTESIAN_POINT('',(2.881957803244,3.88633776778));
#10210 = CARTESIAN_POINT('',(2.872310735623,3.854929552787));
#10211 = CARTESIAN_POINT('',(2.862692132286,3.82294628506));
#10212 = CARTESIAN_POINT('',(2.853129703042,3.790294763909));
#10213 = CARTESIAN_POINT('',(2.843661279854,3.756867868409));
#10214 = CARTESIAN_POINT('',(2.827620280548,3.697741734323));
#10215 = CARTESIAN_POINT('',(2.820978163108,3.672493506255));
#10216 = CARTESIAN_POINT('',(2.814433406588,3.646707187098));
#10217 = CARTESIAN_POINT('',(2.808013137343,3.620321604629));
#10218 = CARTESIAN_POINT('',(2.801752977389,3.593270789141));
#10219 = CARTESIAN_POINT('',(2.789363808525,3.536374076771));
#10220 = CARTESIAN_POINT('',(2.783257626365,3.506470880666));
#10221 = CARTESIAN_POINT('',(2.777431227584,3.475652289472));
#10222 = CARTESIAN_POINT('',(2.771959491635,3.443837882204));
#10223 = CARTESIAN_POINT('',(2.766943008158,3.410968874759));
#10224 = CARTESIAN_POINT('',(2.759998752897,3.357927867198));
#10225 = CARTESIAN_POINT('',(2.757680550429,3.338497840502));
#10226 = CARTESIAN_POINT('',(2.755565427629,3.318734551264));
#10227 = CARTESIAN_POINT('',(2.753676815119,3.298652382064));
#10228 = CARTESIAN_POINT('',(2.752038403847,3.278279013308));
#10229 = CARTESIAN_POINT('',(2.749410734974,3.238682798804));
#10230 = CARTESIAN_POINT('',(2.748380077683,3.219494904267));
#10231 = CARTESIAN_POINT('',(2.747594267133,3.200139835798));
#10232 = CARTESIAN_POINT('',(2.74706573752,3.180665575596));
#10233 = CARTESIAN_POINT('',(2.74680153389,3.161127977856));
#10234 = CARTESIAN_POINT('',(2.74680153389,3.14159265359));
#10235 = ( GEOMETRIC_REPRESENTATION_CONTEXT(2) 
PARAMETRIC_REPRESENTATION_CONTEXT() REPRESENTATION_CONTEXT('2D SPACE',''
  ) );
#10236 = ORIENTED_EDGE('',*,*,#9521,.T.);
#10237 = ORIENTED_EDGE('',*,*,#9431,.F.);
#10238 = ORIENTED_EDGE('',*,*,#9390,.F.);
#10239 = ADVANCED_FACE('',(#10240),#9336,.T.);
#10240 = FACE_BOUND('',#10241,.T.);
#10241 = EDGE_LOOP('',(#10242,#10564,#10719,#10740,#10788,#10789,#10790,
    #10791));
#10242 = ORIENTED_EDGE('',*,*,#10243,.T.);
#10243 = EDGE_CURVE('',#10244,#10246,#10248,.T.);
#10244 = VERTEX_POINT('',#10245);
#10245 = CARTESIAN_POINT('',(94.5,329.,35.));
#10246 = VERTEX_POINT('',#10247);
#10247 = CARTESIAN_POINT('',(94.5,294.,35.));
#10248 = SURFACE_CURVE('',#10249,(#10352,#10458),.PCURVE_S1.);
#10249 = B_SPLINE_CURVE_WITH_KNOTS('',6,(#10250,#10251,#10252,#10253,
    #10254,#10255,#10256,#10257,#10258,#10259,#10260,#10261,#10262,
    #10263,#10264,#10265,#10266,#10267,#10268,#10269,#10270,#10271,
    #10272,#10273,#10274,#10275,#10276,#10277,#10278,#10279,#10280,
    #10281,#10282,#10283,#10284,#10285,#10286,#10287,#10288,#10289,
    #10290,#10291,#10292,#10293,#10294,#10295,#10296,#10297,#10298,
    #10299,#10300,#10301,#10302,#10303,#10304,#10305,#10306,#10307,
    #10308,#10309,#10310,#10311,#10312,#10313,#10314,#10315,#10316,
    #10317,#10318,#10319,#10320,#10321,#10322,#10323,#10324,#10325,
    #10326,#10327,#10328,#10329,#10330,#10331,#10332,#10333,#10334,
    #10335,#10336,#10337,#10338,#10339,#10340,#10341,#10342,#10343,
    #10344,#10345,#10346,#10347,#10348,#10349,#10350,#10351),
  .UNSPECIFIED.,.F.,.F.,(7,5,5,5,5,5,5,5,5,5,5,5,5,5,5,5,5,5,5,5,7),(0.,
    0.113526151404,0.177009171129,0.223246928492,0.292033948371,
    0.355266567057,0.400851282896,0.448560990171,0.478116067848,
    0.499489402712,0.527641718794,0.547384429079,0.569998540915,
    0.615381863967,0.660893894534,0.712811326149,0.795718263516,
    0.884712482243,0.943518761298,0.971477717682,1.),.UNSPECIFIED.);
#10250 = CARTESIAN_POINT('',(94.500000042766,329.,35.));
#10251 = CARTESIAN_POINT('',(93.591371599008,329.00000002087,
    34.091371716687));
#10252 = CARTESIAN_POINT('',(92.677526448853,328.94338700308,
    33.193252091836));
#10253 = CARTESIAN_POINT('',(91.759801487085,328.83261644577,
    32.307317688714));
#10254 = CARTESIAN_POINT('',(90.83949849514,328.66942011914,
    31.43505658298));
#10255 = CARTESIAN_POINT('',(89.917877992708,328.45499480026,
    30.577769184689));
#10256 = CARTESIAN_POINT('',(88.480752110659,328.04136451613,
    29.266194119091));
#10257 = CARTESIAN_POINT('',(87.965326570708,327.87712084246,
    28.800857462072));
#10258 = CARTESIAN_POINT('',(87.450115423008,327.69704662908,
    28.340776865372));
#10259 = CARTESIAN_POINT('',(86.935365117203,327.50114268061,
    27.886163021994));
#10260 = CARTESIAN_POINT('',(86.421346772647,327.28932411764,
    27.437231553448));
#10261 = CARTESIAN_POINT('',(85.534726626509,326.89539460013,
    26.671524443007));
#10262 = CARTESIAN_POINT('',(85.161643338297,326.72084571264,
    26.351979564806));
#10263 = CARTESIAN_POINT('',(84.78922619488,326.53768079357,
    26.035654370668));
#10264 = CARTESIAN_POINT('',(84.417606022681,326.34579913205,
    25.722641741204));
#10265 = CARTESIAN_POINT('',(84.046930366352,326.1450648749,
    25.413042165122));
#10266 = CARTESIAN_POINT('',(83.127571209833,325.62323297902,
    24.651617739377));
#10267 = CARTESIAN_POINT('',(82.58025981335,325.29119072707,
    24.204085370728));
#10268 = CARTESIAN_POINT('',(82.035945187608,324.93856470061,
    23.764695148797));
#10269 = CARTESIAN_POINT('',(81.495314454374,324.56455050095,
    23.333883111996));
#10270 = CARTESIAN_POINT('',(80.959241800561,324.1681145761,
    22.91218495179));
#10271 = CARTESIAN_POINT('',(79.941322183194,323.36128234185,
    22.121618993574));
#10272 = CARTESIAN_POINT('',(79.458662551987,322.95465271401,
    21.751289631078));
#10273 = CARTESIAN_POINT('',(78.981706865943,322.52660945943,
    21.389747891587));
#10274 = CARTESIAN_POINT('',(78.511672984828,322.07567715238,
    21.037720869423));
#10275 = CARTESIAN_POINT('',(78.050199395457,321.60010390827,
    20.696174554979));
#10276 = CARTESIAN_POINT('',(77.274703295922,320.73486479407,
    20.128713695244));
#10277 = CARTESIAN_POINT('',(76.955536479643,320.3583355652,
    19.897177054579));
#10278 = CARTESIAN_POINT('',(76.642887766588,319.96674956491,
    19.672287985991));
#10279 = CARTESIAN_POINT('',(76.337922690576,319.55905931433,
    19.454737152201));
#10280 = CARTESIAN_POINT('',(76.04216568127,319.13413786372,
    19.245424995126));
#10281 = CARTESIAN_POINT('',(75.459781268533,318.22636940434,
    18.836298964962));
#10282 = CARTESIAN_POINT('',(75.174367127178,317.74197252234,
    18.637484705247));
#10283 = CARTESIAN_POINT('',(74.903483009061,317.23560977737,
    18.450302497014));
#10284 = CARTESIAN_POINT('',(74.650355055887,316.70594785445,
    18.276696215914));
#10285 = CARTESIAN_POINT('',(74.419291569145,316.1521797662,
    18.119237899327));
#10286 = CARTESIAN_POINT('',(74.088928207078,315.21655426294,
    17.895244734672));
#10287 = CARTESIAN_POINT('',(73.972979801383,314.84956036426,
    17.816933489773));
#10288 = CARTESIAN_POINT('',(73.86868706539,314.4736658256,
    17.746735215405));
#10289 = CARTESIAN_POINT('',(73.777407770151,314.08941672378,
    17.685469290387));
#10290 = CARTESIAN_POINT('',(73.700501839916,313.69777770624,
    17.633956971002));
#10291 = CARTESIAN_POINT('',(73.594597755585,313.01285853715,
    17.563120514514));
#10292 = CARTESIAN_POINT('',(73.558228341679,312.72234622052,
    17.538831646927));
#10293 = CARTESIAN_POINT('',(73.530348630849,312.42939308989,
    17.520233123673));
#10294 = CARTESIAN_POINT('',(73.511272862254,312.13470642881,
    17.507515335664));
#10295 = CARTESIAN_POINT('',(73.501180425841,311.83907821738,
    17.500786952021));
#10296 = CARTESIAN_POINT('',(73.498632154156,311.15392117672,
    17.499088100967));
#10297 = CARTESIAN_POINT('',(73.512784920627,310.76423988581,
    17.508523363931));
#10298 = CARTESIAN_POINT('',(73.542577352007,310.37642964012,
    17.528383355459));
#10299 = CARTESIAN_POINT('',(73.58751506381,309.99225510706,
    17.558366493504));
#10300 = CARTESIAN_POINT('',(73.646735204441,309.61320133021,
    17.597952737102));
#10301 = CARTESIAN_POINT('',(73.769928673764,308.97913804397,
    17.680510248746));
#10302 = CARTESIAN_POINT('',(73.827206249378,308.72085582956,
    17.718943640344));
#10303 = CARTESIAN_POINT('',(73.89061777161,308.46602776751,
    17.761560420059));
#10304 = CARTESIAN_POINT('',(73.959768339589,308.21491746039,
    17.808122037808));
#10305 = CARTESIAN_POINT('',(74.03425783726,307.96769815046,
    17.858387122126));
#10306 = CARTESIAN_POINT('',(74.204714161282,307.44586476462,
    17.973685155024));
#10307 = CARTESIAN_POINT('',(74.30222673185,307.17250260378,
    18.039801155008));
#10308 = CARTESIAN_POINT('',(74.405680014492,306.90451319166,
    18.110135714658));
#10309 = CARTESIAN_POINT('',(74.514537377794,306.64193209318,
    18.184366243625));
#10310 = CARTESIAN_POINT('',(74.62831047296,306.38471753713,
    18.262199817559));
#10311 = CARTESIAN_POINT('',(74.98392459746,305.62714088971,
    18.506312421062));
#10312 = CARTESIAN_POINT('',(75.239297979665,305.14287516209,
    18.682687374467));
#10313 = CARTESIAN_POINT('',(75.509363825677,304.67890843664,
    18.870526931474));
#10314 = CARTESIAN_POINT('',(75.791473363546,304.23411268847,
    19.068255466872));
#10315 = CARTESIAN_POINT('',(76.083627477164,303.80724349695,
    19.274677227211));
#10316 = CARTESIAN_POINT('',(76.686172939589,302.98549970801,
    19.703961924121));
#10317 = CARTESIAN_POINT('',(76.996520539185,302.59084579724,
    19.926803442897));
#10318 = CARTESIAN_POINT('',(77.314054069614,302.21173553714,
    20.156684720033));
#10319 = CARTESIAN_POINT('',(77.637647562065,301.84717989937,
    20.392942808826));
#10320 = CARTESIAN_POINT('',(77.966428635928,301.49629344845,
    20.635062521253));
#10321 = CARTESIAN_POINT('',(78.680013372945,300.77267809064,
    21.165151367663));
#10322 = CARTESIAN_POINT('',(79.066142271136,300.40387239389,
    21.454742623596));
#10323 = CARTESIAN_POINT('',(79.457169004616,300.05069319267,
    21.750886001567));
#10324 = CARTESIAN_POINT('',(79.852332843793,299.71226830663,
    22.053132918887));
#10325 = CARTESIAN_POINT('',(80.25103501901,299.38786218529,
    22.361126818935));
#10326 = CARTESIAN_POINT('',(81.294446743172,298.58019443423,
    23.17520039424));
#10327 = CARTESIAN_POINT('',(81.943865242806,298.11775411862,
    23.689720545085));
#10328 = CARTESIAN_POINT('',(82.599227201127,297.68698894757,
    24.217076404347));
#10329 = CARTESIAN_POINT('',(83.259171854265,297.28636106906,
    24.756420811159));
#10330 = CARTESIAN_POINT('',(83.922656914971,296.91472216538,
    25.307071604046));
#10331 = CARTESIAN_POINT('',(85.304147933734,296.20264081441,
    26.47122869409));
#10332 = CARTESIAN_POINT('',(86.022508425127,295.86652789797,
    27.086321117771));
#10333 = CARTESIAN_POINT('',(86.743041729924,295.56199812876,
    27.713148834656));
#10334 = CARTESIAN_POINT('',(87.46492646294,295.28864092794,
    28.351093184982));
#10335 = CARTESIAN_POINT('',(88.187455090446,295.04634008252,
    28.999567091895));
#10336 = CARTESIAN_POINT('',(89.387494601749,294.6957931468,
    30.093127432887));
#10337 = CARTESIAN_POINT('',(89.864969949561,294.56995726299,
    30.532578903159));
#10338 = CARTESIAN_POINT('',(90.342272079081,294.45781087402,
    30.976215182197));
#10339 = CARTESIAN_POINT('',(90.819222992962,294.35945963347,
    31.42386335053));
#10340 = CARTESIAN_POINT('',(91.295647698924,294.27505916863,
    31.875342607692));
#10341 = CARTESIAN_POINT('',(91.997553572889,294.17141142432,
    32.546847864599));
#10342 = CARTESIAN_POINT('',(92.223575140763,294.14121134271,
    32.764054516234));
#10343 = CARTESIAN_POINT('',(92.449419501189,294.11423202709,
    32.98206350779));
#10344 = CARTESIAN_POINT('',(92.675067540692,294.09049762342,
    33.200853452055));
#10345 = CARTESIAN_POINT('',(92.900499867985,294.07003469893,
    33.420402145825));
#10346 = CARTESIAN_POINT('',(93.35543109957,294.03536399073,
    33.865409354537));
#10347 = CARTESIAN_POINT('',(93.584920273686,294.02129055052,
    34.090897752652));
#10348 = CARTESIAN_POINT('',(93.81414362605,294.01068269027,
    34.31712713955));
#10349 = CARTESIAN_POINT('',(94.04307954036,294.00357381656,
    34.544072162815));
#10350 = CARTESIAN_POINT('',(94.271705839681,293.99999999978,
    34.771706063947));
#10351 = CARTESIAN_POINT('',(94.500000131835,294.,35.));
#10352 = PCURVE('',#9336,#10353);
#10353 = DEFINITIONAL_REPRESENTATION('',(#10354),#10457);
#10354 = B_SPLINE_CURVE_WITH_KNOTS('',6,(#10355,#10356,#10357,#10358,
    #10359,#10360,#10361,#10362,#10363,#10364,#10365,#10366,#10367,
    #10368,#10369,#10370,#10371,#10372,#10373,#10374,#10375,#10376,
    #10377,#10378,#10379,#10380,#10381,#10382,#10383,#10384,#10385,
    #10386,#10387,#10388,#10389,#10390,#10391,#10392,#10393,#10394,
    #10395,#10396,#10397,#10398,#10399,#10400,#10401,#10402,#10403,
    #10404,#10405,#10406,#10407,#10408,#10409,#10410,#10411,#10412,
    #10413,#10414,#10415,#10416,#10417,#10418,#10419,#10420,#10421,
    #10422,#10423,#10424,#10425,#10426,#10427,#10428,#10429,#10430,
    #10431,#10432,#10433,#10434,#10435,#10436,#10437,#10438,#10439,
    #10440,#10441,#10442,#10443,#10444,#10445,#10446,#10447,#10448,
    #10449,#10450,#10451,#10452,#10453,#10454,#10455,#10456),
  .UNSPECIFIED.,.F.,.F.,(7,5,5,5,5,5,5,5,5,5,5,5,5,5,5,5,5,5,5,5,7),(0.,
    0.113526151404,0.177009171129,0.223246928492,0.292033948371,
    0.355266567057,0.400851282896,0.448560990171,0.478116067848,
    0.499489402712,0.527641718794,0.547384429079,0.569998540915,
    0.615381863967,0.660893894534,0.712811326149,0.795718263516,
    0.884712482243,0.943518761298,0.971477717682,1.),.UNSPECIFIED.);
#10355 = CARTESIAN_POINT('',(4.712388980385,126.00000004276));
#10356 = CARTESIAN_POINT('',(4.6604673788,125.091371599));
#10357 = CARTESIAN_POINT('',(4.609146174534,124.17752644885));
#10358 = CARTESIAN_POINT('',(4.558269642601,123.25980148708));
#10359 = CARTESIAN_POINT('',(4.507698892168,122.33949849514));
#10360 = CARTESIAN_POINT('',(4.457294005864,121.4178779927));
#10361 = CARTESIAN_POINT('',(4.378708154416,119.98075211065));
#10362 = CARTESIAN_POINT('',(4.35052590401,119.4653265707));
#10363 = CARTESIAN_POINT('',(4.322317685626,118.950115423));
#10364 = CARTESIAN_POINT('',(4.294054800619,118.4353651172));
#10365 = CARTESIAN_POINT('',(4.265706125808,117.92134677264));
#10366 = CARTESIAN_POINT('',(4.216500589576,117.0347266265));
#10367 = CARTESIAN_POINT('',(4.195700693836,116.66164333829));
#10368 = CARTESIAN_POINT('',(4.174823103457,116.28922619488));
#10369 = CARTESIAN_POINT('',(4.153853388599,115.91760602268));
#10370 = CARTESIAN_POINT('',(4.132775725321,115.54693036635));
#10371 = CARTESIAN_POINT('',(4.080028327787,114.62757120983));
#10372 = CARTESIAN_POINT('',(4.048207356467,114.08025981335));
#10373 = CARTESIAN_POINT('',(4.016048800691,113.5359451876));
#10374 = CARTESIAN_POINT('',(3.98348553697,112.99531445437));
#10375 = CARTESIAN_POINT('',(3.95044002637,112.45924180056));
#10376 = CARTESIAN_POINT('',(3.885892046089,111.44132218319));
#10377 = CARTESIAN_POINT('',(3.854484831948,110.95866255198));
#10378 = CARTESIAN_POINT('',(3.822501988021,110.48170686594));
#10379 = CARTESIAN_POINT('',(3.789850248412,110.01167298482));
#10380 = CARTESIAN_POINT('',(3.756422425885,109.55019939545));
#10381 = CARTESIAN_POINT('',(3.697295428644,108.77470329592));
#10382 = CARTESIAN_POINT('',(3.672047752137,108.45553647964));
#10383 = CARTESIAN_POINT('',(3.646261622523,108.14288776658));
#10384 = CARTESIAN_POINT('',(3.619875856796,107.83792269057));
#10385 = CARTESIAN_POINT('',(3.592824493133,107.54216568127));
#10386 = CARTESIAN_POINT('',(3.535927086445,106.95978126853));
#10387 = CARTESIAN_POINT('',(3.506023776403,106.67436712717));
#10388 = CARTESIAN_POINT('',(3.475204843073,106.40348300906));
#10389 = CARTESIAN_POINT('',(3.443390048143,106.15035505588));
#10390 = CARTESIAN_POINT('',(3.410520910501,105.91929156914));
#10391 = CARTESIAN_POINT('',(3.35554579865,105.58892820707));
#10392 = CARTESIAN_POINT('',(3.334109161201,105.47297980138));
#10393 = CARTESIAN_POINT('',(3.312269070383,105.36868706539));
#10394 = CARTESIAN_POINT('',(3.290046874957,105.27740777015));
#10395 = CARTESIAN_POINT('',(3.267483425757,105.20050183991));
#10396 = CARTESIAN_POINT('',(3.228136426421,105.09459775558));
#10397 = CARTESIAN_POINT('',(3.21148101071,105.05822834167));
#10398 = CARTESIAN_POINT('',(3.19471222984,105.03034863084));
#10399 = CARTESIAN_POINT('',(3.177862542333,105.01127286225));
#10400 = CARTESIAN_POINT('',(3.160968606206,105.00118042584));
#10401 = CARTESIAN_POINT('',(3.121816654959,104.99863215415));
#10402 = CARTESIAN_POINT('',(3.09955055851,105.01278492062));
#10403 = CARTESIAN_POINT('',(3.077373010266,105.042577352));
#10404 = CARTESIAN_POINT('',(3.055364882009,105.08751506381));
#10405 = CARTESIAN_POINT('',(3.033593903121,105.14673520444));
#10406 = CARTESIAN_POINT('',(2.997055882948,105.26992867376));
#10407 = CARTESIAN_POINT('',(2.982136880525,105.32720624937));
#10408 = CARTESIAN_POINT('',(2.967376574515,105.39061777161));
#10409 = CARTESIAN_POINT('',(2.952786137234,105.45976833958));
#10410 = CARTESIAN_POINT('',(2.938372322581,105.53425783726));
#10411 = CARTESIAN_POINT('',(2.907834091261,105.70471416128));
#10412 = CARTESIAN_POINT('',(2.891766174287,105.80222673185));
#10413 = CARTESIAN_POINT('',(2.875938219221,105.90568001449));
#10414 = CARTESIAN_POINT('',(2.860349551655,106.01453737779));
#10415 = CARTESIAN_POINT('',(2.844995834724,106.12831047296));
#10416 = CARTESIAN_POINT('',(2.799513805444,106.48392459746));
#10417 = CARTESIAN_POINT('',(2.770084012003,106.73929797966));
#10418 = CARTESIAN_POINT('',(2.741507008813,107.00936382567));
#10419 = CARTESIAN_POINT('',(2.713713965238,107.29147336354));
#10420 = CARTESIAN_POINT('',(2.686632143765,107.58362747716));
#10421 = CARTESIAN_POINT('',(2.633653959401,108.18617293958));
#10422 = CARTESIAN_POINT('',(2.607769332132,108.49652053918));
#10423 = CARTESIAN_POINT('',(2.582452123895,108.81405406961));
#10424 = CARTESIAN_POINT('',(2.557644206116,109.13764756206));
#10425 = CARTESIAN_POINT('',(2.533293142525,109.46642863592));
#10426 = CARTESIAN_POINT('',(2.482035860438,110.18001337294));
#10427 = CARTESIAN_POINT('',(2.455255705709,110.56614227113));
#10428 = CARTESIAN_POINT('',(2.428937978467,110.95716900461));
#10429 = CARTESIAN_POINT('',(2.403028004909,111.35233284379));
#10430 = CARTESIAN_POINT('',(2.377477999593,111.75103501901));
#10431 = CARTESIAN_POINT('',(2.311949243304,112.79444674317));
#10432 = CARTESIAN_POINT('',(2.272466048575,113.4438652428));
#10433 = CARTESIAN_POINT('',(2.23361936688,114.09922720112));
#10434 = CARTESIAN_POINT('',(2.195286909916,114.75917185426));
#10435 = CARTESIAN_POINT('',(2.157363243834,115.42265691497));
#10436 = CARTESIAN_POINT('',(2.079382156002,116.80414793373));
#10437 = CARTESIAN_POINT('',(2.03937646497,117.52250842512));
#10438 = CARTESIAN_POINT('',(1.99962206809,118.24304172992));
#10439 = CARTESIAN_POINT('',(1.960028848335,118.96492646294));
#10440 = CARTESIAN_POINT('',(1.92051533526,119.68745509044));
#10441 = CARTESIAN_POINT('',(1.854894099933,120.88749460174));
#10442 = CARTESIAN_POINT('',(1.828786169881,121.36496994956));
#10443 = CARTESIAN_POINT('',(1.802657277641,121.84227207908));
#10444 = CARTESIAN_POINT('',(1.776486638491,122.31922299296));
#10445 = CARTESIAN_POINT('',(1.750254054394,122.79564769892));
#10446 = CARTESIAN_POINT('',(1.711427925387,123.49755357288));
#10447 = CARTESIAN_POINT('',(1.69889812463,123.72357514076));
#10448 = CARTESIAN_POINT('',(1.686347569403,123.94941950118));
#10449 = CARTESIAN_POINT('',(1.673774093496,124.17506754069));
#10450 = CARTESIAN_POINT('',(1.661175527819,124.40049986798));
#10451 = CARTESIAN_POINT('',(1.635669483793,124.85543109957));
#10452 = CARTESIAN_POINT('',(1.622760895704,125.08492027368));
#10453 = CARTESIAN_POINT('',(1.60982162921,125.31414362605));
#10454 = CARTESIAN_POINT('',(1.596849346103,125.54307954036));
#10455 = CARTESIAN_POINT('',(1.583841694555,125.77170583968));
#10456 = CARTESIAN_POINT('',(1.570796326795,126.00000013183));
#10457 = ( GEOMETRIC_REPRESENTATION_CONTEXT(2) 
PARAMETRIC_REPRESENTATION_CONTEXT() REPRESENTATION_CONTEXT('2D SPACE',''
  ) );
#10458 = PCURVE('',#9668,#10459);
#10459 = DEFINITIONAL_REPRESENTATION('',(#10460),#10563);
#10460 = B_SPLINE_CURVE_WITH_KNOTS('',6,(#10461,#10462,#10463,#10464,
    #10465,#10466,#10467,#10468,#10469,#10470,#10471,#10472,#10473,
    #10474,#10475,#10476,#10477,#10478,#10479,#10480,#10481,#10482,
    #10483,#10484,#10485,#10486,#10487,#10488,#10489,#10490,#10491,
    #10492,#10493,#10494,#10495,#10496,#10497,#10498,#10499,#10500,
    #10501,#10502,#10503,#10504,#10505,#10506,#10507,#10508,#10509,
    #10510,#10511,#10512,#10513,#10514,#10515,#10516,#10517,#10518,
    #10519,#10520,#10521,#10522,#10523,#10524,#10525,#10526,#10527,
    #10528,#10529,#10530,#10531,#10532,#10533,#10534,#10535,#10536,
    #10537,#10538,#10539,#10540,#10541,#10542,#10543,#10544,#10545,
    #10546,#10547,#10548,#10549,#10550,#10551,#10552,#10553,#10554,
    #10555,#10556,#10557,#10558,#10559,#10560,#10561,#10562),
  .UNSPECIFIED.,.F.,.F.,(7,5,5,5,5,5,5,5,5,5,5,5,5,5,5,5,5,5,5,5,7),(0.,
    0.113526151404,0.177009171129,0.223246928492,0.292033948371,
    0.355266567057,0.400851282896,0.448560990171,0.478116067848,
    0.499489402712,0.527641718794,0.547384429079,0.569998540915,
    0.615381863967,0.660893894534,0.712811326149,0.795718263516,
    0.884712482243,0.943518761298,0.971477717682,1.),.UNSPECIFIED.);
#10461 = CARTESIAN_POINT('',(6.28318530718,4.712388982828));
#10462 = CARTESIAN_POINT('',(6.26876263596,4.66046737223));
#10463 = CARTESIAN_POINT('',(6.254007536917,4.609146183778));
#10464 = CARTESIAN_POINT('',(6.238930471298,4.558269635642));
#10465 = CARTESIAN_POINT('',(6.223543400732,4.507698894495));
#10466 = CARTESIAN_POINT('',(6.207860000525,4.457294005864));
#10467 = CARTESIAN_POINT('',(6.182968919972,4.378708154416));
#10468 = CARTESIAN_POINT('',(6.173954452523,4.35052590401));
#10469 = CARTESIAN_POINT('',(6.164855457762,4.322317685626));
#10470 = CARTESIAN_POINT('',(6.155675499439,4.294054800619));
#10471 = CARTESIAN_POINT('',(6.146418901337,4.265706125808));
#10472 = CARTESIAN_POINT('',(6.130296835879,4.216500589576));
#10473 = CARTESIAN_POINT('',(6.123464951302,4.195700693836));
#10474 = CARTESIAN_POINT('',(6.116597257972,4.174823103457));
#10475 = CARTESIAN_POINT('',(6.109696157148,4.153853388599));
#10476 = CARTESIAN_POINT('',(6.102764491867,4.132775725321));
#10477 = CARTESIAN_POINT('',(6.085453030525,4.080028327787));
#10478 = CARTESIAN_POINT('',(6.075040682458,4.048207356467));
#10479 = CARTESIAN_POINT('',(6.064578991818,4.016048800691));
#10480 = CARTESIAN_POINT('',(6.054082382034,3.98348553697));
#10481 = CARTESIAN_POINT('',(6.043569936484,3.95044002637));
#10482 = CARTESIAN_POINT('',(6.023413220711,3.885892046089));
#10483 = CARTESIAN_POINT('',(6.013768790062,3.854484831948));
#10484 = CARTESIAN_POINT('',(6.004153047921,3.822501988021));
#10485 = CARTESIAN_POINT('',(5.994593745618,3.789850248412));
#10486 = CARTESIAN_POINT('',(5.985128774386,3.756422425885));
#10487 = CARTESIAN_POINT('',(5.969095006417,3.697295428644));
#10488 = CARTESIAN_POINT('',(5.962456459313,3.672047752137));
#10489 = CARTESIAN_POINT('',(5.955915502848,3.646261622523));
#10490 = CARTESIAN_POINT('',(5.949499302105,3.619875856796));
#10491 = CARTESIAN_POINT('',(5.943243530213,3.592824493133));
#10492 = CARTESIAN_POINT('',(5.930864362211,3.535927086445));
#10493 = CARTESIAN_POINT('',(5.924763809701,3.506023776403));
#10494 = CARTESIAN_POINT('',(5.91894350996,3.475204843073));
#10495 = CARTESIAN_POINT('',(5.91347842574,3.443390048143));
#10496 = CARTESIAN_POINT('',(5.908469234232,3.410520910501));
#10497 = CARTESIAN_POINT('',(5.901284442805,3.35554579865));
#10498 = CARTESIAN_POINT('',(5.898756634504,3.334109161201));
#10499 = CARTESIAN_POINT('',(5.896478061829,3.312269070383));
#10500 = CARTESIAN_POINT('',(5.894480297766,3.290046874957));
#10501 = CARTESIAN_POINT('',(5.892794958542,3.267483425757));
#10502 = CARTESIAN_POINT('',(5.890472136274,3.228136426421));
#10503 = CARTESIAN_POINT('',(5.889673672526,3.21148101071));
#10504 = CARTESIAN_POINT('',(5.889061176107,3.19471222984));
#10505 = CARTESIAN_POINT('',(5.888641940776,3.177862542333));
#10506 = CARTESIAN_POINT('',(5.888420130875,3.160968606206));
#10507 = CARTESIAN_POINT('',(5.88836412497,3.121816654959));
#10508 = CARTESIAN_POINT('',(5.888675173047,3.09955055851));
#10509 = CARTESIAN_POINT('',(5.889329984839,3.077373010266));
#10510 = CARTESIAN_POINT('',(5.89031712644,3.055364882009));
#10511 = CARTESIAN_POINT('',(5.891616514545,3.033593903121));
#10512 = CARTESIAN_POINT('',(5.894315374808,2.997055882948));
#10513 = CARTESIAN_POINT('',(5.895569188106,2.982136880525));
#10514 = CARTESIAN_POINT('',(5.896955907056,2.967376574515));
#10515 = CARTESIAN_POINT('',(5.898466352717,2.952786137234));
#10516 = CARTESIAN_POINT('',(5.900091219113,2.938372322581));
#10517 = CARTESIAN_POINT('',(5.903803883526,2.907834091261));
#10518 = CARTESIAN_POINT('',(5.905924590946,2.891766174287));
#10519 = CARTESIAN_POINT('',(5.908170646518,2.875938219221));
#10520 = CARTESIAN_POINT('',(5.910529550074,2.860349551655));
#10521 = CARTESIAN_POINT('',(5.912989915744,2.844995834724));
#10522 = CARTESIAN_POINT('',(5.92066337602,2.799513805444));
#10523 = CARTESIAN_POINT('',(5.926152230852,2.770084012003));
#10524 = CARTESIAN_POINT('',(5.931930404274,2.741507008813));
#10525 = CARTESIAN_POINT('',(5.937935947073,2.713713965238));
#10526 = CARTESIAN_POINT('',(5.944122295007,2.686632143765));
#10527 = CARTESIAN_POINT('',(5.956810396756,2.633653959401));
#10528 = CARTESIAN_POINT('',(5.963311035312,2.607769332132));
#10529 = CARTESIAN_POINT('',(5.969924896651,2.582452123895));
#10530 = CARTESIAN_POINT('',(5.976625660881,2.557644206116));
#10531 = CARTESIAN_POINT('',(5.983393033396,2.533293142525));
#10532 = CARTESIAN_POINT('',(5.997990938211,2.482035860438));
#10533 = CARTESIAN_POINT('',(6.005836092061,2.455255705709));
#10534 = CARTESIAN_POINT('',(6.013724652194,2.428937978467));
#10535 = CARTESIAN_POINT('',(6.02163910793,2.403028004909));
#10536 = CARTESIAN_POINT('',(6.029565855371,2.377477999593));
#10537 = CARTESIAN_POINT('',(6.050156281427,2.311949243304));
#10538 = CARTESIAN_POINT('',(6.062821648421,2.272466048575));
#10539 = CARTESIAN_POINT('',(6.075448880717,2.23361936688));
#10540 = CARTESIAN_POINT('',(6.088008797374,2.195286909916));
#10541 = CARTESIAN_POINT('',(6.100480243326,2.157363243834));
#10542 = CARTESIAN_POINT('',(6.126125844146,2.079382156002));
#10543 = CARTESIAN_POINT('',(6.13928302801,2.03937646497));
#10544 = CARTESIAN_POINT('',(6.152301728413,1.99962206809));
#10545 = CARTESIAN_POINT('',(6.165167920711,1.960028848335));
#10546 = CARTESIAN_POINT('',(6.177870936425,1.92051533526));
#10547 = CARTESIAN_POINT('',(6.198683988751,1.854894099933));
#10548 = CARTESIAN_POINT('',(6.206890160223,1.828786169881));
#10549 = CARTESIAN_POINT('',(6.215019096139,1.802657277641));
#10550 = CARTESIAN_POINT('',(6.223068664425,1.776486638491));
#10551 = CARTESIAN_POINT('',(6.23103696465,1.750254054394));
#10552 = CARTESIAN_POINT('',(6.242671316949,1.711427925387));
#10553 = CARTESIAN_POINT('',(6.246401573273,1.69889812463));
#10554 = CARTESIAN_POINT('',(6.250112881851,1.686347569403));
#10555 = CARTESIAN_POINT('',(6.253805059502,1.673774093496));
#10556 = CARTESIAN_POINT('',(6.257477926864,1.661175527819));
#10557 = CARTESIAN_POINT('',(6.264858299422,1.635669483793));
#10558 = CARTESIAN_POINT('',(6.268565010432,1.622760900645));
#10559 = CARTESIAN_POINT('',(6.272251252271,1.609821624189));
#10560 = CARTESIAN_POINT('',(6.275916842226,1.596849340103));
#10561 = CARTESIAN_POINT('',(6.279561593918,1.583841707387));
#10562 = CARTESIAN_POINT('',(6.28318530718,1.570796319261));
#10563 = ( GEOMETRIC_REPRESENTATION_CONTEXT(2) 
PARAMETRIC_REPRESENTATION_CONTEXT() REPRESENTATION_CONTEXT('2D SPACE',''
  ) );
#10564 = ORIENTED_EDGE('',*,*,#10565,.T.);
#10565 = EDGE_CURVE('',#10246,#10566,#10568,.T.);
#10566 = VERTEX_POINT('',#10567);
#10567 = CARTESIAN_POINT('',(73.5,311.5,52.5));
#10568 = SURFACE_CURVE('',#10569,(#10617,#10668),.PCURVE_S1.);
#10569 = B_SPLINE_CURVE_WITH_KNOTS('',6,(#10570,#10571,#10572,#10573,
    #10574,#10575,#10576,#10577,#10578,#10579,#10580,#10581,#10582,
    #10583,#10584,#10585,#10586,#10587,#10588,#10589,#10590,#10591,
    #10592,#10593,#10594,#10595,#10596,#10597,#10598,#10599,#10600,
    #10601,#10602,#10603,#10604,#10605,#10606,#10607,#10608,#10609,
    #10610,#10611,#10612,#10613,#10614,#10615,#10616),.UNSPECIFIED.,.F.,
  .F.,(7,5,5,5,5,5,5,5,5,7),(0.,0.230876537839,0.357785194781,
    0.450173634474,0.583252887275,0.709837618772,0.801121109478,
    0.896661642723,0.95038429091,1.),.UNSPECIFIED.);
#10570 = CARTESIAN_POINT('',(94.499999901534,294.,35.));
#10571 = CARTESIAN_POINT('',(93.576044971869,293.99999997808,
    35.923955288982));
#10572 = CARTESIAN_POINT('',(92.646697814101,294.05853902007,
    36.837041008548));
#10573 = CARTESIAN_POINT('',(91.713361758263,294.17303458251,
    37.737500178228));
#10574 = CARTESIAN_POINT('',(90.777402943172,294.34167973357,
    38.623769844632));
#10575 = CARTESIAN_POINT('',(89.840147901983,294.56323496905,
    39.494488863202));
#10576 = CARTESIAN_POINT('',(88.387694949471,294.98803210213,
    40.81790149515));
#10577 = CARTESIAN_POINT('',(87.872517778992,295.15458677934,
    41.282253036388));
#10578 = CARTESIAN_POINT('',(87.357583834425,295.33695704096,
    41.741327922465));
#10579 = CARTESIAN_POINT('',(86.843141007337,295.53514918284,
    42.194915583375));
#10580 = CARTESIAN_POINT('',(86.329462676054,295.74925595157,
    42.642799943374));
#10581 = CARTESIAN_POINT('',(85.443674868941,296.14707395526,
    43.406501606648));
#10582 = CARTESIAN_POINT('',(85.071066611246,296.32321042505,
    43.725101512972));
#10583 = CARTESIAN_POINT('',(84.699144010211,296.50796282242,
    44.04047284948));
#10584 = CARTESIAN_POINT('',(84.328039310911,296.70143552285,
    44.352522216044));
#10585 = CARTESIAN_POINT('',(83.957901898922,296.90376845999,
    44.661148336639));
#10586 = CARTESIAN_POINT('',(83.057379055765,297.41962070673,
    45.405707777107));
#10587 = CARTESIAN_POINT('',(82.528235722541,297.74284996606,
    45.837826463281));
#10588 = CARTESIAN_POINT('',(82.001946144666,298.08539802612,
    46.262294611831));
#10589 = CARTESIAN_POINT('',(81.479139734805,298.44800444338,
    46.678713856523));
#10590 = CARTESIAN_POINT('',(80.960612314241,298.83161431309,
    47.086597003849));
#10591 = CARTESIAN_POINT('',(79.95922181974,299.62378269152,
    47.864620101219));
#10592 = CARTESIAN_POINT('',(79.475922339128,300.03015670922,
    48.235576889399));
#10593 = CARTESIAN_POINT('',(78.998310842217,300.45795171459,
    48.597744873832));
#10594 = CARTESIAN_POINT('',(78.527602060184,300.90864062607,
    48.95039872871));
#10595 = CARTESIAN_POINT('',(78.065429989438,301.38397318619,
    49.292575054934));
#10596 = CARTESIAN_POINT('',(77.288580500666,302.24890946427,
    49.861205065835));
#10597 = CARTESIAN_POINT('',(76.968776570673,302.62538531224,
    50.093273783823));
#10598 = CARTESIAN_POINT('',(76.655476751445,303.01692696535,
    50.318695898525));
#10599 = CARTESIAN_POINT('',(76.349844275015,303.42458279507,
    50.536782147918));
#10600 = CARTESIAN_POINT('',(76.053400690021,303.84948173721,
    50.746633849546));
#10601 = CARTESIAN_POINT('',(75.469560181337,304.7572456102,
    51.156880339161));
#10602 = CARTESIAN_POINT('',(75.18337544626,305.24166235813,
    51.356275269515));
#10603 = CARTESIAN_POINT('',(74.911692961705,305.74806889087,
    51.544046911941));
#10604 = CARTESIAN_POINT('',(74.6577354395,306.27780858618,
    51.718253530291));
#10605 = CARTESIAN_POINT('',(74.425809526015,306.83170346107,
    51.87632422976));
#10606 = CARTESIAN_POINT('',(74.105722775147,307.73461401067,
    52.093378246554));
#10607 = CARTESIAN_POINT('',(73.999098595854,308.06710405269,
    52.165428366371));
#10608 = CARTESIAN_POINT('',(73.901977069474,308.40697020612,
    52.230852419591));
#10609 = CARTESIAN_POINT('',(73.815367187532,308.7538377488,
    52.289041640067));
#10610 = CARTESIAN_POINT('',(73.740290359216,309.10704906802,
    52.339379357362));
#10611 = CARTESIAN_POINT('',(73.61972396304,309.79666302619,
    52.420096858941));
#10612 = CARTESIAN_POINT('',(73.572404324671,310.13232671984,
    52.451712752225));
#10613 = CARTESIAN_POINT('',(73.536353798698,310.47163634636,
    52.475764393762));
#10614 = CARTESIAN_POINT('',(73.512116235629,310.81353067363,
    52.491922378272));
#10615 = CARTESIAN_POINT('',(73.5,311.15678590071,52.5));
#10616 = CARTESIAN_POINT('',(73.5,311.5,52.5));
#10617 = PCURVE('',#9336,#10618);
#10618 = DEFINITIONAL_REPRESENTATION('',(#10619),#10667);
#10619 = B_SPLINE_CURVE_WITH_KNOTS('',6,(#10620,#10621,#10622,#10623,
    #10624,#10625,#10626,#10627,#10628,#10629,#10630,#10631,#10632,
    #10633,#10634,#10635,#10636,#10637,#10638,#10639,#10640,#10641,
    #10642,#10643,#10644,#10645,#10646,#10647,#10648,#10649,#10650,
    #10651,#10652,#10653,#10654,#10655,#10656,#10657,#10658,#10659,
    #10660,#10661,#10662,#10663,#10664,#10665,#10666),.UNSPECIFIED.,.F.,
  .F.,(7,5,5,5,5,5,5,5,5,7),(0.,0.230876537839,0.357785194781,
    0.450173634474,0.583252887275,0.709837618772,0.801121109478,
    0.896661642723,0.95038429091,1.),.UNSPECIFIED.);
#10620 = CARTESIAN_POINT('',(1.570796326795,125.99999990153));
#10621 = CARTESIAN_POINT('',(1.517998898197,125.07604497186));
#10622 = CARTESIAN_POINT('',(1.465822477892,124.1466978141));
#10623 = CARTESIAN_POINT('',(1.41410302415,123.21336175826));
#10624 = CARTESIAN_POINT('',(1.362694841599,122.27740294317));
#10625 = CARTESIAN_POINT('',(1.311450840026,121.34014790198));
#10626 = CARTESIAN_POINT('',(1.232026922409,119.88769494947));
#10627 = CARTESIAN_POINT('',(1.20385341545,119.37251777899));
#10628 = CARTESIAN_POINT('',(1.175650511595,118.85758383442));
#10629 = CARTESIAN_POINT('',(1.147389369741,118.34314100733));
#10630 = CARTESIAN_POINT('',(1.119038662155,117.82946267605));
#10631 = CARTESIAN_POINT('',(1.069832742665,116.94367486894));
#10632 = CARTESIAN_POINT('',(1.049036473479,116.57106661124));
#10633 = CARTESIAN_POINT('',(1.028160324435,116.19914401021));
#10634 = CARTESIAN_POINT('',(1.007189754928,115.82803931091));
#10635 = CARTESIAN_POINT('',(0.986108802852,115.45790189892));
#10636 = CARTESIAN_POINT('',(0.934348845092,114.55737905576));
#10637 = CARTESIAN_POINT('',(0.903533015661,114.02823572254));
#10638 = CARTESIAN_POINT('',(0.872396573813,113.50194614466));
#10639 = CARTESIAN_POINT('',(0.840878195502,112.9791397348));
#10640 = CARTESIAN_POINT('',(0.808907173704,112.46061231424));
#10641 = CARTESIAN_POINT('',(0.745459282699,111.45922181974));
#10642 = CARTESIAN_POINT('',(0.714038735506,110.97592233912));
#10643 = CARTESIAN_POINT('',(0.682043658616,110.49831084221));
#10644 = CARTESIAN_POINT('',(0.649380857718,110.02760206018));
#10645 = CARTESIAN_POINT('',(0.61594320604,109.56542998943));
#10646 = CARTESIAN_POINT('',(0.55679400405,108.78858050066));
#10647 = CARTESIAN_POINT('',(0.531533002815,108.46877657067));
#10648 = CARTESIAN_POINT('',(0.505733914123,108.15547675144));
#10649 = CARTESIAN_POINT('',(0.479335493346,107.84984427501));
#10650 = CARTESIAN_POINT('',(0.452271666103,107.55340069002));
#10651 = CARTESIAN_POINT('',(0.3953481605,106.96956018133));
#10652 = CARTESIAN_POINT('',(0.365431210246,106.68337544626));
#10653 = CARTESIAN_POINT('',(0.334598277085,106.4116929617));
#10654 = CARTESIAN_POINT('',(0.302768604002,106.1577354395));
#10655 = CARTESIAN_POINT('',(0.269882963877,105.92580952601));
#10656 = CARTESIAN_POINT('',(0.216818200772,105.60572277514));
#10657 = CARTESIAN_POINT('',(0.197382727451,105.49909859585));
#10658 = CARTESIAN_POINT('',(0.177613385658,105.40197706947));
#10659 = CARTESIAN_POINT('',(0.157524419738,105.31536718753));
#10660 = CARTESIAN_POINT('',(0.137143373744,105.24029035921));
#10661 = CARTESIAN_POINT('',(9.746784378013E-02,105.11972396304));
#10662 = CARTESIAN_POINT('',(7.820707279987E-02,105.07240432467));
#10663 = CARTESIAN_POINT('',(5.877724387656E-02,105.03635379869));
#10664 = CARTESIAN_POINT('',(3.922680333777E-02,105.01211623562));
#10665 = CARTESIAN_POINT('',(1.961223424486E-02,105.));
#10666 = CARTESIAN_POINT('',(0.,105.));
#10667 = ( GEOMETRIC_REPRESENTATION_CONTEXT(2) 
PARAMETRIC_REPRESENTATION_CONTEXT() REPRESENTATION_CONTEXT('2D SPACE',''
  ) );
#10668 = PCURVE('',#9668,#10669);
#10669 = DEFINITIONAL_REPRESENTATION('',(#10670),#10718);
#10670 = B_SPLINE_CURVE_WITH_KNOTS('',6,(#10671,#10672,#10673,#10674,
    #10675,#10676,#10677,#10678,#10679,#10680,#10681,#10682,#10683,
    #10684,#10685,#10686,#10687,#10688,#10689,#10690,#10691,#10692,
    #10693,#10694,#10695,#10696,#10697,#10698,#10699,#10700,#10701,
    #10702,#10703,#10704,#10705,#10706,#10707,#10708,#10709,#10710,
    #10711,#10712,#10713,#10714,#10715,#10716,#10717),.UNSPECIFIED.,.F.,
  .F.,(7,5,5,5,5,5,5,5,5,7),(0.,0.230876537839,0.357785194781,
    0.450173634474,0.583252887275,0.709837618772,0.801121109478,
    0.896661642723,0.95038429091,1.),.UNSPECIFIED.);
#10671 = CARTESIAN_POINT('',(0.,1.570796332422));
#10672 = CARTESIAN_POINT('',(1.466595707565E-02,1.623593740233));
#10673 = CARTESIAN_POINT('',(2.967559723263E-02,1.675770197055));
#10674 = CARTESIAN_POINT('',(4.50180089443E-02,1.727489613349));
#10675 = CARTESIAN_POINT('',(6.068056972789E-02,1.778897817373));
#10676 = CARTESIAN_POINT('',(7.664883581991E-02,1.830141813564));
#10677 = CARTESIAN_POINT('',(0.10184249802,1.909565731181));
#10678 = CARTESIAN_POINT('',(0.110865869633,1.93773923814));
#10679 = CARTESIAN_POINT('',(0.119973283907,1.965942141995));
#10680 = CARTESIAN_POINT('',(0.129161124061,1.994203283849));
#10681 = CARTESIAN_POINT('',(0.138424995042,2.022553991435));
#10682 = CARTESIAN_POINT('',(0.15455508556,2.071759910924));
#10683 = CARTESIAN_POINT('',(0.161388014645,2.09255618011));
#10684 = CARTESIAN_POINT('',(0.168256308995,2.113432329155));
#10685 = CARTESIAN_POINT('',(0.175157526326,2.134402898662));
#10686 = CARTESIAN_POINT('',(0.182088772793,2.155483850738));
#10687 = CARTESIAN_POINT('',(0.199068954307,2.207243808497));
#10688 = CARTESIAN_POINT('',(0.209146095779,2.238059637929));
#10689 = CARTESIAN_POINT('',(0.219268368919,2.269196079777));
#10690 = CARTESIAN_POINT('',(0.229422526477,2.300714458087));
#10691 = CARTESIAN_POINT('',(0.239591179305,2.332685479886));
#10692 = CARTESIAN_POINT('',(0.25941493857,2.39613337089));
#10693 = CARTESIAN_POINT('',(0.269069519544,2.427553918084));
#10694 = CARTESIAN_POINT('',(0.278695975608,2.459548994974));
#10695 = CARTESIAN_POINT('',(0.288266633819,2.492211795872));
#10696 = CARTESIAN_POINT('',(0.297743712926,2.52564944755));
#10697 = CARTESIAN_POINT('',(0.313801939136,2.58479864954));
#10698 = CARTESIAN_POINT('',(0.320452355842,2.610059650775));
#10699 = CARTESIAN_POINT('',(0.327005650393,2.635858739467));
#10700 = CARTESIAN_POINT('',(0.333434712279,2.662257160244));
#10701 = CARTESIAN_POINT('',(0.339703936168,2.689320987487));
#10702 = CARTESIAN_POINT('',(0.352112104394,2.746244493089));
#10703 = CARTESIAN_POINT('',(0.358228247685,2.776161443343));
#10704 = CARTESIAN_POINT('',(0.364064942181,2.806994376505));
#10705 = CARTESIAN_POINT('',(0.369547304632,2.838824049588));
#10706 = CARTESIAN_POINT('',(0.374574694464,2.871709689713));
#10707 = CARTESIAN_POINT('',(0.381535410688,2.924774452818));
#10708 = CARTESIAN_POINT('',(0.383859203914,2.944209926138));
#10709 = CARTESIAN_POINT('',(0.385980035992,2.963979267932));
#10710 = CARTESIAN_POINT('',(0.387874442128,2.984068233852));
#10711 = CARTESIAN_POINT('',(0.389518673615,3.004449279846));
#10712 = CARTESIAN_POINT('',(0.392161592141,3.04412480981));
#10713 = CARTESIAN_POINT('',(0.393200174939,3.06338558079));
#10714 = CARTESIAN_POINT('',(0.393992129811,3.082815409713));
#10715 = CARTESIAN_POINT('',(0.394524831488,3.102365850252));
#10716 = CARTESIAN_POINT('',(0.3947911197,3.121980419345));
#10717 = CARTESIAN_POINT('',(0.3947911197,3.14159265359));
#10718 = ( GEOMETRIC_REPRESENTATION_CONTEXT(2) 
PARAMETRIC_REPRESENTATION_CONTEXT() REPRESENTATION_CONTEXT('2D SPACE',''
  ) );
#10719 = ORIENTED_EDGE('',*,*,#10720,.F.);
#10720 = EDGE_CURVE('',#9256,#10566,#10721,.T.);
#10721 = SEAM_CURVE('',#10722,(#10726,#10733),.PCURVE_S1.);
#10722 = LINE('',#10723,#10724);
#10723 = CARTESIAN_POINT('',(-31.5,311.5,52.5));
#10724 = VECTOR('',#10725,1.);
#10725 = DIRECTION('',(1.,0.,0.));
#10726 = PCURVE('',#9336,#10727);
#10727 = DEFINITIONAL_REPRESENTATION('',(#10728),#10732);
#10728 = LINE('',#10729,#10730);
#10729 = CARTESIAN_POINT('',(6.28318530718,-0.));
#10730 = VECTOR('',#10731,1.);
#10731 = DIRECTION('',(0.,1.));
#10732 = ( GEOMETRIC_REPRESENTATION_CONTEXT(2) 
PARAMETRIC_REPRESENTATION_CONTEXT() REPRESENTATION_CONTEXT('2D SPACE',''
  ) );
#10733 = PCURVE('',#9336,#10734);
#10734 = DEFINITIONAL_REPRESENTATION('',(#10735),#10739);
#10735 = LINE('',#10736,#10737);
#10736 = CARTESIAN_POINT('',(0.,-0.));
#10737 = VECTOR('',#10738,1.);
#10738 = DIRECTION('',(0.,1.));
#10739 = ( GEOMETRIC_REPRESENTATION_CONTEXT(2) 
PARAMETRIC_REPRESENTATION_CONTEXT() REPRESENTATION_CONTEXT('2D SPACE',''
  ) );
#10740 = ORIENTED_EDGE('',*,*,#10741,.T.);
#10741 = EDGE_CURVE('',#9256,#9355,#10742,.T.);
#10742 = SURFACE_CURVE('',#10743,(#10748,#10768),.PCURVE_S1.);
#10743 = ELLIPSE('',#10744,24.748737341529,17.5);
#10744 = AXIS2_PLACEMENT_3D('',#10745,#10746,#10747);
#10745 = CARTESIAN_POINT('',(31.5,311.5,35.));
#10746 = DIRECTION('',(0.707106781187,0.707106781187,-0.));
#10747 = DIRECTION('',(-0.707106781187,0.707106781187,0.));
#10748 = PCURVE('',#9336,#10749);
#10749 = DEFINITIONAL_REPRESENTATION('',(#10750),#10767);
#10750 = B_SPLINE_CURVE_WITH_KNOTS('',8,(#10751,#10752,#10753,#10754,
    #10755,#10756,#10757,#10758,#10759,#10760,#10761,#10762,#10763,
    #10764,#10765,#10766),.UNSPECIFIED.,.F.,.F.,(9,7,9),(1.570796326795,
    3.14159265359,4.712388980385),.UNSPECIFIED.);
#10751 = CARTESIAN_POINT('',(0.,63.));
#10752 = CARTESIAN_POINT('',(0.196349540849,66.436116964864));
#10753 = CARTESIAN_POINT('',(0.392699081697,69.872234745446));
#10754 = CARTESIAN_POINT('',(0.58904862255,73.106482071191));
#10755 = CARTESIAN_POINT('',(0.78539816339,75.937028134242));
#10756 = CARTESIAN_POINT('',(0.98174770425,78.18681581103));
#10757 = CARTESIAN_POINT('',(1.178097245095,79.728936420128));
#10758 = CARTESIAN_POINT('',(1.374446785946,80.5));
#10759 = CARTESIAN_POINT('',(1.767145867644,80.5));
#10760 = CARTESIAN_POINT('',(1.963495408492,79.728936420201));
#10761 = CARTESIAN_POINT('',(2.159844949339,78.186815811088));
#10762 = CARTESIAN_POINT('',(2.356194490179,75.937028134824));
#10763 = CARTESIAN_POINT('',(2.552544031036,73.106482071191));
#10764 = CARTESIAN_POINT('',(2.748893571891,69.872234745533));
#10765 = CARTESIAN_POINT('',(2.94524311274,66.436116964864));
#10766 = CARTESIAN_POINT('',(3.14159265359,63.));
#10767 = ( GEOMETRIC_REPRESENTATION_CONTEXT(2) 
PARAMETRIC_REPRESENTATION_CONTEXT() REPRESENTATION_CONTEXT('2D SPACE',''
  ) );
#10768 = PCURVE('',#9496,#10769);
#10769 = DEFINITIONAL_REPRESENTATION('',(#10770),#10787);
#10770 = B_SPLINE_CURVE_WITH_KNOTS('',8,(#10771,#10772,#10773,#10774,
    #10775,#10776,#10777,#10778,#10779,#10780,#10781,#10782,#10783,
    #10784,#10785,#10786),.UNSPECIFIED.,.F.,.F.,(9,7,9),(1.570796326795,
    3.14159265359,4.712388980385),.UNSPECIFIED.);
#10771 = CARTESIAN_POINT('',(0.,63.));
#10772 = CARTESIAN_POINT('',(0.196349540849,59.563883035136));
#10773 = CARTESIAN_POINT('',(0.392699081697,56.127765254438));
#10774 = CARTESIAN_POINT('',(0.58904862255,52.893517928926));
#10775 = CARTESIAN_POINT('',(0.78539816339,50.062971864711));
#10776 = CARTESIAN_POINT('',(0.98174770425,47.813184189174));
#10777 = CARTESIAN_POINT('',(1.178097245095,46.271063579778));
#10778 = CARTESIAN_POINT('',(1.374446785946,45.5));
#10779 = CARTESIAN_POINT('',(1.767145867644,45.5));
#10780 = CARTESIAN_POINT('',(1.963495408492,46.271063579748));
#10781 = CARTESIAN_POINT('',(2.159844949339,47.813184189115));
#10782 = CARTESIAN_POINT('',(2.356194490179,50.062971864769));
#10783 = CARTESIAN_POINT('',(2.552544031036,52.893517928926));
#10784 = CARTESIAN_POINT('',(2.748893571891,56.127765254379));
#10785 = CARTESIAN_POINT('',(2.94524311274,59.563883035136));
#10786 = CARTESIAN_POINT('',(3.14159265359,63.));
#10787 = ( GEOMETRIC_REPRESENTATION_CONTEXT(2) 
PARAMETRIC_REPRESENTATION_CONTEXT() REPRESENTATION_CONTEXT('2D SPACE',''
  ) );
#10788 = ORIENTED_EDGE('',*,*,#9354,.F.);
#10789 = ORIENTED_EDGE('',*,*,#9313,.F.);
#10790 = ORIENTED_EDGE('',*,*,#10720,.T.);
#10791 = ORIENTED_EDGE('',*,*,#10792,.T.);
#10792 = EDGE_CURVE('',#10566,#10244,#10793,.T.);
#10793 = SURFACE_CURVE('',#10794,(#10842,#10893),.PCURVE_S1.);
#10794 = B_SPLINE_CURVE_WITH_KNOTS('',6,(#10795,#10796,#10797,#10798,
    #10799,#10800,#10801,#10802,#10803,#10804,#10805,#10806,#10807,
    #10808,#10809,#10810,#10811,#10812,#10813,#10814,#10815,#10816,
    #10817,#10818,#10819,#10820,#10821,#10822,#10823,#10824,#10825,
    #10826,#10827,#10828,#10829,#10830,#10831,#10832,#10833,#10834,
    #10835,#10836,#10837,#10838,#10839,#10840,#10841),.UNSPECIFIED.,.F.,
  .F.,(7,5,5,5,5,5,5,5,5,7),(0.,8.177679002564E-02,0.138359609573,
    0.22884438913,0.319624316398,0.423252157623,0.50687144183,
    0.635273820304,0.771557158782,1.),.UNSPECIFIED.);
#10795 = CARTESIAN_POINT('',(73.5,311.5,52.5));
#10796 = CARTESIAN_POINT('',(73.5,312.06578366705,52.5));
#10797 = CARTESIAN_POINT('',(73.532925355312,312.63181038108,
    52.478049381143));
#10798 = CARTESIAN_POINT('',(73.598831834317,313.1914113876,
    52.434113652289));
#10799 = CARTESIAN_POINT('',(73.695290416481,313.73978471338,
    52.369673449167));
#10800 = CARTESIAN_POINT('',(73.818803697055,314.27356072577,
    52.286828693232));
#10801 = CARTESIAN_POINT('',(74.067243250385,315.14828179919,
    52.119366069296));
#10802 = CARTESIAN_POINT('',(74.180062411473,315.49815261896,
    52.043122811166));
#10803 = CARTESIAN_POINT('',(74.302961590163,315.83970535451,
    51.959806990279));
#10804 = CARTESIAN_POINT('',(74.434819899917,316.17276956903,
    51.87009247052));
#10805 = CARTESIAN_POINT('',(74.574642251872,316.4973780766,
    51.774577700242));
#10806 = CARTESIAN_POINT('',(74.956597616498,317.31963337022,
    51.512534519305));
#10807 = CARTESIAN_POINT('',(75.209756556005,317.80425480408,
    51.337801163265));
#10808 = CARTESIAN_POINT('',(75.477725189004,318.26861839349,
    51.151550526128));
#10809 = CARTESIAN_POINT('',(75.757836086702,318.71383245527,
    50.955369671353));
#10810 = CARTESIAN_POINT('',(76.048074393729,319.14113105483,
    50.750464043605));
#10811 = CARTESIAN_POINT('',(76.647051976059,319.96392747394,
    50.324076855042));
#10812 = CARTESIAN_POINT('',(76.95575514443,320.35918921164,
    50.102609912362));
#10813 = CARTESIAN_POINT('',(77.271708909888,320.73889959817,
    49.874080570796));
#10814 = CARTESIAN_POINT('',(77.593776422303,321.10404858273,
    49.639158286625));
#10815 = CARTESIAN_POINT('',(77.921077054748,321.45552406938,
    49.398363169146));
#10816 = CARTESIAN_POINT('',(78.631839355664,322.18066585676,
    48.870898884502));
#10817 = CARTESIAN_POINT('',(79.016645942204,322.55038476753,
    48.58259570213));
#10818 = CARTESIAN_POINT('',(79.406399161734,322.90445996657,
    48.287726770981));
#10819 = CARTESIAN_POINT('',(79.800330389509,323.24376957294,
    47.986745199317));
#10820 = CARTESIAN_POINT('',(80.197835037422,323.56905486678,
    47.680010817899));
#10821 = CARTESIAN_POINT('',(80.921731993518,324.13261756991,
    47.115848504137));
#10822 = CARTESIAN_POINT('',(81.247023337883,324.37555864062,
    46.860345166024));
#10823 = CARTESIAN_POINT('',(81.574084142802,324.61009240863,
    46.601425650208));
#10824 = CARTESIAN_POINT('',(81.902701543359,324.83648266969,
    46.33921892131));
#10825 = CARTESIAN_POINT('',(82.232695030524,325.05494863104,
    46.073836186144));
#10826 = CARTESIAN_POINT('',(83.072514695535,325.58926891238,
    45.393130197909));
#10827 = CARTESIAN_POINT('',(83.583990438493,325.89461143975,
    44.97363234415));
#10828 = CARTESIAN_POINT('',(84.097788136734,326.18239008385,
    44.547220933691));
#10829 = CARTESIAN_POINT('',(84.613453219733,326.45306882836,
    44.114194551163));
#10830 = CARTESIAN_POINT('',(85.130604798403,326.70698459005,
    43.674816584656));
#10831 = CARTESIAN_POINT('',(86.199067869219,327.19631516886,
    42.756465287602));
#10832 = CARTESIAN_POINT('',(86.750514756038,327.42963207096,
    42.276728125426));
#10833 = CARTESIAN_POINT('',(87.302888015833,327.64458640763,
    41.790378522409));
#10834 = CARTESIAN_POINT('',(87.855846751212,327.84129594172,
    41.297684520739));
#10835 = CARTESIAN_POINT('',(88.409082963883,328.01977459656,
    40.798907513196));
#10836 = CARTESIAN_POINT('',(89.889673186057,328.44841350733,
    39.448460717777));
#10837 = CARTESIAN_POINT('',(90.816967072442,328.66541302794,
    38.586294945888));
#10838 = CARTESIAN_POINT('',(91.742950837715,328.83057654936,
    37.708947761476));
#10839 = CARTESIAN_POINT('',(92.666339986205,328.94269183262,
    36.817740872547));
#10840 = CARTESIAN_POINT('',(93.585810078804,329.00000001932,
    35.914190086361));
#10841 = CARTESIAN_POINT('',(94.499999936246,329.,35.));
#10842 = PCURVE('',#9336,#10843);
#10843 = DEFINITIONAL_REPRESENTATION('',(#10844),#10892);
#10844 = B_SPLINE_CURVE_WITH_KNOTS('',6,(#10845,#10846,#10847,#10848,
    #10849,#10850,#10851,#10852,#10853,#10854,#10855,#10856,#10857,
    #10858,#10859,#10860,#10861,#10862,#10863,#10864,#10865,#10866,
    #10867,#10868,#10869,#10870,#10871,#10872,#10873,#10874,#10875,
    #10876,#10877,#10878,#10879,#10880,#10881,#10882,#10883,#10884,
    #10885,#10886,#10887,#10888,#10889,#10890,#10891),.UNSPECIFIED.,.F.,
  .F.,(7,5,5,5,5,5,5,5,5,7),(0.,8.177679002564E-02,0.138359609573,
    0.22884438913,0.319624316398,0.423252157623,0.50687144183,
    0.635273820304,0.771557158782,1.),.UNSPECIFIED.);
#10845 = CARTESIAN_POINT('',(6.28318530718,105.));
#10846 = CARTESIAN_POINT('',(6.250854811919,105.));
#10847 = CARTESIAN_POINT('',(6.218510444744,105.03292535531));
#10848 = CARTESIAN_POINT('',(6.186472334942,105.09883183431));
#10849 = CARTESIAN_POINT('',(6.154954181142,105.19529041648));
#10850 = CARTESIAN_POINT('',(6.124106631403,105.31880369705));
#10851 = CARTESIAN_POINT('',(6.073214807379,105.56724325038));
#10852 = CARTESIAN_POINT('',(6.052759590838,105.68006241147));
#10853 = CARTESIAN_POINT('',(6.032678987454,105.80296159016));
#10854 = CARTESIAN_POINT('',(6.012976395673,105.93481989991));
#10855 = CARTESIAN_POINT('',(5.993645837079,106.07464225187));
#10856 = CARTESIAN_POINT('',(5.944331505128,106.45659761649));
#10857 = CARTESIAN_POINT('',(5.91491453032,106.709756556));
#10858 = CARTESIAN_POINT('',(5.886350401834,106.977725189));
#10859 = CARTESIAN_POINT('',(5.85857125613,107.2578360867));
#10860 = CARTESIAN_POINT('',(5.831504889582,107.54807439372));
#10861 = CARTESIAN_POINT('',(5.778549768595,108.14705197605));
#10862 = CARTESIAN_POINT('',(5.752673368066,108.45575514443));
#10863 = CARTESIAN_POINT('',(5.727366732891,108.77170890988));
#10864 = CARTESIAN_POINT('',(5.702571710207,109.0937764223));
#10865 = CARTESIAN_POINT('',(5.678235772605,109.42107705474));
#10866 = CARTESIAN_POINT('',(5.626996464244,110.13183935566));
#10867 = CARTESIAN_POINT('',(5.600220571978,110.5166459422));
#10868 = CARTESIAN_POINT('',(5.573910239075,110.90639916173));
#10869 = CARTESIAN_POINT('',(5.548010549318,111.3003303895));
#10870 = CARTESIAN_POINT('',(5.522473495667,111.69783503742));
#10871 = CARTESIAN_POINT('',(5.476906517411,112.42173199351));
#10872 = CARTESIAN_POINT('',(5.456766050294,112.74702333788));
#10873 = CARTESIAN_POINT('',(5.436811852256,113.0740841428));
#10874 = CARTESIAN_POINT('',(5.417024822133,113.40270154335));
#10875 = CARTESIAN_POINT('',(5.397387995621,113.73269503052));
#10876 = CARTESIAN_POINT('',(5.347938493679,114.57251469553));
#10877 = CARTESIAN_POINT('',(5.318309061942,115.08399043849));
#10878 = CARTESIAN_POINT('',(5.288940248415,115.59778813673));
#10879 = CARTESIAN_POINT('',(5.259785818496,116.11345321973));
#10880 = CARTESIAN_POINT('',(5.230804702236,116.6306047984));
#10881 = CARTESIAN_POINT('',(5.171342801687,117.69906786921));
#10882 = CARTESIAN_POINT('',(5.140879865761,118.25051475603));
#10883 = CARTESIAN_POINT('',(5.110525238762,118.80288801583));
#10884 = CARTESIAN_POINT('',(5.080240160189,119.35584675121));
#10885 = CARTESIAN_POINT('',(5.049988762599,119.90908296388));
#10886 = CARTESIAN_POINT('',(4.969026430958,121.38967318605));
#10887 = CARTESIAN_POINT('',(4.918317069076,122.31696707244));
#10888 = CARTESIAN_POINT('',(4.867442419557,123.24295083771));
#10889 = CARTESIAN_POINT('',(4.816259958706,124.1663399862));
#10890 = CARTESIAN_POINT('',(4.764628398626,125.0858100788));
#10891 = CARTESIAN_POINT('',(4.712388980385,125.99999993624));
#10892 = ( GEOMETRIC_REPRESENTATION_CONTEXT(2) 
PARAMETRIC_REPRESENTATION_CONTEXT() REPRESENTATION_CONTEXT('2D SPACE',''
  ) );
#10893 = PCURVE('',#9668,#10894);
#10894 = DEFINITIONAL_REPRESENTATION('',(#10895),#10943);
#10895 = B_SPLINE_CURVE_WITH_KNOTS('',6,(#10896,#10897,#10898,#10899,
    #10900,#10901,#10902,#10903,#10904,#10905,#10906,#10907,#10908,
    #10909,#10910,#10911,#10912,#10913,#10914,#10915,#10916,#10917,
    #10918,#10919,#10920,#10921,#10922,#10923,#10924,#10925,#10926,
    #10927,#10928,#10929,#10930,#10931,#10932,#10933,#10934,#10935,
    #10936,#10937,#10938,#10939,#10940,#10941,#10942),.UNSPECIFIED.,.F.,
  .F.,(7,5,5,5,5,5,5,5,5,7),(0.,8.177679002564E-02,0.138359609573,
    0.22884438913,0.319624316398,0.423252157623,0.50687144183,
    0.635273820304,0.771557158782,1.),.UNSPECIFIED.);
#10896 = CARTESIAN_POINT('',(0.3947911197,3.14159265359));
#10897 = CARTESIAN_POINT('',(0.3947911197,3.17392314885));
#10898 = CARTESIAN_POINT('',(0.394067493338,3.206267516026));
#10899 = CARTESIAN_POINT('',(0.392618959913,3.238305625827));
#10900 = CARTESIAN_POINT('',(0.390501720281,3.269823779628));
#10901 = CARTESIAN_POINT('',(0.387797336386,3.300671329367));
#10902 = CARTESIAN_POINT('',(0.382374330543,3.351563153391));
#10903 = CARTESIAN_POINT('',(0.379915661708,3.372018369932));
#10904 = CARTESIAN_POINT('',(0.377242585922,3.392098973316));
#10905 = CARTESIAN_POINT('',(0.374381215218,3.411801565097));
#10906 = CARTESIAN_POINT('',(0.371354720379,3.431132123691));
#10907 = CARTESIAN_POINT('',(0.363109817325,3.480446455641));
#10908 = CARTESIAN_POINT('',(0.357666302884,3.50986343045));
#10909 = CARTESIAN_POINT('',(0.351930386602,3.538427558936));
#10910 = CARTESIAN_POINT('',(0.34596445092,3.56620670464));
#10911 = CARTESIAN_POINT('',(0.339815425293,3.593273071187));
#10912 = CARTESIAN_POINT('',(0.327195376491,3.646228192174));
#10913 = CARTESIAN_POINT('',(0.320725334677,3.672104592703));
#10914 = CARTESIAN_POINT('',(0.314140255364,3.697411227878));
#10915 = CARTESIAN_POINT('',(0.307466715861,3.722206250563));
#10916 = CARTESIAN_POINT('',(0.300725206942,3.746542188165));
#10917 = CARTESIAN_POINT('',(0.286174699655,3.797781496525));
#10918 = CARTESIAN_POINT('',(0.278350628892,3.824557388792));
#10919 = CARTESIAN_POINT('',(0.27048173822,3.850867721695));
#10920 = CARTESIAN_POINT('',(0.262585730993,3.876767411452));
#10921 = CARTESIAN_POINT('',(0.254676355428,3.902304465102));
#10922 = CARTESIAN_POINT('',(0.240379193206,3.947871443358));
#10923 = CARTESIAN_POINT('',(0.23399272399,3.968011910476));
#10924 = CARTESIAN_POINT('',(0.227610130559,3.987966108513));
#10925 = CARTESIAN_POINT('',(0.221236114464,4.007753138636));
#10926 = CARTESIAN_POINT('',(0.214874581597,4.027389965148));
#10927 = CARTESIAN_POINT('',(0.198784426289,4.076839467091));
#10928 = CARTESIAN_POINT('',(0.189077387043,4.106468898827));
#10929 = CARTESIAN_POINT('',(0.179419363732,4.135837712354));
#10930 = CARTESIAN_POINT('',(0.169819493707,4.164992142273));
#10931 = CARTESIAN_POINT('',(0.160284998964,4.193973258534));
#10932 = CARTESIAN_POINT('',(0.14077706278,4.253435159082));
#10933 = CARTESIAN_POINT('',(0.130812836382,4.283898095008));
#10934 = CARTESIAN_POINT('',(0.120935573711,4.314252722008));
#10935 = CARTESIAN_POINT('',(0.111150789043,4.34453780058));
#10936 = CARTESIAN_POINT('',(0.101462984535,4.37478919817));
#10937 = CARTESIAN_POINT('',(7.580537645979E-02,4.455751529811));
#10938 = CARTESIAN_POINT('',(6.00186801014E-02,4.506460888321));
#10939 = CARTESIAN_POINT('',(4.45317046238E-02,4.557335551328));
#10940 = CARTESIAN_POINT('',(2.935839193679E-02,4.60851798857));
#10941 = CARTESIAN_POINT('',(1.451095384225E-02,4.6601495718));
#10942 = CARTESIAN_POINT('',(0.,4.712388976742));
#10943 = ( GEOMETRIC_REPRESENTATION_CONTEXT(2) 
PARAMETRIC_REPRESENTATION_CONTEXT() REPRESENTATION_CONTEXT('2D SPACE',''
  ) );
#10944 = ADVANCED_FACE('',(#10945),#9300,.T.);
#10945 = FACE_BOUND('',#10946,.T.);
#10946 = EDGE_LOOP('',(#10947));
#10947 = ORIENTED_EDGE('',*,*,#9285,.T.);
#10948 = ADVANCED_FACE('',(#10949),#9496,.T.);
#10949 = FACE_BOUND('',#10950,.T.);
#10950 = EDGE_LOOP('',(#10951,#10952,#10975,#11002,#11003));
#10951 = ORIENTED_EDGE('',*,*,#10741,.F.);
#10952 = ORIENTED_EDGE('',*,*,#10953,.F.);
#10953 = EDGE_CURVE('',#10954,#9256,#10956,.T.);
#10954 = VERTEX_POINT('',#10955);
#10955 = CARTESIAN_POINT('',(31.5,248.5,52.5));
#10956 = SEAM_CURVE('',#10957,(#10961,#10968),.PCURVE_S1.);
#10957 = LINE('',#10958,#10959);
#10958 = CARTESIAN_POINT('',(31.5,248.5,52.5));
#10959 = VECTOR('',#10960,1.);
#10960 = DIRECTION('',(0.,1.,0.));
#10961 = PCURVE('',#9496,#10962);
#10962 = DEFINITIONAL_REPRESENTATION('',(#10963),#10967);
#10963 = LINE('',#10964,#10965);
#10964 = CARTESIAN_POINT('',(6.28318530718,-0.));
#10965 = VECTOR('',#10966,1.);
#10966 = DIRECTION('',(0.,1.));
#10967 = ( GEOMETRIC_REPRESENTATION_CONTEXT(2) 
PARAMETRIC_REPRESENTATION_CONTEXT() REPRESENTATION_CONTEXT('2D SPACE',''
  ) );
#10968 = PCURVE('',#9496,#10969);
#10969 = DEFINITIONAL_REPRESENTATION('',(#10970),#10974);
#10970 = LINE('',#10971,#10972);
#10971 = CARTESIAN_POINT('',(0.,-0.));
#10972 = VECTOR('',#10973,1.);
#10973 = DIRECTION('',(0.,1.));
#10974 = ( GEOMETRIC_REPRESENTATION_CONTEXT(2) 
PARAMETRIC_REPRESENTATION_CONTEXT() REPRESENTATION_CONTEXT('2D SPACE',''
  ) );
#10975 = ORIENTED_EDGE('',*,*,#10976,.T.);
#10976 = EDGE_CURVE('',#10954,#10954,#10977,.T.);
#10977 = SURFACE_CURVE('',#10978,(#10983,#10990),.PCURVE_S1.);
#10978 = CIRCLE('',#10979,17.5);
#10979 = AXIS2_PLACEMENT_3D('',#10980,#10981,#10982);
#10980 = CARTESIAN_POINT('',(31.5,248.5,35.));
#10981 = DIRECTION('',(0.,1.,0.));
#10982 = DIRECTION('',(0.,0.,1.));
#10983 = PCURVE('',#9496,#10984);
#10984 = DEFINITIONAL_REPRESENTATION('',(#10985),#10989);
#10985 = LINE('',#10986,#10987);
#10986 = CARTESIAN_POINT('',(0.,0.));
#10987 = VECTOR('',#10988,1.);
#10988 = DIRECTION('',(1.,0.));
#10989 = ( GEOMETRIC_REPRESENTATION_CONTEXT(2) 
PARAMETRIC_REPRESENTATION_CONTEXT() REPRESENTATION_CONTEXT('2D SPACE',''
  ) );
#10990 = PCURVE('',#10991,#10996);
#10991 = PLANE('',#10992);
#10992 = AXIS2_PLACEMENT_3D('',#10993,#10994,#10995);
#10993 = CARTESIAN_POINT('',(31.5,248.5,35.));
#10994 = DIRECTION('',(0.,1.,0.));
#10995 = DIRECTION('',(0.,0.,1.));
#10996 = DEFINITIONAL_REPRESENTATION('',(#10997),#11001);
#10997 = CIRCLE('',#10998,17.5);
#10998 = AXIS2_PLACEMENT_2D('',#10999,#11000);
#10999 = CARTESIAN_POINT('',(0.,0.));
#11000 = DIRECTION('',(1.,0.));
#11001 = ( GEOMETRIC_REPRESENTATION_CONTEXT(2) 
PARAMETRIC_REPRESENTATION_CONTEXT() REPRESENTATION_CONTEXT('2D SPACE',''
  ) );
#11002 = ORIENTED_EDGE('',*,*,#10953,.T.);
#11003 = ORIENTED_EDGE('',*,*,#9468,.F.);
#11004 = ADVANCED_FACE('',(#11005,#11081),#9668,.T.);
#11005 = FACE_BOUND('',#11006,.T.);
#11006 = EDGE_LOOP('',(#11007,#11031,#11053,#11054,#11055,#11077,#11078,
    #11079,#11080));
#11007 = ORIENTED_EDGE('',*,*,#11008,.F.);
#11008 = EDGE_CURVE('',#11009,#10246,#11011,.T.);
#11009 = VERTEX_POINT('',#11010);
#11010 = CARTESIAN_POINT('',(112.,311.5,35.));
#11011 = SEAM_CURVE('',#11012,(#11017,#11024),.PCURVE_S1.);
#11012 = CIRCLE('',#11013,17.5);
#11013 = AXIS2_PLACEMENT_3D('',#11014,#11015,#11016);
#11014 = CARTESIAN_POINT('',(94.5,311.5,35.));
#11015 = DIRECTION('',(-2.449293598295E-16,-1.110223024625E-16,-1.));
#11016 = DIRECTION('',(1.,-2.719262146894E-32,-2.449293598295E-16));
#11017 = PCURVE('',#9668,#11018);
#11018 = DEFINITIONAL_REPRESENTATION('',(#11019),#11023);
#11019 = LINE('',#11020,#11021);
#11020 = CARTESIAN_POINT('',(0.,-0.));
#11021 = VECTOR('',#11022,1.);
#11022 = DIRECTION('',(0.,1.));
#11023 = ( GEOMETRIC_REPRESENTATION_CONTEXT(2) 
PARAMETRIC_REPRESENTATION_CONTEXT() REPRESENTATION_CONTEXT('2D SPACE',''
  ) );
#11024 = PCURVE('',#9668,#11025);
#11025 = DEFINITIONAL_REPRESENTATION('',(#11026),#11030);
#11026 = LINE('',#11027,#11028);
#11027 = CARTESIAN_POINT('',(6.28318530718,-0.));
#11028 = VECTOR('',#11029,1.);
#11029 = DIRECTION('',(0.,1.));
#11030 = ( GEOMETRIC_REPRESENTATION_CONTEXT(2) 
PARAMETRIC_REPRESENTATION_CONTEXT() REPRESENTATION_CONTEXT('2D SPACE',''
  ) );
#11031 = ORIENTED_EDGE('',*,*,#11032,.T.);
#11032 = EDGE_CURVE('',#11009,#11009,#11033,.T.);
#11033 = SEAM_CURVE('',#11034,(#11039,#11046),.PCURVE_S1.);
#11034 = CIRCLE('',#11035,80.5);
#11035 = AXIS2_PLACEMENT_3D('',#11036,#11037,#11038);
#11036 = CARTESIAN_POINT('',(31.5,311.5,35.));
#11037 = DIRECTION('',(0.,-1.,1.110223024625E-16));
#11038 = DIRECTION('',(1.,0.,0.));
#11039 = PCURVE('',#9668,#11040);
#11040 = DEFINITIONAL_REPRESENTATION('',(#11041),#11045);
#11041 = LINE('',#11042,#11043);
#11042 = CARTESIAN_POINT('',(0.,6.28318530718));
#11043 = VECTOR('',#11044,1.);
#11044 = DIRECTION('',(1.,0.));
#11045 = ( GEOMETRIC_REPRESENTATION_CONTEXT(2) 
PARAMETRIC_REPRESENTATION_CONTEXT() REPRESENTATION_CONTEXT('2D SPACE',''
  ) );
#11046 = PCURVE('',#9668,#11047);
#11047 = DEFINITIONAL_REPRESENTATION('',(#11048),#11052);
#11048 = LINE('',#11049,#11050);
#11049 = CARTESIAN_POINT('',(0.,0.));
#11050 = VECTOR('',#11051,1.);
#11051 = DIRECTION('',(1.,0.));
#11052 = ( GEOMETRIC_REPRESENTATION_CONTEXT(2) 
PARAMETRIC_REPRESENTATION_CONTEXT() REPRESENTATION_CONTEXT('2D SPACE',''
  ) );
#11053 = ORIENTED_EDGE('',*,*,#11008,.T.);
#11054 = ORIENTED_EDGE('',*,*,#10243,.F.);
#11055 = ORIENTED_EDGE('',*,*,#11056,.T.);
#11056 = EDGE_CURVE('',#10244,#11009,#11057,.T.);
#11057 = SEAM_CURVE('',#11058,(#11063,#11070),.PCURVE_S1.);
#11058 = CIRCLE('',#11059,17.5);
#11059 = AXIS2_PLACEMENT_3D('',#11060,#11061,#11062);
#11060 = CARTESIAN_POINT('',(94.5,311.5,35.));
#11061 = DIRECTION('',(-2.449293598295E-16,-1.110223024625E-16,-1.));
#11062 = DIRECTION('',(1.,-2.719262146894E-32,-2.449293598295E-16));
#11063 = PCURVE('',#9668,#11064);
#11064 = DEFINITIONAL_REPRESENTATION('',(#11065),#11069);
#11065 = LINE('',#11066,#11067);
#11066 = CARTESIAN_POINT('',(0.,-0.));
#11067 = VECTOR('',#11068,1.);
#11068 = DIRECTION('',(0.,1.));
#11069 = ( GEOMETRIC_REPRESENTATION_CONTEXT(2) 
PARAMETRIC_REPRESENTATION_CONTEXT() REPRESENTATION_CONTEXT('2D SPACE',''
  ) );
#11070 = PCURVE('',#9668,#11071);
#11071 = DEFINITIONAL_REPRESENTATION('',(#11072),#11076);
#11072 = LINE('',#11073,#11074);
#11073 = CARTESIAN_POINT('',(6.28318530718,-0.));
#11074 = VECTOR('',#11075,1.);
#11075 = DIRECTION('',(0.,1.));
#11076 = ( GEOMETRIC_REPRESENTATION_CONTEXT(2) 
PARAMETRIC_REPRESENTATION_CONTEXT() REPRESENTATION_CONTEXT('2D SPACE',''
  ) );
#11077 = ORIENTED_EDGE('',*,*,#11032,.F.);
#11078 = ORIENTED_EDGE('',*,*,#11056,.F.);
#11079 = ORIENTED_EDGE('',*,*,#10792,.F.);
#11080 = ORIENTED_EDGE('',*,*,#10565,.F.);
#11081 = FACE_BOUND('',#11082,.T.);
#11082 = EDGE_LOOP('',(#11083,#11084,#11085));
#11083 = ORIENTED_EDGE('',*,*,#10084,.F.);
#11084 = ORIENTED_EDGE('',*,*,#9734,.F.);
#11085 = ORIENTED_EDGE('',*,*,#9544,.F.);
#11086 = ADVANCED_FACE('',(#11087),#10991,.F.);
#11087 = FACE_BOUND('',#11088,.T.);
#11088 = EDGE_LOOP('',(#11089));
#11089 = ORIENTED_EDGE('',*,*,#10976,.F.);
#11090 = ( GEOMETRIC_REPRESENTATION_CONTEXT(3) 
GLOBAL_UNCERTAINTY_ASSIGNED_CONTEXT((#11094)) 
GLOBAL_UNIT_ASSIGNED_CONTEXT((#11091,#11092,#11093)) 
REPRESENTATION_CONTEXT('Context #1',
  '3D Context with UNIT and UNCERTAINTY') );
#11091 = ( LENGTH_UNIT() NAMED_UNIT(*) SI_UNIT($,.METRE.) );
#11092 = ( NAMED_UNIT(*) PLANE_ANGLE_UNIT() SI_UNIT($,.RADIAN.) );
#11093 = ( NAMED_UNIT(*) SI_UNIT($,.STERADIAN.) SOLID_ANGLE_UNIT() );
#11094 = UNCERTAINTY_MEASURE_WITH_UNIT(LENGTH_MEASURE(1.E-07),#11091,
  'distance_accuracy_value','confusion accuracy');
#11095 = PRODUCT_RELATED_PRODUCT_CATEGORY('part',$,(#7404));
#11096 = SHAPE_DEFINITION_REPRESENTATION(#11097,#11103);
#11097 = PRODUCT_DEFINITION_SHAPE('','',#11098);
#11098 = PRODUCT_DEFINITION('design','',#11099,#11102);
#11099 = PRODUCT_DEFINITION_FORMATION('','',#11100);
#11100 = PRODUCT('Cooling_Box','Cooling_Box','',(#11101));
#11101 = PRODUCT_CONTEXT('',#2,'mechanical');
#11102 = PRODUCT_DEFINITION_CONTEXT('part definition',#2,'design');
#11103 = ADVANCED_BREP_SHAPE_REPRESENTATION('',(#11,#11104),#11434);
#11104 = MANIFOLD_SOLID_BREP('',#11105);
#11105 = CLOSED_SHELL('',(#11106,#11226,#11326,#11373,#11420,#11427));
#11106 = ADVANCED_FACE('',(#11107),#11121,.F.);
#11107 = FACE_BOUND('',#11108,.F.);
#11108 = EDGE_LOOP('',(#11109,#11144,#11172,#11200));
#11109 = ORIENTED_EDGE('',*,*,#11110,.F.);
#11110 = EDGE_CURVE('',#11111,#11113,#11115,.T.);
#11111 = VERTEX_POINT('',#11112);
#11112 = CARTESIAN_POINT('',(-157.5,311.5,-52.5));
#11113 = VERTEX_POINT('',#11114);
#11114 = CARTESIAN_POINT('',(-157.5,311.5,122.5));
#11115 = SURFACE_CURVE('',#11116,(#11120,#11132),.PCURVE_S1.);
#11116 = LINE('',#11117,#11118);
#11117 = CARTESIAN_POINT('',(-157.5,311.5,-52.5));
#11118 = VECTOR('',#11119,1.);
#11119 = DIRECTION('',(0.,0.,1.));
#11120 = PCURVE('',#11121,#11126);
#11121 = PLANE('',#11122);
#11122 = AXIS2_PLACEMENT_3D('',#11123,#11124,#11125);
#11123 = CARTESIAN_POINT('',(-157.5,311.5,-52.5));
#11124 = DIRECTION('',(1.,0.,0.));
#11125 = DIRECTION('',(0.,0.,1.));
#11126 = DEFINITIONAL_REPRESENTATION('',(#11127),#11131);
#11127 = LINE('',#11128,#11129);
#11128 = CARTESIAN_POINT('',(0.,0.));
#11129 = VECTOR('',#11130,1.);
#11130 = DIRECTION('',(1.,0.));
#11131 = ( GEOMETRIC_REPRESENTATION_CONTEXT(2) 
PARAMETRIC_REPRESENTATION_CONTEXT() REPRESENTATION_CONTEXT('2D SPACE',''
  ) );
#11132 = PCURVE('',#11133,#11138);
#11133 = PLANE('',#11134);
#11134 = AXIS2_PLACEMENT_3D('',#11135,#11136,#11137);
#11135 = CARTESIAN_POINT('',(-157.5,311.5,-52.5));
#11136 = DIRECTION('',(0.,1.,0.));
#11137 = DIRECTION('',(0.,0.,1.));
#11138 = DEFINITIONAL_REPRESENTATION('',(#11139),#11143);
#11139 = LINE('',#11140,#11141);
#11140 = CARTESIAN_POINT('',(0.,0.));
#11141 = VECTOR('',#11142,1.);
#11142 = DIRECTION('',(1.,0.));
#11143 = ( GEOMETRIC_REPRESENTATION_CONTEXT(2) 
PARAMETRIC_REPRESENTATION_CONTEXT() REPRESENTATION_CONTEXT('2D SPACE',''
  ) );
#11144 = ORIENTED_EDGE('',*,*,#11145,.T.);
#11145 = EDGE_CURVE('',#11111,#11146,#11148,.T.);
#11146 = VERTEX_POINT('',#11147);
#11147 = CARTESIAN_POINT('',(-157.5,556.5,-52.5));
#11148 = SURFACE_CURVE('',#11149,(#11153,#11160),.PCURVE_S1.);
#11149 = LINE('',#11150,#11151);
#11150 = CARTESIAN_POINT('',(-157.5,311.5,-52.5));
#11151 = VECTOR('',#11152,1.);
#11152 = DIRECTION('',(0.,1.,0.));
#11153 = PCURVE('',#11121,#11154);
#11154 = DEFINITIONAL_REPRESENTATION('',(#11155),#11159);
#11155 = LINE('',#11156,#11157);
#11156 = CARTESIAN_POINT('',(0.,0.));
#11157 = VECTOR('',#11158,1.);
#11158 = DIRECTION('',(0.,-1.));
#11159 = ( GEOMETRIC_REPRESENTATION_CONTEXT(2) 
PARAMETRIC_REPRESENTATION_CONTEXT() REPRESENTATION_CONTEXT('2D SPACE',''
  ) );
#11160 = PCURVE('',#11161,#11166);
#11161 = PLANE('',#11162);
#11162 = AXIS2_PLACEMENT_3D('',#11163,#11164,#11165);
#11163 = CARTESIAN_POINT('',(-157.5,311.5,-52.5));
#11164 = DIRECTION('',(0.,0.,1.));
#11165 = DIRECTION('',(1.,0.,0.));
#11166 = DEFINITIONAL_REPRESENTATION('',(#11167),#11171);
#11167 = LINE('',#11168,#11169);
#11168 = CARTESIAN_POINT('',(0.,0.));
#11169 = VECTOR('',#11170,1.);
#11170 = DIRECTION('',(0.,1.));
#11171 = ( GEOMETRIC_REPRESENTATION_CONTEXT(2) 
PARAMETRIC_REPRESENTATION_CONTEXT() REPRESENTATION_CONTEXT('2D SPACE',''
  ) );
#11172 = ORIENTED_EDGE('',*,*,#11173,.T.);
#11173 = EDGE_CURVE('',#11146,#11174,#11176,.T.);
#11174 = VERTEX_POINT('',#11175);
#11175 = CARTESIAN_POINT('',(-157.5,556.5,122.5));
#11176 = SURFACE_CURVE('',#11177,(#11181,#11188),.PCURVE_S1.);
#11177 = LINE('',#11178,#11179);
#11178 = CARTESIAN_POINT('',(-157.5,556.5,-52.5));
#11179 = VECTOR('',#11180,1.);
#11180 = DIRECTION('',(0.,0.,1.));
#11181 = PCURVE('',#11121,#11182);
#11182 = DEFINITIONAL_REPRESENTATION('',(#11183),#11187);
#11183 = LINE('',#11184,#11185);
#11184 = CARTESIAN_POINT('',(0.,-245.));
#11185 = VECTOR('',#11186,1.);
#11186 = DIRECTION('',(1.,0.));
#11187 = ( GEOMETRIC_REPRESENTATION_CONTEXT(2) 
PARAMETRIC_REPRESENTATION_CONTEXT() REPRESENTATION_CONTEXT('2D SPACE',''
  ) );
#11188 = PCURVE('',#11189,#11194);
#11189 = PLANE('',#11190);
#11190 = AXIS2_PLACEMENT_3D('',#11191,#11192,#11193);
#11191 = CARTESIAN_POINT('',(-157.5,556.5,-52.5));
#11192 = DIRECTION('',(0.,1.,0.));
#11193 = DIRECTION('',(0.,0.,1.));
#11194 = DEFINITIONAL_REPRESENTATION('',(#11195),#11199);
#11195 = LINE('',#11196,#11197);
#11196 = CARTESIAN_POINT('',(0.,0.));
#11197 = VECTOR('',#11198,1.);
#11198 = DIRECTION('',(1.,0.));
#11199 = ( GEOMETRIC_REPRESENTATION_CONTEXT(2) 
PARAMETRIC_REPRESENTATION_CONTEXT() REPRESENTATION_CONTEXT('2D SPACE',''
  ) );
#11200 = ORIENTED_EDGE('',*,*,#11201,.F.);
#11201 = EDGE_CURVE('',#11113,#11174,#11202,.T.);
#11202 = SURFACE_CURVE('',#11203,(#11207,#11214),.PCURVE_S1.);
#11203 = LINE('',#11204,#11205);
#11204 = CARTESIAN_POINT('',(-157.5,311.5,122.5));
#11205 = VECTOR('',#11206,1.);
#11206 = DIRECTION('',(0.,1.,0.));
#11207 = PCURVE('',#11121,#11208);
#11208 = DEFINITIONAL_REPRESENTATION('',(#11209),#11213);
#11209 = LINE('',#11210,#11211);
#11210 = CARTESIAN_POINT('',(175.,0.));
#11211 = VECTOR('',#11212,1.);
#11212 = DIRECTION('',(0.,-1.));
#11213 = ( GEOMETRIC_REPRESENTATION_CONTEXT(2) 
PARAMETRIC_REPRESENTATION_CONTEXT() REPRESENTATION_CONTEXT('2D SPACE',''
  ) );
#11214 = PCURVE('',#11215,#11220);
#11215 = PLANE('',#11216);
#11216 = AXIS2_PLACEMENT_3D('',#11217,#11218,#11219);
#11217 = CARTESIAN_POINT('',(-157.5,311.5,122.5));
#11218 = DIRECTION('',(0.,0.,1.));
#11219 = DIRECTION('',(1.,0.,0.));
#11220 = DEFINITIONAL_REPRESENTATION('',(#11221),#11225);
#11221 = LINE('',#11222,#11223);
#11222 = CARTESIAN_POINT('',(0.,0.));
#11223 = VECTOR('',#11224,1.);
#11224 = DIRECTION('',(0.,1.));
#11225 = ( GEOMETRIC_REPRESENTATION_CONTEXT(2) 
PARAMETRIC_REPRESENTATION_CONTEXT() REPRESENTATION_CONTEXT('2D SPACE',''
  ) );
#11226 = ADVANCED_FACE('',(#11227),#11241,.T.);
#11227 = FACE_BOUND('',#11228,.T.);
#11228 = EDGE_LOOP('',(#11229,#11259,#11282,#11305));
#11229 = ORIENTED_EDGE('',*,*,#11230,.F.);
#11230 = EDGE_CURVE('',#11231,#11233,#11235,.T.);
#11231 = VERTEX_POINT('',#11232);
#11232 = CARTESIAN_POINT('',(157.5,311.5,-52.5));
#11233 = VERTEX_POINT('',#11234);
#11234 = CARTESIAN_POINT('',(157.5,311.5,122.5));
#11235 = SURFACE_CURVE('',#11236,(#11240,#11252),.PCURVE_S1.);
#11236 = LINE('',#11237,#11238);
#11237 = CARTESIAN_POINT('',(157.5,311.5,-52.5));
#11238 = VECTOR('',#11239,1.);
#11239 = DIRECTION('',(0.,0.,1.));
#11240 = PCURVE('',#11241,#11246);
#11241 = PLANE('',#11242);
#11242 = AXIS2_PLACEMENT_3D('',#11243,#11244,#11245);
#11243 = CARTESIAN_POINT('',(157.5,311.5,-52.5));
#11244 = DIRECTION('',(1.,0.,0.));
#11245 = DIRECTION('',(0.,0.,1.));
#11246 = DEFINITIONAL_REPRESENTATION('',(#11247),#11251);
#11247 = LINE('',#11248,#11249);
#11248 = CARTESIAN_POINT('',(0.,0.));
#11249 = VECTOR('',#11250,1.);
#11250 = DIRECTION('',(1.,0.));
#11251 = ( GEOMETRIC_REPRESENTATION_CONTEXT(2) 
PARAMETRIC_REPRESENTATION_CONTEXT() REPRESENTATION_CONTEXT('2D SPACE',''
  ) );
#11252 = PCURVE('',#11133,#11253);
#11253 = DEFINITIONAL_REPRESENTATION('',(#11254),#11258);
#11254 = LINE('',#11255,#11256);
#11255 = CARTESIAN_POINT('',(0.,315.));
#11256 = VECTOR('',#11257,1.);
#11257 = DIRECTION('',(1.,0.));
#11258 = ( GEOMETRIC_REPRESENTATION_CONTEXT(2) 
PARAMETRIC_REPRESENTATION_CONTEXT() REPRESENTATION_CONTEXT('2D SPACE',''
  ) );
#11259 = ORIENTED_EDGE('',*,*,#11260,.T.);
#11260 = EDGE_CURVE('',#11231,#11261,#11263,.T.);
#11261 = VERTEX_POINT('',#11262);
#11262 = CARTESIAN_POINT('',(157.5,556.5,-52.5));
#11263 = SURFACE_CURVE('',#11264,(#11268,#11275),.PCURVE_S1.);
#11264 = LINE('',#11265,#11266);
#11265 = CARTESIAN_POINT('',(157.5,311.5,-52.5));
#11266 = VECTOR('',#11267,1.);
#11267 = DIRECTION('',(0.,1.,0.));
#11268 = PCURVE('',#11241,#11269);
#11269 = DEFINITIONAL_REPRESENTATION('',(#11270),#11274);
#11270 = LINE('',#11271,#11272);
#11271 = CARTESIAN_POINT('',(0.,0.));
#11272 = VECTOR('',#11273,1.);
#11273 = DIRECTION('',(0.,-1.));
#11274 = ( GEOMETRIC_REPRESENTATION_CONTEXT(2) 
PARAMETRIC_REPRESENTATION_CONTEXT() REPRESENTATION_CONTEXT('2D SPACE',''
  ) );
#11275 = PCURVE('',#11161,#11276);
#11276 = DEFINITIONAL_REPRESENTATION('',(#11277),#11281);
#11277 = LINE('',#11278,#11279);
#11278 = CARTESIAN_POINT('',(315.,0.));
#11279 = VECTOR('',#11280,1.);
#11280 = DIRECTION('',(0.,1.));
#11281 = ( GEOMETRIC_REPRESENTATION_CONTEXT(2) 
PARAMETRIC_REPRESENTATION_CONTEXT() REPRESENTATION_CONTEXT('2D SPACE',''
  ) );
#11282 = ORIENTED_EDGE('',*,*,#11283,.T.);
#11283 = EDGE_CURVE('',#11261,#11284,#11286,.T.);
#11284 = VERTEX_POINT('',#11285);
#11285 = CARTESIAN_POINT('',(157.5,556.5,122.5));
#11286 = SURFACE_CURVE('',#11287,(#11291,#11298),.PCURVE_S1.);
#11287 = LINE('',#11288,#11289);
#11288 = CARTESIAN_POINT('',(157.5,556.5,-52.5));
#11289 = VECTOR('',#11290,1.);
#11290 = DIRECTION('',(0.,0.,1.));
#11291 = PCURVE('',#11241,#11292);
#11292 = DEFINITIONAL_REPRESENTATION('',(#11293),#11297);
#11293 = LINE('',#11294,#11295);
#11294 = CARTESIAN_POINT('',(0.,-245.));
#11295 = VECTOR('',#11296,1.);
#11296 = DIRECTION('',(1.,0.));
#11297 = ( GEOMETRIC_REPRESENTATION_CONTEXT(2) 
PARAMETRIC_REPRESENTATION_CONTEXT() REPRESENTATION_CONTEXT('2D SPACE',''
  ) );
#11298 = PCURVE('',#11189,#11299);
#11299 = DEFINITIONAL_REPRESENTATION('',(#11300),#11304);
#11300 = LINE('',#11301,#11302);
#11301 = CARTESIAN_POINT('',(0.,315.));
#11302 = VECTOR('',#11303,1.);
#11303 = DIRECTION('',(1.,0.));
#11304 = ( GEOMETRIC_REPRESENTATION_CONTEXT(2) 
PARAMETRIC_REPRESENTATION_CONTEXT() REPRESENTATION_CONTEXT('2D SPACE',''
  ) );
#11305 = ORIENTED_EDGE('',*,*,#11306,.F.);
#11306 = EDGE_CURVE('',#11233,#11284,#11307,.T.);
#11307 = SURFACE_CURVE('',#11308,(#11312,#11319),.PCURVE_S1.);
#11308 = LINE('',#11309,#11310);
#11309 = CARTESIAN_POINT('',(157.5,311.5,122.5));
#11310 = VECTOR('',#11311,1.);
#11311 = DIRECTION('',(0.,1.,0.));
#11312 = PCURVE('',#11241,#11313);
#11313 = DEFINITIONAL_REPRESENTATION('',(#11314),#11318);
#11314 = LINE('',#11315,#11316);
#11315 = CARTESIAN_POINT('',(175.,0.));
#11316 = VECTOR('',#11317,1.);
#11317 = DIRECTION('',(0.,-1.));
#11318 = ( GEOMETRIC_REPRESENTATION_CONTEXT(2) 
PARAMETRIC_REPRESENTATION_CONTEXT() REPRESENTATION_CONTEXT('2D SPACE',''
  ) );
#11319 = PCURVE('',#11215,#11320);
#11320 = DEFINITIONAL_REPRESENTATION('',(#11321),#11325);
#11321 = LINE('',#11322,#11323);
#11322 = CARTESIAN_POINT('',(315.,0.));
#11323 = VECTOR('',#11324,1.);
#11324 = DIRECTION('',(0.,1.));
#11325 = ( GEOMETRIC_REPRESENTATION_CONTEXT(2) 
PARAMETRIC_REPRESENTATION_CONTEXT() REPRESENTATION_CONTEXT('2D SPACE',''
  ) );
#11326 = ADVANCED_FACE('',(#11327),#11133,.F.);
#11327 = FACE_BOUND('',#11328,.F.);
#11328 = EDGE_LOOP('',(#11329,#11350,#11351,#11372));
#11329 = ORIENTED_EDGE('',*,*,#11330,.F.);
#11330 = EDGE_CURVE('',#11111,#11231,#11331,.T.);
#11331 = SURFACE_CURVE('',#11332,(#11336,#11343),.PCURVE_S1.);
#11332 = LINE('',#11333,#11334);
#11333 = CARTESIAN_POINT('',(-157.5,311.5,-52.5));
#11334 = VECTOR('',#11335,1.);
#11335 = DIRECTION('',(1.,0.,0.));
#11336 = PCURVE('',#11133,#11337);
#11337 = DEFINITIONAL_REPRESENTATION('',(#11338),#11342);
#11338 = LINE('',#11339,#11340);
#11339 = CARTESIAN_POINT('',(0.,0.));
#11340 = VECTOR('',#11341,1.);
#11341 = DIRECTION('',(0.,1.));
#11342 = ( GEOMETRIC_REPRESENTATION_CONTEXT(2) 
PARAMETRIC_REPRESENTATION_CONTEXT() REPRESENTATION_CONTEXT('2D SPACE',''
  ) );
#11343 = PCURVE('',#11161,#11344);
#11344 = DEFINITIONAL_REPRESENTATION('',(#11345),#11349);
#11345 = LINE('',#11346,#11347);
#11346 = CARTESIAN_POINT('',(0.,0.));
#11347 = VECTOR('',#11348,1.);
#11348 = DIRECTION('',(1.,0.));
#11349 = ( GEOMETRIC_REPRESENTATION_CONTEXT(2) 
PARAMETRIC_REPRESENTATION_CONTEXT() REPRESENTATION_CONTEXT('2D SPACE',''
  ) );
#11350 = ORIENTED_EDGE('',*,*,#11110,.T.);
#11351 = ORIENTED_EDGE('',*,*,#11352,.T.);
#11352 = EDGE_CURVE('',#11113,#11233,#11353,.T.);
#11353 = SURFACE_CURVE('',#11354,(#11358,#11365),.PCURVE_S1.);
#11354 = LINE('',#11355,#11356);
#11355 = CARTESIAN_POINT('',(-157.5,311.5,122.5));
#11356 = VECTOR('',#11357,1.);
#11357 = DIRECTION('',(1.,0.,0.));
#11358 = PCURVE('',#11133,#11359);
#11359 = DEFINITIONAL_REPRESENTATION('',(#11360),#11364);
#11360 = LINE('',#11361,#11362);
#11361 = CARTESIAN_POINT('',(175.,0.));
#11362 = VECTOR('',#11363,1.);
#11363 = DIRECTION('',(0.,1.));
#11364 = ( GEOMETRIC_REPRESENTATION_CONTEXT(2) 
PARAMETRIC_REPRESENTATION_CONTEXT() REPRESENTATION_CONTEXT('2D SPACE',''
  ) );
#11365 = PCURVE('',#11215,#11366);
#11366 = DEFINITIONAL_REPRESENTATION('',(#11367),#11371);
#11367 = LINE('',#11368,#11369);
#11368 = CARTESIAN_POINT('',(0.,0.));
#11369 = VECTOR('',#11370,1.);
#11370 = DIRECTION('',(1.,0.));
#11371 = ( GEOMETRIC_REPRESENTATION_CONTEXT(2) 
PARAMETRIC_REPRESENTATION_CONTEXT() REPRESENTATION_CONTEXT('2D SPACE',''
  ) );
#11372 = ORIENTED_EDGE('',*,*,#11230,.F.);
#11373 = ADVANCED_FACE('',(#11374),#11189,.T.);
#11374 = FACE_BOUND('',#11375,.T.);
#11375 = EDGE_LOOP('',(#11376,#11397,#11398,#11419));
#11376 = ORIENTED_EDGE('',*,*,#11377,.F.);
#11377 = EDGE_CURVE('',#11146,#11261,#11378,.T.);
#11378 = SURFACE_CURVE('',#11379,(#11383,#11390),.PCURVE_S1.);
#11379 = LINE('',#11380,#11381);
#11380 = CARTESIAN_POINT('',(-157.5,556.5,-52.5));
#11381 = VECTOR('',#11382,1.);
#11382 = DIRECTION('',(1.,0.,0.));
#11383 = PCURVE('',#11189,#11384);
#11384 = DEFINITIONAL_REPRESENTATION('',(#11385),#11389);
#11385 = LINE('',#11386,#11387);
#11386 = CARTESIAN_POINT('',(0.,0.));
#11387 = VECTOR('',#11388,1.);
#11388 = DIRECTION('',(0.,1.));
#11389 = ( GEOMETRIC_REPRESENTATION_CONTEXT(2) 
PARAMETRIC_REPRESENTATION_CONTEXT() REPRESENTATION_CONTEXT('2D SPACE',''
  ) );
#11390 = PCURVE('',#11161,#11391);
#11391 = DEFINITIONAL_REPRESENTATION('',(#11392),#11396);
#11392 = LINE('',#11393,#11394);
#11393 = CARTESIAN_POINT('',(0.,245.));
#11394 = VECTOR('',#11395,1.);
#11395 = DIRECTION('',(1.,0.));
#11396 = ( GEOMETRIC_REPRESENTATION_CONTEXT(2) 
PARAMETRIC_REPRESENTATION_CONTEXT() REPRESENTATION_CONTEXT('2D SPACE',''
  ) );
#11397 = ORIENTED_EDGE('',*,*,#11173,.T.);
#11398 = ORIENTED_EDGE('',*,*,#11399,.T.);
#11399 = EDGE_CURVE('',#11174,#11284,#11400,.T.);
#11400 = SURFACE_CURVE('',#11401,(#11405,#11412),.PCURVE_S1.);
#11401 = LINE('',#11402,#11403);
#11402 = CARTESIAN_POINT('',(-157.5,556.5,122.5));
#11403 = VECTOR('',#11404,1.);
#11404 = DIRECTION('',(1.,0.,0.));
#11405 = PCURVE('',#11189,#11406);
#11406 = DEFINITIONAL_REPRESENTATION('',(#11407),#11411);
#11407 = LINE('',#11408,#11409);
#11408 = CARTESIAN_POINT('',(175.,0.));
#11409 = VECTOR('',#11410,1.);
#11410 = DIRECTION('',(0.,1.));
#11411 = ( GEOMETRIC_REPRESENTATION_CONTEXT(2) 
PARAMETRIC_REPRESENTATION_CONTEXT() REPRESENTATION_CONTEXT('2D SPACE',''
  ) );
#11412 = PCURVE('',#11215,#11413);
#11413 = DEFINITIONAL_REPRESENTATION('',(#11414),#11418);
#11414 = LINE('',#11415,#11416);
#11415 = CARTESIAN_POINT('',(0.,245.));
#11416 = VECTOR('',#11417,1.);
#11417 = DIRECTION('',(1.,0.));
#11418 = ( GEOMETRIC_REPRESENTATION_CONTEXT(2) 
PARAMETRIC_REPRESENTATION_CONTEXT() REPRESENTATION_CONTEXT('2D SPACE',''
  ) );
#11419 = ORIENTED_EDGE('',*,*,#11283,.F.);
#11420 = ADVANCED_FACE('',(#11421),#11161,.F.);
#11421 = FACE_BOUND('',#11422,.F.);
#11422 = EDGE_LOOP('',(#11423,#11424,#11425,#11426));
#11423 = ORIENTED_EDGE('',*,*,#11145,.F.);
#11424 = ORIENTED_EDGE('',*,*,#11330,.T.);
#11425 = ORIENTED_EDGE('',*,*,#11260,.T.);
#11426 = ORIENTED_EDGE('',*,*,#11377,.F.);
#11427 = ADVANCED_FACE('',(#11428),#11215,.T.);
#11428 = FACE_BOUND('',#11429,.T.);
#11429 = EDGE_LOOP('',(#11430,#11431,#11432,#11433));
#11430 = ORIENTED_EDGE('',*,*,#11201,.F.);
#11431 = ORIENTED_EDGE('',*,*,#11352,.T.);
#11432 = ORIENTED_EDGE('',*,*,#11306,.T.);
#11433 = ORIENTED_EDGE('',*,*,#11399,.F.);
#11434 = ( GEOMETRIC_REPRESENTATION_CONTEXT(3) 
GLOBAL_UNCERTAINTY_ASSIGNED_CONTEXT((#11438)) 
GLOBAL_UNIT_ASSIGNED_CONTEXT((#11435,#11436,#11437)) 
REPRESENTATION_CONTEXT('Context #1',
  '3D Context with UNIT and UNCERTAINTY') );
#11435 = ( LENGTH_UNIT() NAMED_UNIT(*) SI_UNIT($,.METRE.) );
#11436 = ( NAMED_UNIT(*) PLANE_ANGLE_UNIT() SI_UNIT($,.RADIAN.) );
#11437 = ( NAMED_UNIT(*) SI_UNIT($,.STERADIAN.) SOLID_ANGLE_UNIT() );
#11438 = UNCERTAINTY_MEASURE_WITH_UNIT(LENGTH_MEASURE(1.E-07),#11435,
  'distance_accuracy_value','confusion accuracy');
#11439 = PRODUCT_RELATED_PRODUCT_CATEGORY('part',$,(#11100));
#11440 = SHAPE_DEFINITION_REPRESENTATION(#11441,#11447);
#11441 = PRODUCT_DEFINITION_SHAPE('','',#11442);
#11442 = PRODUCT_DEFINITION('design','',#11443,#11446);
#11443 = PRODUCT_DEFINITION_FORMATION('','',#11444);
#11444 = PRODUCT('HGA_Dish','HGA_Dish','',(#11445));
#11445 = PRODUCT_CONTEXT('',#2,'mechanical');
#11446 = PRODUCT_DEFINITION_CONTEXT('part definition',#2,'design');
#11447 = MANIFOLD_SURFACE_SHAPE_REPRESENTATION('',(#11,#11448),#11579);
#11448 = SHELL_BASED_SURFACE_MODEL('',(#11449));
#11449 = OPEN_SHELL('',(#11450));
#11450 = ADVANCED_FACE('',(#11451),#11465,.T.);
#11451 = FACE_BOUND('',#11452,.T.);
#11452 = EDGE_LOOP('',(#11453,#11486,#11487,#11515,#11544,#11561));
#11453 = ORIENTED_EDGE('',*,*,#11454,.F.);
#11454 = EDGE_CURVE('',#11455,#11457,#11459,.T.);
#11455 = VERTEX_POINT('',#11456);
#11456 = CARTESIAN_POINT('',(-315.,-490.,140.));
#11457 = VERTEX_POINT('',#11458);
#11458 = CARTESIAN_POINT('',(-315.,-215.6023867632,136.23104924535));
#11459 = SEAM_CURVE('',#11460,(#11464,#11479),.PCURVE_S1.);
#11460 = B_SPLINE_CURVE_WITH_KNOTS('',2,(#11461,#11462,#11463),
  .UNSPECIFIED.,.F.,.F.,(3,3),(0.,345.75207422829),
  .PIECEWISE_BEZIER_KNOTS.);
#11461 = CARTESIAN_POINT('',(-315.,-490.,140.));
#11462 = CARTESIAN_POINT('',(-315.,-519.1002258148,-68.80983509979));
#11463 = CARTESIAN_POINT('',(-315.,-210.,140.));
#11464 = PCURVE('',#11465,#11473);
#11465 = SURFACE_OF_REVOLUTION('',#11466,#11470);
#11466 = B_SPLINE_CURVE_WITH_KNOTS('',2,(#11467,#11468,#11469),
  .UNSPECIFIED.,.F.,.F.,(3,3),(0.,345.75207422829),
  .PIECEWISE_BEZIER_KNOTS.);
#11467 = CARTESIAN_POINT('',(-315.,-490.,140.));
#11468 = CARTESIAN_POINT('',(-315.,-519.1002258148,-68.80983509979));
#11469 = CARTESIAN_POINT('',(-315.,-210.,140.));
#11470 = AXIS1_PLACEMENT('',#11471,#11472);
#11471 = CARTESIAN_POINT('',(-315.,-490.,140.));
#11472 = DIRECTION('',(-1.,2.22044604925E-16,0.));
#11473 = DEFINITIONAL_REPRESENTATION('',(#11474),#11478);
#11474 = LINE('',#11475,#11476);
#11475 = CARTESIAN_POINT('',(0.,0.));
#11476 = VECTOR('',#11477,1.);
#11477 = DIRECTION('',(0.,1.));
#11478 = ( GEOMETRIC_REPRESENTATION_CONTEXT(2) 
PARAMETRIC_REPRESENTATION_CONTEXT() REPRESENTATION_CONTEXT('2D SPACE',''
  ) );
#11479 = PCURVE('',#11465,#11480);
#11480 = DEFINITIONAL_REPRESENTATION('',(#11481),#11485);
#11481 = LINE('',#11482,#11483);
#11482 = CARTESIAN_POINT('',(6.28318530718,0.));
#11483 = VECTOR('',#11484,1.);
#11484 = DIRECTION('',(0.,1.));
#11485 = ( GEOMETRIC_REPRESENTATION_CONTEXT(2) 
PARAMETRIC_REPRESENTATION_CONTEXT() REPRESENTATION_CONTEXT('2D SPACE',''
  ) );
#11486 = ORIENTED_EDGE('',*,*,#11454,.T.);
#11487 = ORIENTED_EDGE('',*,*,#11488,.F.);
#11488 = EDGE_CURVE('',#11489,#11457,#11491,.T.);
#11489 = VERTEX_POINT('',#11490);
#11490 = CARTESIAN_POINT('',(-315.,-490.,360.5));
#11491 = SURFACE_CURVE('',#11492,(#11497),.PCURVE_S1.);
#11492 = CIRCLE('',#11493,280.);
#11493 = AXIS2_PLACEMENT_3D('',#11494,#11495,#11496);
#11494 = CARTESIAN_POINT('',(-315.,-490.,80.5));
#11495 = DIRECTION('',(-1.,2.22044604925E-16,0.));
#11496 = DIRECTION('',(0.,0.,1.));
#11497 = PCURVE('',#11465,#11498);
#11498 = DEFINITIONAL_REPRESENTATION('',(#11499),#11514);
#11499 = B_SPLINE_CURVE_WITH_KNOTS('',13,(#11500,#11501,#11502,#11503,
    #11504,#11505,#11506,#11507,#11508,#11509,#11510,#11511,#11512,
    #11513),.UNSPECIFIED.,.F.,.F.,(14,14),(0.,1.370418653501),
  .PIECEWISE_BEZIER_KNOTS.);
#11500 = CARTESIAN_POINT('',(4.527717791939,308.13904160542));
#11501 = CARTESIAN_POINT('',(4.661580419877,308.13904160548));
#11502 = CARTESIAN_POINT('',(4.799098264744,308.80063752817));
#11503 = CARTESIAN_POINT('',(4.939480139968,310.12383803852));
#11504 = CARTESIAN_POINT('',(5.081663781638,312.07077800654));
#11505 = CARTESIAN_POINT('',(5.224403140373,314.56597241316));
#11506 = CARTESIAN_POINT('',(5.366424968555,317.50542455742));
#11507 = CARTESIAN_POINT('',(5.506657430205,320.77774513777));
#11508 = CARTESIAN_POINT('',(5.644341164969,324.28225495861));
#11509 = CARTESIAN_POINT('',(5.778961339459,327.92885041476));
#11510 = CARTESIAN_POINT('',(5.910230441531,331.64217052034));
#11511 = CARTESIAN_POINT('',(6.038018054982,335.35886935011));
#11512 = CARTESIAN_POINT('',(6.162313149389,339.02679705787));
#11513 = CARTESIAN_POINT('',(6.28318530718,342.60303625426));
#11514 = ( GEOMETRIC_REPRESENTATION_CONTEXT(2) 
PARAMETRIC_REPRESENTATION_CONTEXT() REPRESENTATION_CONTEXT('2D SPACE',''
  ) );
#11515 = ORIENTED_EDGE('',*,*,#11516,.F.);
#11516 = EDGE_CURVE('',#11517,#11489,#11519,.T.);
#11517 = VERTEX_POINT('',#11518);
#11518 = CARTESIAN_POINT('',(-315.,-768.4150453908,110.24999999997));
#11519 = SURFACE_CURVE('',#11520,(#11525),.PCURVE_S1.);
#11520 = CIRCLE('',#11521,280.);
#11521 = AXIS2_PLACEMENT_3D('',#11522,#11523,#11524);
#11522 = CARTESIAN_POINT('',(-315.,-490.,80.5));
#11523 = DIRECTION('',(-1.,2.22044604925E-16,0.));
#11524 = DIRECTION('',(0.,0.,1.));
#11525 = PCURVE('',#11465,#11526);
#11526 = DEFINITIONAL_REPRESENTATION('',(#11527),#11543);
#11527 = B_SPLINE_CURVE_WITH_KNOTS('',14,(#11528,#11529,#11530,#11531,
    #11532,#11533,#11534,#11535,#11536,#11537,#11538,#11539,#11540,
    #11541,#11542),.UNSPECIFIED.,.F.,.F.,(15,15),(4.818839913304,
    6.28318530718),.PIECEWISE_BEZIER_KNOTS.);
#11528 = CARTESIAN_POINT('',(3.03514172067,345.75207422829));
#11529 = CARTESIAN_POINT('',(3.122446205011,342.29106624583));
#11530 = CARTESIAN_POINT('',(3.211225044811,338.71092628035));
#11531 = CARTESIAN_POINT('',(3.301793427341,335.04702961296));
#11532 = CARTESIAN_POINT('',(3.394507538272,331.34243345785));
#11533 = CARTESIAN_POINT('',(3.489767811434,327.64930682037));
#11534 = CARTESIAN_POINT('',(3.588020697898,324.03085544063));
#11535 = CARTESIAN_POINT('',(3.689748867458,320.56191394298));
#11536 = CARTESIAN_POINT('',(3.79546199632,317.33140637202));
#11537 = CARTESIAN_POINT('',(3.905638066307,314.43776113846));
#11538 = CARTESIAN_POINT('',(4.020681728666,311.98871151459));
#11539 = CARTESIAN_POINT('',(4.140746687068,310.08148518655));
#11540 = CARTESIAN_POINT('',(4.265654144097,308.7865226387));
#11541 = CARTESIAN_POINT('',(4.394897348053,308.13904160557));
#11542 = CARTESIAN_POINT('',(4.527717791939,308.13904160542));
#11543 = ( GEOMETRIC_REPRESENTATION_CONTEXT(2) 
PARAMETRIC_REPRESENTATION_CONTEXT() REPRESENTATION_CONTEXT('2D SPACE',''
  ) );
#11544 = ORIENTED_EDGE('',*,*,#11545,.F.);
#11545 = EDGE_CURVE('',#11546,#11517,#11548,.T.);
#11546 = VERTEX_POINT('',#11547);
#11547 = CARTESIAN_POINT('',(-315.,-211.5849546091,110.24999999997));
#11548 = SURFACE_CURVE('',#11549,(#11554),.PCURVE_S1.);
#11549 = CIRCLE('',#11550,280.);
#11550 = AXIS2_PLACEMENT_3D('',#11551,#11552,#11553);
#11551 = CARTESIAN_POINT('',(-315.,-490.,140.));
#11552 = DIRECTION('',(-1.,2.22044604925E-16,0.));
#11553 = DIRECTION('',(2.22044604925E-16,1.,0.));
#11554 = PCURVE('',#11465,#11555);
#11555 = DEFINITIONAL_REPRESENTATION('',(#11556),#11560);
#11556 = LINE('',#11557,#11558);
#11557 = CARTESIAN_POINT('',(0.,345.75207422829));
#11558 = VECTOR('',#11559,1.);
#11559 = DIRECTION('',(1.,0.));
#11560 = ( GEOMETRIC_REPRESENTATION_CONTEXT(2) 
PARAMETRIC_REPRESENTATION_CONTEXT() REPRESENTATION_CONTEXT('2D SPACE',''
  ) );
#11561 = ORIENTED_EDGE('',*,*,#11562,.F.);
#11562 = EDGE_CURVE('',#11457,#11546,#11563,.T.);
#11563 = SURFACE_CURVE('',#11564,(#11569),.PCURVE_S1.);
#11564 = CIRCLE('',#11565,280.);
#11565 = AXIS2_PLACEMENT_3D('',#11566,#11567,#11568);
#11566 = CARTESIAN_POINT('',(-315.,-490.,80.5));
#11567 = DIRECTION('',(-1.,2.22044604925E-16,0.));
#11568 = DIRECTION('',(0.,0.,1.));
#11569 = PCURVE('',#11465,#11570);
#11570 = DEFINITIONAL_REPRESENTATION('',(#11571),#11578);
#11571 = B_SPLINE_CURVE_WITH_KNOTS('',5,(#11572,#11573,#11574,#11575,
    #11576,#11577),.UNSPECIFIED.,.F.,.F.,(6,6),(1.370418653501,
    1.464345393875),.PIECEWISE_BEZIER_KNOTS.);
#11572 = CARTESIAN_POINT('',(-6.938893903907E-18,342.60303625426));
#11573 = CARTESIAN_POINT('',(2.153949974414E-02,343.24032448227));
#11574 = CARTESIAN_POINT('',(4.295358014096E-02,343.87425318655));
#11575 = CARTESIAN_POINT('',(6.424288297515E-02,344.50442725447));
#11576 = CARTESIAN_POINT('',(8.540830504221E-02,345.13048088097));
#11577 = CARTESIAN_POINT('',(0.10645093292,345.75207422829));
#11578 = ( GEOMETRIC_REPRESENTATION_CONTEXT(2) 
PARAMETRIC_REPRESENTATION_CONTEXT() REPRESENTATION_CONTEXT('2D SPACE',''
  ) );
#11579 = ( GEOMETRIC_REPRESENTATION_CONTEXT(3) 
GLOBAL_UNCERTAINTY_ASSIGNED_CONTEXT((#11583)) 
GLOBAL_UNIT_ASSIGNED_CONTEXT((#11580,#11581,#11582)) 
REPRESENTATION_CONTEXT('Context #1',
  '3D Context with UNIT and UNCERTAINTY') );
#11580 = ( LENGTH_UNIT() NAMED_UNIT(*) SI_UNIT($,.METRE.) );
#11581 = ( NAMED_UNIT(*) PLANE_ANGLE_UNIT() SI_UNIT($,.RADIAN.) );
#11582 = ( NAMED_UNIT(*) SI_UNIT($,.STERADIAN.) SOLID_ANGLE_UNIT() );
#11583 = UNCERTAINTY_MEASURE_WITH_UNIT(LENGTH_MEASURE(1.E-07),#11580,
  'distance_accuracy_value','confusion accuracy');
#11584 = PRODUCT_RELATED_PRODUCT_CATEGORY('part',$,(#11444));
#11585 = SHAPE_DEFINITION_REPRESENTATION(#11586,#11592);
#11586 = PRODUCT_DEFINITION_SHAPE('','',#11587);
#11587 = PRODUCT_DEFINITION('design','',#11588,#11591);
#11588 = PRODUCT_DEFINITION_FORMATION('','',#11589);
#11589 = PRODUCT('Solar_Array','Solar_Array','',(#11590));
#11590 = PRODUCT_CONTEXT('',#2,'mechanical');
#11591 = PRODUCT_DEFINITION_CONTEXT('part definition',#2,'design');
#11592 = ADVANCED_BREP_SHAPE_REPRESENTATION('',(#11,#11593),#11923);
#11593 = MANIFOLD_SOLID_BREP('',#11594);
#11594 = CLOSED_SHELL('',(#11595,#11715,#11815,#11862,#11909,#11916));
#11595 = ADVANCED_FACE('',(#11596),#11610,.F.);
#11596 = FACE_BOUND('',#11597,.F.);
#11597 = EDGE_LOOP('',(#11598,#11633,#11661,#11689));
#11598 = ORIENTED_EDGE('',*,*,#11599,.F.);
#11599 = EDGE_CURVE('',#11600,#11602,#11604,.T.);
#11600 = VERTEX_POINT('',#11601);
#11601 = CARTESIAN_POINT('',(-770.,278.65175210642,-124.0998221786));
#11602 = VERTEX_POINT('',#11603);
#11603 = CARTESIAN_POINT('',(-770.,275.00514037542,-103.4188593654));
#11604 = SURFACE_CURVE('',#11605,(#11609,#11621),.PCURVE_S1.);
#11605 = LINE('',#11606,#11607);
#11606 = CARTESIAN_POINT('',(-770.,278.65175210642,-124.0998221786));
#11607 = VECTOR('',#11608,1.);
#11608 = DIRECTION('',(0.,-0.173648177667,0.984807753012));
#11609 = PCURVE('',#11610,#11615);
#11610 = PLANE('',#11611);
#11611 = AXIS2_PLACEMENT_3D('',#11612,#11613,#11614);
#11612 = CARTESIAN_POINT('',(-770.,278.65175210642,-124.0998221786));
#11613 = DIRECTION('',(1.,0.,0.));
#11614 = DIRECTION('',(0.,-0.173648177667,0.984807753012));
#11615 = DEFINITIONAL_REPRESENTATION('',(#11616),#11620);
#11616 = LINE('',#11617,#11618);
#11617 = CARTESIAN_POINT('',(0.,0.));
#11618 = VECTOR('',#11619,1.);
#11619 = DIRECTION('',(1.,0.));
#11620 = ( GEOMETRIC_REPRESENTATION_CONTEXT(2) 
PARAMETRIC_REPRESENTATION_CONTEXT() REPRESENTATION_CONTEXT('2D SPACE',''
  ) );
#11621 = PCURVE('',#11622,#11627);
#11622 = PLANE('',#11623);
#11623 = AXIS2_PLACEMENT_3D('',#11624,#11625,#11626);
#11624 = CARTESIAN_POINT('',(-770.,278.65175210642,-124.0998221786));
#11625 = DIRECTION('',(0.,0.984807753012,0.173648177667));
#11626 = DIRECTION('',(0.,-0.173648177667,0.984807753012));
#11627 = DEFINITIONAL_REPRESENTATION('',(#11628),#11632);
#11628 = LINE('',#11629,#11630);
#11629 = CARTESIAN_POINT('',(0.,0.));
#11630 = VECTOR('',#11631,1.);
#11631 = DIRECTION('',(1.,0.));
#11632 = ( GEOMETRIC_REPRESENTATION_CONTEXT(2) 
PARAMETRIC_REPRESENTATION_CONTEXT() REPRESENTATION_CONTEXT('2D SPACE',''
  ) );
#11633 = ORIENTED_EDGE('',*,*,#11634,.T.);
#11634 = EDGE_CURVE('',#11600,#11635,#11637,.T.);
#11635 = VERTEX_POINT('',#11636);
#11636 = CARTESIAN_POINT('',(-770.,774.99485962457,-36.58114063456));
#11637 = SURFACE_CURVE('',#11638,(#11642,#11649),.PCURVE_S1.);
#11638 = LINE('',#11639,#11640);
#11639 = CARTESIAN_POINT('',(-770.,278.65175210642,-124.0998221786));
#11640 = VECTOR('',#11641,1.);
#11641 = DIRECTION('',(0.,0.984807753012,0.173648177667));
#11642 = PCURVE('',#11610,#11643);
#11643 = DEFINITIONAL_REPRESENTATION('',(#11644),#11648);
#11644 = LINE('',#11645,#11646);
#11645 = CARTESIAN_POINT('',(0.,0.));
#11646 = VECTOR('',#11647,1.);
#11647 = DIRECTION('',(0.,-1.));
#11648 = ( GEOMETRIC_REPRESENTATION_CONTEXT(2) 
PARAMETRIC_REPRESENTATION_CONTEXT() REPRESENTATION_CONTEXT('2D SPACE',''
  ) );
#11649 = PCURVE('',#11650,#11655);
#11650 = PLANE('',#11651);
#11651 = AXIS2_PLACEMENT_3D('',#11652,#11653,#11654);
#11652 = CARTESIAN_POINT('',(-770.,278.65175210642,-124.0998221786));
#11653 = DIRECTION('',(0.,-0.173648177667,0.984807753012));
#11654 = DIRECTION('',(1.,0.,0.));
#11655 = DEFINITIONAL_REPRESENTATION('',(#11656),#11660);
#11656 = LINE('',#11657,#11658);
#11657 = CARTESIAN_POINT('',(0.,0.));
#11658 = VECTOR('',#11659,1.);
#11659 = DIRECTION('',(0.,1.));
#11660 = ( GEOMETRIC_REPRESENTATION_CONTEXT(2) 
PARAMETRIC_REPRESENTATION_CONTEXT() REPRESENTATION_CONTEXT('2D SPACE',''
  ) );
#11661 = ORIENTED_EDGE('',*,*,#11662,.T.);
#11662 = EDGE_CURVE('',#11635,#11663,#11665,.T.);
#11663 = VERTEX_POINT('',#11664);
#11664 = CARTESIAN_POINT('',(-770.,771.34824789357,-15.9001778213));
#11665 = SURFACE_CURVE('',#11666,(#11670,#11677),.PCURVE_S1.);
#11666 = LINE('',#11667,#11668);
#11667 = CARTESIAN_POINT('',(-770.,774.99485962457,-36.58114063456));
#11668 = VECTOR('',#11669,1.);
#11669 = DIRECTION('',(0.,-0.173648177667,0.984807753012));
#11670 = PCURVE('',#11610,#11671);
#11671 = DEFINITIONAL_REPRESENTATION('',(#11672),#11676);
#11672 = LINE('',#11673,#11674);
#11673 = CARTESIAN_POINT('',(0.,-504.));
#11674 = VECTOR('',#11675,1.);
#11675 = DIRECTION('',(1.,0.));
#11676 = ( GEOMETRIC_REPRESENTATION_CONTEXT(2) 
PARAMETRIC_REPRESENTATION_CONTEXT() REPRESENTATION_CONTEXT('2D SPACE',''
  ) );
#11677 = PCURVE('',#11678,#11683);
#11678 = PLANE('',#11679);
#11679 = AXIS2_PLACEMENT_3D('',#11680,#11681,#11682);
#11680 = CARTESIAN_POINT('',(-770.,774.99485962457,-36.58114063456));
#11681 = DIRECTION('',(0.,0.984807753012,0.173648177667));
#11682 = DIRECTION('',(0.,-0.173648177667,0.984807753012));
#11683 = DEFINITIONAL_REPRESENTATION('',(#11684),#11688);
#11684 = LINE('',#11685,#11686);
#11685 = CARTESIAN_POINT('',(0.,0.));
#11686 = VECTOR('',#11687,1.);
#11687 = DIRECTION('',(1.,0.));
#11688 = ( GEOMETRIC_REPRESENTATION_CONTEXT(2) 
PARAMETRIC_REPRESENTATION_CONTEXT() REPRESENTATION_CONTEXT('2D SPACE',''
  ) );
#11689 = ORIENTED_EDGE('',*,*,#11690,.F.);
#11690 = EDGE_CURVE('',#11602,#11663,#11691,.T.);
#11691 = SURFACE_CURVE('',#11692,(#11696,#11703),.PCURVE_S1.);
#11692 = LINE('',#11693,#11694);
#11693 = CARTESIAN_POINT('',(-770.,275.00514037542,-103.4188593654));
#11694 = VECTOR('',#11695,1.);
#11695 = DIRECTION('',(0.,0.984807753012,0.173648177667));
#11696 = PCURVE('',#11610,#11697);
#11697 = DEFINITIONAL_REPRESENTATION('',(#11698),#11702);
#11698 = LINE('',#11699,#11700);
#11699 = CARTESIAN_POINT('',(21.,0.));
#11700 = VECTOR('',#11701,1.);
#11701 = DIRECTION('',(0.,-1.));
#11702 = ( GEOMETRIC_REPRESENTATION_CONTEXT(2) 
PARAMETRIC_REPRESENTATION_CONTEXT() REPRESENTATION_CONTEXT('2D SPACE',''
  ) );
#11703 = PCURVE('',#11704,#11709);
#11704 = PLANE('',#11705);
#11705 = AXIS2_PLACEMENT_3D('',#11706,#11707,#11708);
#11706 = CARTESIAN_POINT('',(-770.,275.00514037542,-103.4188593654));
#11707 = DIRECTION('',(0.,-0.173648177667,0.984807753012));
#11708 = DIRECTION('',(1.,0.,0.));
#11709 = DEFINITIONAL_REPRESENTATION('',(#11710),#11714);
#11710 = LINE('',#11711,#11712);
#11711 = CARTESIAN_POINT('',(0.,0.));
#11712 = VECTOR('',#11713,1.);
#11713 = DIRECTION('',(0.,1.));
#11714 = ( GEOMETRIC_REPRESENTATION_CONTEXT(2) 
PARAMETRIC_REPRESENTATION_CONTEXT() REPRESENTATION_CONTEXT('2D SPACE',''
  ) );
#11715 = ADVANCED_FACE('',(#11716),#11730,.T.);
#11716 = FACE_BOUND('',#11717,.T.);
#11717 = EDGE_LOOP('',(#11718,#11748,#11771,#11794));
#11718 = ORIENTED_EDGE('',*,*,#11719,.F.);
#11719 = EDGE_CURVE('',#11720,#11722,#11724,.T.);
#11720 = VERTEX_POINT('',#11721);
#11721 = CARTESIAN_POINT('',(0.,278.65175210642,-124.0998221786));
#11722 = VERTEX_POINT('',#11723);
#11723 = CARTESIAN_POINT('',(0.,275.00514037542,-103.4188593654));
#11724 = SURFACE_CURVE('',#11725,(#11729,#11741),.PCURVE_S1.);
#11725 = LINE('',#11726,#11727);
#11726 = CARTESIAN_POINT('',(0.,278.65175210642,-124.0998221786));
#11727 = VECTOR('',#11728,1.);
#11728 = DIRECTION('',(0.,-0.173648177667,0.984807753012));
#11729 = PCURVE('',#11730,#11735);
#11730 = PLANE('',#11731);
#11731 = AXIS2_PLACEMENT_3D('',#11732,#11733,#11734);
#11732 = CARTESIAN_POINT('',(0.,278.65175210642,-124.0998221786));
#11733 = DIRECTION('',(1.,0.,0.));
#11734 = DIRECTION('',(0.,-0.173648177667,0.984807753012));
#11735 = DEFINITIONAL_REPRESENTATION('',(#11736),#11740);
#11736 = LINE('',#11737,#11738);
#11737 = CARTESIAN_POINT('',(0.,0.));
#11738 = VECTOR('',#11739,1.);
#11739 = DIRECTION('',(1.,0.));
#11740 = ( GEOMETRIC_REPRESENTATION_CONTEXT(2) 
PARAMETRIC_REPRESENTATION_CONTEXT() REPRESENTATION_CONTEXT('2D SPACE',''
  ) );
#11741 = PCURVE('',#11622,#11742);
#11742 = DEFINITIONAL_REPRESENTATION('',(#11743),#11747);
#11743 = LINE('',#11744,#11745);
#11744 = CARTESIAN_POINT('',(0.,770.));
#11745 = VECTOR('',#11746,1.);
#11746 = DIRECTION('',(1.,0.));
#11747 = ( GEOMETRIC_REPRESENTATION_CONTEXT(2) 
PARAMETRIC_REPRESENTATION_CONTEXT() REPRESENTATION_CONTEXT('2D SPACE',''
  ) );
#11748 = ORIENTED_EDGE('',*,*,#11749,.T.);
#11749 = EDGE_CURVE('',#11720,#11750,#11752,.T.);
#11750 = VERTEX_POINT('',#11751);
#11751 = CARTESIAN_POINT('',(0.,774.99485962457,-36.58114063456));
#11752 = SURFACE_CURVE('',#11753,(#11757,#11764),.PCURVE_S1.);
#11753 = LINE('',#11754,#11755);
#11754 = CARTESIAN_POINT('',(0.,278.65175210642,-124.0998221786));
#11755 = VECTOR('',#11756,1.);
#11756 = DIRECTION('',(0.,0.984807753012,0.173648177667));
#11757 = PCURVE('',#11730,#11758);
#11758 = DEFINITIONAL_REPRESENTATION('',(#11759),#11763);
#11759 = LINE('',#11760,#11761);
#11760 = CARTESIAN_POINT('',(0.,0.));
#11761 = VECTOR('',#11762,1.);
#11762 = DIRECTION('',(0.,-1.));
#11763 = ( GEOMETRIC_REPRESENTATION_CONTEXT(2) 
PARAMETRIC_REPRESENTATION_CONTEXT() REPRESENTATION_CONTEXT('2D SPACE',''
  ) );
#11764 = PCURVE('',#11650,#11765);
#11765 = DEFINITIONAL_REPRESENTATION('',(#11766),#11770);
#11766 = LINE('',#11767,#11768);
#11767 = CARTESIAN_POINT('',(770.,0.));
#11768 = VECTOR('',#11769,1.);
#11769 = DIRECTION('',(0.,1.));
#11770 = ( GEOMETRIC_REPRESENTATION_CONTEXT(2) 
PARAMETRIC_REPRESENTATION_CONTEXT() REPRESENTATION_CONTEXT('2D SPACE',''
  ) );
#11771 = ORIENTED_EDGE('',*,*,#11772,.T.);
#11772 = EDGE_CURVE('',#11750,#11773,#11775,.T.);
#11773 = VERTEX_POINT('',#11774);
#11774 = CARTESIAN_POINT('',(0.,771.34824789357,-15.9001778213));
#11775 = SURFACE_CURVE('',#11776,(#11780,#11787),.PCURVE_S1.);
#11776 = LINE('',#11777,#11778);
#11777 = CARTESIAN_POINT('',(0.,774.99485962457,-36.58114063456));
#11778 = VECTOR('',#11779,1.);
#11779 = DIRECTION('',(0.,-0.173648177667,0.984807753012));
#11780 = PCURVE('',#11730,#11781);
#11781 = DEFINITIONAL_REPRESENTATION('',(#11782),#11786);
#11782 = LINE('',#11783,#11784);
#11783 = CARTESIAN_POINT('',(0.,-504.));
#11784 = VECTOR('',#11785,1.);
#11785 = DIRECTION('',(1.,0.));
#11786 = ( GEOMETRIC_REPRESENTATION_CONTEXT(2) 
PARAMETRIC_REPRESENTATION_CONTEXT() REPRESENTATION_CONTEXT('2D SPACE',''
  ) );
#11787 = PCURVE('',#11678,#11788);
#11788 = DEFINITIONAL_REPRESENTATION('',(#11789),#11793);
#11789 = LINE('',#11790,#11791);
#11790 = CARTESIAN_POINT('',(0.,770.));
#11791 = VECTOR('',#11792,1.);
#11792 = DIRECTION('',(1.,0.));
#11793 = ( GEOMETRIC_REPRESENTATION_CONTEXT(2) 
PARAMETRIC_REPRESENTATION_CONTEXT() REPRESENTATION_CONTEXT('2D SPACE',''
  ) );
#11794 = ORIENTED_EDGE('',*,*,#11795,.F.);
#11795 = EDGE_CURVE('',#11722,#11773,#11796,.T.);
#11796 = SURFACE_CURVE('',#11797,(#11801,#11808),.PCURVE_S1.);
#11797 = LINE('',#11798,#11799);
#11798 = CARTESIAN_POINT('',(0.,275.00514037542,-103.4188593654));
#11799 = VECTOR('',#11800,1.);
#11800 = DIRECTION('',(0.,0.984807753012,0.173648177667));
#11801 = PCURVE('',#11730,#11802);
#11802 = DEFINITIONAL_REPRESENTATION('',(#11803),#11807);
#11803 = LINE('',#11804,#11805);
#11804 = CARTESIAN_POINT('',(21.,0.));
#11805 = VECTOR('',#11806,1.);
#11806 = DIRECTION('',(0.,-1.));
#11807 = ( GEOMETRIC_REPRESENTATION_CONTEXT(2) 
PARAMETRIC_REPRESENTATION_CONTEXT() REPRESENTATION_CONTEXT('2D SPACE',''
  ) );
#11808 = PCURVE('',#11704,#11809);
#11809 = DEFINITIONAL_REPRESENTATION('',(#11810),#11814);
#11810 = LINE('',#11811,#11812);
#11811 = CARTESIAN_POINT('',(770.,0.));
#11812 = VECTOR('',#11813,1.);
#11813 = DIRECTION('',(0.,1.));
#11814 = ( GEOMETRIC_REPRESENTATION_CONTEXT(2) 
PARAMETRIC_REPRESENTATION_CONTEXT() REPRESENTATION_CONTEXT('2D SPACE',''
  ) );
#11815 = ADVANCED_FACE('',(#11816),#11622,.F.);
#11816 = FACE_BOUND('',#11817,.F.);
#11817 = EDGE_LOOP('',(#11818,#11839,#11840,#11861));
#11818 = ORIENTED_EDGE('',*,*,#11819,.F.);
#11819 = EDGE_CURVE('',#11600,#11720,#11820,.T.);
#11820 = SURFACE_CURVE('',#11821,(#11825,#11832),.PCURVE_S1.);
#11821 = LINE('',#11822,#11823);
#11822 = CARTESIAN_POINT('',(-770.,278.65175210642,-124.0998221786));
#11823 = VECTOR('',#11824,1.);
#11824 = DIRECTION('',(1.,0.,0.));
#11825 = PCURVE('',#11622,#11826);
#11826 = DEFINITIONAL_REPRESENTATION('',(#11827),#11831);
#11827 = LINE('',#11828,#11829);
#11828 = CARTESIAN_POINT('',(0.,0.));
#11829 = VECTOR('',#11830,1.);
#11830 = DIRECTION('',(0.,1.));
#11831 = ( GEOMETRIC_REPRESENTATION_CONTEXT(2) 
PARAMETRIC_REPRESENTATION_CONTEXT() REPRESENTATION_CONTEXT('2D SPACE',''
  ) );
#11832 = PCURVE('',#11650,#11833);
#11833 = DEFINITIONAL_REPRESENTATION('',(#11834),#11838);
#11834 = LINE('',#11835,#11836);
#11835 = CARTESIAN_POINT('',(0.,0.));
#11836 = VECTOR('',#11837,1.);
#11837 = DIRECTION('',(1.,0.));
#11838 = ( GEOMETRIC_REPRESENTATION_CONTEXT(2) 
PARAMETRIC_REPRESENTATION_CONTEXT() REPRESENTATION_CONTEXT('2D SPACE',''
  ) );
#11839 = ORIENTED_EDGE('',*,*,#11599,.T.);
#11840 = ORIENTED_EDGE('',*,*,#11841,.T.);
#11841 = EDGE_CURVE('',#11602,#11722,#11842,.T.);
#11842 = SURFACE_CURVE('',#11843,(#11847,#11854),.PCURVE_S1.);
#11843 = LINE('',#11844,#11845);
#11844 = CARTESIAN_POINT('',(-770.,275.00514037542,-103.4188593654));
#11845 = VECTOR('',#11846,1.);
#11846 = DIRECTION('',(1.,0.,0.));
#11847 = PCURVE('',#11622,#11848);
#11848 = DEFINITIONAL_REPRESENTATION('',(#11849),#11853);
#11849 = LINE('',#11850,#11851);
#11850 = CARTESIAN_POINT('',(21.,0.));
#11851 = VECTOR('',#11852,1.);
#11852 = DIRECTION('',(0.,1.));
#11853 = ( GEOMETRIC_REPRESENTATION_CONTEXT(2) 
PARAMETRIC_REPRESENTATION_CONTEXT() REPRESENTATION_CONTEXT('2D SPACE',''
  ) );
#11854 = PCURVE('',#11704,#11855);
#11855 = DEFINITIONAL_REPRESENTATION('',(#11856),#11860);
#11856 = LINE('',#11857,#11858);
#11857 = CARTESIAN_POINT('',(0.,0.));
#11858 = VECTOR('',#11859,1.);
#11859 = DIRECTION('',(1.,0.));
#11860 = ( GEOMETRIC_REPRESENTATION_CONTEXT(2) 
PARAMETRIC_REPRESENTATION_CONTEXT() REPRESENTATION_CONTEXT('2D SPACE',''
  ) );
#11861 = ORIENTED_EDGE('',*,*,#11719,.F.);
#11862 = ADVANCED_FACE('',(#11863),#11678,.T.);
#11863 = FACE_BOUND('',#11864,.T.);
#11864 = EDGE_LOOP('',(#11865,#11886,#11887,#11908));
#11865 = ORIENTED_EDGE('',*,*,#11866,.F.);
#11866 = EDGE_CURVE('',#11635,#11750,#11867,.T.);
#11867 = SURFACE_CURVE('',#11868,(#11872,#11879),.PCURVE_S1.);
#11868 = LINE('',#11869,#11870);
#11869 = CARTESIAN_POINT('',(-770.,774.99485962457,-36.58114063456));
#11870 = VECTOR('',#11871,1.);
#11871 = DIRECTION('',(1.,0.,0.));
#11872 = PCURVE('',#11678,#11873);
#11873 = DEFINITIONAL_REPRESENTATION('',(#11874),#11878);
#11874 = LINE('',#11875,#11876);
#11875 = CARTESIAN_POINT('',(0.,0.));
#11876 = VECTOR('',#11877,1.);
#11877 = DIRECTION('',(0.,1.));
#11878 = ( GEOMETRIC_REPRESENTATION_CONTEXT(2) 
PARAMETRIC_REPRESENTATION_CONTEXT() REPRESENTATION_CONTEXT('2D SPACE',''
  ) );
#11879 = PCURVE('',#11650,#11880);
#11880 = DEFINITIONAL_REPRESENTATION('',(#11881),#11885);
#11881 = LINE('',#11882,#11883);
#11882 = CARTESIAN_POINT('',(0.,504.));
#11883 = VECTOR('',#11884,1.);
#11884 = DIRECTION('',(1.,0.));
#11885 = ( GEOMETRIC_REPRESENTATION_CONTEXT(2) 
PARAMETRIC_REPRESENTATION_CONTEXT() REPRESENTATION_CONTEXT('2D SPACE',''
  ) );
#11886 = ORIENTED_EDGE('',*,*,#11662,.T.);
#11887 = ORIENTED_EDGE('',*,*,#11888,.T.);
#11888 = EDGE_CURVE('',#11663,#11773,#11889,.T.);
#11889 = SURFACE_CURVE('',#11890,(#11894,#11901),.PCURVE_S1.);
#11890 = LINE('',#11891,#11892);
#11891 = CARTESIAN_POINT('',(-770.,771.34824789357,-15.9001778213));
#11892 = VECTOR('',#11893,1.);
#11893 = DIRECTION('',(1.,0.,0.));
#11894 = PCURVE('',#11678,#11895);
#11895 = DEFINITIONAL_REPRESENTATION('',(#11896),#11900);
#11896 = LINE('',#11897,#11898);
#11897 = CARTESIAN_POINT('',(21.,0.));
#11898 = VECTOR('',#11899,1.);
#11899 = DIRECTION('',(0.,1.));
#11900 = ( GEOMETRIC_REPRESENTATION_CONTEXT(2) 
PARAMETRIC_REPRESENTATION_CONTEXT() REPRESENTATION_CONTEXT('2D SPACE',''
  ) );
#11901 = PCURVE('',#11704,#11902);
#11902 = DEFINITIONAL_REPRESENTATION('',(#11903),#11907);
#11903 = LINE('',#11904,#11905);
#11904 = CARTESIAN_POINT('',(0.,504.));
#11905 = VECTOR('',#11906,1.);
#11906 = DIRECTION('',(1.,0.));
#11907 = ( GEOMETRIC_REPRESENTATION_CONTEXT(2) 
PARAMETRIC_REPRESENTATION_CONTEXT() REPRESENTATION_CONTEXT('2D SPACE',''
  ) );
#11908 = ORIENTED_EDGE('',*,*,#11772,.F.);
#11909 = ADVANCED_FACE('',(#11910),#11650,.F.);
#11910 = FACE_BOUND('',#11911,.F.);
#11911 = EDGE_LOOP('',(#11912,#11913,#11914,#11915));
#11912 = ORIENTED_EDGE('',*,*,#11634,.F.);
#11913 = ORIENTED_EDGE('',*,*,#11819,.T.);
#11914 = ORIENTED_EDGE('',*,*,#11749,.T.);
#11915 = ORIENTED_EDGE('',*,*,#11866,.F.);
#11916 = ADVANCED_FACE('',(#11917),#11704,.T.);
#11917 = FACE_BOUND('',#11918,.T.);
#11918 = EDGE_LOOP('',(#11919,#11920,#11921,#11922));
#11919 = ORIENTED_EDGE('',*,*,#11690,.F.);
#11920 = ORIENTED_EDGE('',*,*,#11841,.T.);
#11921 = ORIENTED_EDGE('',*,*,#11795,.T.);
#11922 = ORIENTED_EDGE('',*,*,#11888,.F.);
#11923 = ( GEOMETRIC_REPRESENTATION_CONTEXT(3) 
GLOBAL_UNCERTAINTY_ASSIGNED_CONTEXT((#11927)) 
GLOBAL_UNIT_ASSIGNED_CONTEXT((#11924,#11925,#11926)) 
REPRESENTATION_CONTEXT('Context #1',
  '3D Context with UNIT and UNCERTAINTY') );
#11924 = ( LENGTH_UNIT() NAMED_UNIT(*) SI_UNIT($,.METRE.) );
#11925 = ( NAMED_UNIT(*) PLANE_ANGLE_UNIT() SI_UNIT($,.RADIAN.) );
#11926 = ( NAMED_UNIT(*) SI_UNIT($,.STERADIAN.) SOLID_ANGLE_UNIT() );
#11927 = UNCERTAINTY_MEASURE_WITH_UNIT(LENGTH_MEASURE(1.E-07),#11924,
  'distance_accuracy_value','confusion accuracy');
#11928 = PRODUCT_RELATED_PRODUCT_CATEGORY('part',$,(#11589));
#11929 = SHAPE_DEFINITION_REPRESENTATION(#11930,#11936);
#11930 = PRODUCT_DEFINITION_SHAPE('','',#11931);
#11931 = PRODUCT_DEFINITION('design','',#11932,#11935);
#11932 = PRODUCT_DEFINITION_FORMATION('','',#11933);
#11933 = PRODUCT('SA_Arm','SA_Arm','',(#11934));
#11934 = PRODUCT_CONTEXT('',#2,'mechanical');
#11935 = PRODUCT_DEFINITION_CONTEXT('part definition',#2,'design');
#11936 = ADVANCED_BREP_SHAPE_REPRESENTATION('',(#11,#11937),#12035);
#11937 = MANIFOLD_SOLID_BREP('',#11938);
#11938 = CLOSED_SHELL('',(#11939,#12027,#12031));
#11939 = ADVANCED_FACE('',(#11940),#11953,.T.);
#11940 = FACE_BOUND('',#11941,.T.);
#11941 = EDGE_LOOP('',(#11942,#11976,#11999,#12026));
#11942 = ORIENTED_EDGE('',*,*,#11943,.F.);
#11943 = EDGE_CURVE('',#11944,#11944,#11946,.T.);
#11944 = VERTEX_POINT('',#11945);
#11945 = CARTESIAN_POINT('',(-45.5,525.,-57.4));
#11946 = SURFACE_CURVE('',#11947,(#11952,#11964),.PCURVE_S1.);
#11947 = CIRCLE('',#11948,12.6);
#11948 = AXIS2_PLACEMENT_3D('',#11949,#11950,#11951);
#11949 = CARTESIAN_POINT('',(-45.5,525.,-70.));
#11950 = DIRECTION('',(1.,0.,-0.));
#11951 = DIRECTION('',(0.,0.,1.));
#11952 = PCURVE('',#11953,#11958);
#11953 = CYLINDRICAL_SURFACE('',#11954,12.6);
#11954 = AXIS2_PLACEMENT_3D('',#11955,#11956,#11957);
#11955 = CARTESIAN_POINT('',(-220.5,525.,-70.));
#11956 = DIRECTION('',(1.,0.,0.));
#11957 = DIRECTION('',(0.,0.,1.));
#11958 = DEFINITIONAL_REPRESENTATION('',(#11959),#11963);
#11959 = LINE('',#11960,#11961);
#11960 = CARTESIAN_POINT('',(0.,175.));
#11961 = VECTOR('',#11962,1.);
#11962 = DIRECTION('',(1.,0.));
#11963 = ( GEOMETRIC_REPRESENTATION_CONTEXT(2) 
PARAMETRIC_REPRESENTATION_CONTEXT() REPRESENTATION_CONTEXT('2D SPACE',''
  ) );
#11964 = PCURVE('',#11965,#11970);
#11965 = PLANE('',#11966);
#11966 = AXIS2_PLACEMENT_3D('',#11967,#11968,#11969);
#11967 = CARTESIAN_POINT('',(-45.5,525.,-70.));
#11968 = DIRECTION('',(1.,0.,0.));
#11969 = DIRECTION('',(0.,0.,1.));
#11970 = DEFINITIONAL_REPRESENTATION('',(#11971),#11975);
#11971 = CIRCLE('',#11972,12.6);
#11972 = AXIS2_PLACEMENT_2D('',#11973,#11974);
#11973 = CARTESIAN_POINT('',(0.,0.));
#11974 = DIRECTION('',(1.,0.));
#11975 = ( GEOMETRIC_REPRESENTATION_CONTEXT(2) 
PARAMETRIC_REPRESENTATION_CONTEXT() REPRESENTATION_CONTEXT('2D SPACE',''
  ) );
#11976 = ORIENTED_EDGE('',*,*,#11977,.F.);
#11977 = EDGE_CURVE('',#11978,#11944,#11980,.T.);
#11978 = VERTEX_POINT('',#11979);
#11979 = CARTESIAN_POINT('',(-220.5,525.,-57.4));
#11980 = SEAM_CURVE('',#11981,(#11985,#11992),.PCURVE_S1.);
#11981 = LINE('',#11982,#11983);
#11982 = CARTESIAN_POINT('',(-220.5,525.,-57.4));
#11983 = VECTOR('',#11984,1.);
#11984 = DIRECTION('',(1.,0.,0.));
#11985 = PCURVE('',#11953,#11986);
#11986 = DEFINITIONAL_REPRESENTATION('',(#11987),#11991);
#11987 = LINE('',#11988,#11989);
#11988 = CARTESIAN_POINT('',(6.28318530718,-0.));
#11989 = VECTOR('',#11990,1.);
#11990 = DIRECTION('',(0.,1.));
#11991 = ( GEOMETRIC_REPRESENTATION_CONTEXT(2) 
PARAMETRIC_REPRESENTATION_CONTEXT() REPRESENTATION_CONTEXT('2D SPACE',''
  ) );
#11992 = PCURVE('',#11953,#11993);
#11993 = DEFINITIONAL_REPRESENTATION('',(#11994),#11998);
#11994 = LINE('',#11995,#11996);
#11995 = CARTESIAN_POINT('',(0.,-0.));
#11996 = VECTOR('',#11997,1.);
#11997 = DIRECTION('',(0.,1.));
#11998 = ( GEOMETRIC_REPRESENTATION_CONTEXT(2) 
PARAMETRIC_REPRESENTATION_CONTEXT() REPRESENTATION_CONTEXT('2D SPACE',''
  ) );
#11999 = ORIENTED_EDGE('',*,*,#12000,.T.);
#12000 = EDGE_CURVE('',#11978,#11978,#12001,.T.);
#12001 = SURFACE_CURVE('',#12002,(#12007,#12014),.PCURVE_S1.);
#12002 = CIRCLE('',#12003,12.6);
#12003 = AXIS2_PLACEMENT_3D('',#12004,#12005,#12006);
#12004 = CARTESIAN_POINT('',(-220.5,525.,-70.));
#12005 = DIRECTION('',(1.,0.,-0.));
#12006 = DIRECTION('',(0.,0.,1.));
#12007 = PCURVE('',#11953,#12008);
#12008 = DEFINITIONAL_REPRESENTATION('',(#12009),#12013);
#12009 = LINE('',#12010,#12011);
#12010 = CARTESIAN_POINT('',(0.,0.));
#12011 = VECTOR('',#12012,1.);
#12012 = DIRECTION('',(1.,0.));
#12013 = ( GEOMETRIC_REPRESENTATION_CONTEXT(2) 
PARAMETRIC_REPRESENTATION_CONTEXT() REPRESENTATION_CONTEXT('2D SPACE',''
  ) );
#12014 = PCURVE('',#12015,#12020);
#12015 = PLANE('',#12016);
#12016 = AXIS2_PLACEMENT_3D('',#12017,#12018,#12019);
#12017 = CARTESIAN_POINT('',(-220.5,525.,-70.));
#12018 = DIRECTION('',(1.,0.,0.));
#12019 = DIRECTION('',(0.,0.,1.));
#12020 = DEFINITIONAL_REPRESENTATION('',(#12021),#12025);
#12021 = CIRCLE('',#12022,12.6);
#12022 = AXIS2_PLACEMENT_2D('',#12023,#12024);
#12023 = CARTESIAN_POINT('',(0.,0.));
#12024 = DIRECTION('',(1.,0.));
#12025 = ( GEOMETRIC_REPRESENTATION_CONTEXT(2) 
PARAMETRIC_REPRESENTATION_CONTEXT() REPRESENTATION_CONTEXT('2D SPACE',''
  ) );
#12026 = ORIENTED_EDGE('',*,*,#11977,.T.);
#12027 = ADVANCED_FACE('',(#12028),#11965,.T.);
#12028 = FACE_BOUND('',#12029,.T.);
#12029 = EDGE_LOOP('',(#12030));
#12030 = ORIENTED_EDGE('',*,*,#11943,.T.);
#12031 = ADVANCED_FACE('',(#12032),#12015,.F.);
#12032 = FACE_BOUND('',#12033,.T.);
#12033 = EDGE_LOOP('',(#12034));
#12034 = ORIENTED_EDGE('',*,*,#12000,.F.);
#12035 = ( GEOMETRIC_REPRESENTATION_CONTEXT(3) 
GLOBAL_UNCERTAINTY_ASSIGNED_CONTEXT((#12039)) 
GLOBAL_UNIT_ASSIGNED_CONTEXT((#12036,#12037,#12038)) 
REPRESENTATION_CONTEXT('Context #1',
  '3D Context with UNIT and UNCERTAINTY') );
#12036 = ( LENGTH_UNIT() NAMED_UNIT(*) SI_UNIT($,.METRE.) );
#12037 = ( NAMED_UNIT(*) PLANE_ANGLE_UNIT() SI_UNIT($,.RADIAN.) );
#12038 = ( NAMED_UNIT(*) SI_UNIT($,.STERADIAN.) SOLID_ANGLE_UNIT() );
#12039 = UNCERTAINTY_MEASURE_WITH_UNIT(LENGTH_MEASURE(1.E-07),#12036,
  'distance_accuracy_value','confusion accuracy');
#12040 = PRODUCT_RELATED_PRODUCT_CATEGORY('part',$,(#11933));
#12041 = SHAPE_DEFINITION_REPRESENTATION(#12042,#12048);
#12042 = PRODUCT_DEFINITION_SHAPE('','',#12043);
#12043 = PRODUCT_DEFINITION('design','',#12044,#12047);
#12044 = PRODUCT_DEFINITION_FORMATION('','',#12045);
#12045 = PRODUCT('Thrusters_PlasmaH2','Thrusters_PlasmaH2','',(#12046));
#12046 = PRODUCT_CONTEXT('',#2,'mechanical');
#12047 = PRODUCT_DEFINITION_CONTEXT('part definition',#2,'design');
#12048 = SHAPE_REPRESENTATION('',(#11,#12049,#12237),#12425);
#12049 = MANIFOLD_SOLID_BREP('',#12050);
#12050 = CLOSED_SHELL('',(#12051,#12139,#12143,#12178,#12233));
#12051 = ADVANCED_FACE('',(#12052),#12065,.T.);
#12052 = FACE_BOUND('',#12053,.T.);
#12053 = EDGE_LOOP('',(#12054,#12088,#12111,#12138));
#12054 = ORIENTED_EDGE('',*,*,#12055,.F.);
#12055 = EDGE_CURVE('',#12056,#12056,#12058,.T.);
#12056 = VERTEX_POINT('',#12057);
#12057 = CARTESIAN_POINT('',(-520.6037796755,350.,83.884880919384));
#12058 = SURFACE_CURVE('',#12059,(#12064,#12076),.PCURVE_S1.);
#12059 = CIRCLE('',#12060,84.);
#12060 = AXIS2_PLACEMENT_3D('',#12061,#12062,#12063);
#12061 = CARTESIAN_POINT('',(-525.,350.,0.));
#12062 = DIRECTION('',(0.998629534755,0.,-5.233595624294E-02));
#12063 = DIRECTION('',(5.233595624294E-02,0.,0.998629534755));
#12064 = PCURVE('',#12065,#12070);
#12065 = CYLINDRICAL_SURFACE('',#12066,84.);
#12066 = AXIS2_PLACEMENT_3D('',#12067,#12068,#12069);
#12067 = CARTESIAN_POINT('',(-762.6738292715,350.,12.455957585821));
#12068 = DIRECTION('',(0.998629534755,0.,-5.233595624294E-02));
#12069 = DIRECTION('',(5.233595624294E-02,0.,0.998629534755));
#12070 = DEFINITIONAL_REPRESENTATION('',(#12071),#12075);
#12071 = LINE('',#12072,#12073);
#12072 = CARTESIAN_POINT('',(0.,238.));
#12073 = VECTOR('',#12074,1.);
#12074 = DIRECTION('',(1.,0.));
#12075 = ( GEOMETRIC_REPRESENTATION_CONTEXT(2) 
PARAMETRIC_REPRESENTATION_CONTEXT() REPRESENTATION_CONTEXT('2D SPACE',''
  ) );
#12076 = PCURVE('',#12077,#12082);
#12077 = PLANE('',#12078);
#12078 = AXIS2_PLACEMENT_3D('',#12079,#12080,#12081);
#12079 = CARTESIAN_POINT('',(-525.,350.,0.));
#12080 = DIRECTION('',(0.998629534755,0.,-5.233595624294E-02));
#12081 = DIRECTION('',(5.233595624294E-02,0.,0.998629534755));
#12082 = DEFINITIONAL_REPRESENTATION('',(#12083),#12087);
#12083 = CIRCLE('',#12084,84.);
#12084 = AXIS2_PLACEMENT_2D('',#12085,#12086);
#12085 = CARTESIAN_POINT('',(0.,0.));
#12086 = DIRECTION('',(1.,0.));
#12087 = ( GEOMETRIC_REPRESENTATION_CONTEXT(2) 
PARAMETRIC_REPRESENTATION_CONTEXT() REPRESENTATION_CONTEXT('2D SPACE',''
  ) );
#12088 = ORIENTED_EDGE('',*,*,#12089,.F.);
#12089 = EDGE_CURVE('',#12090,#12056,#12092,.T.);
#12090 = VERTEX_POINT('',#12091);
#12091 = CARTESIAN_POINT('',(-758.2776089471,350.,96.340838505205));
#12092 = SEAM_CURVE('',#12093,(#12097,#12104),.PCURVE_S1.);
#12093 = LINE('',#12094,#12095);
#12094 = CARTESIAN_POINT('',(-758.2776089471,350.,96.340838505205));
#12095 = VECTOR('',#12096,1.);
#12096 = DIRECTION('',(0.998629534755,0.,-5.233595624294E-02));
#12097 = PCURVE('',#12065,#12098);
#12098 = DEFINITIONAL_REPRESENTATION('',(#12099),#12103);
#12099 = LINE('',#12100,#12101);
#12100 = CARTESIAN_POINT('',(6.28318530718,-0.));
#12101 = VECTOR('',#12102,1.);
#12102 = DIRECTION('',(0.,1.));
#12103 = ( GEOMETRIC_REPRESENTATION_CONTEXT(2) 
PARAMETRIC_REPRESENTATION_CONTEXT() REPRESENTATION_CONTEXT('2D SPACE',''
  ) );
#12104 = PCURVE('',#12065,#12105);
#12105 = DEFINITIONAL_REPRESENTATION('',(#12106),#12110);
#12106 = LINE('',#12107,#12108);
#12107 = CARTESIAN_POINT('',(0.,-0.));
#12108 = VECTOR('',#12109,1.);
#12109 = DIRECTION('',(0.,1.));
#12110 = ( GEOMETRIC_REPRESENTATION_CONTEXT(2) 
PARAMETRIC_REPRESENTATION_CONTEXT() REPRESENTATION_CONTEXT('2D SPACE',''
  ) );
#12111 = ORIENTED_EDGE('',*,*,#12112,.T.);
#12112 = EDGE_CURVE('',#12090,#12090,#12113,.T.);
#12113 = SURFACE_CURVE('',#12114,(#12119,#12126),.PCURVE_S1.);
#12114 = CIRCLE('',#12115,84.);
#12115 = AXIS2_PLACEMENT_3D('',#12116,#12117,#12118);
#12116 = CARTESIAN_POINT('',(-762.6738292715,350.,12.455957585821));
#12117 = DIRECTION('',(0.998629534755,0.,-5.233595624294E-02));
#12118 = DIRECTION('',(5.233595624294E-02,0.,0.998629534755));
#12119 = PCURVE('',#12065,#12120);
#12120 = DEFINITIONAL_REPRESENTATION('',(#12121),#12125);
#12121 = LINE('',#12122,#12123);
#12122 = CARTESIAN_POINT('',(0.,0.));
#12123 = VECTOR('',#12124,1.);
#12124 = DIRECTION('',(1.,0.));
#12125 = ( GEOMETRIC_REPRESENTATION_CONTEXT(2) 
PARAMETRIC_REPRESENTATION_CONTEXT() REPRESENTATION_CONTEXT('2D SPACE',''
  ) );
#12126 = PCURVE('',#12127,#12132);
#12127 = PLANE('',#12128);
#12128 = AXIS2_PLACEMENT_3D('',#12129,#12130,#12131);
#12129 = CARTESIAN_POINT('',(-762.6738292715,350.,12.455957585821));
#12130 = DIRECTION('',(0.998629534755,0.,-5.233595624294E-02));
#12131 = DIRECTION('',(5.233595624294E-02,0.,0.998629534755));
#12132 = DEFINITIONAL_REPRESENTATION('',(#12133),#12137);
#12133 = CIRCLE('',#12134,84.);
#12134 = AXIS2_PLACEMENT_2D('',#12135,#12136);
#12135 = CARTESIAN_POINT('',(0.,0.));
#12136 = DIRECTION('',(1.,0.));
#12137 = ( GEOMETRIC_REPRESENTATION_CONTEXT(2) 
PARAMETRIC_REPRESENTATION_CONTEXT() REPRESENTATION_CONTEXT('2D SPACE',''
  ) );
#12138 = ORIENTED_EDGE('',*,*,#12089,.T.);
#12139 = ADVANCED_FACE('',(#12140),#12077,.T.);
#12140 = FACE_BOUND('',#12141,.T.);
#12141 = EDGE_LOOP('',(#12142));
#12142 = ORIENTED_EDGE('',*,*,#12055,.T.);
#12143 = ADVANCED_FACE('',(#12144,#12175),#12127,.T.);
#12144 = FACE_BOUND('',#12145,.T.);
#12145 = EDGE_LOOP('',(#12146));
#12146 = ORIENTED_EDGE('',*,*,#12147,.T.);
#12147 = EDGE_CURVE('',#12148,#12148,#12150,.T.);
#12148 = VERTEX_POINT('',#12149);
#12149 = CARTESIAN_POINT('',(-756.0794987849,350.,138.28327896489));
#12150 = SURFACE_CURVE('',#12151,(#12156,#12163),.PCURVE_S1.);
#12151 = CIRCLE('',#12152,126.);
#12152 = AXIS2_PLACEMENT_3D('',#12153,#12154,#12155);
#12153 = CARTESIAN_POINT('',(-762.6738292715,350.,12.455957585821));
#12154 = DIRECTION('',(0.998629534755,0.,-5.233595624294E-02));
#12155 = DIRECTION('',(5.233595624294E-02,0.,0.998629534755));
#12156 = PCURVE('',#12127,#12157);
#12157 = DEFINITIONAL_REPRESENTATION('',(#12158),#12162);
#12158 = CIRCLE('',#12159,126.);
#12159 = AXIS2_PLACEMENT_2D('',#12160,#12161);
#12160 = CARTESIAN_POINT('',(0.,0.));
#12161 = DIRECTION('',(1.,0.));
#12162 = ( GEOMETRIC_REPRESENTATION_CONTEXT(2) 
PARAMETRIC_REPRESENTATION_CONTEXT() REPRESENTATION_CONTEXT('2D SPACE',''
  ) );
#12163 = PCURVE('',#12164,#12169);
#12164 = CONICAL_SURFACE('',#12165,63.,0.321750554397);
#12165 = AXIS2_PLACEMENT_3D('',#12166,#12167,#12168);
#12166 = CARTESIAN_POINT('',(-951.4148113402,350.,22.347453315737));
#12167 = DIRECTION('',(0.998629534755,0.,-5.233595624294E-02));
#12168 = DIRECTION('',(5.233595624294E-02,0.,0.998629534755));
#12169 = DEFINITIONAL_REPRESENTATION('',(#12170),#12174);
#12170 = LINE('',#12171,#12172);
#12171 = CARTESIAN_POINT('',(0.,189.));
#12172 = VECTOR('',#12173,1.);
#12173 = DIRECTION('',(1.,0.));
#12174 = ( GEOMETRIC_REPRESENTATION_CONTEXT(2) 
PARAMETRIC_REPRESENTATION_CONTEXT() REPRESENTATION_CONTEXT('2D SPACE',''
  ) );
#12175 = FACE_BOUND('',#12176,.T.);
#12176 = EDGE_LOOP('',(#12177));
#12177 = ORIENTED_EDGE('',*,*,#12112,.F.);
#12178 = ADVANCED_FACE('',(#12179),#12164,.T.);
#12179 = FACE_BOUND('',#12180,.T.);
#12180 = EDGE_LOOP('',(#12181,#12182,#12205,#12232));
#12181 = ORIENTED_EDGE('',*,*,#12147,.F.);
#12182 = ORIENTED_EDGE('',*,*,#12183,.F.);
#12183 = EDGE_CURVE('',#12184,#12148,#12186,.T.);
#12184 = VERTEX_POINT('',#12185);
#12185 = CARTESIAN_POINT('',(-948.1176460968,350.,85.261114005275));
#12186 = SEAM_CURVE('',#12187,(#12191,#12198),.PCURVE_S1.);
#12187 = LINE('',#12188,#12189);
#12188 = CARTESIAN_POINT('',(-948.1176460968,350.,85.261114005275));
#12189 = VECTOR('',#12190,1.);
#12190 = DIRECTION('',(0.963933243087,7.745346429081E-17,0.266144139279)
  );
#12191 = PCURVE('',#12164,#12192);
#12192 = DEFINITIONAL_REPRESENTATION('',(#12193),#12197);
#12193 = LINE('',#12194,#12195);
#12194 = CARTESIAN_POINT('',(6.28318530718,-0.));
#12195 = VECTOR('',#12196,1.);
#12196 = DIRECTION('',(0.,1.));
#12197 = ( GEOMETRIC_REPRESENTATION_CONTEXT(2) 
PARAMETRIC_REPRESENTATION_CONTEXT() REPRESENTATION_CONTEXT('2D SPACE',''
  ) );
#12198 = PCURVE('',#12164,#12199);
#12199 = DEFINITIONAL_REPRESENTATION('',(#12200),#12204);
#12200 = LINE('',#12201,#12202);
#12201 = CARTESIAN_POINT('',(0.,-0.));
#12202 = VECTOR('',#12203,1.);
#12203 = DIRECTION('',(0.,1.));
#12204 = ( GEOMETRIC_REPRESENTATION_CONTEXT(2) 
PARAMETRIC_REPRESENTATION_CONTEXT() REPRESENTATION_CONTEXT('2D SPACE',''
  ) );
#12205 = ORIENTED_EDGE('',*,*,#12206,.T.);
#12206 = EDGE_CURVE('',#12184,#12184,#12207,.T.);
#12207 = SURFACE_CURVE('',#12208,(#12213,#12220),.PCURVE_S1.);
#12208 = CIRCLE('',#12209,63.);
#12209 = AXIS2_PLACEMENT_3D('',#12210,#12211,#12212);
#12210 = CARTESIAN_POINT('',(-951.4148113402,350.,22.347453315737));
#12211 = DIRECTION('',(0.998629534755,0.,-5.233595624294E-02));
#12212 = DIRECTION('',(5.233595624294E-02,0.,0.998629534755));
#12213 = PCURVE('',#12164,#12214);
#12214 = DEFINITIONAL_REPRESENTATION('',(#12215),#12219);
#12215 = LINE('',#12216,#12217);
#12216 = CARTESIAN_POINT('',(0.,0.));
#12217 = VECTOR('',#12218,1.);
#12218 = DIRECTION('',(1.,0.));
#12219 = ( GEOMETRIC_REPRESENTATION_CONTEXT(2) 
PARAMETRIC_REPRESENTATION_CONTEXT() REPRESENTATION_CONTEXT('2D SPACE',''
  ) );
#12220 = PCURVE('',#12221,#12226);
#12221 = PLANE('',#12222);
#12222 = AXIS2_PLACEMENT_3D('',#12223,#12224,#12225);
#12223 = CARTESIAN_POINT('',(-951.4148113402,350.,22.347453315737));
#12224 = DIRECTION('',(0.998629534755,0.,-5.233595624294E-02));
#12225 = DIRECTION('',(5.233595624294E-02,0.,0.998629534755));
#12226 = DEFINITIONAL_REPRESENTATION('',(#12227),#12231);
#12227 = CIRCLE('',#12228,63.);
#12228 = AXIS2_PLACEMENT_2D('',#12229,#12230);
#12229 = CARTESIAN_POINT('',(0.,0.));
#12230 = DIRECTION('',(1.,0.));
#12231 = ( GEOMETRIC_REPRESENTATION_CONTEXT(2) 
PARAMETRIC_REPRESENTATION_CONTEXT() REPRESENTATION_CONTEXT('2D SPACE',''
  ) );
#12232 = ORIENTED_EDGE('',*,*,#12183,.T.);
#12233 = ADVANCED_FACE('',(#12234),#12221,.F.);
#12234 = FACE_BOUND('',#12235,.T.);
#12235 = EDGE_LOOP('',(#12236));
#12236 = ORIENTED_EDGE('',*,*,#12206,.F.);
#12237 = MANIFOLD_SOLID_BREP('',#12238);
#12238 = CLOSED_SHELL('',(#12239,#12327,#12331,#12366,#12421));
#12239 = ADVANCED_FACE('',(#12240),#12253,.T.);
#12240 = FACE_BOUND('',#12241,.T.);
#12241 = EDGE_LOOP('',(#12242,#12276,#12299,#12326));
#12242 = ORIENTED_EDGE('',*,*,#12243,.F.);
#12243 = EDGE_CURVE('',#12244,#12244,#12246,.T.);
#12244 = VERTEX_POINT('',#12245);
#12245 = CARTESIAN_POINT('',(-520.6037796755,-350.,83.884880919384));
#12246 = SURFACE_CURVE('',#12247,(#12252,#12264),.PCURVE_S1.);
#12247 = CIRCLE('',#12248,84.);
#12248 = AXIS2_PLACEMENT_3D('',#12249,#12250,#12251);
#12249 = CARTESIAN_POINT('',(-525.,-350.,4.263256414561E-14));
#12250 = DIRECTION('',(0.998629534755,0.,-5.233595624294E-02));
#12251 = DIRECTION('',(5.233595624294E-02,0.,0.998629534755));
#12252 = PCURVE('',#12253,#12258);
#12253 = CYLINDRICAL_SURFACE('',#12254,84.);
#12254 = AXIS2_PLACEMENT_3D('',#12255,#12256,#12257);
#12255 = CARTESIAN_POINT('',(-762.6738292715,-350.,12.455957585821));
#12256 = DIRECTION('',(0.998629534755,0.,-5.233595624294E-02));
#12257 = DIRECTION('',(5.233595624294E-02,0.,0.998629534755));
#12258 = DEFINITIONAL_REPRESENTATION('',(#12259),#12263);
#12259 = LINE('',#12260,#12261);
#12260 = CARTESIAN_POINT('',(0.,238.));
#12261 = VECTOR('',#12262,1.);
#12262 = DIRECTION('',(1.,0.));
#12263 = ( GEOMETRIC_REPRESENTATION_CONTEXT(2) 
PARAMETRIC_REPRESENTATION_CONTEXT() REPRESENTATION_CONTEXT('2D SPACE',''
  ) );
#12264 = PCURVE('',#12265,#12270);
#12265 = PLANE('',#12266);
#12266 = AXIS2_PLACEMENT_3D('',#12267,#12268,#12269);
#12267 = CARTESIAN_POINT('',(-525.,-350.,4.263256414561E-14));
#12268 = DIRECTION('',(0.998629534755,0.,-5.233595624294E-02));
#12269 = DIRECTION('',(5.233595624294E-02,0.,0.998629534755));
#12270 = DEFINITIONAL_REPRESENTATION('',(#12271),#12275);
#12271 = CIRCLE('',#12272,84.);
#12272 = AXIS2_PLACEMENT_2D('',#12273,#12274);
#12273 = CARTESIAN_POINT('',(0.,0.));
#12274 = DIRECTION('',(1.,0.));
#12275 = ( GEOMETRIC_REPRESENTATION_CONTEXT(2) 
PARAMETRIC_REPRESENTATION_CONTEXT() REPRESENTATION_CONTEXT('2D SPACE',''
  ) );
#12276 = ORIENTED_EDGE('',*,*,#12277,.F.);
#12277 = EDGE_CURVE('',#12278,#12244,#12280,.T.);
#12278 = VERTEX_POINT('',#12279);
#12279 = CARTESIAN_POINT('',(-758.2776089471,-350.,96.340838505205));
#12280 = SEAM_CURVE('',#12281,(#12285,#12292),.PCURVE_S1.);
#12281 = LINE('',#12282,#12283);
#12282 = CARTESIAN_POINT('',(-758.2776089471,-350.,96.340838505205));
#12283 = VECTOR('',#12284,1.);
#12284 = DIRECTION('',(0.998629534755,0.,-5.233595624294E-02));
#12285 = PCURVE('',#12253,#12286);
#12286 = DEFINITIONAL_REPRESENTATION('',(#12287),#12291);
#12287 = LINE('',#12288,#12289);
#12288 = CARTESIAN_POINT('',(6.28318530718,-0.));
#12289 = VECTOR('',#12290,1.);
#12290 = DIRECTION('',(0.,1.));
#12291 = ( GEOMETRIC_REPRESENTATION_CONTEXT(2) 
PARAMETRIC_REPRESENTATION_CONTEXT() REPRESENTATION_CONTEXT('2D SPACE',''
  ) );
#12292 = PCURVE('',#12253,#12293);
#12293 = DEFINITIONAL_REPRESENTATION('',(#12294),#12298);
#12294 = LINE('',#12295,#12296);
#12295 = CARTESIAN_POINT('',(0.,-0.));
#12296 = VECTOR('',#12297,1.);
#12297 = DIRECTION('',(0.,1.));
#12298 = ( GEOMETRIC_REPRESENTATION_CONTEXT(2) 
PARAMETRIC_REPRESENTATION_CONTEXT() REPRESENTATION_CONTEXT('2D SPACE',''
  ) );
#12299 = ORIENTED_EDGE('',*,*,#12300,.T.);
#12300 = EDGE_CURVE('',#12278,#12278,#12301,.T.);
#12301 = SURFACE_CURVE('',#12302,(#12307,#12314),.PCURVE_S1.);
#12302 = CIRCLE('',#12303,84.);
#12303 = AXIS2_PLACEMENT_3D('',#12304,#12305,#12306);
#12304 = CARTESIAN_POINT('',(-762.6738292715,-350.,12.455957585821));
#12305 = DIRECTION('',(0.998629534755,0.,-5.233595624294E-02));
#12306 = DIRECTION('',(5.233595624294E-02,0.,0.998629534755));
#12307 = PCURVE('',#12253,#12308);
#12308 = DEFINITIONAL_REPRESENTATION('',(#12309),#12313);
#12309 = LINE('',#12310,#12311);
#12310 = CARTESIAN_POINT('',(0.,0.));
#12311 = VECTOR('',#12312,1.);
#12312 = DIRECTION('',(1.,0.));
#12313 = ( GEOMETRIC_REPRESENTATION_CONTEXT(2) 
PARAMETRIC_REPRESENTATION_CONTEXT() REPRESENTATION_CONTEXT('2D SPACE',''
  ) );
#12314 = PCURVE('',#12315,#12320);
#12315 = PLANE('',#12316);
#12316 = AXIS2_PLACEMENT_3D('',#12317,#12318,#12319);
#12317 = CARTESIAN_POINT('',(-762.6738292715,-350.,12.455957585821));
#12318 = DIRECTION('',(0.998629534755,0.,-5.233595624294E-02));
#12319 = DIRECTION('',(5.233595624294E-02,0.,0.998629534755));
#12320 = DEFINITIONAL_REPRESENTATION('',(#12321),#12325);
#12321 = CIRCLE('',#12322,84.);
#12322 = AXIS2_PLACEMENT_2D('',#12323,#12324);
#12323 = CARTESIAN_POINT('',(0.,0.));
#12324 = DIRECTION('',(1.,0.));
#12325 = ( GEOMETRIC_REPRESENTATION_CONTEXT(2) 
PARAMETRIC_REPRESENTATION_CONTEXT() REPRESENTATION_CONTEXT('2D SPACE',''
  ) );
#12326 = ORIENTED_EDGE('',*,*,#12277,.T.);
#12327 = ADVANCED_FACE('',(#12328),#12265,.T.);
#12328 = FACE_BOUND('',#12329,.T.);
#12329 = EDGE_LOOP('',(#12330));
#12330 = ORIENTED_EDGE('',*,*,#12243,.T.);
#12331 = ADVANCED_FACE('',(#12332,#12363),#12315,.T.);
#12332 = FACE_BOUND('',#12333,.T.);
#12333 = EDGE_LOOP('',(#12334));
#12334 = ORIENTED_EDGE('',*,*,#12335,.T.);
#12335 = EDGE_CURVE('',#12336,#12336,#12338,.T.);
#12336 = VERTEX_POINT('',#12337);
#12337 = CARTESIAN_POINT('',(-756.0794987849,-350.,138.28327896489));
#12338 = SURFACE_CURVE('',#12339,(#12344,#12351),.PCURVE_S1.);
#12339 = CIRCLE('',#12340,126.);
#12340 = AXIS2_PLACEMENT_3D('',#12341,#12342,#12343);
#12341 = CARTESIAN_POINT('',(-762.6738292715,-350.,12.455957585821));
#12342 = DIRECTION('',(0.998629534755,0.,-5.233595624294E-02));
#12343 = DIRECTION('',(5.233595624294E-02,0.,0.998629534755));
#12344 = PCURVE('',#12315,#12345);
#12345 = DEFINITIONAL_REPRESENTATION('',(#12346),#12350);
#12346 = CIRCLE('',#12347,126.);
#12347 = AXIS2_PLACEMENT_2D('',#12348,#12349);
#12348 = CARTESIAN_POINT('',(0.,0.));
#12349 = DIRECTION('',(1.,0.));
#12350 = ( GEOMETRIC_REPRESENTATION_CONTEXT(2) 
PARAMETRIC_REPRESENTATION_CONTEXT() REPRESENTATION_CONTEXT('2D SPACE',''
  ) );
#12351 = PCURVE('',#12352,#12357);
#12352 = CONICAL_SURFACE('',#12353,63.,0.321750554397);
#12353 = AXIS2_PLACEMENT_3D('',#12354,#12355,#12356);
#12354 = CARTESIAN_POINT('',(-951.4148113402,-350.,22.347453315737));
#12355 = DIRECTION('',(0.998629534755,0.,-5.233595624294E-02));
#12356 = DIRECTION('',(5.233595624294E-02,0.,0.998629534755));
#12357 = DEFINITIONAL_REPRESENTATION('',(#12358),#12362);
#12358 = LINE('',#12359,#12360);
#12359 = CARTESIAN_POINT('',(0.,189.));
#12360 = VECTOR('',#12361,1.);
#12361 = DIRECTION('',(1.,0.));
#12362 = ( GEOMETRIC_REPRESENTATION_CONTEXT(2) 
PARAMETRIC_REPRESENTATION_CONTEXT() REPRESENTATION_CONTEXT('2D SPACE',''
  ) );
#12363 = FACE_BOUND('',#12364,.T.);
#12364 = EDGE_LOOP('',(#12365));
#12365 = ORIENTED_EDGE('',*,*,#12300,.F.);
#12366 = ADVANCED_FACE('',(#12367),#12352,.T.);
#12367 = FACE_BOUND('',#12368,.T.);
#12368 = EDGE_LOOP('',(#12369,#12370,#12393,#12420));
#12369 = ORIENTED_EDGE('',*,*,#12335,.F.);
#12370 = ORIENTED_EDGE('',*,*,#12371,.F.);
#12371 = EDGE_CURVE('',#12372,#12336,#12374,.T.);
#12372 = VERTEX_POINT('',#12373);
#12373 = CARTESIAN_POINT('',(-948.1176460968,-350.,85.261114005275));
#12374 = SEAM_CURVE('',#12375,(#12379,#12386),.PCURVE_S1.);
#12375 = LINE('',#12376,#12377);
#12376 = CARTESIAN_POINT('',(-948.1176460968,-350.,85.261114005275));
#12377 = VECTOR('',#12378,1.);
#12378 = DIRECTION('',(0.963933243087,7.745346429081E-17,0.266144139279)
  );
#12379 = PCURVE('',#12352,#12380);
#12380 = DEFINITIONAL_REPRESENTATION('',(#12381),#12385);
#12381 = LINE('',#12382,#12383);
#12382 = CARTESIAN_POINT('',(6.28318530718,-0.));
#12383 = VECTOR('',#12384,1.);
#12384 = DIRECTION('',(0.,1.));
#12385 = ( GEOMETRIC_REPRESENTATION_CONTEXT(2) 
PARAMETRIC_REPRESENTATION_CONTEXT() REPRESENTATION_CONTEXT('2D SPACE',''
  ) );
#12386 = PCURVE('',#12352,#12387);
#12387 = DEFINITIONAL_REPRESENTATION('',(#12388),#12392);
#12388 = LINE('',#12389,#12390);
#12389 = CARTESIAN_POINT('',(0.,-0.));
#12390 = VECTOR('',#12391,1.);
#12391 = DIRECTION('',(0.,1.));
#12392 = ( GEOMETRIC_REPRESENTATION_CONTEXT(2) 
PARAMETRIC_REPRESENTATION_CONTEXT() REPRESENTATION_CONTEXT('2D SPACE',''
  ) );
#12393 = ORIENTED_EDGE('',*,*,#12394,.T.);
#12394 = EDGE_CURVE('',#12372,#12372,#12395,.T.);
#12395 = SURFACE_CURVE('',#12396,(#12401,#12408),.PCURVE_S1.);
#12396 = CIRCLE('',#12397,63.);
#12397 = AXIS2_PLACEMENT_3D('',#12398,#12399,#12400);
#12398 = CARTESIAN_POINT('',(-951.4148113402,-350.,22.347453315737));
#12399 = DIRECTION('',(0.998629534755,0.,-5.233595624294E-02));
#12400 = DIRECTION('',(5.233595624294E-02,0.,0.998629534755));
#12401 = PCURVE('',#12352,#12402);
#12402 = DEFINITIONAL_REPRESENTATION('',(#12403),#12407);
#12403 = LINE('',#12404,#12405);
#12404 = CARTESIAN_POINT('',(0.,0.));
#12405 = VECTOR('',#12406,1.);
#12406 = DIRECTION('',(1.,0.));
#12407 = ( GEOMETRIC_REPRESENTATION_CONTEXT(2) 
PARAMETRIC_REPRESENTATION_CONTEXT() REPRESENTATION_CONTEXT('2D SPACE',''
  ) );
#12408 = PCURVE('',#12409,#12414);
#12409 = PLANE('',#12410);
#12410 = AXIS2_PLACEMENT_3D('',#12411,#12412,#12413);
#12411 = CARTESIAN_POINT('',(-951.4148113402,-350.,22.347453315737));
#12412 = DIRECTION('',(0.998629534755,0.,-5.233595624294E-02));
#12413 = DIRECTION('',(5.233595624294E-02,0.,0.998629534755));
#12414 = DEFINITIONAL_REPRESENTATION('',(#12415),#12419);
#12415 = CIRCLE('',#12416,63.);
#12416 = AXIS2_PLACEMENT_2D('',#12417,#12418);
#12417 = CARTESIAN_POINT('',(0.,0.));
#12418 = DIRECTION('',(1.,0.));
#12419 = ( GEOMETRIC_REPRESENTATION_CONTEXT(2) 
PARAMETRIC_REPRESENTATION_CONTEXT() REPRESENTATION_CONTEXT('2D SPACE',''
  ) );
#12420 = ORIENTED_EDGE('',*,*,#12371,.T.);
#12421 = ADVANCED_FACE('',(#12422),#12409,.F.);
#12422 = FACE_BOUND('',#12423,.T.);
#12423 = EDGE_LOOP('',(#12424));
#12424 = ORIENTED_EDGE('',*,*,#12394,.F.);
#12425 = ( GEOMETRIC_REPRESENTATION_CONTEXT(3) 
GLOBAL_UNCERTAINTY_ASSIGNED_CONTEXT((#12429)) 
GLOBAL_UNIT_ASSIGNED_CONTEXT((#12426,#12427,#12428)) 
REPRESENTATION_CONTEXT('Context #1',
  '3D Context with UNIT and UNCERTAINTY') );
#12426 = ( LENGTH_UNIT() NAMED_UNIT(*) SI_UNIT($,.METRE.) );
#12427 = ( NAMED_UNIT(*) PLANE_ANGLE_UNIT() SI_UNIT($,.RADIAN.) );
#12428 = ( NAMED_UNIT(*) SI_UNIT($,.STERADIAN.) SOLID_ANGLE_UNIT() );
#12429 = UNCERTAINTY_MEASURE_WITH_UNIT(LENGTH_MEASURE(1.E-07),#12426,
  'distance_accuracy_value','confusion accuracy');
#12430 = PRODUCT_RELATED_PRODUCT_CATEGORY('part',$,(#12045));
#12431 = SHAPE_DEFINITION_REPRESENTATION(#12432,#12438);
#12432 = PRODUCT_DEFINITION_SHAPE('','',#12433);
#12433 = PRODUCT_DEFINITION('design','',#12434,#12437);
#12434 = PRODUCT_DEFINITION_FORMATION('','',#12435);
#12435 = PRODUCT('TPS_Shield','TPS_Shield','',(#12436));
#12436 = PRODUCT_CONTEXT('',#2,'mechanical');
#12437 = PRODUCT_DEFINITION_CONTEXT('part definition',#2,'design');
#12438 = ADVANCED_BREP_SHAPE_REPRESENTATION('',(#11,#12439),#12537);
#12439 = MANIFOLD_SOLID_BREP('',#12440);
#12440 = CLOSED_SHELL('',(#12441,#12529,#12533));
#12441 = ADVANCED_FACE('',(#12442),#12455,.T.);
#12442 = FACE_BOUND('',#12443,.T.);
#12443 = EDGE_LOOP('',(#12444,#12478,#12501,#12528));
#12444 = ORIENTED_EDGE('',*,*,#12445,.F.);
#12445 = EDGE_CURVE('',#12446,#12446,#12448,.T.);
#12446 = VERTEX_POINT('',#12447);
#12447 = CARTESIAN_POINT('',(689.,-1.971681346627E-13,-805.));
#12448 = SURFACE_CURVE('',#12449,(#12454,#12466),.PCURVE_S1.);
#12449 = CIRCLE('',#12450,805.);
#12450 = AXIS2_PLACEMENT_3D('',#12451,#12452,#12453);
#12451 = CARTESIAN_POINT('',(689.,0.,6.217248937901E-15));
#12452 = DIRECTION('',(1.,-0.,2.22044604925E-16));
#12453 = DIRECTION('',(2.22044604925E-16,0.,-1.));
#12454 = PCURVE('',#12455,#12460);
#12455 = CYLINDRICAL_SURFACE('',#12456,805.);
#12456 = AXIS2_PLACEMENT_3D('',#12457,#12458,#12459);
#12457 = CARTESIAN_POINT('',(661.,0.,0.));
#12458 = DIRECTION('',(1.,0.,2.22044604925E-16));
#12459 = DIRECTION('',(2.22044604925E-16,0.,-1.));
#12460 = DEFINITIONAL_REPRESENTATION('',(#12461),#12465);
#12461 = LINE('',#12462,#12463);
#12462 = CARTESIAN_POINT('',(0.,28.));
#12463 = VECTOR('',#12464,1.);
#12464 = DIRECTION('',(1.,0.));
#12465 = ( GEOMETRIC_REPRESENTATION_CONTEXT(2) 
PARAMETRIC_REPRESENTATION_CONTEXT() REPRESENTATION_CONTEXT('2D SPACE',''
  ) );
#12466 = PCURVE('',#12467,#12472);
#12467 = PLANE('',#12468);
#12468 = AXIS2_PLACEMENT_3D('',#12469,#12470,#12471);
#12469 = CARTESIAN_POINT('',(689.,0.,6.217248937901E-15));
#12470 = DIRECTION('',(1.,0.,2.22044604925E-16));
#12471 = DIRECTION('',(2.22044604925E-16,0.,-1.));
#12472 = DEFINITIONAL_REPRESENTATION('',(#12473),#12477);
#12473 = CIRCLE('',#12474,805.);
#12474 = AXIS2_PLACEMENT_2D('',#12475,#12476);
#12475 = CARTESIAN_POINT('',(0.,0.));
#12476 = DIRECTION('',(1.,0.));
#12477 = ( GEOMETRIC_REPRESENTATION_CONTEXT(2) 
PARAMETRIC_REPRESENTATION_CONTEXT() REPRESENTATION_CONTEXT('2D SPACE',''
  ) );
#12478 = ORIENTED_EDGE('',*,*,#12479,.F.);
#12479 = EDGE_CURVE('',#12480,#12446,#12482,.T.);
#12480 = VERTEX_POINT('',#12481);
#12481 = CARTESIAN_POINT('',(661.,-1.971681346627E-13,-805.));
#12482 = SEAM_CURVE('',#12483,(#12487,#12494),.PCURVE_S1.);
#12483 = LINE('',#12484,#12485);
#12484 = CARTESIAN_POINT('',(661.,-1.971681346627E-13,-805.));
#12485 = VECTOR('',#12486,1.);
#12486 = DIRECTION('',(1.,0.,2.22044604925E-16));
#12487 = PCURVE('',#12455,#12488);
#12488 = DEFINITIONAL_REPRESENTATION('',(#12489),#12493);
#12489 = LINE('',#12490,#12491);
#12490 = CARTESIAN_POINT('',(6.28318530718,-0.));
#12491 = VECTOR('',#12492,1.);
#12492 = DIRECTION('',(0.,1.));
#12493 = ( GEOMETRIC_REPRESENTATION_CONTEXT(2) 
PARAMETRIC_REPRESENTATION_CONTEXT() REPRESENTATION_CONTEXT('2D SPACE',''
  ) );
#12494 = PCURVE('',#12455,#12495);
#12495 = DEFINITIONAL_REPRESENTATION('',(#12496),#12500);
#12496 = LINE('',#12497,#12498);
#12497 = CARTESIAN_POINT('',(0.,-0.));
#12498 = VECTOR('',#12499,1.);
#12499 = DIRECTION('',(0.,1.));
#12500 = ( GEOMETRIC_REPRESENTATION_CONTEXT(2) 
PARAMETRIC_REPRESENTATION_CONTEXT() REPRESENTATION_CONTEXT('2D SPACE',''
  ) );
#12501 = ORIENTED_EDGE('',*,*,#12502,.T.);
#12502 = EDGE_CURVE('',#12480,#12480,#12503,.T.);
#12503 = SURFACE_CURVE('',#12504,(#12509,#12516),.PCURVE_S1.);
#12504 = CIRCLE('',#12505,805.);
#12505 = AXIS2_PLACEMENT_3D('',#12506,#12507,#12508);
#12506 = CARTESIAN_POINT('',(661.,0.,0.));
#12507 = DIRECTION('',(1.,-0.,2.22044604925E-16));
#12508 = DIRECTION('',(2.22044604925E-16,0.,-1.));
#12509 = PCURVE('',#12455,#12510);
#12510 = DEFINITIONAL_REPRESENTATION('',(#12511),#12515);
#12511 = LINE('',#12512,#12513);
#12512 = CARTESIAN_POINT('',(0.,0.));
#12513 = VECTOR('',#12514,1.);
#12514 = DIRECTION('',(1.,0.));
#12515 = ( GEOMETRIC_REPRESENTATION_CONTEXT(2) 
PARAMETRIC_REPRESENTATION_CONTEXT() REPRESENTATION_CONTEXT('2D SPACE',''
  ) );
#12516 = PCURVE('',#12517,#12522);
#12517 = PLANE('',#12518);
#12518 = AXIS2_PLACEMENT_3D('',#12519,#12520,#12521);
#12519 = CARTESIAN_POINT('',(661.,0.,0.));
#12520 = DIRECTION('',(1.,0.,2.22044604925E-16));
#12521 = DIRECTION('',(2.22044604925E-16,0.,-1.));
#12522 = DEFINITIONAL_REPRESENTATION('',(#12523),#12527);
#12523 = CIRCLE('',#12524,805.);
#12524 = AXIS2_PLACEMENT_2D('',#12525,#12526);
#12525 = CARTESIAN_POINT('',(0.,0.));
#12526 = DIRECTION('',(1.,0.));
#12527 = ( GEOMETRIC_REPRESENTATION_CONTEXT(2) 
PARAMETRIC_REPRESENTATION_CONTEXT() REPRESENTATION_CONTEXT('2D SPACE',''
  ) );
#12528 = ORIENTED_EDGE('',*,*,#12479,.T.);
#12529 = ADVANCED_FACE('',(#12530),#12467,.T.);
#12530 = FACE_BOUND('',#12531,.T.);
#12531 = EDGE_LOOP('',(#12532));
#12532 = ORIENTED_EDGE('',*,*,#12445,.T.);
#12533 = ADVANCED_FACE('',(#12534),#12517,.F.);
#12534 = FACE_BOUND('',#12535,.T.);
#12535 = EDGE_LOOP('',(#12536));
#12536 = ORIENTED_EDGE('',*,*,#12502,.F.);
#12537 = ( GEOMETRIC_REPRESENTATION_CONTEXT(3) 
GLOBAL_UNCERTAINTY_ASSIGNED_CONTEXT((#12541)) 
GLOBAL_UNIT_ASSIGNED_CONTEXT((#12538,#12539,#12540)) 
REPRESENTATION_CONTEXT('Context #1',
  '3D Context with UNIT and UNCERTAINTY') );
#12538 = ( LENGTH_UNIT() NAMED_UNIT(*) SI_UNIT($,.METRE.) );
#12539 = ( NAMED_UNIT(*) PLANE_ANGLE_UNIT() SI_UNIT($,.RADIAN.) );
#12540 = ( NAMED_UNIT(*) SI_UNIT($,.STERADIAN.) SOLID_ANGLE_UNIT() );
#12541 = UNCERTAINTY_MEASURE_WITH_UNIT(LENGTH_MEASURE(1.E-07),#12538,
  'distance_accuracy_value','confusion accuracy');
#12542 = PRODUCT_RELATED_PRODUCT_CATEGORY('part',$,(#12435));
#12543 = MECHANICAL_DESIGN_GEOMETRIC_PRESENTATION_REPRESENTATION('',(
    #12544),#769);
#12544 = STYLED_ITEM('color',(#12545),#671);
#12545 = PRESENTATION_STYLE_ASSIGNMENT((#12546,#12552));
#12546 = SURFACE_STYLE_USAGE(.BOTH.,#12547);
#12547 = SURFACE_SIDE_STYLE('',(#12548));
#12548 = SURFACE_STYLE_FILL_AREA(#12549);
#12549 = FILL_AREA_STYLE('',(#12550));
#12550 = FILL_AREA_STYLE_COLOUR('',#12551);
#12551 = COLOUR_RGB('',0.250000000672,0.250000000672,0.250000000672);
#12552 = CURVE_STYLE('',#12553,POSITIVE_LENGTH_MEASURE(0.1),#12551);
#12553 = DRAUGHTING_PRE_DEFINED_CURVE_FONT('continuous');
#12554 = MECHANICAL_DESIGN_GEOMETRIC_PRESENTATION_REPRESENTATION('',(
    #12555,#12565),#979);
#12555 = STYLED_ITEM('color',(#12556),#783);
#12556 = PRESENTATION_STYLE_ASSIGNMENT((#12557,#12563));
#12557 = SURFACE_STYLE_USAGE(.BOTH.,#12558);
#12558 = SURFACE_SIDE_STYLE('',(#12559));
#12559 = SURFACE_STYLE_FILL_AREA(#12560);
#12560 = FILL_AREA_STYLE('',(#12561));
#12561 = FILL_AREA_STYLE_COLOUR('',#12562);
#12562 = COLOUR_RGB('',0.,0.699999984889,1.);
#12563 = CURVE_STYLE('',#12564,POSITIVE_LENGTH_MEASURE(0.1),#12562);
#12564 = DRAUGHTING_PRE_DEFINED_CURVE_FONT('continuous');
#12565 = STYLED_ITEM('color',(#12566),#881);
#12566 = PRESENTATION_STYLE_ASSIGNMENT((#12567,#12572));
#12567 = SURFACE_STYLE_USAGE(.BOTH.,#12568);
#12568 = SURFACE_SIDE_STYLE('',(#12569));
#12569 = SURFACE_STYLE_FILL_AREA(#12570);
#12570 = FILL_AREA_STYLE('',(#12571));
#12571 = FILL_AREA_STYLE_COLOUR('',#12562);
#12572 = CURVE_STYLE('',#12573,POSITIVE_LENGTH_MEASURE(0.1),#12562);
#12573 = DRAUGHTING_PRE_DEFINED_CURVE_FONT('continuous');
#12574 = MECHANICAL_DESIGN_GEOMETRIC_PRESENTATION_REPRESENTATION('',(
    #12575,#12585),#11090);
#12575 = STYLED_ITEM('color',(#12576),#7408);
#12576 = PRESENTATION_STYLE_ASSIGNMENT((#12577,#12583));
#12577 = SURFACE_STYLE_USAGE(.BOTH.,#12578);
#12578 = SURFACE_SIDE_STYLE('',(#12579));
#12579 = SURFACE_STYLE_FILL_AREA(#12580);
#12580 = FILL_AREA_STYLE('',(#12581));
#12581 = FILL_AREA_STYLE_COLOUR('',#12582);
#12582 = COLOUR_RGB('',0.750000000934,0.750000000934,0.750000000934);
#12583 = CURVE_STYLE('',#12584,POSITIVE_LENGTH_MEASURE(0.1),#12582);
#12584 = DRAUGHTING_PRE_DEFINED_CURVE_FONT('continuous');
#12585 = STYLED_ITEM('color',(#12586),#9249);
#12586 = PRESENTATION_STYLE_ASSIGNMENT((#12587,#12592));
#12587 = SURFACE_STYLE_USAGE(.BOTH.,#12588);
#12588 = SURFACE_SIDE_STYLE('',(#12589));
#12589 = SURFACE_STYLE_FILL_AREA(#12590);
#12590 = FILL_AREA_STYLE('',(#12591));
#12591 = FILL_AREA_STYLE_COLOUR('',#12582);
#12592 = CURVE_STYLE('',#12593,POSITIVE_LENGTH_MEASURE(0.1),#12582);
#12593 = DRAUGHTING_PRE_DEFINED_CURVE_FONT('continuous');
#12594 = MECHANICAL_DESIGN_GEOMETRIC_PRESENTATION_REPRESENTATION('',(
    #12595),#12035);
#12595 = STYLED_ITEM('color',(#12596),#11937);
#12596 = PRESENTATION_STYLE_ASSIGNMENT((#12597,#12603));
#12597 = SURFACE_STYLE_USAGE(.BOTH.,#12598);
#12598 = SURFACE_SIDE_STYLE('',(#12599));
#12599 = SURFACE_STYLE_FILL_AREA(#12600);
#12600 = FILL_AREA_STYLE('',(#12601));
#12601 = FILL_AREA_STYLE_COLOUR('',#12602);
#12602 = COLOUR_RGB('',0.600000020288,0.399999997426,0.199999998682);
#12603 = CURVE_STYLE('',#12604,POSITIVE_LENGTH_MEASURE(0.1),#12602);
#12604 = DRAUGHTING_PRE_DEFINED_CURVE_FONT('continuous');
#12605 = MECHANICAL_DESIGN_GEOMETRIC_PRESENTATION_REPRESENTATION('',(
    #12606),#12537);
#12606 = STYLED_ITEM('color',(#12607),#12439);
#12607 = PRESENTATION_STYLE_ASSIGNMENT((#12608,#12614));
#12608 = SURFACE_STYLE_USAGE(.BOTH.,#12609);
#12609 = SURFACE_SIDE_STYLE('',(#12610));
#12610 = SURFACE_STYLE_FILL_AREA(#12611);
#12611 = FILL_AREA_STYLE('',(#12612));
#12612 = FILL_AREA_STYLE_COLOUR('',#12613);
#12613 = COLOUR_RGB('',9.999999991362E-02,9.999999991362E-02,
  9.999999991362E-02);
#12614 = CURVE_STYLE('',#12615,POSITIVE_LENGTH_MEASURE(0.1),#12613);
#12615 = DRAUGHTING_PRE_DEFINED_CURVE_FONT('continuous');
#12616 = MECHANICAL_DESIGN_GEOMETRIC_PRESENTATION_REPRESENTATION('',(
    #12617),#7394);
#12617 = STYLED_ITEM('color',(#12618),#7296);
#12618 = PRESENTATION_STYLE_ASSIGNMENT((#12619,#12625));
#12619 = SURFACE_STYLE_USAGE(.BOTH.,#12620);
#12620 = SURFACE_SIDE_STYLE('',(#12621));
#12621 = SURFACE_STYLE_FILL_AREA(#12622);
#12622 = FILL_AREA_STYLE('',(#12623));
#12623 = FILL_AREA_STYLE_COLOUR('',#12624);
#12624 = COLOUR_RGB('',0.199999998682,0.199999998682,0.199999998682);
#12625 = CURVE_STYLE('',#12626,POSITIVE_LENGTH_MEASURE(0.1),#12624);
#12626 = DRAUGHTING_PRE_DEFINED_CURVE_FONT('continuous');
#12627 = MECHANICAL_DESIGN_GEOMETRIC_PRESENTATION_REPRESENTATION('',(
    #12628),#7282);
#12628 = STYLED_ITEM('color',(#12629),#7184);
#12629 = PRESENTATION_STYLE_ASSIGNMENT((#12630,#12636));
#12630 = SURFACE_STYLE_USAGE(.BOTH.,#12631);
#12631 = SURFACE_SIDE_STYLE('',(#12632));
#12632 = SURFACE_STYLE_FILL_AREA(#12633);
#12633 = FILL_AREA_STYLE('',(#12634));
#12634 = FILL_AREA_STYLE_COLOUR('',#12635);
#12635 = COLOUR_RGB('',0.600000020288,0.600000020288,0.600000020288);
#12636 = CURVE_STYLE('',#12637,POSITIVE_LENGTH_MEASURE(0.1),#12635);
#12637 = DRAUGHTING_PRE_DEFINED_CURVE_FONT('continuous');
#12638 = MECHANICAL_DESIGN_GEOMETRIC_PRESENTATION_REPRESENTATION('',(
    #12639),#11923);
#12639 = STYLED_ITEM('color',(#12640),#11593);
#12640 = PRESENTATION_STYLE_ASSIGNMENT((#12641,#12647));
#12641 = SURFACE_STYLE_USAGE(.BOTH.,#12642);
#12642 = SURFACE_SIDE_STYLE('',(#12643));
#12643 = SURFACE_STYLE_FILL_AREA(#12644);
#12644 = FILL_AREA_STYLE('',(#12645));
#12645 = FILL_AREA_STYLE_COLOUR('',#12646);
#12646 = COLOUR_RGB('',9.999999991362E-02,0.199999998682,0.500000003429
  );
#12647 = CURVE_STYLE('',#12648,POSITIVE_LENGTH_MEASURE(0.1),#12646);
#12648 = DRAUGHTING_PRE_DEFINED_CURVE_FONT('continuous');
#12649 = MECHANICAL_DESIGN_GEOMETRIC_PRESENTATION_REPRESENTATION('',(
    #12650,#12660),#12425);
#12650 = STYLED_ITEM('color',(#12651),#12049);
#12651 = PRESENTATION_STYLE_ASSIGNMENT((#12652,#12658));
#12652 = SURFACE_STYLE_USAGE(.BOTH.,#12653);
#12653 = SURFACE_SIDE_STYLE('',(#12654));
#12654 = SURFACE_STYLE_FILL_AREA(#12655);
#12655 = FILL_AREA_STYLE('',(#12656));
#12656 = FILL_AREA_STYLE_COLOUR('',#12657);
#12657 = COLOUR_RGB('',0.349999987865,0.349999987865,0.379999991191);
#12658 = CURVE_STYLE('',#12659,POSITIVE_LENGTH_MEASURE(0.1),#12657);
#12659 = DRAUGHTING_PRE_DEFINED_CURVE_FONT('continuous');
#12660 = STYLED_ITEM('color',(#12661),#12237);
#12661 = PRESENTATION_STYLE_ASSIGNMENT((#12662,#12667));
#12662 = SURFACE_STYLE_USAGE(.BOTH.,#12663);
#12663 = SURFACE_SIDE_STYLE('',(#12664));
#12664 = SURFACE_STYLE_FILL_AREA(#12665);
#12665 = FILL_AREA_STYLE('',(#12666));
#12666 = FILL_AREA_STYLE_COLOUR('',#12657);
#12667 = CURVE_STYLE('',#12668,POSITIVE_LENGTH_MEASURE(0.1),#12657);
#12668 = DRAUGHTING_PRE_DEFINED_CURVE_FONT('continuous');
#12669 = MECHANICAL_DESIGN_GEOMETRIC_PRESENTATION_REPRESENTATION('',(
    #12670),#657);
#12670 = STYLED_ITEM('color',(#12671),#15);
#12671 = PRESENTATION_STYLE_ASSIGNMENT((#12672,#12678));
#12672 = SURFACE_STYLE_USAGE(.BOTH.,#12673);
#12673 = SURFACE_SIDE_STYLE('',(#12674));
#12674 = SURFACE_STYLE_FILL_AREA(#12675);
#12675 = FILL_AREA_STYLE('',(#12676));
#12676 = FILL_AREA_STYLE_COLOUR('',#12677);
#12677 = COLOUR_RGB('',0.55000000909,0.649999965504,0.55000000909);
#12678 = CURVE_STYLE('',#12679,POSITIVE_LENGTH_MEASURE(0.1),#12677);
#12679 = DRAUGHTING_PRE_DEFINED_CURVE_FONT('continuous');
#12680 = MECHANICAL_DESIGN_GEOMETRIC_PRESENTATION_REPRESENTATION('',(
    #12681),#11434);
#12681 = STYLED_ITEM('color',(#12682),#11104);
#12682 = PRESENTATION_STYLE_ASSIGNMENT((#12683,#12689));
#12683 = SURFACE_STYLE_USAGE(.BOTH.,#12684);
#12684 = SURFACE_SIDE_STYLE('',(#12685));
#12685 = SURFACE_STYLE_FILL_AREA(#12686);
#12686 = FILL_AREA_STYLE('',(#12687));
#12687 = FILL_AREA_STYLE_COLOUR('',#12688);
#12688 = COLOUR_RGB('',0.800000010877,0.449999985486,0.199999998682);
#12689 = CURVE_STYLE('',#12690,POSITIVE_LENGTH_MEASURE(0.1),#12688);
#12690 = DRAUGHTING_PRE_DEFINED_CURVE_FONT('continuous');
#12691 = MECHANICAL_DESIGN_GEOMETRIC_PRESENTATION_REPRESENTATION('',(
    #12692),#11579);
#12692 = STYLED_ITEM('color',(#12693),#11450);
#12693 = PRESENTATION_STYLE_ASSIGNMENT((#12694));
#12694 = SURFACE_STYLE_USAGE(.BOTH.,#12695);
#12695 = SURFACE_SIDE_STYLE('',(#12696));
#12696 = SURFACE_STYLE_FILL_AREA(#12697);
#12697 = FILL_AREA_STYLE('',(#12698));
#12698 = FILL_AREA_STYLE_COLOUR('',#12699);
#12699 = COLOUR_RGB('',0.920000012397,0.920000012397,0.980000022501);
#12700 = MECHANICAL_DESIGN_GEOMETRIC_PRESENTATION_REPRESENTATION('',(
    #12701,#12711,#12720,#12729,#12738,#12747,#12756,#12765,#12774,
    #12783,#12792,#12801,#12810,#12819,#12828),#7170);
#12701 = STYLED_ITEM('color',(#12702),#993);
#12702 = PRESENTATION_STYLE_ASSIGNMENT((#12703,#12709));
#12703 = SURFACE_STYLE_USAGE(.BOTH.,#12704);
#12704 = SURFACE_SIDE_STYLE('',(#12705));
#12705 = SURFACE_STYLE_FILL_AREA(#12706);
#12706 = FILL_AREA_STYLE('',(#12707));
#12707 = FILL_AREA_STYLE_COLOUR('',#12708);
#12708 = COLOUR_RGB('',0.800000010877,0.800000010877,0.800000010877);
#12709 = CURVE_STYLE('',#12710,POSITIVE_LENGTH_MEASURE(0.1),#12708);
#12710 = DRAUGHTING_PRE_DEFINED_CURVE_FONT('continuous');
#12711 = STYLED_ITEM('color',(#12712),#1635);
#12712 = PRESENTATION_STYLE_ASSIGNMENT((#12713,#12718));
#12713 = SURFACE_STYLE_USAGE(.BOTH.,#12714);
#12714 = SURFACE_SIDE_STYLE('',(#12715));
#12715 = SURFACE_STYLE_FILL_AREA(#12716);
#12716 = FILL_AREA_STYLE('',(#12717));
#12717 = FILL_AREA_STYLE_COLOUR('',#12708);
#12718 = CURVE_STYLE('',#12719,POSITIVE_LENGTH_MEASURE(0.1),#12708);
#12719 = DRAUGHTING_PRE_DEFINED_CURVE_FONT('continuous');
#12720 = STYLED_ITEM('color',(#12721),#1733);
#12721 = PRESENTATION_STYLE_ASSIGNMENT((#12722,#12727));
#12722 = SURFACE_STYLE_USAGE(.BOTH.,#12723);
#12723 = SURFACE_SIDE_STYLE('',(#12724));
#12724 = SURFACE_STYLE_FILL_AREA(#12725);
#12725 = FILL_AREA_STYLE('',(#12726));
#12726 = FILL_AREA_STYLE_COLOUR('',#12708);
#12727 = CURVE_STYLE('',#12728,POSITIVE_LENGTH_MEASURE(0.1),#12708);
#12728 = DRAUGHTING_PRE_DEFINED_CURVE_FONT('continuous');
#12729 = STYLED_ITEM('color',(#12730),#1831);
#12730 = PRESENTATION_STYLE_ASSIGNMENT((#12731,#12736));
#12731 = SURFACE_STYLE_USAGE(.BOTH.,#12732);
#12732 = SURFACE_SIDE_STYLE('',(#12733));
#12733 = SURFACE_STYLE_FILL_AREA(#12734);
#12734 = FILL_AREA_STYLE('',(#12735));
#12735 = FILL_AREA_STYLE_COLOUR('',#12708);
#12736 = CURVE_STYLE('',#12737,POSITIVE_LENGTH_MEASURE(0.1),#12708);
#12737 = DRAUGHTING_PRE_DEFINED_CURVE_FONT('continuous');
#12738 = STYLED_ITEM('color',(#12739),#2161);
#12739 = PRESENTATION_STYLE_ASSIGNMENT((#12740,#12745));
#12740 = SURFACE_STYLE_USAGE(.BOTH.,#12741);
#12741 = SURFACE_SIDE_STYLE('',(#12742));
#12742 = SURFACE_STYLE_FILL_AREA(#12743);
#12743 = FILL_AREA_STYLE('',(#12744));
#12744 = FILL_AREA_STYLE_COLOUR('',#12708);
#12745 = CURVE_STYLE('',#12746,POSITIVE_LENGTH_MEASURE(0.1),#12708);
#12746 = DRAUGHTING_PRE_DEFINED_CURVE_FONT('continuous');
#12747 = STYLED_ITEM('color',(#12748),#4002);
#12748 = PRESENTATION_STYLE_ASSIGNMENT((#12749,#12754));
#12749 = SURFACE_STYLE_USAGE(.BOTH.,#12750);
#12750 = SURFACE_SIDE_STYLE('',(#12751));
#12751 = SURFACE_STYLE_FILL_AREA(#12752);
#12752 = FILL_AREA_STYLE('',(#12753));
#12753 = FILL_AREA_STYLE_COLOUR('',#12708);
#12754 = CURVE_STYLE('',#12755,POSITIVE_LENGTH_MEASURE(0.1),#12708);
#12755 = DRAUGHTING_PRE_DEFINED_CURVE_FONT('continuous');
#12756 = STYLED_ITEM('color',(#12757),#5843);
#12757 = PRESENTATION_STYLE_ASSIGNMENT((#12758,#12763));
#12758 = SURFACE_STYLE_USAGE(.BOTH.,#12759);
#12759 = SURFACE_SIDE_STYLE('',(#12760));
#12760 = SURFACE_STYLE_FILL_AREA(#12761);
#12761 = FILL_AREA_STYLE('',(#12762));
#12762 = FILL_AREA_STYLE_COLOUR('',#12708);
#12763 = CURVE_STYLE('',#12764,POSITIVE_LENGTH_MEASURE(0.1),#12708);
#12764 = DRAUGHTING_PRE_DEFINED_CURVE_FONT('continuous');
#12765 = STYLED_ITEM('color',(#12766),#7039);
#12766 = PRESENTATION_STYLE_ASSIGNMENT((#12767,#12772));
#12767 = SURFACE_STYLE_USAGE(.BOTH.,#12768);
#12768 = SURFACE_SIDE_STYLE('',(#12769));
#12769 = SURFACE_STYLE_FILL_AREA(#12770);
#12770 = FILL_AREA_STYLE('',(#12771));
#12771 = FILL_AREA_STYLE_COLOUR('',#12708);
#12772 = CURVE_STYLE('',#12773,POSITIVE_LENGTH_MEASURE(0.1),#12708);
#12773 = DRAUGHTING_PRE_DEFINED_CURVE_FONT('continuous');
#12774 = STYLED_ITEM('color',(#12775),#5941);
#12775 = PRESENTATION_STYLE_ASSIGNMENT((#12776,#12781));
#12776 = SURFACE_STYLE_USAGE(.BOTH.,#12777);
#12777 = SURFACE_SIDE_STYLE('',(#12778));
#12778 = SURFACE_STYLE_FILL_AREA(#12779);
#12779 = FILL_AREA_STYLE('',(#12780));
#12780 = FILL_AREA_STYLE_COLOUR('',#12708);
#12781 = CURVE_STYLE('',#12782,POSITIVE_LENGTH_MEASURE(0.1),#12708);
#12782 = DRAUGHTING_PRE_DEFINED_CURVE_FONT('continuous');
#12783 = STYLED_ITEM('color',(#12784),#6039);
#12784 = PRESENTATION_STYLE_ASSIGNMENT((#12785,#12790));
#12785 = SURFACE_STYLE_USAGE(.BOTH.,#12786);
#12786 = SURFACE_SIDE_STYLE('',(#12787));
#12787 = SURFACE_STYLE_FILL_AREA(#12788);
#12788 = FILL_AREA_STYLE('',(#12789));
#12789 = FILL_AREA_STYLE_COLOUR('',#12708);
#12790 = CURVE_STYLE('',#12791,POSITIVE_LENGTH_MEASURE(0.1),#12708);
#12791 = DRAUGHTING_PRE_DEFINED_CURVE_FONT('continuous');
#12792 = STYLED_ITEM('color',(#12793),#6369);
#12793 = PRESENTATION_STYLE_ASSIGNMENT((#12794,#12799));
#12794 = SURFACE_STYLE_USAGE(.BOTH.,#12795);
#12795 = SURFACE_SIDE_STYLE('',(#12796));
#12796 = SURFACE_STYLE_FILL_AREA(#12797);
#12797 = FILL_AREA_STYLE('',(#12798));
#12798 = FILL_AREA_STYLE_COLOUR('',#12708);
#12799 = CURVE_STYLE('',#12800,POSITIVE_LENGTH_MEASURE(0.1),#12708);
#12800 = DRAUGHTING_PRE_DEFINED_CURVE_FONT('continuous');
#12801 = STYLED_ITEM('color',(#12802),#6557);
#12802 = PRESENTATION_STYLE_ASSIGNMENT((#12803,#12808));
#12803 = SURFACE_STYLE_USAGE(.BOTH.,#12804);
#12804 = SURFACE_SIDE_STYLE('',(#12805));
#12805 = SURFACE_STYLE_FILL_AREA(#12806);
#12806 = FILL_AREA_STYLE('',(#12807));
#12807 = FILL_AREA_STYLE_COLOUR('',#12708);
#12808 = CURVE_STYLE('',#12809,POSITIVE_LENGTH_MEASURE(0.1),#12708);
#12809 = DRAUGHTING_PRE_DEFINED_CURVE_FONT('continuous');
#12810 = STYLED_ITEM('color',(#12811),#6745);
#12811 = PRESENTATION_STYLE_ASSIGNMENT((#12812,#12817));
#12812 = SURFACE_STYLE_USAGE(.BOTH.,#12813);
#12813 = SURFACE_SIDE_STYLE('',(#12814));
#12814 = SURFACE_STYLE_FILL_AREA(#12815);
#12815 = FILL_AREA_STYLE('',(#12816));
#12816 = FILL_AREA_STYLE_COLOUR('',#12708);
#12817 = CURVE_STYLE('',#12818,POSITIVE_LENGTH_MEASURE(0.1),#12708);
#12818 = DRAUGHTING_PRE_DEFINED_CURVE_FONT('continuous');
#12819 = STYLED_ITEM('color',(#12820),#6843);
#12820 = PRESENTATION_STYLE_ASSIGNMENT((#12821,#12826));
#12821 = SURFACE_STYLE_USAGE(.BOTH.,#12822);
#12822 = SURFACE_SIDE_STYLE('',(#12823));
#12823 = SURFACE_STYLE_FILL_AREA(#12824);
#12824 = FILL_AREA_STYLE('',(#12825));
#12825 = FILL_AREA_STYLE_COLOUR('',#12708);
#12826 = CURVE_STYLE('',#12827,POSITIVE_LENGTH_MEASURE(0.1),#12708);
#12827 = DRAUGHTING_PRE_DEFINED_CURVE_FONT('continuous');
#12828 = STYLED_ITEM('color',(#12829),#6941);
#12829 = PRESENTATION_STYLE_ASSIGNMENT((#12830,#12835));
#12830 = SURFACE_STYLE_USAGE(.BOTH.,#12831);
#12831 = SURFACE_SIDE_STYLE('',(#12832));
#12832 = SURFACE_STYLE_FILL_AREA(#12833);
#12833 = FILL_AREA_STYLE('',(#12834));
#12834 = FILL_AREA_STYLE_COLOUR('',#12708);
#12835 = CURVE_STYLE('',#12836,POSITIVE_LENGTH_MEASURE(0.1),#12708);
#12836 = DRAUGHTING_PRE_DEFINED_CURVE_FONT('continuous');
ENDSEC;
END-ISO-10303-21;
